condition_id,chunker,retriever,model,question,gold,answer,correct,retrieval_hit,failure_type,retrieved_text,raw_output,grounding_score
fixed_dense,fixed,dense,mistral,Do mitochondria play a role in remodelling lace plant leaves during programmed cell death?,yes,yes,1,1,success,"the following paper elucidates the role of mitochondrial dynamics during developmentally regulated pcd in vivo in a. madagascariensis. a single areole within a window stage leaf ( pcd is occurring ) was divided into three areas based on the progression of pcd ; cells that will not undergo pcd ( npcd ), cells in early stages of pcd ( epcd ), and cells in late stages of pcd ( lpcd ). window stage leaves were stained with the mitochondrial dye mitotracker red cmxros and examined. mitochondrial dynamics were delineated into four categories ( m1 - m4 ) based on characteristics including distribution, motility, and membrane potential ( δψm ). a tunel assay showed fragmented ndna in a gradient over these mitochondrial stages. chloroplasts and transvacuolar strands were also examined using live cell imaging. the possible importance of mitochondrial permeability transition pore ( ptp ) formation during pcd was indirectly examined via in vivo cyclosporine a ( csa ) treatment. this treatment resulted in lace plant leaves with a significantly lower number of perforations compared to controls, and that displayed mitochondrial dynamics similar to that of non - pcd cells. programmed cell death ( pcd ) is the regulated death of cells within an organism. the lace plant ( aponogeton madagascariensis ) produces perforations in its leaves through pcd. the leaves of the plant consist of a latticework of longitudinal and transverse veins enclosing areoles. pcd occurs in the cells at the center of these areoles and progresses outwards, stopping approximately five cells from the vasculature. the role of mitochondria during pcd has been recognized in animals ; however, it has been less studied during pcd in plants. plant acclimation in the cold ( 2 degrees c ) brought about retardation of leaf expansion, concomitant with development of freezing resistance. these effects were associated with the increases in leaf tensile stiffness, cell wall and pectin contents, pectin methylesterase ( ec 3. 1. 1. 11 ) activity and the low - methylated pectin content, independently of the genotype studied. however, the cold - induced modifications in the cell wall properties were more pronounced in the leaves of the more pathogen - resistant genotype. de - acclimation promoted leaf expansion and reversed most of the cold - induced effects, with the exception of pectin methylesterase activity. the hypothesis was tested that pectin content and methylation degree participate in regulation of cell wall mechanical properties and in this way may affect tissue growth and freezing resistance over the course of plant cold acclimation and de - acclimation. ischemia - reperfusion ( ir ) injury remains a major cause of early morbidity and mortality after lung transplantation with poorly documented extrapulmonary repercussions. to determine the hemodynamic effect due to lung ir injury, we performed a quantitative coronary blood - flow analysis in a swine model of in situ lung ischemia and reperfusion.","Yes

Justification: The paper discusses the role of mitochondria during programmed cell death (pcd) in the lace plant, specifically delineating mitochondrial dynamics and their relationship to pcd progression (",0.6500
fixed_dense,fixed,dense,mistral,Landolt C and snellen e acuity: differences in strabismus amblyopia?,no,yes,0,1,generation_failure,"assessment of visual acuity depends on the optotypes used for measurement. the ability to recognize different optotypes differs even if their critical details appear under the same visual angle. since optotypes are evaluated on individuals with good visual acuity and without eye disorders, differences in the lower visual acuity range cannot be excluded. in this study, visual acuity measured with the snellen e was compared to the landolt c acuity. differences between landolt c acuity ( lr ) and snellen e acuity ( se ) were small. the mean decimal values for lr and se were 0. 25 and 0. 29 in the entire group and 0. 14 and 0. 16 for the eyes with strabismus amblyopia. the mean difference between lr and se was 0. 55 lines in the entire group and 0. 55 lines for the eyes with strabismus amblyopia, with higher values of se in both groups. the results of the other groups were similar with only small differences between lr and se. the precise correction of refractive error is especially important in young adults. it is unclear whether cycloplegic refraction is necessary in this age group. the purpose of this study was to compare the non - cycloplegic and cycloplegic spherical equivalent ( se ) refractive error measured in young adults. 100 patients ( age 8 - 90 years, median 60. 5 years ) with various eye disorders, among them 39 with amblyopia due to strabismus, and 13 healthy volunteers were tested. charts with the snellen e and the landolt c ( precision vision ) which mimic the etdrs charts were used to assess visual acuity. three out of 5 optotypes per line had to be correctly identified, while wrong answers were monitored. in the group of patients, the eyes with the lower visual acuity, and the right eyes of the healthy subjects, were evaluated. this was a prospective study of 1400 eyes ( n = 700 ) of enlisted soldiers aged 18 to 21 years who were consecutively evaluated in an outpatient army ophthalmology clinic. one drop of cyclopentolate 1 % was installed twice 10 min apart, and cycloplegic refraction was performed in both eyes 40 min later using an auto - refractor. the difference between non - cycloplegic and cycloplegic refractive measurements was analyzed.","Yes

Justification: The mean difference between Landolt C and Snellen E acuity was 0.55 lines in the eyes with strabismus amblyopia (context: [2]).",0.7778
fixed_dense,fixed,dense,mistral,"Syncope during bathing in infants, a pediatric form of water-induced urticaria?",yes,maybe,0,1,generation_failure,"eight infants aged 2 to 15 months were admitted during a period of 6 years ; they suffered from similar maladies in the bath : on immersion, they became pale, hypotonic, still and unreactive ; recovery took a few seconds after withdrawal from the bath and stimulation. two diagnoses were initially considered : seizure or gastroesophageal reflux but this was doubtful. the hypothesis of an equivalent of aquagenic urticaria was then considered ; as for patients with this disease, each infant ' s family contained members suffering from dermographism, maladies or eruption after exposure to water or sun. all six infants had dermographism. we found an increase in blood histamine levels after a trial bath in the two infants tested. the evolution of these "" aquagenic maladies "" was favourable after a few weeks without baths. after a 2 - 7 year follow - up, three out of seven infants continue to suffer from troubles associated with sun or water. infantile hypertrophic pyloric stenosis ( ihps ) is a common condition which presents in infants at 2 - 12 weeks of postnatal life, and whose cause remains obscure. multiple associated abnormalities have been recognized within the external hypertrophied pyloric muscle layer, but the internal component of the pyloric mucosa has received scant attention in the literature to date. our purpose in this study was to show that pyloric mucosal redundancy is a constant finding in infants with ihps, to discuss its possible cause, and to explore the hypothesis of a relationship between pyloric mucosal redundancy and the development of ihps. thirty - seven patients were identified as presenting with neonatal torsion. age of presentation averaged 3. 5 days ( range 1 - 14 days ). left - sided pathology was seen more commonly than the right, with a 25 : 12 distribution. all torsed testicles were nonviable. twenty - two patients were noted to have a contralateral hydrocele at presentation. all hydroceles were opened through a scrotal approach at the time of contralateral scrotal fixation. no patient underwent an inguinal exploration to examine for a patent process vaginalis. none of the patients who presented with a hydrocele have developed a clinical hydrocele or hernia after an average 7. 5 years ( range 4. 3 - 11. 2 ) follow - up. we reviewed all cases of neonatal testicular torsion occurring at our institution between the years 1999 and 2006. age at presentation, physical examination, ultrasonographic and intraoperative findings were recorded. patients were followed after initial surgical intervention to determine the likelihood of developing a subsequent hydrocele or hernia. apparent life - threatening events in infants are a difficult and frequent problem in pediatric practice. the prognosis is uncertain because of risk of sudden infant death syndrome.","Maybe

Justification: The context mentions that the hypothesis of an equivalent of aquagenic urticaria was considered, and that some infants had dermographism, a symptom associated with aquagenic urticaria",0.6000
fixed_dense,fixed,dense,mistral,Are the long-term results of the transanal pull-through equal to those of the transabdominal pull-through?,no,maybe,0,1,generation_failure,"the transanal endorectal pull - through ( terpt ) is becoming the most popular procedure in the treatment of hirschsprung disease ( hd ), but overstretching of the anal sphincters remains a critical issue that may impact the continence. this study examined the long - term outcome of terpt versus conventional transabdominal ( abd ) pull - through for hd. no significant differences in tibial axial rotation were noted between the intact and unicompartmental conditions. however, tricompartmental replacement significantly affected tibial axial rotation ( p = 0. 001 ). femoral rollback was not significantly affected by either unicompartmental or tricompartmental arthroplasty. quadriceps tension was also similar among all three conditions. the present study aims to compare strength, healing, and operation time of experimental intestinal anastomoses performed by polyglactin 910 ( vicryl ; ethicon, edinburgh, united kingdom ) sutures with ethyl - 2 - cyanoacrylate glue ( pattex ; henkel, dusseldorf, germany ). unicompartmental replacement can be an alternative to tibial osteotomy in younger, active patients with unicompartmental knee disease. in unicompartmental replacement, the other compartments and knee ligaments are largely untouched. therefore, it was hypothesized that the knee kinematics after unicompartmental replacement may also be unchanged. to test this hypothesis, knee kinematics and quadriceps tension were recorded before and after replacement with a unicompartmental design and then with a tricompartmental design. patients referred for pelvic exenteration from october 1994 to november 2012 were reviewed. patients who did and did not receive radiotherapy as part of their primary rectal cancer treatment were compared.","Maybe

Justification: The context provides a study that examines the long-term outcome of transanal endorectal pull-through (terpt) versus conventional transabdominal (abd) pull-through for hirsch",0.6842
fixed_dense,fixed,dense,mistral,Can tailored interventions increase mammography use among HMO women?,yes,yes,1,1,success,"telephone counseling and tailored print communications have emerged as promising methods for promoting mammography screening. however, there has been little research testing, within the same randomized field trial, of the efficacy of these two methods compared to a high - quality usual care system for enhancing screening. this study addressed the question : compared to usual care, is tailored telephone counseling more effective than tailored print materials for promoting mammography screening? compared to usual care alone, telephone counseling promoted a significantly higher proportion of women having mammograms on schedule ( 71 % vs 61 % ) than did tailored print ( 67 % vs 61 % ) but only after the first year of intervention ( during 1996 ). furthermore, compared to usual care, telephone counseling was more effective than tailored print materials at promoting being on schedule with screening during 1996 and 1997 among women who were off - schedule during the previous year. eight of the 13 midwives at the two mous completed the pep and all demonstrated an improvement in knowledge. case notes of 303 patients from the various clinics were studied. there was no change in the referral patterns of any of the clinics during the study period. the obstetric history was well documented, but in no group was there a satisfactory response to a detected problem ; appropriate action was taken in between 0 % and 12 % of cases. syphilis testing was performed in 56 - 82 % of cases, with no difference between the groups. the haemoglobin level was measured in only 4 - 15 % of patients, with no difference before or after completion of the pep. where a problem in uterine growth was detected, an appropriate response occurred in 0 - 8 % of patients and no difference before or after completion of the pep was ascertained. in all groups, estimation of fetal weight and pelvimetry were seldom performed, the urine and fetal heart rate documentation were moderately well done and the blood pressure monitoring, assessment of head above pelvis, monitoring of contractions and plotting of cervical dilatation were usually performed. no differences before or after the pep were detected. where problems were detected, appropriate actions taken during labour improved, but not in an attempt to improve the care they provide for their patients with breast cancer, the authors ' institution developed a multidisciplinary breast cancer clinic ( mdbcc ) to offer "" one - stop shopping "" consultation and support for newly diagnosed breast cancer patients. the rate of overall adherence to follow - up recommendations was 56. 0 % ( 136 / 243 ). adherence to a second colposcopy was not significantly different from that to a repeated pap smear ( odds ratio, 1. 40 ; 95 % confidence interval, 0. 80 - 2. 46 ). the use of as many as 3 patient reminders substantially improved adherence to follow - up. women without insurance and women attending 1 of the 3 clinics were less likely to adhere to any follow - up recommendation ( hazard ratio for no insurance, 0. 43 [ 95 % confidence interval, 0. 20 - 0. 93 ], and for clinic, 0. 35 [ 95 % confidence interval, 0. 15 - 0. 73 ] ).","Yes

Justification: The study shows that tailored telephone counseling promoted a significantly higher proportion of women having mammograms on schedule compared to usual care (71% vs 61%). This suggests that tailored interventions can",0.7500
fixed_dense,fixed,dense,mistral,Double balloon enteroscopy: is it efficacious and safe in a community setting?,yes,maybe,0,0,retrieval_failure,"to assess the feasibility and safety of diagnostic or therapeutic semirigid ureteroscopy without ureteral meatus dilatation. little is known about whether a routinely inserted endoscopic nasobiliary drainage ( enbd ) tube improves the clinical course in patients with choledocholithiasis - induced acute cholangitis after clearance of choledocholithiasis. a total of 104 patients with choledocholithiasis - induced acute cholangitis who underwent primary endoscopic treatment were compared according to insertion of an enbd tube ( 51 in the enbd group and 53 in the no - enbd group ). social and cultural factors combined with little information may prevent the diffusion of epidural analgesia for pain relief during childbirth. the present study was launched contemporarily to the implementation of analgesia for labor in our department in order to perform a 2 years audit on its use. the goal is to evaluate the epidural acceptance and penetration into hospital practice by women and care givers and safety and efficacy during childbirth. primary eosinophilic esophagitis, a chronic inflammatory disorder of the esophagus, evokes recurrent dysphagia. endoscopy is often unremarkable, and no consensus exists regarding management of resultant dysphagia. the response of a series of patients with primary eosinophilic esophagitis to dilation is reported together with a description of a possibly pathognomonic sign : fragile esophageal mucosa, for which the term "" crepe - paper "" mucosa is introduced.","Maybe

Justification: The context does not provide specific information about the efficacy and safety of double balloon enteroscopy in a community setting. However, it does mention the feasibility and safety of diagnostic or therapeutic semir",0.3333
fixed_dense,fixed,dense,mistral,30-Day and 1-year mortality in emergency general surgery laparotomies: an area of concern and need for improvement?,maybe,yes,0,1,generation_failure,"emergency surgery is associated with poorer outcomes and higher mortality with recent studies suggesting the 30 - day mortality to be 14 - 15 %. the aim of this study was to analyse the 30 - day mortality, age - related 30 - day mortality and 1 - year mortality following emergency laparotomy. we hope this will encourage prospective data collection, improvement of care and initiate strategies to establish best practice in this area. this was a retrospective study of patients who underwent emergency laparotomy from june 2010 to may 2012. the primary end point of the study was 30 - day mortality, age - related 30 - day mortality and 1 - year all - cause mortality. hip fracture in geriatric patients has a substantial economic impact and represents a major cause of morbidity and mortality in this population. at our institution, a regional anesthesia program was instituted for patients undergoing surgery for hip fracture. this retrospective cohort review examines the effects of regional anesthesia ( from mainly after july 2007 ) vs general anesthesia ( mainly prior to july 2007 ) on morbidity, mortality and hospitalization costs. was normal in 59 %. the relative risks of 30 day and 1 year mortality compared with patients with normal fb - glu was 1. 7 [ 95 % confidence interval ( ci ) : 0. 5 - 5. 5 ] and 2. 9 ( ci : 0. 8 - 11. 2 ) with ifg, 2. 8 ( ci : 1. 1 - 7. 2 ) and 1. 9 ( ci : 0. 5 - 6. 3 ) with sdm vs. 1. 8 ( ci : 0. 8 - 4. 0 ) and 1. 6 ( ci : 0. 6 - 4. 3 ) if cdm, respectively. the receiver operator characteristic area for the continuous variable fb - glu and 1 year mortality was 0. 65 ( p = 0. 002 ). mortality at index admission, transfusion requirement during first 24 hours, and presence of nonorthopaedic injuries as a function of young - burgess pelvic classification type. mortality compared with historic controls.","Yes

Justification: The context mentions that the 30-day mortality for emergency surgery is 14-15%, and the aim of the study is to analyze 30-day mortality, age-related",0.6875
fixed_dense,fixed,dense,mistral,Is adjustment for reporting heterogeneity necessary in sleep disorders?,no,yes,0,1,generation_failure,"anchoring vignettes are brief texts describing a hypothetical character who illustrates a certain fixed level of a trait under evaluation. this research uses vignettes to elucidate factors associated with sleep disorders in adult japanese before and after adjustment for reporting heterogeneity in self - reports. this study also evaluates the need for adjusting for reporting heterogeneity in the management of sleep and energy related problems in japan. as this was an exploratory study, a range of sleep variables were evaluated. the apnoea / hypopnoea index ( ahi ) and percentage of time spent with arterial oxygen saturation ( spo ( 2 ) ) < 90 % were relevant as they have been evaluated in other clinical trials. other variables included total apnoeas, hypopnoeas and oxygen desaturations, and non - cortical micro - awakenings related to respiratory events per hour. exploratory study in patients with mild to moderate sleep apnoea, limited treatment duration ; concomitant hypnotic treatment ( 35 % ) ; lack of correction for multiplicity of testing. to investigate the effect of fenofibrate on sleep apnoea indices. evidence suggests substantial comorbidity between symptoms of somatization and depression in clinical as well as nonclinical populations. however, as most existing research has been retrospective or cross - sectional in design, very little is known about the specific nature of this relationship. in particular, it is unclear whether somatic complaints may heighten the risk for the subsequent development of depressive symptoms.","Yes

Justification: The research uses vignettes to elucidate factors associated with sleep disorders in adult Japanese before and after adjustment for reporting heterogeneity in self-reports (context [1]).",0.8095
fixed_dense,fixed,dense,mistral,Do mutations causing low HDL-C promote increased carotid intima-media thickness?,no,maybe,0,1,generation_failure,"carotid intima - media thickness ( cimt ) measurements were obtained in cases comprising 10 different mutations in lcat, abca1 and apoa1 to further evaluate the relationship between low hdl resulting from genetic variation and early atherosclerosis. although observational data support an inverse relationship between high - density lipoprotein ( hdl ) cholesterol and coronary heart disease ( chd ), genetic hdl deficiency states often do not correlate with premature chd. extracranial internal carotid artery stenosis is a risk factor for perioperative stroke in patients undergoing coronary artery bypass surgery ( cab ). although selective and non - selective methods of preoperative carotid screening have been advocated, it remains unclear if this screening is clinically relevant. aim : to test whether selective carotid screening is as effective as non - selective screening in detecting significant carotid disease. we explored whether qt corrected dispersion ( qtcd ) can identify left ventricular hypertrophy ( lvh ) in hypertensives. impaired fasting glucose ( ifg ) below the diagnostic threshold for diabetes mellitus ( dm ) is associated with macrovascular pathology and increased mortality after percutaneous coronary interventions. the study goal was to determine whether pre - operative fasting blood glucose ( fb - glu ) is associated with an increased mortality after coronary artery bypass grafting ( cabg ).","Maybe

Justification: The context mentions that carotid intima-media thickness (CIMT) measurements were obtained in cases comprising 10 different mutations in LCAT, ABCA1, and APOA",0.7368
fixed_dense,fixed,dense,mistral,A short stay or 23-hour ward in a general and academic children's hospital: are they effective?,yes,yes,1,1,success,"we evaluated the usefulness of a short stay or 23 - hour ward in a pediatric unit of a large teaching hospital, westmead hospital, and an academic children ' s hospital, the new children ' s hospital, to determine if they are a useful addition to the emergency service. of young age less than 2 years, with stay greater than 23 hours reported in only 1 % of all admissions to the short stay ward. the rate of patient admission to an in - hospital bed was low, ( 4 % [ westmead hospital ] compared to 6 % [ new children ' s hospital ] ), with the number of unscheduled visits within 72 hours of short stay ward discharge less than 1 %. there were no adverse events reported at either short stay ward, with parental satisfaction high. the short stay ward was developed through reallocation of resources from within the hospital to the short stay ward. this resulted in estimated savings of $ 1 / 2 million ( westmead hospital ) to $ 2. 3 million ( new children ' s hospital ) to the hospital, due to more efficient bed usage. this is a descriptive comparison of prospectively collected data on all children admitted to the short stay ward at westmead hospital ( wh ) during 1994 and the short stay ward at the new children ' s hospital ( nch ) during 1997 - 98. these hospitals service an identical demographic area with the latter ( nch ) a tertiary referral center. the following outcome measures were used : length of stay, appropriateness of stay, rate of admission to an in - hospital bed, and rate of unscheduled visits within 72 hours of discharge. adverse events were reported and patient follow - up was attempted at 48 hours after discharge in all cases. the short stay ward accounted for 10. 3 % ( westmead hospital ) and 14. 7 % ( new children ' s hospital ) of admissions, with 56 % medical in nature, 30 % surgical, and the remainder procedural or psychological. admission patterns were similar, with asthma, gastroenteritis, convulsion, pneumonia, and simple surgical conditions accounting for most short stay ward admissions. the short stay ward increased hospital efficiency with an average length of stay of 17. 5 hours ( westmead hospital ) compared to 20. 5 hours ( new children ' s hospital ). the users of the short stay ward were children of young age less than 2 years, with stay greater than 23 hours reported in only 1 % of all admissions to the short stay ward. the rate of patient admission to an in - hospital bed was low, ( 4 % [ westmead hospital ] compared to 6 % [ new children ' s hospital ] ), with the number of unscheduled visits within 72 hours of short stay ward discharge less than 1 %. there were no adverse events reported at either short stay ward, with parental satisfaction high. the short stay ward was developed through reallocation of resources from within the hospital to the short stay ward. this resulted in we operated on 613 children, including 97 neonates. intraoperative extubation was achieved in 71 % of the cases and early extubation ( ≤ 24 hours ) was achieved in 89 % of the cases. the overall mortality was 1. 5 % ( 9 of 613 patients ). early extubation was associated with lower mortality ( 1 % vs 9 %, p <. 001 ) and a lower rate of reintubation ( 4 % vs 23 %, p <. 001 ) compared with delayed extubation. notably, 63 % of the neonates were extubated within 24 hours, including 67 % of arterial switch operations and 54 % of total anomalous pulmonary venous return repairs. norwood operations were the only procedure in which no patient was extubated within the first 24 hours. multivariable logistic regression demonstrated that the predictors of delayed extubation included preoperative mechanical ventilation, weight < 5 kg, a longer procedure time, and the need for postoperative inotrope support. implementation of an early extubation strategy was associated with low rates of complications ( 5. 1 per 10 procedures ), short lengths of intensive care unit stay ( median, 1 day ; interquartile range, 1","Yes

Justification: The short stay ward was developed through reallocation of resources from within the hospital to the short stay ward. This resulted in estimated savings of $ 1 / 2 million ( westmead hospital ) to $ ",0.8947
fixed_dense,fixed,dense,mistral,Did Chile's traffic law reform push police enforcement?,yes,yes,1,1,success,"the objective of the current study is to determine to what extent the reduction of chile ' s traffic fatalities and injuries during 2000 - 2012 was related to the police traffic enforcement increment registered after the introduction of its 2005 traffic law reform. to explain china ' s cigarette pricing mechanism and the role of the chinese state tobacco monopoly administration ( stma ) on cigarette pricing and taxation. at 150 msec, speed discrimination thresholds did not differ between schizophrenia patients ( n = 38 ) and control subjects ( n = 33 ). at 300 msec, patients had significantly higher thresholds than control subjects ( p =. 03 ). furthermore, frequencies of eye tracking during the 300 msec stimulus were significantly correlated with speed discrimination in control subjects ( p =. 01 ) but not in patients, suggesting that eye - tracking initiation may benefit control subjects but not patients. the frequency of eye tracking during speed discrimination was not significantly related to regular eye - tracking performance. empirical estimates from instrumental variables suggest that the enactment of the traffic law reform in interaction with number of traffic tickets per police officer is significantly associated with a decrease of 8 % in traffic fatalities and 7 % in severe injuries. piecewise regression model results for the 2007 - 2012 period suggest that police traffic enforcement reduced traffic fatalities by 59 % and severe injuries by 37 %. few studies have assessed whether the advantage chemotherapy has been shown to have in treating advanced non - small lung carcinoma in clinical trials is transferrable to normal health care activity. this could explain the skepticism of a large number of pneumologists towards this treatment. the objective of our study was to analyze prognostic factors related to survival and to see whether cytostatic treatment was an independent predictor.","Yes

Justification: The context states that the objective of the study is to determine the extent to which the reduction of Chile's traffic fatalities and injuries during 2000-2012 was related to the police traffic",0.7500
fixed_dense,fixed,dense,mistral,Therapeutic anticoagulation in the trauma patient: is it safe?,no,maybe,0,1,generation_failure,"trauma patients who require therapeutic anticoagulation pose a difficult treatment problem. the purpose of this study was to determine : ( 1 ) the incidence of complications using therapeutic anticoagulation in trauma patients, and ( 2 ) if any patient factors are associated with these complications. an 18 - month retrospective review was performed on trauma patients > or = 15 years old who received therapeutic anticoagulation using unfractionated heparin ( uh ) and / or fractionated heparin ( fh ). forty different pre - treatment and treatment patient characteristics were recorded. complications of anticoagulation were documented and defined as any unanticipated discontinuation of the anticoagulant for bleeding or other adverse events. one - hundred - fourteen trauma patients were initiated on therapeutic anticoagulation. the most common indication for anticoagulation was deep venous thrombosis ( 46 % ). twenty - four patients ( 21 % ) had at least 1 anticoagulation complication. the most common complication was a sudden drop in hemoglobin concentration requiring blood transfusion ( 11 patients ). five patients died ( 4 % ), 3 of whom had significant hemorrhage attributed to anticoagulation. bivariate followed by logistic regression analysis identified chronic obstructive pulmonary disease ( or = 9. 2, 95 % ci = 1. 5 - 54. 7 ), uh use ( or = 3. 8, 95 % ci = 1. 1 - 13. 0 ), and lower initial platelet count ( or = 1. 004, 95 % ci = 1. 000 - 1. 008 ) as being associated with complications. patients receiving uh vs. fh differed in several characteristics including laboratory values and anticoagulation indications. warfarin increases both the likelihood and the mortality of intracerebral hemorrhage ( ich ), particularly in patients with a history of prior ich. in light of this consideration, should a patient with both a history of ich and a clear indication for anticoagulation such as nonvalvular atrial fibrillation be anticoagulated? in the absence of data from a clinical trial, we used a decision - analysis model to compare the expected values of 2 treatment strategies - warfarin and no anticoagulation - for such patients. for patients with prior lobar ich, withholding anticoagulation therapy was strongly preferred, improving quality - adjusted life expectancy by 1. 9 qalys. for patients with prior deep hemispheric ich, withholding anticoagulation resulted in a smaller gain of 0. 3 qalys. in sensitivity analyses for patients with deep ich, anticoagulation could be preferred if the risk of thromboembolic stroke is particularly high.","Maybe

Justification: The study shows that 21% of trauma patients had complications from therapeutic anticoagulation, but it does not definitively answer the question of whether it is safe overall. The study focuses on identifying",0.4286
fixed_dense,fixed,dense,mistral,Differentiation of nonalcoholic from alcoholic steatohepatitis: are routine laboratory markers useful?,yes,maybe,0,1,generation_failure,"specific markers for differentiation of nonalcoholic ( nash ) from alcoholic steatohepatitis ( ash ) are lacking. we investigated the role of routine laboratory parameters in distinguishing nash from ash. hepatorenal syndrome ( hrs ) is the functional renal failure associated with advanced cirrhosis and has also been described in fulminant hepatic failure. without liver transplantation its prognosis is dismal. our study included patients with type 1 hrs associated with cirrhosis, who were not liver transplant candidates. aim : to identify variables associated with improved survival. liver biopsies performed at our hospital over a 10 - year period were reviewed, 95 patients with steatohepatitis identified and their data prior to biopsy reevaluated. the diagnosis nash or ash was assigned ( other liver diseases excluded ) on the basis of the biopsy and history of alcohol consumption ( < 140 g / week ). logistic regression models were used for analysis. we evaluated the differences between percutaneous ethanol injection with and without aspiration of ethanol - mixed fluid for treatment of benign cystic thyroid nodules. we examined 60 patients with benign cystic thyroid nodules confirmed by fine - needle aspiration biopsy and divided them into 2 groups according to nonaspiration ( group a, n = 30 ) or aspiration ( group b, n = 30 ) of ethanol - mixed fluid after intracystic ethanol injection. we evaluated in both groups the complete disappearance of the cystic portion of the thyroid nodule on follow - up ultrasonography ( first follow - up ultrasonography ; mean, 4. 6 months in group a ; mean, 4. 4 months in group b ) ( chi - square test ), side effects or complications during and after the procedure ( chi - square test ), and the total procedure time ( student t test ).","Maybe

Justification: The context states that specific markers for differentiation of nonalcoholic (nash) from alcoholic steatohepatitis (ash) are lacking, but the study investigates the role of routine laboratory parameters",0.7500
fixed_dense,fixed,dense,mistral,Prompting Primary Care Providers about Increased Patient Risk As a Result of Family History: Does It Work?,no,maybe,0,1,generation_failure,"electronic health records have the potential to facilitate family history use by primary care physicians ( pcps ) to provide personalized care. the objective of this study was to determine whether automated, at - the - visit tailored prompts about family history risk change pcp behavior. automated, tailored prompts highlighting familial risk for heart disease, stroke, diabetes, and breast, colorectal, or ovarian cancer were implemented during 2011 to 2012. medical records of a cohort of community - based primary care patients, aged 35 to 65 years, who previously participated in our family healthware study and had a moderate or strong familial risk for any of the 6 diseases were subsequently reviewed. the main outcome measures were pcp response to the prompts, adding family history risk to problem summary lists, and patient screening status for each disease. the 492 eligible patients had 847 visits during the study period ; 152 visits had no documentation of response to a family history prompt. of the remaining 695 visits, physician responses were reviewed family history ( n = 372, 53. 5 % ), discussed family history ( n = 159, 22. 9 % ), not addressed ( n = 155, 22. 3 % ), and reviewed family history and ordered tests / referrals ( n = 5, 0. 7 % ). there was no significant change in problem summary list documentation of risk status or screening interventions for any of the 6 diseases. one missense kcnq1 mutation, r14c, was identified in 1 family with a high prevalence of hypertension. atrial fibrillation was present only in older individuals who had developed atrial dilation and who were genotype positive. patch - clamp studies of wild - type or r14c kcnq1 expressed with kcne1 in cho cells showed no statistically significant differences between wild - type and mutant channel kinetics at baseline, or after activation of adenylate cyclase with forskolin. after exposure to hypotonic solution to elicit cell swelling / stretch, mutant channels showed a marked increase in current, a leftward shift in the voltage dependence of activation, altered channel kinetics, and shortening of the modeled atrial action potential duration. telephone counseling and tailored print communications have emerged as promising methods for promoting mammography screening. however, there has been little research testing, within the same randomized field trial, of the efficacy of these two methods compared to a high - quality usual care system for enhancing screening. this study addressed the question : compared to usual care, is tailored telephone counseling more effective than tailored print materials for promoting mammography screening?","Maybe

Justification: The study shows that the automated, tailored prompts about family history risk changed the behavior of primary care physicians in some cases, but there was no significant change in problem summary list documentation of risk status or screening inter",0.7586
fixed_dense,fixed,dense,mistral,Do emergency ultrasound fellowship programs impact emergency medicine residents' ultrasound education?,yes,yes,1,1,success,"recent years have seen a rapid proliferation of emergency ultrasound ( eus ) programs in the united states. to date, there is no evidence supporting that eus fellowships enhance residents ' ultrasound ( us ) educational experiences. the purpose of this study was to determine the impact of eus fellowships on emergency medicine ( em ) residents ' us education. we conducted a cross - sectional study at 9 academic medical centers. a questionnaire on us education and bedside us use was pilot tested and given to em residents. the primary outcomes included the number of us examinations performed, scope of bedside us applications, barriers to residents ' us education, and us use in the emergency department. the secondary outcomes were factors that would impact residents ' us education. the outcomes were compared between residency programs with and without eus fellowships. a total of 244 em residents participated in this study. thirty percent ( 95 % confidence interval, 24 % - 35 % ) reported they had performed more than 150 scans. residents in programs with eus fellowships reported performing more scans than those in programs without fellowships ( p =. 04 ). significant differences were noted in most applications of bedside us between residency programs with and without fellowships ( p <. 05 ). there were also significant differences in the barriers to us education between residency programs with and without fellowships ( p <. 05 ). do preresidency selection factors serve as predictors of success in residency? specifically, we asked which preresidency selection factors are associated or correlated with ( 1 ) objective measures of resident knowledge and performance ; and ( 2 ) subjective ratings by faculty. an osce test - format ( seven stations : advanced cardiac life support ( acls ), basic life support ( bls ), trauma - management ( tm ), pediatric - emergencies ( pe ), acute - coronary - syndrome ( acs ), airway - management ( am ), and obstetrical - emergencies ( oe ) ) was administered to 207 medical students in their third year of training after they had received didactics in emergency medicine management. participants were randomly assigned to one of the two simultaneously run tracks : either with se ( n = 110 ) or with fe ( n = 98 ). students were asked to rate each osce station and to provide their overall osce perception by means of a standardized questionnaire. the independent samples t - test was used and effect sizes were calculated ( cohens d ).","Yes

Justification: Residents in programs with emergency ultrasound fellowships reported performing more scans and using ultrasound in a wider range of applications than those in programs without fellowships (p =. 04, p <",0.7500
fixed_dense,fixed,dense,mistral,Patient-Controlled Therapy of Breathlessness in Palliative Care: A New Therapeutic Concept for Opioid Administration?,yes,maybe,0,1,generation_failure,"to investigate whether intravenous opioid pct can be an effective therapeutic method to reduce breathlessness in patients with advanced disease. secondary aims were to study the feasibility and acceptance of opioid pct in patients with refractory breathlessness. breathlessness is one of the most distressing symptoms experienced by patients with advanced cancer and noncancer diagnoses alike. often, severity of breathlessness increases quickly, calling for rapid symptom control. oral, buccal, and parenteral routes of provider - controlled drug administration have been described. it is unclear whether patient - controlled therapy ( pct ) systems would be an additional treatment option. this was a pilot observational study with 18 inpatients with advanced disease and refractory breathlessness receiving opioid pct. breathlessness was measured on a self - reported numeric rating scale. richmond agitation sedation scale scores, palliative performance scale scores, vital signs, and a self - developed patient satisfaction questionnaire were used for measuring secondary outcomes. descriptive and interference analyses ( friedman test ) and post hoc analyses ( wilcoxon tests and bonferroni corrections ) were performed. eighteen of 815 patients ( advanced cancer ; median age = 57. 5 years [ range 36 - 81 ] ; 77. 8 % female ) received breathlessness symptom control with opioid pct ; daily morphine equivalent dose at day 1 was median = 20. 3 mg ( 5. 0 - 49. 6 mg ) ; day 2 : 13. 0 mg ( 1. 0 - 78. 5 mg ) ; day 3 : 16. 0 mg ( 8. 3 - 47. 0 mg ). numeric rating scale of current breathlessness decreased ( baseline : median = 5 [ range 1 - 10 ] ; day 1 : median = 4 [ range 0 - 8 ], p < 0. 01 ; day 2 : median = 4 [ range 0 - 5 ], p < 0. 01 ). physiological parameters were stable over time. on day 3, 12 / 12 patients confirmed that this mode of application provided relief of breathlessness. the pressures delivered by autotitrating continuous positive airways pressure ( cpap ) devices not only treat obstructive sleep apnoea ( osa ) effectively but also give potentially interesting physiological information about the forces impinging on the pharynx. in earlier work from this unit, we used correlations between autocpap pressure and both osa severity and obesity, to construct an algorithm to estimate the fixed cpap pressure a patient required for subsequent clinical use. we wished to discover if these relationships could be reliably extended to a much more obese group.","Maybe

Justification: The study shows that patient-controlled therapy (PCT) of breathlessness using opioids can effectively reduce breathlessness in patients with advanced disease, as indicated by the decrease in the numeric rating scale of current",0.6957
fixed_dense,fixed,dense,mistral,Is there still a need for living-related liver transplantation in children?,yes,maybe,0,1,generation_failure,"to assess and compare the value of split - liver transplantation ( slt ) and living - related liver transplantation ( lrt ). the concept of slt results from the development of reduced - size transplantation. a further development of slt, the in situ split technique, is derived from lrt, which itself marks the optimized outcome in terms of postoperative graft function and survival. the combination of slt and lrt has abolished deaths on the waiting list, thus raising the question whether living donor liver transplantation is still necessary. hepatorenal syndrome ( hrs ) is the functional renal failure associated with advanced cirrhosis and has also been described in fulminant hepatic failure. without liver transplantation its prognosis is dismal. our study included patients with type 1 hrs associated with cirrhosis, who were not liver transplant candidates. aim : to identify variables associated with improved survival. outcomes and postoperative liver function of 43 primary lrt patients were compared with those of 49 primary slt patients ( 14 ex situ, 35 in situ ) with known graft weight performed between april 1996 and december 2000. survival rates were analyzed using the kaplan - meier method. sixty - eight patients fulfilled the revised ascites club criteria for type 1 hrs. none of them was suitable for liver transplantation. all the patients were treated with combinations of : albumin, midodrine and octreotide, pressors, and hemodialysis.","Maybe

Justification: The context does not specifically discuss children, but it does mention the development and optimization of living-related liver transplantation (LRT) and the concept of split-liver transplantation (SLT), which could",0.5000
fixed_dense,fixed,dense,mistral,Do patterns of knowledge and attitudes exist among unvaccinated seniors?,yes,yes,1,1,success,"to examine patterns of knowledge and attitudes among adults aged > 65 years unvaccinated for influenza. surveyed medicare beneficiaries in 5 areas ; clustered unvaccinated seniors by their immunization related knowledge and attitudes. identified 4 clusters : potentials ( 45 % ) would receive influenza vaccine to prevent disease ; fearful uninformeds ( 9 % ) were unsure if influenza vaccine causes illness ; doubters ( 27 % ) were unsure if vaccine is efficacious ; misinformeds ( 19 % ) believed influenza vaccine causes illness. more potentials ( 75 % ) and misinformeds ( 70 % ) ever received influenza vaccine than did fearful uninformeds ( 18 % ) and doubters ( 29 % ). there has never been a nationally representative survey of medical students ' personal health - related practices, although they are inherently of interest and may affect patient - counseling practices. this study evaluated the health practices and the vaccination status of first year residents working at the academic hospital hotel - dieu de france. a questionnaire designed to assess attitudes to headgear was administered to 63 players from four different canadian teams, each representing a different level of play ( high school, university, community club, national ). in addition, coaches from all four levels were questioned about team policies and their personal opinions about the use of headgear to prevent concussion.","Yes

Justification: The context states that the researchers clustered unvaccinated seniors by their immunization related knowledge and attitudes, indicating that patterns of knowledge and attitudes exist among unvaccinated seniors. (1)",0.5556
fixed_dense,fixed,dense,mistral,Is there a model to teach and practice retroperitoneoscopic nephrectomy?,yes,maybe,0,1,generation_failure,"although the retroperitoneal approach has been the preferred choice for open urological procedures, retroperitoneoscopy is not the preferred approach for laparoscopy. this study aims to develop a training model for retroperitoneoscopy and to establish an experimental learning curve. we have previously reported the feasibility of diagnostic and therapeutic peritoneoscopy including liver biopsy, gastrojejunostomy, and tubal ligation by an oral transgastric approach. we present results of per - oral transgastric splenectomy in a porcine model. the goal of this study was to determine the technical feasibility of per - oral transgastric splenectomy using a flexible endoscope. a comparative, retrospective study was conducted of patients undergoing ureteroscopy from january 2000 to may 2008. for data analysis purposes, the population was divided into two groups based on whether ureteroscopy had been performed with ( group 1 ) or without ( group 2 ) ureteral meatus dilatation. variables recorded included age, sex, type of procedure, surgical diagnosis, passive or active dilatation, number of stones, stone location, stone diameter, peroperative and postoperative complications, internal urinary diversion after the procedure, therapeutic success rate, operating time, and hospital stay duration. a 8 - 9. 8 fr wolf semirigid ureteroscope was used. descriptive statistics of the population and cohorts were performed, providing medians, quartiles, and limit values for non - normally distributed interval variables, and absolute and relative frequencies for categorical variables. shapiro - wilk ' s, mann - whitney ' s u, chi - square, and fisher ' s exact tests were used for statistical analysis. a value of p 2 alpha < or = 0. 005 was considered statistically significant. arcus quickstat biomedical 1. 0 software was used. to assess the feasibility and safety of diagnostic or therapeutic semirigid ureteroscopy without ureteral meatus dilatation. rpn in a porcine model could simulate the whole procedure, from creating the space to nephrectomy completion. experimental learning curve was eight cases, after statistical data analysis.","Maybe

Justification: The context mentions a study aiming to develop a training model for retroperitoneoscopy and establishing an experimental learning curve for retroperitoneoscopic nephrectomy in a porcine model",0.5882
fixed_dense,fixed,dense,mistral,Cardiovascular risk in a rural adult West African population: is resting heart rate also relevant?,yes,yes,1,1,success,"elevated resting heart rate ( rhr ) is a neglected marker in cardiovascular risk factor studies of sub - saharan african populations. this study aimed to determine the prevalence of elevated rhr and other risk factors for cardiovascular disease ( cvd ) and to investigate any associations between rhr and these risk factors in a rural population in ghana. measurement of basal metabolic rate ( bmr ) is suggested as a tool to estimate energy requirements. therefore, bmr prediction equations have been developed in multiple populations because indirect calorimetry is not always feasible. however, there is a paucity of data on bmr measured in overweight and obese adults living in asia and equations developed for this group of interest. the aim of this study was to develop a new bmr prediction equation for chinese adults applicable for a large bmi range and compare it with commonly used prediction equations. in 60 middle - aged individuals without diabetes we studied the associations of fasting plasma glucose, 2 - hour post oral glucose tolerance test plasma glucose, insulin sensitivity as well as body fat percentage with cvd risk. insulin sensitivity was measured as the glucose infusion rate during a euglycemic hyperinsulinemic clamp, body fat percentage was measured by dual x - ray absorptiometry, and cvd risk was estimated using the framingham risk score. associations of fasting plasma glucose, 2 - hour plasma glucose, insulin sensitivity and body fat percentage with the framingham risk score were assessed in linear regression models. several studies have shown associations between hyperglycemia and risk of cardiovascular disease ( cvd ) and mortality, yet glucose - lowering treatment does little to mitigate this risk. we examined whether associations between hyperglycemia and cvd risk were explained by underlying insulin resistance. obesity may be associated with lower prostate specific antigen through hemodilution. we examined the relationship between body mass index and prostate specific antigen by age in men without prostate cancer in a longitudinal aging study to determine whether prostate specific antigen must be adjusted for body mass index.","Yes

Justification: The study in the context aims to determine the prevalence of elevated resting heart rate and other risk factors for cardiovascular disease in a rural population in Ghana, indicating that resting heart rate is indeed relevant to card",0.6522
fixed_dense,fixed,dense,mistral,Israeli hospital preparedness for terrorism-related multiple casualty incidents: can the surge capacity and injury severity distribution be better predicted?,yes,maybe,0,1,generation_failure,"the incidence of large - scale urban attacks on civilian populations has significantly increased across the globe over the past decade. these incidents often result in hospital multiple casualty incidents ( hmci ), which are very challenging to hospital teams. 15 years ago the emergency and disaster medicine division in the israeli ministry of health defined a key of 20 percent of each hospital ' s bed capacity as its readiness for multiple casualties. half of those casualties are expected to require immediate medical treatment. this study was performed to evaluate the efficacy of the current readiness guidelines based on the epidemiology of encountered hmcis. a retrospective study of hmcis was recorded in the israeli defense force ( idf ) home front command and the israeli national trauma registry ( itr ) between november 2000 and june 2003. an hmci is defined by the emergency and disaster medicine division in the israeli ministry of health as > or = 10 casualties or > or = 4 suffering from injuries with an iss > or = 16 arriving to a single hospital. mortality at index admission, transfusion requirement during first 24 hours, and presence of nonorthopaedic injuries as a function of young - burgess pelvic classification type. mortality compared with historic controls. an 18 - month retrospective review was performed on trauma patients > or = 15 years old who received therapeutic anticoagulation using unfractionated heparin ( uh ) and / or fractionated heparin ( fh ). forty different pre - treatment and treatment patient characteristics were recorded. complications of anticoagulation were documented and defined as any unanticipated discontinuation of the anticoagulant for bleeding or other adverse events. injury severity score ( iss ), glasgow coma score ( gcs ), and revised trauma score ( rts ) are the most frequently used methods to evaluate the severity of injury in blunt trauma patients. iss is too complicated to assess easily and gcs and rts are easy to assess but somewhat subjective. white blood cell count ( wbc ) is an easy, quick and objective test. this study was performed to evaluate the significance of the wbc count at presentation in the blunt trauma patients.","Maybe

Justification: The study in the context evaluates the efficacy of the current readiness guidelines based on the epidemiology of encountered hmcis, suggesting that there may be room for improvement in predicting surge capacity and injury",0.5000
fixed_dense,fixed,dense,mistral,Acute respiratory distress syndrome in children with malignancy--can we predict outcome?,yes,maybe,0,1,generation_failure,"the purpose of this study was to delineate early respiratory predictors of mortality in children with hemato - oncology malignancy who developed acute respiratory distress syndrome ( ards ). seventeen children with ards and malignancy aged 10. 5 + / - 5. 1 years were identified. six of the 17 children ( 35. 3 % ) survived. sepsis syndrome was present in 70. 6 % of all the children. peak inspiratory pressure, positive end - expiratory pressure ( peep ), and ventilation index values could distinguish outcome by day 3. a significant relationship between respiratory data and outcome related to efficiency of oxygenation, as determined by pao ( 2 ) / fio ( 2 ) and p ( a - a ) o ( 2 ), was present from day 8 after onset of mechanical ventilation. we conducted a retrospective chart review of children with malignant and ards who needed mechanical ventilation and were admitted to a pediatric intensive care unit from january 1987 to january 1997. breathlessness is one of the most distressing symptoms experienced by patients with advanced cancer and noncancer diagnoses alike. often, severity of breathlessness increases quickly, calling for rapid symptom control. oral, buccal, and parenteral routes of provider - controlled drug administration have been described. it is unclear whether patient - controlled therapy ( pct ) systems would be an additional treatment option. the objectives of this study were to evaluate the ability of the young - burgess classification system to predict mortality, transfusion requirements, and nonorthopaedic injuries in patients with pelvic ring fractures and to determine whether mortality rates after pelvic fractures have changed over time.","Maybe

Justification: The study shows that peak inspiratory pressure, positive end-expiratory pressure (peep), and ventilation index values could distinguish outcome by day 3, and a significant relationship between respiratory data and outcome",0.8750
fixed_dense,fixed,dense,mistral,Secondhand smoke risk in infants discharged from an NICU: potential for significant health disparities?,yes,yes,1,1,success,"secondhand smoke exposure ( shse ) threatens fragile infants discharged from a neonatal intensive care unit ( nicu ). smoking practices were examined in families with a high respiratory risk infant ( born at very low birth weight ; ventilated > 12 hr ) in a houston, texas, nicu. socioeconomic status, race, and mental health status were hypothesized to be related to shse and household smoking bans. data were collected as part of the baby ' s breath project, a hospital - based shse intervention trial targeting parents with a high - risk infant in the nicu who reported a smoker in the household ( n = 99 ). measures of sociodemographics, smoking, home and car smoking bans, and depression were collected. overall, 26 % of all families with a high - risk infant in the nicu reported a household smoker. almost half of the families with a smoker reported an annual income of less than $ 25, 000. 46. 2 % of families reported having a total smoking ban in place in both their homes and cars. only 27. 8 % families earning less than $ 25, 000 reported having a total smoking ban in place relative to almost 60 % of families earning more ( p <. 01 ). african american and caucasian families were less likely to have a smoking ban compared with hispanics ( p <. 05 ). mothers who reported no smoking ban were more depressed than those who had a household smoking ban ( p <. 02 ). several studies have suggested a protective effect of folic acid ( fa ) on congenital heart anomalies. down syndrome ( ds ) infants are known to have a high frequency of heart anomalies. not all children with ds suffer from heart anomalies, which raises the question whether maternal factors might affect the risk of these anomalies. our objectives were to investigate whether first - trimester fa use protects against heart anomalies among ds children. patients living in rural areas may be at a disadvantage in accessing tertiary health care. aim : to test the hypothesis that very premature infants born to mothers residing in rural areas have poorer outcomes than those residing in urban areas in the state of new south wales ( nsw ) and the australian capital territory ( act ) despite a coordinated referral and transport system.","Yes

Justification: The study shows that families with lower income are less likely to have a total smoking ban in place, and those without a smoking ban are more likely to be depressed (which could potentially increase the risk of secondhand smoke exposure",0.6400
fixed_dense,fixed,dense,mistral,Do nomograms designed to predict biochemical recurrence (BCR) do a better job of predicting more clinically relevant prostate cancer outcomes than BCR?,yes,maybe,0,1,generation_failure,"to examine the ability of various postoperative nomograms to predict prostate cancer - specific mortality ( pcsm ) and to validate that they could predict aggressive biochemical recurrence ( bcr ). prostate - specific antigen ( psa ), grade, and stage are the classic triad used to predict bcr after radical prostatectomy ( rp ). multiple nomograms use these to predict risk of bcr. a previous study showed that several nomograms could predict aggressive bcr ( prostate - specific antigen doubling time [ psadt ] < 9 months ) more accurately than bcr. however, it remains unknown if they can predict more definitive endpoints, such as pcsm. we performed cox analyses to examine the ability of 4 postoperative nomograms, the duke prostate center ( dpc ) nomogram, the kattan postoperative nomogram, the johns hopkins hospital ( jhh ) nomogram, and the joint center for prostate disease research ( cpdr ) / cancer of the prostate strategic urologic research endeavor ( capsure ) nomogram to predict bcr and pcsm among 1778 men in the shared equal access regional cancer hospital ( search ) database who underwent rp between 1990 and 2009. we also compared their ability to predict bcr and aggressive bcr in a subset of men. we calculated the c - index for each nomogram to determine its predictive accuracy for estimating actual outcomes. few studies have assessed whether the advantage chemotherapy has been shown to have in treating advanced non - small lung carcinoma in clinical trials is transferrable to normal health care activity. this could explain the skepticism of a large number of pneumologists towards this treatment. the objective of our study was to analyze prognostic factors related to survival and to see whether cytostatic treatment was an independent predictor. prostate - specific antigen ( psa ) levels can show wide fluctuations when repeatedly measured. here we investigatewd if : ( a ) biopsy timing influences the prostate cancer ( pc ) detection rate in patients with fluctuating psa ( flu - psa ) in comparison with patients with steadily increasing psa ( si - psa ) ; ( b ) psa slope estimated in patients with flu - psa predicts a different risk of cancer detection ; ( c ) flu - psa and si - psa patients develop pc in topographically different sites ; ( d ) the behaviour of pre - operative psa is an expression of a disease with defferent characteristics to the following radical prostatectomy. to analyze, retrospectively, the patterns and behavior of metastatic lesions in prostate cancer patients treated with external beam radiotherapy and to investigate whether patients with < or = 5 lesions had an improved outcome relative to patients with > 5 lesions.","Maybe

Justification: The context mentions that it remains unknown if the nomograms can predict more definitive endpoints, such as prostate cancer-specific mortality (pcsm), but it is not explicitly stated that they do a",0.6957
fixed_dense,fixed,dense,mistral,Are reports of mechanical dysfunction in chronic oro-facial pain related to somatisation?,yes,maybe,0,1,generation_failure,"( i ) to examine the association between self - reported mechanical factors and chronic oro - facial pain. ( ii ) to test the hypothesis that this relationship could be explained by : ( a ) reporting of psychological factors, ( b ) common association of self - reported mechanical factors with other unexplained syndromes. to identify distinctive features in patients with chronic functional somatic symptoms, and to determine whether these symptoms support the hypothesis of the existence of specific somatic syndromes. a population based cross - sectional study of 4200 randomly selected adults registered with a general medical practice in north west, england. the study examined the association of chronic oro - facial pain with a variety of self - reported mechanical factors : teeth grinding, facial trauma, missing teeth and the feeling that the teeth did not fit together properly. information was also collected on demographic factors, psychological factors and the reporting of other frequently unexplained syndromes. evidence suggests substantial comorbidity between symptoms of somatization and depression in clinical as well as nonclinical populations. however, as most existing research has been retrospective or cross - sectional in design, very little is known about the specific nature of this relationship. in particular, it is unclear whether somatic complaints may heighten the risk for the subsequent development of depressive symptoms. tinnitus can be related to many different aetiologies such as hearing loss or a noise trauma, but it can also be related to the somatosensory system of the cervical spine, called cervicogenic somatic tinnitus ( cst ). case studies suggest a positive effect of cervical spine treatment on tinnitus complaints in patients with cst, but no experimental studies are available.","Maybe

Justification: The study examines the association between self-reported mechanical factors and chronic oro-facial pain, and also collects information on the reporting of other frequently unexplained syndromes (Context [3",0.7500
fixed_dense,fixed,dense,mistral,Amblyopia: is visual loss permanent?,no,maybe,0,1,generation_failure,"pterygium is a disease of unknown origin and pathogenesis that might be vision threatening. it is characterised by a wing - like conjunctival overgrowth of the cornea. several studies have investigated human papillomavirus ( hpv ) as a risk factor for the development of pterygia, but the results are inconclusive. aim : to investigate a large sample of pterygia for the presence of hpv in order to clarify the putative association between pterygia and hpv. assessment of visual acuity depends on the optotypes used for measurement. the ability to recognize different optotypes differs even if their critical details appear under the same visual angle. since optotypes are evaluated on individuals with good visual acuity and without eye disorders, differences in the lower visual acuity range cannot be excluded. in this study, visual acuity measured with the snellen e was compared to the landolt c acuity. the precise correction of refractive error is especially important in young adults. it is unclear whether cycloplegic refraction is necessary in this age group. the purpose of this study was to compare the non - cycloplegic and cycloplegic spherical equivalent ( se ) refractive error measured in young adults. this was a prospective study of 1400 eyes ( n = 700 ) of enlisted soldiers aged 18 to 21 years who were consecutively evaluated in an outpatient army ophthalmology clinic. one drop of cyclopentolate 1 % was installed twice 10 min apart, and cycloplegic refraction was performed in both eyes 40 min later using an auto - refractor. the difference between non - cycloplegic and cycloplegic refractive measurements was analyzed. the records of 465 patients with an established diagnosis of age related macular degeneration who had attended a specialist macular clinic between 1990 and 1998 were scrutinised. a full clinical examination and standardised refraction had been carried out in 189 of these cases on a minimum of two occasions. cases were looked for where an improvement of one or more lines of either distance or near acuity was recorded in the eye unaffected by macular disease. in each one of these cases the improvement in visual acuity could not be attributed to treatment of other existing pathology.","Maybe

Justification: The context does not provide a definitive answer about the permanence of visual loss due to amblyopia. However, it does mention age-related macular degeneration, a condition that can cause visual loss,",0.2273
fixed_dense,fixed,dense,mistral,Implementation of epidural analgesia for labor: is the standard of effective analgesia reachable in all women?,yes,maybe,0,1,generation_failure,"social and cultural factors combined with little information may prevent the diffusion of epidural analgesia for pain relief during childbirth. the present study was launched contemporarily to the implementation of analgesia for labor in our department in order to perform a 2 years audit on its use. the goal is to evaluate the epidural acceptance and penetration into hospital practice by women and care givers and safety and efficacy during childbirth. this audit cycle measured epidural analgesia performance against 4 standards : ( 1 ) implementation of epidural analgesia for labor to all patients ; ( 2 ) acceptance and good satisfaction level reported by patients and caregivers. ( 3 ) effectiveness of labor analgesia ; ( 4 ) no maternal or fetal side effects. during the audit period epidural analgesia increased from 15. 5 % of all labors in the first trimester of the study to 51 % in the last trimester ( p < 0. 005 ). satisfaction levels reported by patients and care givers were good. a hierarchical clustering analysis identified two clusters based on vas ( visual analogue scale ) time course : in 226 patients ( cluster 1 ) vas decreased from 8. 5±1. 4 before to 4. 1±1. 3 after epidural analgesia ; in 1002 patients ( cluster 2 ) vas decreased from 8. 12±1. 7 before ( ns vs cluster 1 ), to 0. 76±0. 79 after ( p < 0. 001 vs before and vs cluster 2 after ). no other differences between clusters were observed. uterus - specific synthetic prostaglandin analogues ( gemeprost, sulproston etc. ) have been widely employed for termination of pregnancy in the second trimester. since paracervical anaesthesia may be useful during this procedure, we investigated in this prospective randomised study its impact on the clinical course of abortion and pain especially in the late first and second stage of labour. eight of the 13 midwives at the two mous completed the pep and all demonstrated an improvement in knowledge. case notes of 303 patients from the various clinics were studied. there was no change in the referral patterns of any of the clinics during the study period. the obstetric history was well documented, but in no group was there a satisfactory response to a detected problem ; appropriate action was taken in between 0 % and 12 % of cases. syphilis testing was performed in 56 - 82 % of cases, with no difference between the groups. the haemoglobin level was measured in only 4 - 15 % of patients, with no difference before or after completion of the pep. where a problem in uterine growth was detected, an appropriate response occurred in 0 - 8 % of patients and no difference before or after completion of the pep was ascertained. in all groups, estimation of fetal weight and pelvimetry were seldom performed, the urine and fetal heart rate documentation were moderately well done and the blood pressure monitoring, assessment of head above pelvis, monitoring of contractions and plotting of cervical dilatation were usually performed. no differences before or after the pep were detected. where problems were detected, appropriate actions taken during labour improved, but not","Maybe

Justification: The study shows an increase in the use of epidural analgesia from 15.5% to 51% over the course of the study, suggesting that the standard of effective analgesia is becoming",0.5000
fixed_dense,fixed,dense,mistral,Does HER2 immunoreactivity provide prognostic information in locally advanced urothelial carcinoma patients receiving adjuvant M-VEC chemotherapy?,maybe,yes,0,1,generation_failure,"to evaluate the impact of her2 immunoreactivity on clinical outcome in locally advanced urothelial carcinoma patients who received surgery alone, or methotrexate, vinblastine, epirubicin, and cisplatin ( m - vec ) as adjuvant chemotherapy. we studied 114 formalin - fixed paraffin - embedded specimens obtained from locally advanced urothelial carcinoma patients receiving surgery alone or adjuvant m - vec. the authors evaluated her2 immunoreactivity using immunohistochemical staining and explored the influence of pathological parameters and her2 immunoreactivity on progression - free survival ( pfs ) and disease - specific overall survival ( os ) using univariate and multivariate cox ' s analyses. urothelial carcinoma of the bladder had a significantly higher frequency of her2 immunoreactivity than that of the upper urinary tract ( 60. 7 vs. 20. 7 %, p < 0. 0001 ). overall, nodal status was a strong and independent prognostic indicator for clinical outcome. the her2 immunoreactivity was significantly associated with pfs ( p = 0. 02 ) and disease - specific os ( p = 0. 005 ) in advanced urothelial carcinoma patients. as for patients with adjuvant m - vec, her2 immunoreactivity was a significant prognostic factor for pfs ( p = 0. 03 ) and disease - specific os ( p = 0. 02 ) using univariate analysis, but not multivariate analysis, and not for patients receiving watchful waiting. 78 patients with a pt3a or pt3b tumour without vena cava invasion or pt3b tumour with vena cava invasion were compared for age, gender, fuhrman grade and immunohistochemical expression of vegf. all these variables were submitted to univariate and multivariate analysis to establish their impact on survival. patients enrolled in the study had been diagnosed with non - small cell carcinoma in stages iv or iiib with pleural or n2 - n3 involvement and with a performance status of 2 or below according to the eastern cooperative oncology group ( ecog ). survival was analyzed with regard to the following variables : age, sex, comorbidity, weight loss, laboratory test results, histological type, ecog score, tnm staging, and treatment. the student t test, the chi ( 2 ) test, the kaplan - meier method, the log - rank test, and cox regression analysis were used in the statistical analysis.","Yes

Justification: The context states that HER2 immunoreactivity was significantly associated with progression-free survival (p = 0.03) and disease-specific overall survival (p = 0.02)",0.7778
fixed_dense,fixed,dense,mistral,Is halofantrine ototoxic?,yes,yes,1,1,success,"no changes were detected in the control group. the halofantrine therapeutic dose group showed loss and distortion of inner hair cells and inner phalangeal cells, and loss of spiral ganglia cells. in the halofantrine double therapeutic dose group, the inner and outer hair cells were distorted and there was loss of spiral ganglia cells. halofantrine is a newly developed antimalarial drug used for the treatment of plasmodium falciparum malaria. the introduction of this drug has been delayed because of its possible side effects, and due to insufficient studies on adverse reactions in humans. there have been no studies investigating its effect on hearing. thirty guinea pigs were divided into three groups : a control group, a halofantrine therapeutic dose group and a halofantrine double therapeutic dose group. one cochlea specimen from each animal was stained with haematoxylin and eosin and the other with toluidine blue. to clarify whether horizontal canal ocular reflex is influenced by otolith organs input. it is postulated that some aspects of methotrexate toxicity may be related to its action as an anti - folate. folic acid ( fa ) is often given as an adjunct to methotrexate therapy, but there is no conclusive proof that it decreases the toxicity of methotrexate and there is a theoretical risk that it may decrease the efficacy of methotrexate.","Yes

Justification: The halofantrine therapeutic dose group and the halofantrine double therapeutic dose group showed loss and distortion of inner hair cells and inner phalangeal cells, and loss of",0.8571
fixed_dense,fixed,dense,mistral,Visceral adipose tissue area measurement at a single level: can it represent visceral adipose tissue volume?,yes,maybe,0,1,generation_failure,"measurement of visceral adipose tissue ( vat ) needs to be accurate and sensitive to change for risk monitoring. the purpose of this study is to determine the ct slice location where vat area can best reflect changes in vat volume and body weight. in 60 middle - aged individuals without diabetes we studied the associations of fasting plasma glucose, 2 - hour post oral glucose tolerance test plasma glucose, insulin sensitivity as well as body fat percentage with cvd risk. insulin sensitivity was measured as the glucose infusion rate during a euglycemic hyperinsulinemic clamp, body fat percentage was measured by dual x - ray absorptiometry, and cvd risk was estimated using the framingham risk score. associations of fasting plasma glucose, 2 - hour plasma glucose, insulin sensitivity and body fat percentage with the framingham risk score were assessed in linear regression models. weight scales as height squared, which is an observation that forms the basis of body mass index ( weight / height ( 2 ) ). if, and how, circumferences, including waist circumference ( wc ) and hip circumference ( hc ), scale to height remains unclear, but this is an important consideration when developing normative ranges or applying wc / height and hc / height as risk indexes. subjects were 121 men and 111 women ( age : 21 - 67 years, bmi : 16 - 41 kg / m ( 2 ) ). height, weight, and bmr were measured. continuous open - circuit indirect calorimetry using a ventilated hood system for 30 min was used to measure bmr. a regression equation was derived using stepwise regression and accuracy was compared to 6 existing equations ( harris - benedict, henry, liu, yang, owen and mifflin ). additionally, the newly derived equation was cross - validated in a separate group of 70 chinese subjects ( 26 men and 44 women, age : 21 - 69 years, bmi : 17 - 39 kg / m ( 2 ) ). obesity may be associated with lower prostate specific antigen through hemodilution. we examined the relationship between body mass index and prostate specific antigen by age in men without prostate cancer in a longitudinal aging study to determine whether prostate specific antigen must be adjusted for body mass index.","Maybe

Justification: The purpose of the study is to determine the CT slice location where VAT area can best reflect changes in VAT volume and body weight (context [1]). However, the study does not directly confirm that a single level",0.6154
fixed_dense,fixed,dense,mistral,Necrotizing fasciitis: an indication for hyperbaric oxygenation therapy?,no,maybe,0,1,generation_failure,"the accepted treatment protocol for necrotizing fasciitis ( nf ) consists of extensive surgery and wide spectrum antibiotics. hyperbaric oxygenation ( hbo ) has been recommended as adjuvant therapy for nf, improving patient mortality and outcome. however, the beneficial effect of hbo for nf remains controversial. ischemia - reperfusion ( ir ) injury remains a major cause of early morbidity and mortality after lung transplantation with poorly documented extrapulmonary repercussions. to determine the hemodynamic effect due to lung ir injury, we performed a quantitative coronary blood - flow analysis in a swine model of in situ lung ischemia and reperfusion. an 18 - month retrospective review was performed on trauma patients > or = 15 years old who received therapeutic anticoagulation using unfractionated heparin ( uh ) and / or fractionated heparin ( fh ). forty different pre - treatment and treatment patient characteristics were recorded. complications of anticoagulation were documented and defined as any unanticipated discontinuation of the anticoagulant for bleeding or other adverse events. this randomized single - blinded single - center clinical trial involved 320 patients undergoing elective pci who were randomized to either receive three 5 - min cycles of ischemia by inflation of a cuff on the non - dominant arm to 200 mm hg ( remote postischemic conditioning ) or to placebo ( uninflated cuff ). the primary outcome variable was the maximum increase in troponin in the first 24 h. the secondary outcome variable was readmission due to heart failure or cardiovascular mortality after 1 year of follow - up. in addition, a diabetic population was studied. the purpose of this study was to delineate early respiratory predictors of mortality in children with hemato - oncology malignancy who developed acute respiratory distress syndrome ( ards ).","Maybe

Justification: The context states that hyperbaric oxygenation (HBO) has been recommended as adjuvant therapy for necrotizing fasciitis (NF), but the beneficial effect of HBO for NF remains controversial",0.7778
fixed_dense,fixed,dense,mistral,Is the Hawkins sign able to predict necrosis in fractures of the neck of the astragalus?,maybe,maybe,1,1,success,"to assess if the hawkins sign can predict whether or not astragalus fractures of the neck will develop avascular necrosis. it is also assessed whether the occurrence of this complication is related to the displacement of the fracture, soft tissue injury, or delay in the reduction or surgery. the results were compared with those found in the literature. there were 7 type i hawkins fractures, 11 type ii, and 4 type iii and 1 type iv. four cases developed avascular necrosis ( 2 hawkins type ii and 2 type iii ). hawkins sign was observed in 12 cases, of which none developed necrosis. four cases with negative hawkins sign developed necrosis. no statistically significant differences were found when comparing the development of avascular necrosis with the displacement of the fracture, soft tissue injury, or delay in treatment. differences were found when comparing the development of avascular necrosis with the hawkins sign ( p =. 03 ). three months after swl treatment, 39 patients were stone - free ( nr group ) and 39 had residual fragments ( r group ). both groups presented no differences in relation to infundibulopelvic angle, width and length of the lower calyceal infundibulum, length / width ratio of the lower infundibulum or number of lower calyces. height of the infundibulum, described as the distance between the line passing through the lowest part of the calyx containing the calculus and the highest point of the lower lip of renal pelvis, was the only parameter in which significant differences ( p = 0. 002 ) were found between the nr and r groups. to determine the relationship between injury severity surrogates and other patient factors with the development and severity of heterotopic ossification ( ho ) following open reduction internal fixation of acetabular fractures treated with a posterior approach. the objectives of this study were to evaluate the ability of the young - burgess classification system to predict mortality, transfusion requirements, and nonorthopaedic injuries in patients with pelvic ring fractures and to determine whether mortality rates after pelvic fractures have changed over time.","Maybe

Justification: The study shows that there were no cases of necrosis in the cases where the Hawkins sign was observed, but there were cases of necrosis in cases with negative Hawkins sign. However, the",0.6429
fixed_dense,fixed,dense,mistral,Is a mandatory general surgery rotation necessary in the surgical clerkship?,no,maybe,0,1,generation_failure,"changes in the spectrum of general surgery and the delivery of surgical care have placed the requirement for a mandatory general surgery rotation in the surgical clerkship in question. we tested the hypothesis that equal mastery of surgical clerkship objectives can be obtained in a clerkship with and without general surgery. students chose any two surgical rotations and were assessed by written examination, objective structured clinical examination ( osce ), ward evaluations, self - assessment objectives questionnaire, and satisfaction survey. charts of 60 orthopaedic residents from our institution were reviewed. preresidency selection criteria examined included united states medical licensing examination ( usmle ) step 1 and step 2 scores, medical college admission test ( mcat ) scores, number of clinical clerkship honors, number of letters of recommendation, number of away rotations, alpha omega alpha ( aoa ) honor medical society membership, fourth - year subinternship at our institution, and number of publications. resident performance was assessed using objective measures including american board of orthopaedic surgery ( abos ) part i scores and orthopaedics in - training exam ( oite ) scores and subjective ratings by faculty including global evaluation scores and faculty rankings of residents. we tested associations between preresidency criteria and the subsequent objective and subjective metrics using linear correlation analysis and mann - whitney tests when appropriate. students followed 621 cases, representing a sampling of 14. 1 % day surgery cases. categories of problems highlighted by students included inappropriate patient and procedure selection, inadequate pain management, discharge, communication and resource issues. students made a number of recommendations including the development of multilingual videotapes and patient information sheets for non - english speaking patients, avoidance of bilateral surgical procedures and improved links with local medical officers. they also developed new guidelines and protocols. the medical files of all medicine and surgery residents in their first year of specialization between the years 2005 and 2008 were reviewed. these residents were required to go through a preventive medical visit at the university center of family and community health.","Maybe

Justification: The context does not definitively state that a mandatory general surgery rotation is not necessary, but it does not explicitly state that it is necessary either. The study in [2] suggests that equal mastery of surgical cl",0.4000
fixed_dense,fixed,dense,mistral,Is Acupuncture Efficacious for Treating Phonotraumatic Vocal Pathologies?,yes,yes,1,1,success,"to investigate the effectiveness of acupuncture in treating phonotraumatic vocal fold lesions. study design / a total of 123 dysphonic individuals with benign vocal pathologies were recruited. they were given either genuine acupuncture ( n = 40 ), sham acupuncture ( n = 44 ), or no treatment ( n = 39 ) for 6 weeks ( two 30 - minute sessions / wk ). the genuine acupuncture group received needles puncturing nine voice - related acupoints for 30 minutes, two times a week for 6 weeks, whereas the sham acupuncture group received blunted needles stimulating the skin surface of the nine acupoints for the same frequency and duration. the no - treatment group did not receive any intervention but attended just the assessment sessions. one - hundred seventeen subjects completed the study ( genuine acupuncture = 40 ; sham acupuncture = 43 ; and no treatment = 34 ), but only 84 of them had a complete set of vocal functions and quality of life measures ( genuine acupuncture = 29 ; sham acupuncture = 33 ; and no - treatment = 22 ) and 42 of them with a complete set of endoscopic data ( genuine acupuncture = 16 ; sham acupuncture = 15 ; and no treatment = 11 ). significant improvement in vocal function, as indicated by the maximum fundamental frequency produced, and also perceived quality of life, were found in both the genuine and sham acupuncture groups, but not in the no - treatment group. structural ( morphological ) improvements were, however, only noticed in the genuine acupuncture group, which demonstrated a significant reduction in the size of the vocal fold lesions. tinnitus can be related to many different aetiologies such as hearing loss or a noise trauma, but it can also be related to the somatosensory system of the cervical spine, called cervicogenic somatic tinnitus ( cst ). case studies suggest a positive effect of cervical spine treatment on tinnitus complaints in patients with cst, but no experimental studies are available. to investigate whether intravenous opioid pct can be an effective therapeutic method to reduce breathlessness in patients with advanced disease. secondary aims were to study the feasibility and acceptance of opioid pct in patients with refractory breathlessness.","Yes

Justification: The study found significant improvement in vocal function and perceived quality of life in both the genuine and sham acupuncture groups, and structural improvements were only noticed in the genuine acupuncture group, which demonstrated a",0.9130
fixed_dense,fixed,dense,mistral,Is aneurysm repair justified for the patients aged 80 or older after aneurysmal subarachnoid hemorrhage?,yes,yes,1,1,success,"with the advancement of an aging society in the world, an increasing number of elderly patients have been hospitalized due to aneurysmal subarachnoid hemorrhage ( asah ). there is no study that compares the elderly cases of asah who receive the definitive treatment with those who treated conservatively. the aim of this study was to investigate the feasibility of the definitive surgery for the acute subarachnoid cases aged 80 or older. 69 cases were included in this study ( ranged 80 - 98, male : female = 9 : 60 ). 56 cases ( 81. 2 % ) had an aneurysm in the anterior circulation. 23 cases received clipping, 20 cases coil embolization and 26 cases treated conservatively. the cases with aneurysm repair showed significantly better clinical outcome than the controls, while world federation of neurological surgeons ( wfns ) grade on admission and premorbid modified rankin scale showed no difference between them. we reviewed 500 consecutive cases with acute asah with surgical indication for aneurysm repair. inoperable cases such as dead - on - arrival and the cases with both pupils dilated were excluded. we compared the cases aged 80 or older that received clipping or coil embolization with the controls that the family selected conservative treatment. the case records of patients consecutively undergoing cab were reviewed. patients were stratified retrospectively into high - or low - risk groups according to risk factors for significant carotid stenosis and perioperative stroke : peripheral vascular disease ( pvd ), carotid bruit, diabetes mellitus, age > 70 years and / or history of cerebrovascular disease. prevalence of carotid stenosis detected by ultrasonography, surgical management and perioperative stroke rates were determined in each group. the rate of aortic aneurysm rupture correlates with the aneurysm ' s diameter, and a higher rate of rupture is observed in patients with larger aneurysms. according to the literature, contradictory results concerning the relationship between atmospheric pressure and aneurysm size have been reported. aim : in this paper, we assessed the influence of changes in atmospheric pressure on abdominal aneurysm ruptures in relationship to the aneurysm ' s size.","Yes

Justification: The cases with aneurysm repair showed significantly better clinical outcome than the controls, while world federation of neurological surgeons ( wfns ) grade on admission and premorbid modified rankin scale showed",0.9167
fixed_dense,fixed,dense,mistral,Do general practice characteristics influence uptake of an information technology (IT) innovation in primary care?,no,maybe,0,1,generation_failure,"recent evaluations of it innovations in primary care have highlighted variations between centres and practices in uptake and use. we evaluated whether structural characteristics of a general practice were associated with variations in use of a web - based clinical information system underpinning a managed clinical network in diabetes, between the years 2001 and 2003. initially there were a few practices which made very frequent use of the information system, with relatively high numbers of practices using the facility infrequently. however, overall use gradually became more evenly spread. this effect was particularly evident among nurse users. frequent use by gps was evident in only a small number of practices, with mean gp use decreasing over the three years. in linear regression analyses, none of the general practice variables were associated with online use, either overall or stratified by staff type, except for the numbers of diabetes - educated staff. this was consistently associated with increased use by nurses and gps. electronic health records have the potential to facilitate family history use by primary care physicians ( pcps ) to provide personalized care. the objective of this study was to determine whether automated, at - the - visit tailored prompts about family history risk change pcp behavior. prior literature identified the use of performance measurement systems ( pms ) as crucial in addressing improved processes of care. moreover, a strategic use of pms has been found to enhance quality, compared to non - strategic use, although a clear understanding of this linkage is still to be achieved. this paper deals with the test of direct and indirect models related to the link between the strategic use of pms and the level of improved processes in health care organizations. indirect models were mediated by the degree of perceived managerial discretion. to analyse associations between indicators for adoption of new drugs and to test the hypothesis that physicians ' early adoption of new drugs is a personal trait independent of drug groups.","Maybe

Justification: The context mentions that none of the general practice variables were associated with online use, except for the numbers of diabetes-educated staff, which was consistently associated with increased use by nurses and GPs ([2]).",0.7727
fixed_dense,fixed,dense,mistral,Prognosis of well differentiated small hepatocellular carcinoma--is well differentiated hepatocellular carcinoma clinically early cancer?,no,yes,0,1,generation_failure,"the purpose of this study is to examine whether or not well differentiated ( w - d ) hepatocellular carcinoma ( hcc ) is indeed clinically early cancer. seventy six patients with solitary small hccs up to 3 cm in diameter, who underwent hepatectomy, were observed for at least 2 years for possible recurrence. these patients were divided into two groups : 10 patients with w - d hccs ( edmondson and steiner ' s grade i ) and 66 patients with less differentiated ( l - d ) hccs ( edmondson and steiner ' s grade i - ii, ii - iii, and iii ). the purpose of this paper is to evaluate the efficacy of ultrasonographic screening for primary hepatocellular carcinoma. few studies have assessed whether the advantage chemotherapy has been shown to have in treating advanced non - small lung carcinoma in clinical trials is transferrable to normal health care activity. this could explain the skepticism of a large number of pneumologists towards this treatment. the objective of our study was to analyze prognostic factors related to survival and to see whether cytostatic treatment was an independent predictor. the histological analysis revealed that w - d hccs had lower incidences of fibrous capsule formation ( p < 0. 01 ), when compared to l - d hccs. there were no significant differences in the incidence of intrahepatic metastasis, or portal vein invasion. in a resected specimen of w - d hcc, barium sulfate and gelatin were injected into portal vein and a transparent specimen was made. the transparent specimen showed that the portal vein in the tumor seemed to be intact. microscopically, cancer cell infiltration into the fibrous frame of the portal tract was present. there were no significant differences in the disease free survival between the two groups. an analysis of tumor volume doubling time in recurrent foci suggested that minute cancerous foci had been present at the time of operation.","Yes

Justification: The study in the context is specifically examining whether well differentiated hepatocellular carcinoma (HCC) is clinically early cancer, and the results show no significant differences in disease-free survival between",0.7083
fixed_dense,fixed,dense,mistral,Do follow-up recommendations for abnormal Papanicolaou smears influence patient adherence?,no,yes,0,1,generation_failure,"to compare adherence to follow - up recommendations for colposcopy or repeated papanicolaou ( pap ) smears for women with previously abnormal pap smear results. the rate of overall adherence to follow - up recommendations was 56. 0 % ( 136 / 243 ). adherence to a second colposcopy was not significantly different from that to a repeated pap smear ( odds ratio, 1. 40 ; 95 % confidence interval, 0. 80 - 2. 46 ). the use of as many as 3 patient reminders substantially improved adherence to follow - up. women without insurance and women attending 1 of the 3 clinics were less likely to adhere to any follow - up recommendation ( hazard ratio for no insurance, 0. 43 [ 95 % confidence interval, 0. 20 - 0. 93 ], and for clinic, 0. 35 [ 95 % confidence interval, 0. 15 - 0. 73 ] ). all women with abnormal pap smear results referred for initial colposcopy and a random sample of those referred for repeated pap smear. medical records were located and reviewed for 90 of 107 women referred for colposcopy and 153 of 225 women referred for repeated pap smears. to determine current practice and to assess the value of routine follow - up procedures for endometrial cancer surveillance. to discuss whether such procedures are feasible and effective to identify asymptomatic recurrences and describe the pattern of relapse detected by procedures. documented adherence to follow - up within 8 months of an abnormal result. attempts to contact the patients for follow - up, adherence to follow - up recommendations, and patient characteristics were abstracted from medical records. the probability of adherence to follow - up vs the number of follow - up attempts was modeled with survival analysis. cox proportional hazards models were used to examine multivariate relationships related to adherence.","Yes

Justification: The rate of overall adherence to follow-up recommendations was 56.0% (136/243), indicating that patients do follow the recommendations to some extent.",0.6471
fixed_dense,fixed,dense,mistral,Biomolecular identification of allergenic pollen: a new perspective for aerobiological monitoring?,yes,yes,1,1,success,"accurate and updated information on airborne pollen in specific areas can help allergic patients. current monitoring systems are based on a morphologic identification approach, a time - consuming method that may represent a limiting factor for sampling network enhancement. to verify the feasibility of developing a real - time polymerase chain reaction ( pcr ) approach, an alternative to optical analysis, as a rapid, accurate, and automated tool for the detection and quantification of airborne allergenic pollen taxa. the setup of a modified dna extraction protocol allowed us to achieve good - quality pollen dna. taxon - specific nuclear gene fragments were identified and sequenced. designed primer pairs and probes identified selected pollen taxa, mostly at the required classification level. pollen was properly identified even when collected on routine aerobiological tape. preliminary quantification assays on pollen grains were successfully performed on test species and in mixes. the traditional cetyl trimethyl ammonium bromide - based method was modified for dna isolation from pollen. taxon - specific dna sequences were identified via bioinformatics or literature searches and were pcr amplified from the matching allergenic taxa ; based on the sequences of pcr products, complementary or degenerate taqman probes were developed. the accuracy of the quantitative real - time pcr assay was tested on 3 plant species. the purpose of this study is to determine if baseline antral follicle assessment may serve as additional information in predicting in vitro fertilization outcome.","Yes

Justification: The study describes the development of a real-time polymerase chain reaction (PCR) approach for the rapid, accurate, and automated detection and quantification of airborne allergenic pollen taxa ([",0.8095
fixed_dense,fixed,dense,mistral,Does diabetes mellitus influence the efficacy of FDG-PET in the diagnosis of cervical cancer?,no,maybe,0,1,generation_failure,"patients with untreated locally advanced primary or clinically curable recurrent cervical carcinoma were enrolled. both fdg - pet and mri / ct scans were performed within 2 weeks. patients were categorised into the following groups : hyperglycaemic dm ( fasting blood sugar > 126 mg / dl ), euglycaemic dm and non - dm. the lesions were confirmed histologically or by clinical follow - up. the receiver operating characteristic curve method, with calculation of the area under the curve ( auc ), was used to evaluate the discriminative power. from february 2001 to january 2003, 219 patients ( 75 with primary and 144 with recurrent cervical cancer ) were eligible for analysis. sixteen had hyperglycaemic dm, 12 had euglycaemic dm and 191 were in the non - dm group. the diagnostic power of pet in the hyperglycaemic dm, euglycaemic dm and non - dm groups did not differ significantly with regard to the identification of either metastatic lesions ( auc, 0. 967 / 0. 947 / 0. 925, p > 0. 05 ) or primary tumours / local recurrence ( auc, 0. 950 / 0. 938 / 0. 979, p > 0. 05 ). considering all dm patients, pet showed a significantly higher detection power than mri / ct scans in respect of metastatic lesions ( auc = 0. 956 vs 0. 824, p = 0. 012 ). compared with computed tomography ( ct ) and magnetic resonance imaging ( mri ), positron emission tomography ( pet ) may have additional value in the assessment of primary and recurrent cervical cancer. however, the degree of tumour uptake of ( 18 ) f - 2 - fluoro - 2 - deoxy - d : - glucose ( fdg ) uptake is sometimes influenced by diabetes mellitus ( dm ). therefore, we conducted this prospective study to compare the diagnostic ability of fdg - pet in patients with cervical cancer complicated by dm and those without dm. impaired fasting glucose ( ifg ) below the diagnostic threshold for diabetes mellitus ( dm ) is associated with macrovascular pathology and increased mortality after percutaneous coronary interventions. the study goal was to determine whether pre - operative fasting blood glucose ( fb - glu ) is associated with an increased mortality after coronary artery bypass grafting ( cabg ). few studies have assessed whether the advantage chemotherapy has been shown to have in treating advanced non - small lung carcinoma in clinical trials is transferrable to normal health care activity. this could explain the skepticism of a large number of pneumologists towards this treatment. the objective of our study was to analyze prognostic factors related to survival and to see whether cytostatic treatment was an independent predictor.","Maybe

Justification: The study shows that the diagnostic power of FDG-PET does not significantly differ between patients with diabetes mellitus (DM) and those without DM, but it does not rule out the possibility of a",0.6190
fixed_dense,fixed,dense,mistral,Biomechanical and wound healing characteristics of corneas after excimer laser keratorefractive surgery: is there a difference between advanced surface ablation and sub-Bowman's keratomileusis?,yes,maybe,0,1,generation_failure,"to describe the biomechanical and wound healing characteristics of corneas after excimer laser keratorefractive surgery. histologic, ultrastructural, and cohesive tensile strength evaluations were performed on 25 normal human corneal specimens, 206 uncomplicated lasik specimens, 17 uncomplicated sub - bowman ' s keratomileusis ( sbk ) specimens, 4 uncomplicated photorefractive keratectomy ( prk ) specimens, 2 uncomplicated advanced surface ablation ( asa ) specimens, 5 keratoconus specimens, 12 postoperative lasik ectasia specimens, and 1 postoperative prk ectasia specimen and compared to previously published studies. biomechanically safer than conventional lasik with regard to risk for causing keratectasia after surgery. because adult human corneal stromal wounds heal slowly and incompletely, all excimer laser keratorefractive surgical techniques still have some distinct disadvantages due to inadequate reparative wound healing. despite reducing some of the risk for corneal haze compared to conventional prk, asa cases still can develop corneal haze or breakthrough haze from the hypercellular fibrotic stromal scarring. in contrast, similar to conventional lasik, sbk still has the short - and long - term potential for interface wound complications from the hypocellular primitive stromal scar. histologic and ultrastructural studies of normal corneas showed significant differences in the direction of collagen fibrils and / or the degree of lamellar interweaving in bowman ' s layer, the anterior third of the corneal stroma, the posterior two - thirds of the corneal stroma, and descemet ' s membrane. cohesive tensile strength testing directly supported these morphologic findings as the stronger, more rigid regions of the cornea were located anteriorly and peripherally. this suggests that prk and asa, and secondarily sbk, should be biomechanically safer than conventional lasik with regard to risk for causing keratectasia after surgery. because adult human corneal stromal wounds heal slowly and incompletely, all excimer laser keratorefractive surgical techniques still have some distinct disadvantages due to inadequate reparative wound healing. despite reducing some of the risk for corneal haze compared to conventional prk, asa cases still can develop corneal haze or breakthrough haze from the hypercellular fibrotic stromal scarring. in contrast, similar to conventional lasik, sbk still has the short - and long - term potential for interface wound complications the precise correction of refractive error is especially important in young adults. it is unclear whether cycloplegic refraction is necessary in this age group. the purpose of this study was to compare the non - cycloplegic and cycloplegic spherical equivalent ( se ) refractive error measured in young adults.","Maybe

Justification: The text does not provide a definitive answer, but it suggests that both advanced surface ablation (ASA) and sub-Bowman's keratomileusis (SBK) have distinct disadvant",0.5500
fixed_dense,fixed,dense,mistral,Does radiotherapy of the primary rectal cancer affect prognosis after pelvic exenteration for recurrent rectal cancer?,yes,yes,1,1,success,"this study examined the impact of radiotherapy for the primary rectal cancer on outcomes after pelvic exenteration for local recurrence. patients referred for pelvic exenteration from october 1994 to november 2012 were reviewed. patients who did and did not receive radiotherapy as part of their primary rectal cancer treatment were compared. the influence of positron emission tomography in the management of recurrent rectal cancer is well established but its role in primary rectal cancer remains uncertain. this study therefore prospectively assesses the impact of position emission tomography scanning on the management of primary rectal cancer. there were 108 patients, of which 87 were eligible for analysis. patients who received radiotherapy for their primary rectal cancer ( n = 41 ) required more radical exenterations ( 68 % vs 44 % ; p = 0. 020 ), had lower rates of clear resection margins ( 63 % vs 87 % ; p = 0. 010 ), had increased rates of surgical complications per patient ( p = 0. 014 ), and had a lower disease - free survival ( p = 0. 022 ). overall survival and disease - free survival in patients with clear margins were also lower in the primary irradiated patients ( p = 0. 049 and p < 0. 0001 ). this difference in survival persisted in multivariate analysis that corrected for t and n stages of the primary tumor. to analyze, retrospectively, the patterns and behavior of metastatic lesions in prostate cancer patients treated with external beam radiotherapy and to investigate whether patients with < or = 5 lesions had an improved outcome relative to patients with > 5 lesions.","Yes

Justification: The study shows that patients who received radiotherapy for their primary rectal cancer had lower rates of clear resection margins, increased rates of surgical complications, lower disease-free survival, and lower overall survival compared",0.8846
fixed_dense,fixed,dense,mistral,Can a practicing surgeon detect early lymphedema reliably?,maybe,maybe,1,1,success,"to investigate whether prepuncture ultrasound evaluation of vascular anatomy facilitates internal jugular vein cannulation compared with landmark - guided puncture. lymphedema may be identified by simpler circumference changes as compared with changes in limb volume. the right internal jugular vein was cannulated using either anatomic landmarks or prepuncture ultrasound ( 3. 75 / 7. 5 mhz ) guidance. in the landmark group, respiratory jugular venodilation was used as the primary landmark for locating the vein. results of cannulation and the incidence of complications were compared. thirty - nine cases of lymphedema were identified by the academic trial. using a 10 % increase in circumference at two sites as the criterion, half the lymphedema cases were detected ( sensitivity 37 % ). when using a 10 % increase in circumference at any site, 74. 4 % of cases were detected ( sensitivity 49 % ). detection by a 5 % increase in circumference at any site was 91 % sensitive. among 2, 027 consecutive sln biopsy procedures performed by two experienced surgeons, clinically suspicious axillary nodes were identified in 106, and categorized as group 1 ( asymmetric enlargement of the ipsilateral axillary nodes moderately suspicious for metastasis, n = 62 ) and group 2 ( clinically positive axillary nodes highly suspicious for metastasis, n = 44 ).","Maybe

Justification: The context suggests that while a 5% increase in circumference at any site can detect 91% of lymphedema cases, the sensitivity is still not 100%, indicating that early l",0.4286
fixed_dense,fixed,dense,mistral,Colorectal cancer with synchronous liver metastases: does global management at the same centre improve results?,no,maybe,0,1,generation_failure,"synchronous liver metastases ( slm ) occur in 20 % of colorectal cancers ( crc ). resection of slm and clc can be undertaken at different centres ( separate management, sm ) or at the same centre ( global management, gm ). few studies have assessed whether the advantage chemotherapy has been shown to have in treating advanced non - small lung carcinoma in clinical trials is transferrable to normal health care activity. this could explain the skepticism of a large number of pneumologists towards this treatment. the objective of our study was to analyze prognostic factors related to survival and to see whether cytostatic treatment was an independent predictor. hepatorenal syndrome ( hrs ) is the functional renal failure associated with advanced cirrhosis and has also been described in fulminant hepatic failure. without liver transplantation its prognosis is dismal. our study included patients with type 1 hrs associated with cirrhosis, who were not liver transplant candidates. aim : to identify variables associated with improved survival. pretreatment hrqol was measured in 391 advanced nsclc patients using the eortc qlq - c30 and the eortc lung cancer module ( qlq - lc13 ). the cox proportional hazards regression model was used for both univariate and multivariate analyses of survival. in addition, a bootstrap validation technique was used to assess the stability of the outcomes. to analyze, retrospectively, the patterns and behavior of metastatic lesions in prostate cancer patients treated with external beam radiotherapy and to investigate whether patients with < or = 5 lesions had an improved outcome relative to patients with > 5 lesions.","Maybe

Justification: The context does not provide specific information on the results of global management (GM) versus separate management (SM) for colorectal cancer with synchronous liver metastases. However, it does mention that resection",0.5000
fixed_dense,fixed,dense,mistral,Is motion perception deficit in schizophrenia a consequence of eye-tracking abnormality?,yes,maybe,0,1,generation_failure,"studies have shown that schizophrenia patients have motion perception deficit, which was thought to cause eye - tracking abnormality in schizophrenia. however, eye movement closely interacts with motion perception. the known eye - tracking difficulties in schizophrenia patients may interact with their motion perception. at 150 msec, speed discrimination thresholds did not differ between schizophrenia patients ( n = 38 ) and control subjects ( n = 33 ). at 300 msec, patients had significantly higher thresholds than control subjects ( p =. 03 ). furthermore, frequencies of eye tracking during the 300 msec stimulus were significantly correlated with speed discrimination in control subjects ( p =. 01 ) but not in patients, suggesting that eye - tracking initiation may benefit control subjects but not patients. the frequency of eye tracking during speed discrimination was not significantly related to regular eye - tracking performance. to determine whether tdp - 43 type is associated with distinct patterns of brain atrophy on mri in subjects with pathologically confirmed frontotemporal lobar degeneration ( ftld ). interference from irrelevant negative material might be a key mechanism underlying intrusive ruminative thoughts in depression. considering commonalities between depression and social anxiety and the presence of similar intrusive thoughts in social anxiety, the current study was designed to assess whether interference from irrelevant material in working memory is specific to depression or is also present in social anxiety disorder. to determine the prevalence and nature of global cognitive dysfunction and language deficits in an unselected population based cohort of patients with motor neuron disease ( mnd ).","Maybe

Justification: The text suggests that motion perception deficit in schizophrenia may be related to eye-tracking abnormality, but it does not definitively establish a causal relationship. Instead, it suggests that the",0.4737
fixed_dense,fixed,dense,mistral,Transgastric endoscopic splenectomy: is it possible?,yes,yes,1,1,success,"we have previously reported the feasibility of diagnostic and therapeutic peritoneoscopy including liver biopsy, gastrojejunostomy, and tubal ligation by an oral transgastric approach. we present results of per - oral transgastric splenectomy in a porcine model. the goal of this study was to determine the technical feasibility of per - oral transgastric splenectomy using a flexible endoscope. endoscopic splenectomy was performed on six pigs. there were no complications during gastric incision and entrance into the peritoneal cavity. visualization of the spleen and other intraperitoneal organs was very good. ligation of the splenic vessels and mobilization of the spleen were achieved using commercially available devices and endoscopic accessories. treatment of neonatal testicular torsion has two objectives : salvage of the involved testicle ( which is rarely achieved ) and preservation of the contralateral gonad. the second goal universally involves contralateral testicular scrotal fixation to prevent the future occurrence of contralateral torsion. however, there is controversy with regards to management of a synchronous contralateral hydrocele. it has been our policy not to address the contralateral hydrocele through an inguinal incision to minimize potential injury to the spermatic cord. our objective in this study was to determine whether the decision to manage a contralateral hydrocele in cases of neonatal testicular torsion solely through a scrotal approach is safe and effective. although the retroperitoneal approach has been the preferred choice for open urological procedures, retroperitoneoscopy is not the preferred approach for laparoscopy. this study aims to develop a training model for retroperitoneoscopy and to establish an experimental learning curve. the transanal endorectal pull - through ( terpt ) is becoming the most popular procedure in the treatment of hirschsprung disease ( hd ), but overstretching of the anal sphincters remains a critical issue that may impact the continence. this study examined the long - term outcome of terpt versus conventional transabdominal ( abd ) pull - through for hd.","Yes

Justification: The context states that endoscopic splenectomy was performed on six pigs using a flexible endoscope, indicating that transgastric endoscopic splenectomy is possible. [2",0.5625
fixed_dense,fixed,dense,mistral,It's Fournier's gangrene still dangerous?,yes,yes,1,1,success,"fournier ' s gangrene is known to have an impact in the morbidity and despite antibiotics and aggressive debridement, the mortality rate remains high. to assess the morbidity and mortality in the treatment of fournier ' s gangrene in our experience. the medical records of 14 patients with fournier ' s gangrene who presented at the university hospital center "" mother teresa "" from january 1997 to december 2006 were reviewed retrospectively to analyze the outcome and identify the risk factor and prognostic indicators of mortality. the duration of anesthesia did not differ in the 2 groups ( p > 0. 05 ). a postoperative infection developed in 4 patients in the shaved group and in 1 patient in the nonshaved group ( p < 0. 01 ). this randomized single - blinded single - center clinical trial involved 320 patients undergoing elective pci who were randomized to either receive three 5 - min cycles of ischemia by inflation of a cuff on the non - dominant arm to 200 mm hg ( remote postischemic conditioning ) or to placebo ( uninflated cuff ). the primary outcome variable was the maximum increase in troponin in the first 24 h. the secondary outcome variable was readmission due to heart failure or cardiovascular mortality after 1 year of follow - up. in addition, a diabetic population was studied.","Yes

Justification: The provided context mentions that despite antibiotics and aggressive debridement, the mortality rate remains high for Fournier's gangrene ([1]).",0.7059
fixed_dense,fixed,dense,mistral,Is it appropriate to implant kidneys from elderly donors in young recipients?,yes,maybe,0,1,generation_failure,"kidneys from elderly donors tend to be implanted in recipients who are also elderly. we present the results obtained after 10 years of evolution on transplanting elderly kidneys into young recipients. ninety - one consecutive transplants are studied, carried out in our center with kidneys from cadaver donors older than 60 years implanted in recipients younger than 60 years. the control group is made up of 91 transplants, matched with those from the study group, whose donor and recipient were younger than 60 years. the precise correction of refractive error is especially important in young adults. it is unclear whether cycloplegic refraction is necessary in this age group. the purpose of this study was to compare the non - cycloplegic and cycloplegic spherical equivalent ( se ) refractive error measured in young adults. there were no differences between groups with regard to recipient age, sex, cause of death and renal function of the donor, hepatitis c and cytomegalovirus serologies, cold ischemia time, tubular necrosis, immediate diuresis, need for dialysis, human leukocyte antigen incompatibilities, hypersensitized patients, acute rejection, waiting time on dialysis, and days of admission. survival in both groups at 1, 5, and 10 years was 97. 6 %, 87. 2 %, and 76. 6 % vs. 98. 8 %, 87. 5 %, and 69. 5 % for the patient ( p = 0. 642 ), 92. 9 %, 81. 3 %, and 64. 2 % vs. 93. 9 %, 76. 4 %, and 69. 5 % for the graft ( p = 0. 980 ), and 94. 4 %, 92. 6 %, and 77. 4 % vs. 94. 3 %, 86. 7 %, and 84. 4 % for the graft with death censured ( p = 0. 747 ), respectively. creatininaemias at 1, 5, and 10 years were 172, fifty - five potential brain - dead heart donors ( age 38 + / - 11 years ) were prospectively evaluated by transesophageal echocardiography ( tee ) before harvesting. fractional area change ( fac ) was used to assess left ventricular function in potential brain - dead donors. transplanted hearts were evaluated on the fifth postoperative day. the transplantation was considered a success if the recipient was alive, not retransplanted, without an assistance device or an epinephrine infusion of more than 1 mg / h and showed an ejection fraction above 40 %.","Maybe

Justification: The context presents the results of transplanting elderly kidneys into young recipients, but does not provide conclusive evidence that this is always appropriate. The study shows that survival and graft function at 1, ",0.5217
fixed_dense,fixed,dense,mistral,Do provider service networks result in lower expenditures compared with HMOs or primary care case management in Florida's Medicaid program?,yes,yes,1,1,success,"to determine the impact of florida ' s medicaid demonstration 4 years post - implementation on per member per month ( pmpm ) medicaid expenditures and whether receiving care through hmos versus provider service networks ( psns ) in the demonstration was associated with pmpm expenditures. data : florida medicaid claims from two fiscal years prior to implementation of the demonstration ( fy0405, fy0506 ) and the first four fiscal years after implementation ( fy0607 - fy0910 ) from two urban demonstration counties and two urban non - demonstration counties. high managed care penetration in the community is associated with a lower likelihood of having a usual source of care for uninsured persons ( 54. 8 % vs. 62. 2 % in low penetration areas ) as well as a lower likelihood of having a usual physician ( 60 % vs. 72. 8 % ). managed care has only marginal effects on the likelihood of having a usual source of care for privately insured and medicaid beneficiaries. having a usual physician substantially reduces unmet medical needs for the insured but less so for the uninsured. among ssi enrollees, the demonstration resulted in lower increases in pmpm expenditures over time ( $ 40 ) compared with the non - demonstration counties ( $ 186 ), with demonstration psns lowering pmpm expenditures by $ 7 more than hmos. savings were also seen among tanf enrollees but to a lesser extent. governments are urged to determine methods to control the use of medical resources and curb the rise of healthcare costs. the question is, do health behaviors have an impact on the use of medical resources? this study aims to identify and understand the difference in the number of outpatient visits and health examinations based on various health behaviors and to determine whether patients seek medical care for illness from the same physicians. there is increasing pressure on mental health providers to reduce the duration of treatments, while retaining level of quality and effectiveness. the risk is that the population is underserved and therefore needs new treatment episodes. the primary aim of this study was to investigate whether duration of treatment and return into mental health care were related.","Yes

Justification: The context states that among SSI enrollees, the demonstration resulted in lower increases in pmpm expenditures over time compared with the non-demonstration counties, with demonstration PS",0.7368
fixed_dense,fixed,dense,mistral,Assessment of carotid artery stenosis before coronary artery bypass surgery. Is it always necessary?,no,maybe,0,1,generation_failure,"extracranial internal carotid artery stenosis is a risk factor for perioperative stroke in patients undergoing coronary artery bypass surgery ( cab ). although selective and non - selective methods of preoperative carotid screening have been advocated, it remains unclear if this screening is clinically relevant. aim : to test whether selective carotid screening is as effective as non - selective screening in detecting significant carotid disease. the case records of patients consecutively undergoing cab were reviewed. patients were stratified retrospectively into high - or low - risk groups according to risk factors for significant carotid stenosis and perioperative stroke : peripheral vascular disease ( pvd ), carotid bruit, diabetes mellitus, age > 70 years and / or history of cerebrovascular disease. prevalence of carotid stenosis detected by ultrasonography, surgical management and perioperative stroke rates were determined in each group. impaired fasting glucose ( ifg ) below the diagnostic threshold for diabetes mellitus ( dm ) is associated with macrovascular pathology and increased mortality after percutaneous coronary interventions. the study goal was to determine whether pre - operative fasting blood glucose ( fb - glu ) is associated with an increased mortality after coronary artery bypass grafting ( cabg ). overall, 205 consecutive patients underwent preoperative carotid screening. the prevalence of significant carotid stenosis was 5. 8 %. univariate analysis confirmed that pvd ( p = 0. 005 ), carotid bruit ( p = 0. 003 ) and diabetes mellitus ( p = 0. 05 ) were significant risk factors for stenosis. carotid stenosis was a risk factor for stroke ( p = 0. 03 ). prevalence of carotid stenosis was higher in the high - risk group ( 9. 1 % ) than the low - risk group ( 1. 2 % ) ( p < 0. 05 ). all concomitant or staged carotid endarterectomies / cab ( 5 / 205 ) and all patients who had perioperative strokes ( 5 / 205 ) were in the high - risk group ( p = 0. 01 ). patients presenting with transient ischemic attack or stroke may have symptom - related lesions on acute computed tomography angiography ( cta ) such as free - floating intraluminal thrombus ( fft ). it is difficult to distinguish fft from carotid plaque, but the distinction is critical as management differs. by contouring the shape of these vascular lesions ( "" virtual endarterectomy "" ), advanced morphometric analysis can be performed. the objective of our study is to determine whether quantitative shape analysis can accurately differentiate fft from atherosclerotic plaque.","Maybe

Justification: The context indicates that carotid artery stenosis is a risk factor for perioperative stroke in patients undergoing coronary artery bypass surgery (cab), but it remains unclear if pre",0.8095
fixed_dense,fixed,dense,mistral,Should direct mesocolon invasion be included in T4 for the staging of gastric cancer?,maybe,yes,0,1,generation_failure,"we examined 806 patients who underwent surgery for advanced gastric carcinoma from 1992 to 2007 at the department of surgery, gangnam severance hospital, korea. among these, patients who showed macroscopically direct invasion into the mesocolon were compared to other patients with advanced gastric cancer. one of the sites most frequently invaded by gastric cancer is the mesocolon ; however, the uicc does not mention this anatomical site as an adjacent structure involved in gastric cancer. the purpose of this study was to characterize and classify mesocolon invasion from gastric cancer. the curability, number and extent of nodal metastasis, and the survival of the mesocolon invasion group were significantly worse than these factors in the t3 group. however, the survival of the mesocolon invasion group after curative resection was much better than that of patients who had incurable factors. the correlation between radiographic transition zone on contrast enema in hirschsprung ' s disease and the total length of aganglionosis is known to be inaccurate. the aim of our study was to analyse this correlation more precisely to improve preoperative planning of the corrective surgery. from 1998 to 2009, 79 patients were operated on for hirschsprung ' s disease. all available preoperative contrast enemas ( n = 61 ) had been single blind reviewed by the same radiologist who defined the radiographic transition zone when present in vertebral level. four groups were determined ( rectal, rectosigmoid, long segment, and absence of transition zone ) and by kappa coefficient of agreement correlated to the length of aganglionosis in the pathological report.","Yes

Justification: The curability, number and extent of nodal metastasis, and the survival of the mesocolon invasion group were significantly worse than these factors in the T3 group (context [3]). This suggests that direct",0.7619
fixed_dense,fixed,dense,mistral,Do Surrogates of Injury Severity Influence the Occurrence of Heterotopic Ossification in Fractures of the Acetabulum?,maybe,maybe,1,1,success,"to determine the relationship between injury severity surrogates and other patient factors with the development and severity of heterotopic ossification ( ho ) following open reduction internal fixation of acetabular fractures treated with a posterior approach. the incidence of acetabular fractures in osteoporotic patients is increasing. immediate total hip arthroplasty ( tha ) has potential advantages, but achieving acetabular component stability is challenging and, at early followup, reported revision rates for loosening are high. questions / this study measured acetabular component stability and the initial surface contact achieved between the acetabular component and unfractured region of the pelvis after tha using an oversized acetabular component and cup - cage reconstruction. to assess if the hawkins sign can predict whether or not astragalus fractures of the neck will develop avascular necrosis. it is also assessed whether the occurrence of this complication is related to the displacement of the fracture, soft tissue injury, or delay in the reduction or surgery. the results were compared with those found in the literature. the static and dynamic parameters of formation and bone resorption were measured by histomorphometry. serum biochemical markers of formation ( bone alkaline phosphatase [ alp ] ; procollagen type i n - terminal propeptide [ pinp ] ) and resorption ( c - terminal crosslinking telopeptide of collagen type 1 [ sctx ] ) were assessed.","Maybe

Justification: The provided context discusses a study to determine the relationship between injury severity surrogates and the development and severity of heterotopic ossification (ho) following open reduction internal fixation of acetab",0.7273
fixed_dense,fixed,dense,mistral,Does pretreatment with statins improve clinical outcome after stroke?,no,maybe,0,1,generation_failure,"in primary and secondary prevention trials, statins have been shown to reduce the risk of stroke. in addition to lipid lowering, statins have a number of antiatherothrombotic and neuroprotective properties. in a preliminary observational study, we explored whether clinical outcome is improved in patients who are on treatment with statins when stroke occurs. the unadjusted odds ratio for early discharge to home ( versus late discharge or death ) was 1. 41 ( 95 % ci 0. 91 to 2. 17 ) when patients on statin treatment were compared with referent stroke patients not on statins. prognostic factors were, in general, more unfavorable among patients on statins. when this was adjusted for in a logistic regression model, the use of statins was a moderately strong but statistically nonsignificant predictor of discharge to home ( multiple - adjusted odds ratio 1. 42, 95 % ci 0. 90 to 2. 22 ). for patients with prior lobar ich, withholding anticoagulation therapy was strongly preferred, improving quality - adjusted life expectancy by 1. 9 qalys. for patients with prior deep hemispheric ich, withholding anticoagulation resulted in a smaller gain of 0. 3 qalys. in sensitivity analyses for patients with deep ich, anticoagulation could be preferred if the risk of thromboembolic stroke is particularly high. extracranial internal carotid artery stenosis is a risk factor for perioperative stroke in patients undergoing coronary artery bypass surgery ( cab ). although selective and non - selective methods of preoperative carotid screening have been advocated, it remains unclear if this screening is clinically relevant. aim : to test whether selective carotid screening is as effective as non - selective screening in detecting significant carotid disease. the case records of patients consecutively undergoing cab were reviewed. patients were stratified retrospectively into high - or low - risk groups according to risk factors for significant carotid stenosis and perioperative stroke : peripheral vascular disease ( pvd ), carotid bruit, diabetes mellitus, age > 70 years and / or history of cerebrovascular disease. prevalence of carotid stenosis detected by ultrasonography, surgical management and perioperative stroke rates were determined in each group.","Maybe

Justification: The study suggests that patients on statin treatment were more likely to be discharged home earlier, but this was not statistically significant after adjusting for prognostic factors. However, the study does not provide",0.4762
fixed_dense,fixed,dense,mistral,Processing fluency effects: can the content and presentation of participant information sheets influence recruitment and participation for an antenatal intervention?,yes,yes,1,1,success,"to assess the extent to which the title and font of participant information sheets ( piss ) can influence pregnant women ' s and trainee midwives ' perceptions of an antenatal intervention. pregnant women ( n = 35 ) and trainee midwives ( n = 36 ) were randomly presented with one of four piss where the title and font of the pis had been manipulated to create four experimental conditions ( i. e., double fluent ; double awkward ; fluent title - awkward font ; awkward title - fluent font ). after reading the pis, participants rated their perceptions of the intervention ( i. e., attractiveness, complexity, expected risk, required effort ) using five - point likert scales. telephone counseling and tailored print communications have emerged as promising methods for promoting mammography screening. however, there has been little research testing, within the same randomized field trial, of the efficacy of these two methods compared to a high - quality usual care system for enhancing screening. this study addressed the question : compared to usual care, is tailored telephone counseling more effective than tailored print materials for promoting mammography screening? various factors contribute to the effective implementation of evidence - based treatments ( ebts ). in this study, cognitive processing therapy ( cpt ) was administered in a veterans affairs ( va ) posttraumatic stress disorder ( ptsd ) specialty clinic in which training and supervision were provided following va implementation guidelines. the aim was to ( a ) estimate the proportion of variability in outcome attributable to therapists and ( b ) identify characteristics of those therapists who produced better outcomes. in the whole group only a slight difference was found between both training modalities concerning their writing abilities. however, children with a history of hearing loss, actual hearing loss or pathologic middle ear findings profited most from the specialized training program compared to the control in their reading abilities.","Yes

Justification: The study manipulated the title and font of participant information sheets to create four experimental conditions and found that these changes influenced participants' perceptions of the intervention (attractiveness, complexity, expected risk, required effort). This",0.8462
fixed_dense,fixed,dense,mistral,Sternal fracture in growing children : A rare and often overlooked fracture?,maybe,yes,0,1,generation_failure,"sternal fractures in childhood are rare. the aim of the study was to investigate the accident mechanism, the detection of radiological and sonographical criteria and consideration of associated injuries. at age 23 months, a male toddler sustained a low trauma fracture of his right femur. skeletal radiographs revealed generalised osteopenia with multiple vertebral body fractures. he was diagnosed with type iv osteogenesis imperfecta ; however, no mutations were found in col1a1 or col1a2 genes. despite a relatively large sample size, the ability of the young - burgess system to predict mortality only approached statistical significance ( p = 0. 07, kruskal - wallis ). the young - burgess system differentiated transfusion requirements - - lateral compression type 3 ( lc3 ) and anteroposterior compression types 2 ( apc2 ) and 3 ( apc3 ) fractures had higher transfusion requirements than did lateral compression type 1 ( lc1 ), anteroposterior compression type 1 ( apc1 ), and vertical shear ( vs ) ( p < 0. 05 ) - - but was not as useful at predicting head, chest, or abdomen injuries. dividing fractures into stable and unstable types allowed the system to predict mortality rates, abdomen injury rates, and transfusion requirements. overall mortality in the study group was 9. 1 %, unchanged from original young - burgess studies 15 years previously ( p = 0. 3 ). a total of 4 children aged 5 - 14 years with a sternal fracture were treated in 2 years, 2 children were hospitalized for pain management and 2 remained in outpatient care. the objectives of this study were to evaluate the ability of the young - burgess classification system to predict mortality, transfusion requirements, and nonorthopaedic injuries in patients with pelvic ring fractures and to determine whether mortality rates after pelvic fractures have changed over time.","Yes

Justification: The context states that sternal fractures in childhood are rare ([1]).",0.5556
fixed_dense,fixed,dense,mistral,Is there a correlation between androgens and sexual desire in women?,yes,maybe,0,1,generation_failure,"for women, the correlation between circulating androgens and sexual desire is inconclusive. substitution with androgens at physiological levels improves sexual function in women who experience decreased sexual desire and androgen deficiency from surgical menopause, pituitary disease, and age - related decline in androgen production in the ovaries. measuring bioactive testosterone is difficult and new methods have been proposed, including measuring the primary androgen metabolite androsterone glucuronide ( adt - g ). aim : the aim of this study was to investigate a possible correlation between serum levels of androgens and sexual desire in women and whether the level of adt - g is better correlated than the level of circulating androgens with sexual desire. sexual desire correlated overall with ft and androstenedione in the total cohort of women. in a subgroup of women aged 25 - 44 years with no use of systemic hormonal contraception, sexual desire correlated with tt, ft, androstenedione, and dheas. in women aged 45 - 65 years, androstenedione correlated with sexual desire. no correlations between adt - g and sexual desire were identified. sexual desire was determined as the total score of the sexual desire domain of the female sexual function index. total testosterone ( tt ), calculated free testosterone ( ft ), androstenedione, dehydroepiandrosterone sulfate ( dheas ), and adt - g were analyzed using mass spectrometry. prospective, descriptive preliminary study of in vitro fertilization outcome. from july 1998 to july 1999, 224 patients underwent antral follicle assessment ( follicle 2 - 6 mm in diameter ) on baseline of the planned, stimulated in vitro fertilization cycle. the outcomes were analyzed with respect to antral follicle assessment ( < or = 6 or > 6 ), basal cycle day 3 follicle stimulated hormone ( < or = 10 or > 10 iu / l ) and maternal age ( < or = 35 or > 35 years ). aromatase inhibitors ( ais ) are an effective treatment for postmenopausal women with hormone receptor - positive breast cancer. however, patients receiving ais report a higher incidence of musculoskeletal symptoms and bone fractures ; the mechanism and risk factors for this correlation are not well studied. the aim of this study was to correlate these musculoskeletal symptoms and bone fractures in patients receiving ais with bone mineral density ( bmd ), previous tamoxifen use, and administration of calcium / bisphosphonate ( ca / bis ).","Maybe

Justification: The context states that sexual desire correlated with androgens in some subgroups of women, but not in all cases, suggesting a possible correlation that is not conclusive.",0.4118
fixed_dense,fixed,dense,mistral,Does immediate breast reconstruction compromise the delivery of adjuvant chemotherapy?,no,maybe,0,1,generation_failure,"immediate breast reconstruction ( ibr ) provides psychological benefit to many early breast cancer patients however concerns persist regarding its potential impact on chemotherapy delivery. we investigated the association between ibr, complications and adjuvant chemotherapy delivery. this study aims to evaluate local failure patterns in node negative breast cancer patients treated with post - mastectomy radiotherapy including internal mammary chain only. retrospective analysis of patients in an academic breast service, who underwent mastectomy, with or without reconstruction, and received adjuvant chemotherapy. to evaluate accelerated partial breast irradiation ( apbi ) in patients after oncoplastic surgery for early breast cancer. to evaluate the impact of her2 immunoreactivity on clinical outcome in locally advanced urothelial carcinoma patients who received surgery alone, or methotrexate, vinblastine, epirubicin, and cisplatin ( m - vec ) as adjuvant chemotherapy.","Maybe

Justification: The context mentions a concern about the potential impact of immediate breast reconstruction (ibr) on chemotherapy delivery, but it does not provide conclusive evidence that ibr always compromises the delivery of adjuvant chemotherapy",0.4286
fixed_dense,fixed,dense,mistral,Human papillomavirus and pterygium. Is the virus a risk factor?,maybe,maybe,1,1,success,"pterygium is a disease of unknown origin and pathogenesis that might be vision threatening. it is characterised by a wing - like conjunctival overgrowth of the cornea. several studies have investigated human papillomavirus ( hpv ) as a risk factor for the development of pterygia, but the results are inconclusive. aim : to investigate a large sample of pterygia for the presence of hpv in order to clarify the putative association between pterygia and hpv. vaginal intraepithelial neoplasia is a little known disease which could be related to risk factors different from simple hpv infections. 100 specimens of pterygium from danish patients and 20 normal conjunctival biopsy specimens were investigated for the presence of hpv with pcr technique using beta - globin primers to access the quality of the extracted dna and the hpv primers my09 / 11 and gp5 + / 6 +. hpv - positive specimens underwent subsequent hpv typing with type - specific hpv primers and further investigation with dna in situ hybridisation ( ish ). to determine whether the host immune response to gonorrhoea provides limited serovar specific protection from reinfection. to ascertain wheter vaginal lesions have a natural history similar to cervical lesions. materials &","Maybe

Justification: The study is investigating the presence of HPV in pterygia to clarify the putative association between pterygia and HPV, but the results are inconclusive.",0.6923
fixed_dense,fixed,dense,mistral,Can PRISM predict length of PICU stay?,no,maybe,0,1,generation_failure,"prism is claimed to score disease severity which has attributed an impact on length of picu stay ( los ). the morbidity and mortality associated with panton - valentine leucocidin ( pvl ) - positive staphylococcus aureus suggest that this toxin is a key marker of disease severity. nevertheless, the importance of pvl in the pathogenesis of primary bacteraemia caused by s. aureus is uncertain. we have determined the prevalence of pvl - encoding genes among isolates of s. aureus from bacteraemic patients. the objectives of this study were to evaluate the ability of the young - burgess classification system to predict mortality, transfusion requirements, and nonorthopaedic injuries in patients with pelvic ring fractures and to determine whether mortality rates after pelvic fractures have changed over time. pterygium is a disease of unknown origin and pathogenesis that might be vision threatening. it is characterised by a wing - like conjunctival overgrowth of the cornea. several studies have investigated human papillomavirus ( hpv ) as a risk factor for the development of pterygia, but the results are inconclusive. aim : to investigate a large sample of pterygia for the presence of hpv in order to clarify the putative association between pterygia and hpv. few studies have assessed whether the advantage chemotherapy has been shown to have in treating advanced non - small lung carcinoma in clinical trials is transferrable to normal health care activity. this could explain the skepticism of a large number of pneumologists towards this treatment. the objective of our study was to analyze prognostic factors related to survival and to see whether cytostatic treatment was an independent predictor.","Maybe

Justification: The context mentions that PRISM is claimed to score disease severity, which has attributed an impact on length of PICU stay (Los). However, it does not explicitly state that PRISM can predict",0.5909
fixed_dense,fixed,dense,mistral,Can predilatation in transcatheter aortic valve implantation be omitted?,yes,maybe,0,1,generation_failure,the use of a balloon expandable stent valve includes balloon predilatation of the aortic stenosis before valve deployment. the aim of the study was to see whether or not balloon predilatation is necessary in transcatheter aortic valve replacement ( tavi ). the purpose of this study is to evaluate right ventricular ( rv ) volume and function after pulmonary valve replacement ( pvr ) and to address the issue of optimal surgical timing in these patients. to assess the feasibility and safety of diagnostic or therapeutic semirigid ureteroscopy without ureteral meatus dilatation. chronic pulmonary regurgitation ( pr ) following repair of tetralogy of fallot ( tof ) leads to rv dilation and an increased incidence of sudden cardiac death in adult patients. the correlation between radiographic transition zone on contrast enema in hirschsprung ' s disease and the total length of aganglionosis is known to be inaccurate. the aim of our study was to analyse this correlation more precisely to improve preoperative planning of the corrective surgery.,"Maybe

Justification: The study mentioned in the context is aimed at determining whether or not balloon predilatation is necessary in transcatheter aortic valve replacement (tavi), suggesting that there is currently some debate about",0.4545
fixed_dense,fixed,dense,mistral,Autoerotic asphyxiation: secret pleasure--lethal outcome?,yes,yes,1,1,success,"voluntary asphyxiation among children, preteens, and adolescents by hanging or other means of inducing hypoxia / anoxia to enhance sexual excitement is not uncommon and can lead to unintended death. this study addresses autoerotic asphyxiation ( aea ) with the intent of increasing pediatricians ' knowledge of the syndrome and awareness of its typical onset among young patients. aea is characteristically a clandestine and elusive practice. provided with relevant information, pediatricians can identify the syndrome, demonstrate a willingness to discuss concerns about it, ameliorate distress, and possibly prevent a tragedy. treatment of neonatal testicular torsion has two objectives : salvage of the involved testicle ( which is rarely achieved ) and preservation of the contralateral gonad. the second goal universally involves contralateral testicular scrotal fixation to prevent the future occurrence of contralateral torsion. however, there is controversy with regards to management of a synchronous contralateral hydrocele. it has been our policy not to address the contralateral hydrocele through an inguinal incision to minimize potential injury to the spermatic cord. our objective in this study was to determine whether the decision to manage a contralateral hydrocele in cases of neonatal testicular torsion solely through a scrotal approach is safe and effective. one - hundred - fourteen trauma patients were initiated on therapeutic anticoagulation. the most common indication for anticoagulation was deep venous thrombosis ( 46 % ). twenty - four patients ( 21 % ) had at least 1 anticoagulation complication. the most common complication was a sudden drop in hemoglobin concentration requiring blood transfusion ( 11 patients ). five patients died ( 4 % ), 3 of whom had significant hemorrhage attributed to anticoagulation. bivariate followed by logistic regression analysis identified chronic obstructive pulmonary disease ( or = 9. 2, 95 % ci = 1. 5 - 54. 7 ), uh use ( or = 3. 8, 95 % ci = 1. 1 - 13. 0 ), and lower initial platelet count ( or = 1. 004, 95 % ci = 1. 000 - 1. 008 ) as being associated with complications. patients receiving uh vs. fh differed in several characteristics including laboratory values and anticoagulation indications. the purpose of this study was to delineate early respiratory predictors of mortality in children with hemato - oncology malignancy who developed acute respiratory distress syndrome ( ards ). an 18 - month retrospective review was performed on trauma patients > or = 15 years old who received therapeutic anticoagulation using unfractionated heparin ( uh ) and / or fractionated heparin ( fh ). forty different pre - treatment and treatment patient characteristics were recorded. complications of anticoagulation were documented and defined as any unanticipated discontinuation of the anticoagulant for bleeding or other adverse events.","Yes

Justification: The context discusses autoerotic asphyxiation (AEA) and its potential to lead to unintended death.",0.6667
fixed_dense,fixed,dense,mistral,Major depression and alcohol use disorder in adolescence: Does comorbidity lead to poorer outcomes of depression?,no,yes,0,1,generation_failure,"comorbid major depression ( md ) and alcohol use disorder ( aud ), particularly in adolescents, have been shown to be associated with poorer subsequent md outcomes. suicide is a leading cause of death and has been strongly associated with affective disorders. the influence of affective disorder polarity on subsequent suicide attempts or completions and any differential effect of suicide risk factors by polarity were assessed in a prospective cohort. evidence suggests substantial comorbidity between symptoms of somatization and depression in clinical as well as nonclinical populations. however, as most existing research has been retrospective or cross - sectional in design, very little is known about the specific nature of this relationship. in particular, it is unclear whether somatic complaints may heighten the risk for the subsequent development of depressive symptoms. gender - stratified multiple regression analyses revealed that baseline ces - d scores were the best predictors of subsequent depressive symptoms for men and women. baseline scores on the scl - 90 - r somatization subscale significantly predicted subsequent self - reported symptoms of depressed mood 5 years later, but only in women. however, somatic complaints were a somewhat less powerful predictor than income and age. participants with major affective disorders in the national institute of mental health ( nimh ) collaborative depression study ( cds ) were followed prospectively for up to 25 years. a total of 909 participants meeting prospective diagnostic criteria for major depressive and bipolar disorders were followed through 4204 mood cycles. suicidal behavior was defined as suicide attempts or completions. mixed - effects, grouped - time survival analysis assessed risk of suicidal behavior and differential effects of risk factors for suicidal behavior by polarity. in addition to polarity, the main effects of age, gender, hopelessness, married status, prior suicide attempts and active substance abuse were modeled, with mood cycle as the unit of analysis.","Yes

Justification: The context states that comorbid major depression and alcohol use disorder in adolescents have been shown to be associated with poorer subsequent depression outcomes ([1]).",0.7222
fixed_dense,fixed,dense,mistral,Cold preparation use in young children after FDA warnings: do concerns still exist?,yes,maybe,0,1,generation_failure,"to characterize the use and delivery of cough and cold medicines in children younger than 6 presenting to an inner - city pediatric emergency department ( ped ) following 2007 fda warnings. of the 40 respondents, only 16 were aware of the appropriate storage conditions for the vaccines ; eight had minimum and maximum thermometers but only one of these was monitored daily. in six of the eight practices selected for monitoring of refrigeration temperatures the vaccines were exposed to either subzero temperatures ( three fridges ) or temperatures up to 16 degrees c ( three ). two of these were specialised drug storage refrigerators with an incorporated thermostat and external temperature gauges. an 18 - month retrospective review was performed on trauma patients > or = 15 years old who received therapeutic anticoagulation using unfractionated heparin ( uh ) and / or fractionated heparin ( fh ). forty different pre - treatment and treatment patient characteristics were recorded. complications of anticoagulation were documented and defined as any unanticipated discontinuation of the anticoagulant for bleeding or other adverse events. questionnaire survey of general practices and child health clinics, and monitoring of storage temperatures of selected refrigerators. identified 4 clusters : potentials ( 45 % ) would receive influenza vaccine to prevent disease ; fearful uninformeds ( 9 % ) were unsure if influenza vaccine causes illness ; doubters ( 27 % ) were unsure if vaccine is efficacious ; misinformeds ( 19 % ) believed influenza vaccine causes illness. more potentials ( 75 % ) and misinformeds ( 70 % ) ever received influenza vaccine than did fearful uninformeds ( 18 % ) and doubters ( 29 % ).","Maybe

Justification: The questionnaire survey in the context indicates that there are still concerns about the use of cold preparation in young children, as evidenced by the presence of the ""misinformeds"" who believe that influenza",0.3810
fixed_dense,fixed,dense,mistral,Does a 4 diagram manual enable laypersons to operate the Laryngeal Mask Supreme®?,yes,yes,1,1,success,"an instruction manual of four illustrations with speech bubbles displaying the correct use of the lmas was designed. laypersons were handed a bag containing a lmas, a bag mask valve device ( bmv ), a syringe prefilled with air and the instruction sheet, and were asked to perform and ventilate the manikin as displayed. time to ventilation was recorded and degree of success evaluated. 114 individuals trained in basic life support and bag - valve - mask ventilation participated in this study. individual characteristics were obtained by the observer and the education and practice level were described by the subjects. ventilation was delivered with a manual resuscitator connected to a microspirometer and volumes were measured. subjects completed three procedures : one - handed, two - handed and two - handed half - compression. a total of 150 laypersons took part. overall 145 participants ( 96. 7 % ) inserted the lmas in the manikin in the right direction. the device was inserted inverted or twisted in 13 ( 8. 7 % ) attempts. eight ( 5. 3 % ) individuals recognized this and corrected the position. within the first 2 minutes 119 ( 79. 3 % ) applicants were able to insert the lmas and provide tidal volumes greater than 150 ml ( estimated dead space ). time to insertion and first ventilation was 83. 2 ± 29 s. no significant difference related to previous bls training ( p = 0. 85 ), technical education ( p = 0. 07 ) or gender could be demonstrated ( p = 0. 25 ). to investigate the effectiveness of acupuncture in treating phonotraumatic vocal fold lesions. study design / in the period ranging from 1997 to 2003, 62 patients with ea underwent preoperative tbs. the procedure was carried out with flexible bronchoscope maintaining spontaneous breathing. when a wide carinal fistula was found, this was mechanically occluded by fogarty catheter and cannulated with rigid bronchoscopy. type of ea, surgical procedure variations caused by tbs, and associated anomalies not easily detectable were recorded.","Yes

Justification: 145 out of 150 participants were able to insert the Laryngeal Mask Supreme® and provide tidal volumes greater than 150 ml, which is the minimum requirement for successful",0.6190
fixed_dense,fixed,dense,mistral,Can we measure mesopic pupil size with the cobalt blue light slit-lamp biomicroscopy method?,no,maybe,0,1,generation_failure,"the aim of this work is to assess a previously described slit - lamp biomicroscopy - based method ( slbm ) for measuring pupil diameter and compare it to colvard infrared pupillometry ( cip ). two examiners performed three repeated measurements with each instrument in 40 healthy eyes. we determined the agreement of slbm and cip, intraobserver and interobserver repeatabilities, and interobserver concordance ( kappa ) and slbm ability for detecting pupil sizes over 6. 0 mm. the mean ( ±standard deviation [ sd ] ) pupil diameter was 5. 81 ± 0. 70 mm with slbm and 6. 26 ± 0. 68 mm with cip ( p = 0. 01 ) averaging both examiner ' s results. mean differences between the slbm and cip were - 0. 60 mm and - 0. 30 mm for each examiner using the average of the three readings ( p = 0. 02 ), and they were very similar using the first reading. intraobserver reproducibility : the width of the 95 % loa ranged from 1. 79 to 2. 30 mm. the iccs were 0. 97 and 0. 92 for slbm, and 0. 96 and 0. 90 for cip. interobserver reproducibility : the width of the loa ranged from 1. 82 to 2. 09 mm. kappa statistics were 0. 39 and 0. 49 for the first and mean slbm readings, respectively, and 0. 45 for both the first and mean cip readings. sensitivity and specificity of slbm for detection of pupils larger than 6 mm ranged from 55. 56 % to 73. 68 % and from 76. 19 % to 95. 45 %, respectively. assessment of visual acuity depends on the optotypes used for measurement. the ability to recognize different optotypes differs even if their critical details appear under the same visual angle. since optotypes are evaluated on individuals with good visual acuity and without eye disorders, differences in the lower visual acuity range cannot be excluded. in this study, visual acuity measured with the snellen e was compared to the landolt c acuity. pterygium is a disease of unknown origin and pathogenesis that might be vision threatening. it is characterised by a wing - like conjunctival overgrowth of the cornea. several studies have investigated human papillomavirus ( hpv ) as a risk factor for the development of pterygia, but the results are inconclusive. aim : to investigate a large sample of pterygia for the presence of hpv in order to clarify the putative association between pterygia and hpv.","Maybe

Justification: The context does not directly mention mesopic pupil size, but the study compares the slit-lamp biomicroscopy (slbm) method with colvard infrared pupillometry (cip",0.5500
fixed_dense,fixed,dense,mistral,Should circumcision be performed in childhood?,no,maybe,0,1,generation_failure,"to evaluate prepuce development and retractibility in a group of boys. to point out the value of circumcision and prepucial forced dilation during childhood. treatment of neonatal testicular torsion has two objectives : salvage of the involved testicle ( which is rarely achieved ) and preservation of the contralateral gonad. the second goal universally involves contralateral testicular scrotal fixation to prevent the future occurrence of contralateral torsion. however, there is controversy with regards to management of a synchronous contralateral hydrocele. it has been our policy not to address the contralateral hydrocele through an inguinal incision to minimize potential injury to the spermatic cord. our objective in this study was to determine whether the decision to manage a contralateral hydrocele in cases of neonatal testicular torsion solely through a scrotal approach is safe and effective. we reviewed all cases of neonatal testicular torsion occurring at our institution between the years 1999 and 2006. age at presentation, physical examination, ultrasonographic and intraoperative findings were recorded. patients were followed after initial surgical intervention to determine the likelihood of developing a subsequent hydrocele or hernia. we sought to determine the feasibility and assess the clinical outcomes associated with an early extubation strategy for all children undergoing congenital heart surgery, including neonates ( age, < 30 days ). we administered a structured questionnaire of body size perception using a descriptive likert scale keyed to body image figures to children ages 12 to 18 years. the same scale was given to parents of children ages 5 to 18 years. the sample consisted of 91 children and their parents being seen in the pediatric gastroenterology clinic for concerns unrelated to overweight. weight and height of the children were measured, and body mass index ( bmi ) was calculated. the children ' s bmi percentiles were categorized as underweight ( < 15th ), normal ( 15th - 85th ), overweight ( 85th - 95th ), and obese ( 95th and above ). the attending physician independently completed the body image and description scale and indicated the figure that most accurately represented the patient without reference to bmi standards. accuracy of the patients ', parents ', and doctors ' estimates were statistically compared.","Maybe

Justification: The context discusses the potential value of circumcision and prepucial forced dilation during childhood, but it does not provide a definitive answer on whether circumcision should be performed in childhood.",0.4737
fixed_dense,fixed,dense,mistral,Does a colonoscopy after acute diverticulitis affect its management?,no,maybe,0,1,generation_failure,"medical records of 220 patients hospitalized for acute diverticulitis between june 1, 2002 and september 1, 2009 were reviewed. acute diverticulitis was diagnosed by clinical criteria and characteristic ct findings. fifteen patients were excluded either because of questionable ct or hematochezia. mean age was 61. 8±14. 3 years ( 61 % females ). clinical parameters, laboratory results, imaging, endoscopic and histopathological reports, and long - term patients ' outcome were analyzed. little is known about whether a routinely inserted endoscopic nasobiliary drainage ( enbd ) tube improves the clinical course in patients with choledocholithiasis - induced acute cholangitis after clearance of choledocholithiasis. the aim of this study was to investigate the need for enbd on the clinical outcomes of patients with acute cholangitis undergoing endoscopic clearance of common bile duct ( cbd ) stones. a total of 104 patients with choledocholithiasis - induced acute cholangitis who underwent primary endoscopic treatment were compared according to insertion of an enbd tube ( 51 in the enbd group and 53 in the no - enbd group ). cholestasis occurs frequently in patients with small bowel atresia ( sba ) and is often attributed to prolonged parental nutrition. when severe or prolonged, patients may undergo unnecessary intensive or invasive investigation. we characterized cholestasis and analyzed the pertinence of investigating this patient population.","Maybe

Justification: The context does not provide information about whether a colonoscopy after acute diverticulitis affects its management. However, it does mention that endoscopic reports were analyzed, suggesting that endoscopic",0.3810
fixed_dense,fixed,dense,mistral,Do instrumental activities of daily living predict dementia at 1- and 2-year follow-up?,yes,yes,1,1,success,"to investigate whether problems in instrumental activities of daily living ( iadl ) can add to conventionally used clinical measurements in helping to predict a diagnosis of dementia at 1 - and 2 - year follow - up. five hundred thirty - one participants had baseline and 1 - year follow - up assessments ; 69 ( 13. 0 % ) of these had developed dementia at 1 - year follow - up. at 2 - year follow - up, 481 participants were seen, of whom 100 ( 20. 8 % ) had developed dementia. participants with iadl disabilities at baseline had a higher conversion rate ( 24. 4 % ) than participants without iadl disabilities ( 16. 7 % ) ( chi - square = 4. 28, degrees of freedom = 1, p =. 04 ). sem showed that iadl disability could help predict dementia in addition to the measured variables at 1 - year follow - up ( odds ratio ( or ) = 2. 20, 95 % confidence interval ( ci ) = 1. 51 - 3. 13 ) and 2 - year follow - up ( or = 2. 11, 95 % ci = 1. 33 - 3. 33 ). preventive home visits are offered to community dwelling older people in denmark aimed at maintaining their functional ability for as long as possible, but only two thirds of older people accept the offer from the municipalities. the purpose of this study is to investigate 1 ) whether socioeconomic status was associated with acceptance of preventive home visits among older people and 2 ) whether municipality invitational procedures for the preventive home visits modified the association. the study population included 1, 023 community dwelling 80 - year - old individuals from the danish intervention study on preventive home visits. information on preventive home visit acceptance rates was obtained from questionnaires. socioeconomic status was measured by financial assets obtained from national registry data, and invitational procedures were identified through the municipalities. logistic regression analyses were used, adjusted by gender. the danish 1905 cohort survey is a nationwide, longitudinal survey comprising all individuals born in denmark in 1905. at baseline in 1998, a total of 2, 262 persons aged 92 or 93 agreed to participate in the intake survey. the baseline in - person interview consisted of a comprehensive questionnaire including physical functioning and health, and a question about whether the respondent had an optimistic, neutral or pessimistic outlook on his or her own future.","Yes

Justification: The study shows that participants with instrumental activities of daily living (IADL) disabilities at baseline had a higher conversion rate to dementia than participants without IADL disabilities (24.4% vs",0.8182
fixed_dense,fixed,dense,mistral,Does the Simultaneous Use of a Neuroendoscope Influence the Incidence of Ventriculoperitoneal Shunt Infection?,no,maybe,0,1,generation_failure,"the relationship between the use of an endoscope during ventriculoperitoneal shunt ( vps ) procedures and infection remains poorly defined. in this study, we sought to analyze whether the simultaneous use of an endoscope could in fact increase the infection rate associated with vps procedures. this study included 438 vps procedures, 49 in which an endoscope was used ( 11. 2 % ) and 389 in which an endoscope was not used ( 88. 8 % ). the infection rates in these 2 main groups were calculated and compared. subsequently, 4 new groups were created, composed of patients with a shunt inserted for the first time ( groups 1a and 1b ) and patients with a shunt reviewed or inserted for a second time ( groups 2a and 2b ). groups 1a and 2a comprised patients in whom an endoscope was used simultaneously with vps surgery, and groups 1b and 2b comprised patients in whom an endoscope was not used. these groups were compared to determine the infection rate. little is known about whether a routinely inserted endoscopic nasobiliary drainage ( enbd ) tube improves the clinical course in patients with choledocholithiasis - induced acute cholangitis after clearance of choledocholithiasis. we reviewed all cases of neonatal testicular torsion occurring at our institution between the years 1999 and 2006. age at presentation, physical examination, ultrasonographic and intraoperative findings were recorded. patients were followed after initial surgical intervention to determine the likelihood of developing a subsequent hydrocele or hernia. despite surgical refinements, perioperative use of tracheobronchoscopy ( tbs ) as part of surgical approach to esophageal atresia ( ea ) is still controversial. the purpose of this study was to evaluate the influence of preoperative tbs in newborns with ea in preventing complications and improving diagnosis and surgical treatment.","Maybe

Justification: The study compares infection rates in two main groups, one with the simultaneous use of a neuroendoscope and one without, but does not provide conclusive evidence that the use of a neuroendoscope definit",0.3684
fixed_dense,fixed,dense,mistral,"Body perception: do parents, their children, and their children's physicians perceive body image differently?",yes,yes,1,1,success,"to compare children ' s, parents ' and physicians ' perceptions of children ' s body size. we administered a structured questionnaire of body size perception using a descriptive likert scale keyed to body image figures to children ages 12 to 18 years. the same scale was given to parents of children ages 5 to 18 years. the sample consisted of 91 children and their parents being seen in the pediatric gastroenterology clinic for concerns unrelated to overweight. weight and height of the children were measured, and body mass index ( bmi ) was calculated. the children ' s bmi percentiles were categorized as underweight ( < 15th ), normal ( 15th - 85th ), overweight ( 85th - 95th ), and obese ( 95th and above ). the attending physician independently completed the body image and description scale and indicated the figure that most accurately represented the patient without reference to bmi standards. accuracy of the patients ', parents ', and doctors ' estimates were statistically compared. the sample population consisted of 6. 4 % underweight, 70. 5 % normal weight, 7. 7 % overweight, and 15. 4 % obese. forty - four percent of parents underestimated children ' s body size using word descriptions and 47 % underestimated using figures. forty percent of the children underestimated their own body size using descriptions and 43 % underestimated using figures. the physicians in this study had a higher percentage of correct estimates ; however, they underestimated 33 % of the patients using both word descriptions and figures. some obese children were not recognized, and several average children were perceived as underweight. the precise correction of refractive error is especially important in young adults. it is unclear whether cycloplegic refraction is necessary in this age group. the purpose of this study was to compare the non - cycloplegic and cycloplegic spherical equivalent ( se ) refractive error measured in young adults. subjects were 121 men and 111 women ( age : 21 - 67 years, bmi : 16 - 41 kg / m ( 2 ) ). height, weight, and bmr were measured. continuous open - circuit indirect calorimetry using a ventilated hood system for 30 min was used to measure bmr. a regression equation was derived using stepwise regression and accuracy was compared to 6 existing equations ( harris - benedict, henry, liu, yang, owen and mifflin ). additionally, the newly derived equation was cross - validated in a separate group of 70 chinese subjects ( 26 men and 44 women, age : 21 - 69 years, bmi : 17 - 39 kg / m ( 2 ) ).","Yes

Justification: The study shows that parents, their children, and their children's physicians have different perceptions of children's body size, as indicated by the differences in their estimates of children's body size using both word",0.7368
fixed_dense,fixed,dense,mistral,Is a specialised training of phonological awareness indicated in every preschool child?,maybe,maybe,1,1,success,"in a prospective study 218 preschool children were enrolled ( stratified in 2 training programs, one specialized for phonologic awareness in order to prevent dyslexia, the other consisting in training of general perception ) during the last year of kindergarten. after finishing the first grade 131 children were compared in their reading and writing abilities. in the whole group only a slight difference was found between both training modalities concerning their writing abilities. however, children with a history of hearing loss, actual hearing loss or pathologic middle ear findings profited most from the specialized training program compared to the control in their reading abilities. seven individuals who have undergone left cerebral hemispherectomy to control intractable seizures associated with perinatal infarct have been recruited for this study. we examined if components of phonological processing that are shown to reliably separate average readers from struggling readers, i. e., phonological awareness, verbal memory, speed of retrieval, and size of vocabulary, show the same relationship to reading levels when they are mediated by the right hemisphere [ 2 ]. this study compared recognition of symbolic representation of emotions or movements in music by two groups of children with different communicative characteristics : severe to profound hearing loss ( using cochlear implants [ ci ] ) and autism spectrum disorder ( asd ). their responses were compared to those of children with typical - development and normal hearing ( td - nh ). accuracy was examined as a function of communicative status, emotional or movement category, and individual characteristics. cerebral hemispherectomy, a surgical procedure undergone to control intractable seizures, is becoming a standard procedure with more cases identified and treated early in life [ 33 ]. while the effect of the dominant hemisphere resection on spoken language has been extensively researched, little is known about reading abilities in individuals after left - sided resection. left - lateralized phonological abilities are the key components of reading, i. e., grapheme - phoneme conversion skills [ 1 ]. these skills are critical for the acquisition of word - specific orthographic knowledge and have been shown to predict reading levels in average readers as well as in readers with mild cognitive disability [ 26 ]. furthermore, impaired phonological processing has been implicated as the cognitive basis in struggling readers. here, we explored the reading skills in participants who have undergone left cerebral hemispherectomy.","Maybe

Justification: The context suggests that a specialized training of phonological awareness may be beneficial for children with a history of hearing loss, actual hearing loss, or pathologic middle ear findings ([2]). However, it does not",0.6818
fixed_dense,fixed,dense,mistral,Is there any relationship between streptococcal infection and multiple sclerosis?,yes,maybe,0,1,generation_failure,"multiple sclerosis ( ms ) is an immune - mediated inflammatory demyelinating disease of uncertain etiology. although the mechanisms of inducting autoimmunity by some of the infectious agents have been investigated, there is not yet enough research on streptococcal infections. material / to understand the effect of past group a streptococcal infection on ms, antistreptolysin o ( aso ) and antideoxyribonuclease b ( adnase b ) were measured in 21 patients with relapsing - remitting ms and 21 healthy blood donors by nephelometric assay. no significant difference was seen in the prevalence of serovars isolated following a repeat infection compared with those without repeat infections. the site of the initial infection did not appear to influence the subsequent serovar isolated. extracranial internal carotid artery stenosis is a risk factor for perioperative stroke in patients undergoing coronary artery bypass surgery ( cab ). although selective and non - selective methods of preoperative carotid screening have been advocated, it remains unclear if this screening is clinically relevant. aim : to test whether selective carotid screening is as effective as non - selective screening in detecting significant carotid disease. the morbidity and mortality associated with panton - valentine leucocidin ( pvl ) - positive staphylococcus aureus suggest that this toxin is a key marker of disease severity. nevertheless, the importance of pvl in the pathogenesis of primary bacteraemia caused by s. aureus is uncertain. we have determined the prevalence of pvl - encoding genes among isolates of s. aureus from bacteraemic patients.","Maybe

Justification: The context mentions that there is not yet enough research on streptococcal infections and multiple sclerosis, but it does show a comparison between patients with MS and healthy blood donors in terms of",0.5909
fixed_dense,fixed,dense,mistral,Is the combination with 2-methoxyestradiol able to reduce the dosages of chemotherapeutices in the treatment of human ovarian cancer?,yes,maybe,0,1,generation_failure,"the endogenous estradiol metabolite, 2 - methoxyestradiol ( 2me ), has been shown to be a potent inhibitor of cell growth and a strong anti - angiogenic substance. we investigated for the first time whether in vitro combinations of 2me with various chemotherapeutic compounds may result in an additive inhibitory effect on the proliferation of human ovary cancer cells. for both ovary cancer cell lines a significant additive effect of 2me with epirubicine and carboplatin was observed at the lower concentration range of these chemotherapeutic substances. to evaluate the impact of her2 immunoreactivity on clinical outcome in locally advanced urothelial carcinoma patients who received surgery alone, or methotrexate, vinblastine, epirubicin, and cisplatin ( m - vec ) as adjuvant chemotherapy. as a model two different human ovary cancer cell lines were used. all cell lines were incubated with equimolar concentrations of 2me ( 0. 8 - 25 microm ) and the chemotherapeutics epirubicine, doxorubicine, paclitaxel, docetaxel, carboplatin, vinorelbine, 5 - fluorouracil and mafosfamide. proliferation was measured after four days using the atp - chemosensitivity test. we investigated the use of cyclosporine and the lysosomotropic amines chloroquine and hydroxychloroquine in combination for additive or synergistic immunosuppression on t - cell responses in vitro to mihc and mhc in mice.","Maybe

Justification: The context indicates that a significant additive effect of 2-methoxyestradiol with epirubicine and carboplatin was observed in vitro, suggesting that the combination may potentially reduce",0.6111
fixed_dense,fixed,dense,mistral,Assessing joint line positions by means of the contralateral knee: a new approach for planning knee revision surgery?,yes,yes,1,1,success,"reconstructing the natural joint line in knee revision surgery improves clinical and functional outcome but may be challenging when both cartilage and bone were removed during previous operations. assessing joint lines ( jls ) by means of bony landmarks is inadvisable because of large variations in human anatomy. because of the inherent symmetry of the human body, we hypothesised that jls may be directly assessed by measuring the distances from the bony landmarks to the jl of the contralateral knee by means of radiographic images. six human cadaver knees were tested before implantation, after implantation with a bicruciate - retaining unicompartmental knee prosthesis, and after implantation with a posterior cruciate - retaining tricompartmental knee prosthesis. the unicompartmental prosthesis was initially implanted, and it was then revised to a total condylar knee replacement. the knee kinematics were measured with use of an electromagnetic tracking device while the knee was put through dynamic simulated stair - climbing under peak flexion moments of approximately 40 n - m. quadriceps tension was also measured for all three conditions. unicompartmental replacement can be an alternative to tibial osteotomy in younger, active patients with unicompartmental knee disease. in unicompartmental replacement, the other compartments and knee ligaments are largely untouched. therefore, it was hypothesized that the knee kinematics after unicompartmental replacement may also be unchanged. to test this hypothesis, knee kinematics and quadriceps tension were recorded before and after replacement with a unicompartmental design and then with a tricompartmental design. using scaled weight - bearing radiographs in anteroposterior view of both knees, two independent observers measured the distances from the fibular head, the medial and lateral epicondyle, and the adductor tubercle to the jl. a two - sided p value of ≤0. 05 was considered statistically significant. this study aims to study femoral tunnel lengths drilled with a flexible reamer and the distance to important lateral structures obtained by flexing the knee at various angles and by drilling the guide pins arthroscopically to resemble clinical practice. the purpose of this cadaveric study was twofold : 1. to determine whether femoral tunnel lengths of greater than 20 mm can be created with a flexible reamer system at 90 ° of knee flexion and 2. to determine whether the lateral structures of the knee are safe with this technique.","Yes

Justification: The study suggests that joint line positions can be assessed by measuring the distances from bony landmarks to the joint line of the contralateral knee using radiographic images (context [4]). This approach is proposed as",0.6522
fixed_dense,fixed,dense,mistral,Does the type of tibial component affect mechanical alignment in unicompartmental knee replacement?,yes,maybe,0,1,generation_failure,"there are a number of factors responsible for the longevity of unicompartmental knee replacements ( ukr ). these include the magnitude of postoperative alignment and the type of material used. the effect of component design and material on postoperative alignment, however, has not been explored. six human cadaver knees were tested before implantation, after implantation with a bicruciate - retaining unicompartmental knee prosthesis, and after implantation with a posterior cruciate - retaining tricompartmental knee prosthesis. the unicompartmental prosthesis was initially implanted, and it was then revised to a total condylar knee replacement. the knee kinematics were measured with use of an electromagnetic tracking device while the knee was put through dynamic simulated stair - climbing under peak flexion moments of approximately 40 n - m. quadriceps tension was also measured for all three conditions. unicompartmental replacement can be an alternative to tibial osteotomy in younger, active patients with unicompartmental knee disease. in unicompartmental replacement, the other compartments and knee ligaments are largely untouched. therefore, it was hypothesized that the knee kinematics after unicompartmental replacement may also be unchanged. to test this hypothesis, knee kinematics and quadriceps tension were recorded before and after replacement with a unicompartmental design and then with a tricompartmental design. no significant differences in tibial axial rotation were noted between the intact and unicompartmental conditions. however, tricompartmental replacement significantly affected tibial axial rotation ( p = 0. 001 ). femoral rollback was not significantly affected by either unicompartmental or tricompartmental arthroplasty. quadriceps tension was also similar among all three conditions. this study measured acetabular component stability and the initial surface contact achieved between the acetabular component and unfractured region of the pelvis after tha using an oversized acetabular component and cup - cage reconstruction.","Maybe

Justification: The study does not directly compare different types of tibial components in unicompartmental knee replacement, but it does show that tricompartmental replacement significantly affects tibial axial rotation (",0.4737
fixed_dense,fixed,dense,mistral,Is tumour expression of VEGF associated with venous invasion and survival in pT3 renal cell carcinoma?,maybe,yes,0,1,generation_failure,"to determine whether there is a relationship between vegf expression and renal vein and vena cava invasion in stage pt3 renal cell carcinoma and to evaluate the impact of vegf expression on survival in pt3 renal cell carcinoma. 78 patients with a pt3a or pt3b tumour without vena cava invasion or pt3b tumour with vena cava invasion were compared for age, gender, fuhrman grade and immunohistochemical expression of vegf. all these variables were submitted to univariate and multivariate analysis to establish their impact on survival. only tumour size appeared to be significantly different between the 3 groups. on univariate analysis, invasion of the perirenal fat, lymph node involvement, distant metastases and vegf expression were significantly associated with survival ( p < 0. 01 ). on multivariate analysis, lymph node involvement, distant metastases and vegf expression ( or 6. 07 ) were identified as independent predictive factors of survival. we studied 114 formalin - fixed paraffin - embedded specimens obtained from locally advanced urothelial carcinoma patients receiving surgery alone or adjuvant m - vec. the authors evaluated her2 immunoreactivity using immunohistochemical staining and explored the influence of pathological parameters and her2 immunoreactivity on progression - free survival ( pfs ) and disease - specific overall survival ( os ) using univariate and multivariate cox ' s analyses. patients enrolled in the study had been diagnosed with non - small cell carcinoma in stages iv or iiib with pleural or n2 - n3 involvement and with a performance status of 2 or below according to the eastern cooperative oncology group ( ecog ). survival was analyzed with regard to the following variables : age, sex, comorbidity, weight loss, laboratory test results, histological type, ecog score, tnm staging, and treatment. the student t test, the chi ( 2 ) test, the kaplan - meier method, the log - rank test, and cox regression analysis were used in the statistical analysis.","Yes

Justification: The context states that VEGF expression was significantly associated with survival in pT3 renal cell carcinoma ([3]), and it was identified as an independent predictive factor of survival in multivariate",0.7368
fixed_dense,fixed,dense,mistral,Injury and poisoning mortality among young men--are there any common factors amenable to prevention?,yes,maybe,0,1,generation_failure,"deaths from injury and poisoning ( suicide, accidents, undetermined deaths, and homicide ) are the major cause of death among young men aged 15 - 39 years in england and wales and have been increasing in recent years. aim : to describe common characteristics among young men who die from injury and poisoning. we employed a retrospective survey methodology to investigate factors associated with deaths by injury and poisoning among young men aged 15 - 39 years ( n = 268 ) in merseyside and cheshire during 1995. data were collected from coroner ' s inquest notes and general practitioner records. an online survey was conducted to elicit the relative importance placed on preventing harms caused by 1 ) health care ( hospital - acquired infections, drug administration errors, injuries to health care staff ), 2 ) individuals ( personal lifestyle choices, sports - related injuries ), and 3 ) nature ( genetic disorders ). direct valuations were obtained from members of the public by using a person trade - off or "" matching "" method. participants were asked to choose between two preventative interventions of equal cost and equal health benefit per person for the same number of people, but differing in causation. if participants indicated a preference, their strength of preference was measured by using person trade - off. mortality at index admission, transfusion requirement during first 24 hours, and presence of nonorthopaedic injuries as a function of young - burgess pelvic classification type. mortality compared with historic controls. an 18 - month retrospective review was performed on trauma patients > or = 15 years old who received therapeutic anticoagulation using unfractionated heparin ( uh ) and / or fractionated heparin ( fh ). forty different pre - treatment and treatment patient characteristics were recorded. complications of anticoagulation were documented and defined as any unanticipated discontinuation of the anticoagulant for bleeding or other adverse events.","Maybe

Justification: The context mentions a retrospective survey to investigate factors associated with deaths by injury and poisoning among young men, suggesting that common factors may be identified, but the study results are not directly provided in the context,",0.5217
fixed_dense,fixed,dense,mistral,Continuation of pregnancy after antenatal corticosteroid administration: opportunity for rescue?,maybe,maybe,1,1,success,"to determine the duration of continuing pregnancy after antenatal corticosteroid ( ac ) administration and to evaluate the potential opportunity for rescue ac. a median of 3 gemeprost applications were administered in both groups. in the group without paracervical anaesthesia the median induction to abortion interval was 20 hours ( range : 8 - 44 hours ), 13 hours ( range : 8 - 36 hours, ns ) resulting for the paracervical anaesthesia group. the intervals from the last application of prostaglandin until abortion and from 3 cm cervical dilatation to abortion were slightly, but not significantly shorter in the paracervical anaesthesia group. the requirement of butylscopolamine was higher in the latter group ( p < 0. 05 ). the requirement of pethidin and the intensity of pain ( measured by pain scale according to huskisson ) especially in the late first stage of labour were not statistically different between both groups. side effects of paracervical anaesthesia did not occur. uterus - specific synthetic prostaglandin analogues ( gemeprost, sulproston etc. ) have been widely employed for termination of pregnancy in the second trimester. since paracervical anaesthesia may be useful during this procedure, we investigated in this prospective randomised study its impact on the clinical course of abortion and pain especially in the late first and second stage of labour. the clinical pregnancy rate was significantly higher in the group with baseline antral follicle > 6 compared to that in the group with antral follicle < or = 6 ( 51 % vs. 19 %, respectively ). controlling for patient age, and basal follicle stimulated hormone, the pregnancy rate was significantly higher in the group with antral follicle > 6 compared to that in the group with antral follicle < or = 6. the cancellation rate was significantly increased with advancing maternal age, elevated basal follicle stimulated hormone levels, and baseline antral follicle < or = 6. the cancellation rate was significantly higher in the group with antral follicle < or = 6 compared to that in the group with antral follicle > or = 6 ( 33 % vs. 1 %, respectively ). the objective of the study was to determine whether risk of recurrent preterm birth differs based on the clinical presentation of a prior spontaneous preterm birth ( sptb ) : advanced cervical dilatation ( acd ), preterm premature rupture of membranes ( pprom ), or preterm labor ( ptl ).","Maybe

Justification: The context does not provide a definitive answer on the continuation of pregnancy after antenatal corticosteroid administration and the opportunity for rescue. However, it does mention the duration of continuing pregnancy after antenatal cortic",0.4500
fixed_dense,fixed,dense,mistral,Does either obesity or OSA severity influence the response of autotitrating CPAP machines in very obese subjects?,yes,yes,1,1,success,"the pressures delivered by autotitrating continuous positive airways pressure ( cpap ) devices not only treat obstructive sleep apnoea ( osa ) effectively but also give potentially interesting physiological information about the forces impinging on the pharynx. in earlier work from this unit, we used correlations between autocpap pressure and both osa severity and obesity, to construct an algorithm to estimate the fixed cpap pressure a patient required for subsequent clinical use. we wished to discover if these relationships could be reliably extended to a much more obese group. we performed a prospective cohort study in an obese population. measurements of obesity were made, osa severity was recorded, and the 95th centile autocpap pressure was recorded during 1 week of autocpap. spearman ' s rank correlation was performed between measurements of obesity and autocpap pressure, and between osa severity and autocpap pressure. we sought to determine whether patients with obstructive sleep apnea ( osa ) had an objective change in aerobic fitness during cycle ergometry compared to a normal population. the most accurate test of aerobic fitness is measurement of maximum oxygen consumption ( vo2max ) with cycle ergometry. fifty - four obese individuals ( median body mass index ( bmi ) 43. 0 kg / m ( 2 ) ), 52 % of whom had osa ( apnoea - hypopnoea index ( ahi ) ≥ 15 ), had a median 95th centile autocpap pressure of 11. 8 cmh2o. we found no significant correlation between autocpap pressure and neck circumference, waist circumference or bmi. there was a moderate correlation between autocpap pressure and osa severity ( ahi r = 0. 34, p = 0. 02 ; oxygen desaturation index ( odi ) r = 0. 48, p < 0. 001 ). overall, individuals with osa had increased vo2max when compared to the normalized us air force data ( p <. 001 ). patients with an apnea - hypopnea index of greater than 20 demonstrated a decreased vo2max as compared to normalized values ( p <. 001 ). no differences in vo2max were observed after either medical or surgical therapy for osa.","Yes

Justification: The provided context shows a moderate correlation between autocpap pressure and OSA severity (a higher apnea-hypopnea index corresponds to a higher autocpap pressure, r = 0.",0.6316
fixed_dense,fixed,dense,mistral,Does the clinical presentation of a prior preterm birth predict risk in a subsequent pregnancy?,yes,maybe,0,1,generation_failure,"the objective of the study was to determine whether risk of recurrent preterm birth differs based on the clinical presentation of a prior spontaneous preterm birth ( sptb ) : advanced cervical dilatation ( acd ), preterm premature rupture of membranes ( pprom ), or preterm labor ( ptl ). this retrospective cohort study included singleton pregnancies from 2009 to 2014 complicated by a history of prior sptb. women were categorized based on the clinical presentation of their prior preterm delivery as having acd, pprom, or ptl. risks for sonographic short cervical length and recurrent sptb were compared between women based on the clinical presentation of their prior preterm birth. log - linear regression was used to control for confounders. to compare the probability of prenatal diagnosis ( pnd ) and termination of pregnancy for fetal anomaly ( topfa ) between fetuses conceived by assisted reproductive techniques ( art ) and spontaneously - conceived fetuses with congenital heart defects ( chd ). to investigate if fetal gender ( 1 ) affects the risk of having an emergency department ( ed ) visit for asthma ; and ( 2 ) is associated with adverse pregnancy outcomes among women who had at least one visit to the ed for asthma during pregnancy. we reviewed all cases of neonatal testicular torsion occurring at our institution between the years 1999 and 2006. age at presentation, physical examination, ultrasonographic and intraoperative findings were recorded. patients were followed after initial surgical intervention to determine the likelihood of developing a subsequent hydrocele or hernia.","Maybe

Justification: The study was designed to determine if the clinical presentation of a prior preterm birth (advanced cervical dilatation, preterm premature rupture of membranes, or preterm labor) affects the",0.8421
fixed_dense,fixed,dense,mistral,Is the Distance Worth It?,yes,maybe,0,1,generation_failure,"weight scales as height squared, which is an observation that forms the basis of body mass index ( weight / height ( 2 ) ). if, and how, circumferences, including waist circumference ( wc ) and hip circumference ( hc ), scale to height remains unclear, but this is an important consideration when developing normative ranges or applying wc / height and hc / height as risk indexes. the mean difference in se between non - cycloplegic and cycloplegic measurements was 0. 68 ± 0. 83 d ( 95 % ci, 0. 64 - 0. 72 ). significantly greater differences were observed in hypermetropes than myopes ( 1. 30 ± 0. 90 d versus 0. 46 ± 0. 68 d, p < 0. 001 ). moderate hypermetropes ( 2 to 5 d ) demonstrated significantly greater refractive error than mild ( 0. 5 to 2 d ) or severe ( > 5 d ) hypermetropes ( 1. 71 ± 1. 18 d versus 1. 19 ± 0. 74 d and 1. 16 ± 1. 08 d respectively, p < 0. 001 ). using scaled weight - bearing radiographs in anteroposterior view of both knees, two independent observers measured the distances from the fibular head, the medial and lateral epicondyle, and the adductor tubercle to the jl. a two - sided p value of ≤0. 05 was considered statistically significant. reconstructing the natural joint line in knee revision surgery improves clinical and functional outcome but may be challenging when both cartilage and bone were removed during previous operations. assessing joint lines ( jls ) by means of bony landmarks is inadvisable because of large variations in human anatomy. because of the inherent symmetry of the human body, we hypothesised that jls may be directly assessed by measuring the distances from the bony landmarks to the jl of the contralateral knee by means of radiographic images. assessment of visual acuity depends on the optotypes used for measurement. the ability to recognize different optotypes differs even if their critical details appear under the same visual angle. since optotypes are evaluated on individuals with good visual acuity and without eye disorders, differences in the lower visual acuity range cannot be excluded. in this study, visual acuity measured with the snellen e was compared to the landolt c acuity.","Maybe

Justification: The text discusses the idea of measuring distances from bony landmarks to the joint line of the contralateral knee by means of radiographic images to assess joint lines in knee revision surgery ([4]). This suggests",0.6522
fixed_dense,fixed,dense,mistral,Aripiprazole: a new risk factor for pathological gambling?,yes,yes,1,1,success,"it is commonly accepted that pathological gambling results from the interaction of multiple risk factors. among these, dopamine replacement therapy ( drt ) prescribed for parkinson disease can be cited. another dopamine agonist, aripiprazole, could be a new risk factor. we decided to explore this potential adverse drug reaction ( adr ). the patients involved were schizophrenic or bipolar, mostly young men with a history of addictive disorders and regular gambling prior to the prescription of aripiprazole. for each one of them, the causality of aripiprazole was considered, using an algorithm. the probability that pathological gambling is actually due to aripiprazole is "" possible "" in 7 cases out of 8, and "" doubtful "" in one. epidemiologic studies have suggested that hypertriglyceridemia and insulin resistance are related to the development of colon cancer. nuclear peroxisome proliferator - activated receptors ( ppar ), which play a central role in lipid and glucose metabolism, had been hypothesized as being involved in colon cancerogenesis. in animal studies the lipid - lowering ppar ligand bezafibrate suppressed colonic tumors. however, the effect of bezafibrate on colon cancer development in humans is unknown. therefore, we proposed to investigate a possible preventive effect of bezafibrate on the development of colon cancer in patients with coronary artery disease during a 6 - year follow - up. development of new cancer ( all types ) was recorded in 177 patients : in 79 ( 5. 25 % ) patients from the bezafibrate group vs. 98 ( 6. 51 % ) from the placebo group. development of colon cancer was recorded in 25 patients : in 8 ( 0. 53 % ) patients from the bezafibrate group vs. 17 ( 1. 13 % ) from the placebo group, ( fisher ' s exact test : one side p = 0. 05 ; two side p = 0. 07 ). a difference in the incidence of cancer was only detectable after a 4 year lag and progressively increased with continued follow - up. on multivariable analysis the colon cancer risk in patients who received bezafibrate tended to be lower with a hazard ratio of 0. 47 and 95 % confidence interval 0. 2 - 1. 1. suicide is a leading cause of death and has been strongly associated with affective disorders. the influence of affective disorder polarity on subsequent suicide attempts or completions and any differential effect of suicide risk factors by polarity were assessed in a prospective cohort.","Yes

Justification: The algorithm used to assess the causality of aripiprazole found that the probability that pathological gambling is actually due to aripiprazole is "" possible "" in 7 cases out of 8,",0.7222
fixed_dense,fixed,dense,mistral,Immune suppression by lysosomotropic amines and cyclosporine on T-cell responses to minor and major histocompatibility antigens: does synergy exist?,yes,yes,1,1,success,"using murine models, we have shown that the lysosomotropic amine, chloroquine, is effective in the prevention of graft - versus - host disease ( gvhd ) mediated by donor t cells reactive with recipient minor histocompatibility antigens ( mihcs ). because lysosomotropic amines can suppress major histocompatibility complex ( mhc ) class ii antigen presentation, their mechanism of action is potentially different from current immune suppressant drugs used to control gvhd such as cyclosporine. we investigated the use of cyclosporine and the lysosomotropic amines chloroquine and hydroxychloroquine in combination for additive or synergistic immunosuppression on t - cell responses in vitro to mihc and mhc in mice. we found that similar concentrations of chloroquine and hydroxychloroquine suppress the t - cell response to mihc in mice ( c57bl / 6 anti - balb. b ) and that lysosomotropic amines in combination with cyclosporine result in synergistic suppression of a proliferative response to mihc. similar suppression and synergy appear to be present in an alloreactive response ( c57bl / 6 anti - balb / c ). direct inhibition by chloroquine of t - cell proliferative responses induced by anti - cd3epsilon in the absence of antigen - presenting cells is present at higher concentrations than that required to suppress responses to mihc or mhc. chloroquine appears to induce decreased t - cell viability at high concentrations. this effect does not appear to be due to decreased t - cell production of interleukin - 2 or interferon - gamma. at lower concentrations ( < 25 microg / ml ), chloroquine can also decrease the ability of antigen - presenting cells to stimulate an a c57bl / 6 anti - balb / c t - cell response and can inhibit mhc class ##3epsilon in the absence of antigen - presenting cells is present at higher concentrations than that required to suppress responses to mihc or mhc. chloroquine appears to induce decreased t - cell viability at high concentrations. this effect does not appear to be due to decreased t - cell production of interleukin - 2 or interferon - gamma. at lower concentrations ( < 25 microg / ml ), chloroquine can also decrease the ability of antigen - presenting cells to stimulate an a c57bl / 6 anti - balb / c t - cell response and can inhibit mhc class ii expression after activation with lipopolysaccharide. polyarteritis nodosa ( pan ) is a systemic vasculitis involving mainly medium - sized arteries and, rarely, small - sized arteries. the diagnosis is principally based on clinical exams, biopsy of an affected organ, and / or arteriography of renal or mesenteric arteries. once diagnosed, immunosuppressive agents, such as glucocorticoids and cyclophosphamide, are generally introduced as soon as possible. whether spontaneous remission of pan occurs is therefore largely unknown.","Yes

Justification: The context states that ""lysosomotropic amines in combination with cyclosporine result in synergistic suppression of a proliferative response to mihc"" ([2]).",0.7333
fixed_dense,fixed,dense,mistral,Does induction chemotherapy have a role in the management of nasopharyngeal carcinoma?,yes,maybe,0,1,generation_failure,"to assess the outcomes of patients with nasopharyngeal carcinoma ( npc ) whose treatment was determined by computerized tomography ( ct ) and / or magnetic resonance imaging staging and to analyze the impact of induction chemotherapy and accelerated fractionated radiotherapy. few studies have assessed whether the advantage chemotherapy has been shown to have in treating advanced non - small lung carcinoma in clinical trials is transferrable to normal health care activity. this could explain the skepticism of a large number of pneumologists towards this treatment. the objective of our study was to analyze prognostic factors related to survival and to see whether cytostatic treatment was an independent predictor. we review our results on surgical treatment of patients with stage i non - small cell lung carcinoma and we attempted to clarify the prognostic significance of some surgical - - pathologic variables. patients enrolled in the study had been diagnosed with non - small cell carcinoma in stages iv or iiib with pleural or n2 - n3 involvement and with a performance status of 2 or below according to the eastern cooperative oncology group ( ecog ). survival was analyzed with regard to the following variables : age, sex, comorbidity, weight loss, laboratory test results, histological type, ecog score, tnm staging, and treatment. the student t test, the chi ( 2 ) test, the kaplan - meier method, the log - rank test, and cox regression analysis were used in the statistical analysis. to evaluate the impact of her2 immunoreactivity on clinical outcome in locally advanced urothelial carcinoma patients who received surgery alone, or methotrexate, vinblastine, epirubicin, and cisplatin ( m - vec ) as adjuvant chemotherapy.","Maybe

Justification: The context mentions a study analyzing the impact of induction chemotherapy on nasopharyngeal carcinoma, but it does not definitively state that it has a role in management. Instead, it",0.3529
fixed_dense,fixed,dense,mistral,Treatment of contralateral hydrocele in neonatal testicular torsion: Is less more?,maybe,maybe,1,1,success,"treatment of neonatal testicular torsion has two objectives : salvage of the involved testicle ( which is rarely achieved ) and preservation of the contralateral gonad. the second goal universally involves contralateral testicular scrotal fixation to prevent the future occurrence of contralateral torsion. however, there is controversy with regards to management of a synchronous contralateral hydrocele. it has been our policy not to address the contralateral hydrocele through an inguinal incision to minimize potential injury to the spermatic cord. our objective in this study was to determine whether the decision to manage a contralateral hydrocele in cases of neonatal testicular torsion solely through a scrotal approach is safe and effective. we reviewed all cases of neonatal testicular torsion occurring at our institution between the years 1999 and 2006. age at presentation, physical examination, ultrasonographic and intraoperative findings were recorded. patients were followed after initial surgical intervention to determine the likelihood of developing a subsequent hydrocele or hernia. thirty - seven patients were identified as presenting with neonatal torsion. age of presentation averaged 3. 5 days ( range 1 - 14 days ). left - sided pathology was seen more commonly than the right, with a 25 : 12 distribution. all torsed testicles were nonviable. twenty - two patients were noted to have a contralateral hydrocele at presentation. all hydroceles were opened through a scrotal approach at the time of contralateral scrotal fixation. no patient underwent an inguinal exploration to examine for a patent process vaginalis. none of the patients who presented with a hydrocele have developed a clinical hydrocele or hernia after an average 7. 5 years ( range 4. 3 - 11. 2 ) follow - up. the transanal endorectal pull - through ( terpt ) is becoming the most popular procedure in the treatment of hirschsprung disease ( hd ), but overstretching of the anal sphincters remains a critical issue that may impact the continence. this study examined the long - term outcome of terpt versus conventional transabdominal ( abd ) pull - through for hd. mortality at index admission, transfusion requirement during first 24 hours, and presence of nonorthopaedic injuries as a function of young - burgess pelvic classification type. mortality compared with historic controls.","Maybe

Justification: The study shows that none of the patients who presented with a hydrocele and were managed through a scrotal approach have developed a clinical hydrocele or hernia after an average 7.5 years follow-",0.8182
fixed_dense,fixed,dense,mistral,"Are normally sighted, visually impaired, and blind pedestrians accurate and reliable at making street crossing decisions?",maybe,yes,0,1,generation_failure,"the purpose of this study is to measure the accuracy and reliability of normally sighted, visually impaired, and blind pedestrians at making street crossing decisions using visual and / or auditory information. we found that normally sighted and visually impaired pedestrians were accurate and reliable in their street crossing decision - making ability when using either vision plus hearing or vision only ( p > 0. 05 ). under the hearing only condition, all subjects were reliable ( p > 0. 05 ) but inaccurate with their street crossing decisions ( p < 0. 05 ). compared to either the normally sighted ( p = 0. 018 ) or visually impaired subjects ( p = 0. 019 ), blind subjects were the least accurate with their street crossing decisions under the hearing only condition. using a 5 - point rating scale, safety ratings for vehicular gaps of different durations were measured along a two - lane street of one - way traffic without a traffic signal. safety ratings were collected from 12 normally sighted, 10 visually impaired, and 10 blind subjects for eight different gap times under three sensory conditions : ( 1 ) visual plus auditory information, ( 2 ) visual information only, and ( 3 ) auditory information only. accuracy and reliability in street crossing decision - making were calculated for each subject under each sensory condition. assessment of visual acuity depends on the optotypes used for measurement. the ability to recognize different optotypes differs even if their critical details appear under the same visual angle. since optotypes are evaluated on individuals with good visual acuity and without eye disorders, differences in the lower visual acuity range cannot be excluded. in this study, visual acuity measured with the snellen e was compared to the landolt c acuity. participants were evaluated on their isokinetic knee extensor strength. additionally, participants completed an assessment of their postural stability ( functional reach test for static stability and a dynamic postural stability assessment as measured by the center of pressure - center of mass moment arm during gait initiation ). participants also underwent an evaluation of their functional ambulation as measured by a 6 - minute walk test. lastly, participants were evaluated by a neurologist specially trained in movement disorders to assess neurologic status and disease severity using the unified parkinson ' s disease rating scale and the hoehn and yahr disability score.","Yes

Justification: The study found that both normally sighted and visually impaired pedestrians were accurate and reliable in their street crossing decision-making ability when using vision plus hearing or vision only (p > 0.05",0.8889
fixed_dense,fixed,dense,mistral,Is it Crohn's disease?,maybe,no,0,0,retrieval_failure,"celiac disease ( cd ) is an autoimmune enteropathy characterized by villus atrophy and malabsorption of essential nutrients. vitamin d deficiency has been described in autoimmune diseases, but its status in prepubertal children with cd has not been adequately studied. medical records of 220 patients hospitalized for acute diverticulitis between june 1, 2002 and september 1, 2009 were reviewed. acute diverticulitis was diagnosed by clinical criteria and characteristic ct findings. fifteen patients were excluded either because of questionable ct or hematochezia. mean age was 61. 8±14. 3 years ( 61 % females ). clinical parameters, laboratory results, imaging, endoscopic and histopathological reports, and long - term patients ' outcome were analyzed. xanthogranulomatous cholecystitis ( xgc ) is an uncommon variant of chronic cholecystitis, characterized by marked thickening of the gallbladder wall and dense local adhesions. it often mimics a gallbladder carcinoma ( gbc ), and may coexist with gbc, leading to a diagnostic dilemma. furthermore, the premalignant nature of this entity is not known. this study was undertaken to assess the p53, pcna and beta - catenin expression in xgc in comparison to gbc and chronic inflammation. all 77 adult patients from our hospital known to have biopsy - proven cd for more than 10 years were invited to participate. we investigated symptoms, gluten consumption, antibodies for cd and other autoimmunity, human leukocyte antigen ( hla ) - typing, bone mineral density, and performed small bowel biopsies. tolerance was defined as no immunological or histological signs of cd while consuming gluten. a retrospective study of prepubertal children aged 3 - 12 years with cd ( n = 24 ) who were compared to prepubertal, non - cd children of the same age ( n = 50 ). children were included in the study if they had a diagnosis of cd by intestinal biopsy, and were not on a gluten - free diet ( gfd ). patients were excluded if they had diseases of calcium or vitamin d metabolism, or were receiving calcium or vitamin d supplementation or had other autoimmune diseases. all subjects had their serum 25 - hydroxyvitamin d [ 25 ( oh ) d ] level measured.","No

Justification: The context does not mention Crohn's disease. It only discusses celiac disease (CD).",0.3333
fixed_dense,fixed,dense,mistral,Is Chaalia/Pan Masala harmful for health?,yes,yes,1,1,success,"to determine the practices and knowledge of harmful effects regarding use of chaalia and pan masala in three schools of mahmoodabad and chanesar goth, jamshed town, karachi, pakistan. to achieve the objective a cross - sectional design was used in three government schools of mahmoodabad and chanesar goth, jamshed town, karachi. students of either gender drawn from these schools fulfilling the inclusion and exclusion criteria were interviewed using a pre - coded structured questionnaire. along with demographic data, questions regarding frequency of chaalia and pan masala use, practices of this habit in friends and family and place of procurement of these substances, were inquired. knowledge was assessed about harmful effects and its source of information. in addition, practices in relation to that knowledge were assessed. 90 of 100 investigated pterygia proved suitable for hpv analysis by pcr. as beta - globin could not be amplified, 10 specimens were excluded from the study. 4 of 90 pterygia harboured hpv. hpv type 6 was identified in all four hpv - positive pterygia. the 20 normal conjunctival biopsy specimens were beta - globin positive and hpv negative. all four pterygia that were hpv type 6 positive were dna ish negative. ##3epsilon in the absence of antigen - presenting cells is present at higher concentrations than that required to suppress responses to mihc or mhc. chloroquine appears to induce decreased t - cell viability at high concentrations. this effect does not appear to be due to decreased t - cell production of interleukin - 2 or interferon - gamma. at lower concentrations ( < 25 microg / ml ), chloroquine can also decrease the ability of antigen - presenting cells to stimulate an a c57bl / 6 anti - balb / c t - cell response and can inhibit mhc class ii expression after activation with lipopolysaccharide. all the subunits of ampk that we studied were identified in all brain areas that were dissected but with some differences in their level of expression among structures. metformin and aicar both reduced ( p < 0. 001 and p < 0. 01 respectively ) the amplitude of the circadian rhythm of melatonin secretion independently of insulin secretion. the i. c. v. injection of aicar only tended ( p = 0. 1 ) to increase the levels of phosphorylated ampk in the paraventricular nucleus but significantly increased the levels of phosphorylated acc in the paraventricular nucleus ( p < 0. 001 ) and in the pineal gland ( p < 0. 05 ).","Yes

Justification: The context mentions that the knowledge about harmful effects of chaalia and pan masala was assessed among students, indicating that there are known harmful effects associated with these substances.",0.6000
fixed_dense,fixed,dense,mistral,Does multi-modal cervical physical therapy improve tinnitus in patients with cervicogenic somatic tinnitus?,yes,maybe,0,1,generation_failure,"to investigate the effect of a multimodal cervical physical therapy treatment on tinnitus complaints in patients with cst. tinnitus can be related to many different aetiologies such as hearing loss or a noise trauma, but it can also be related to the somatosensory system of the cervical spine, called cervicogenic somatic tinnitus ( cst ). case studies suggest a positive effect of cervical spine treatment on tinnitus complaints in patients with cst, but no experimental studies are available. patients with a combination of severe subjective tinnitus ( tinnitus functional index ( tfi ) : 25 - 90 points ) and neck complaints ( neck bournemouth questionnaire ( nbq ) > 14 points ). to investigate the effectiveness of acupuncture in treating phonotraumatic vocal fold lesions. study design / a total of 123 dysphonic individuals with benign vocal pathologies were recruited. they were given either genuine acupuncture ( n = 40 ), sham acupuncture ( n = 44 ), or no treatment ( n = 39 ) for 6 weeks ( two 30 - minute sessions / wk ). the genuine acupuncture group received needles puncturing nine voice - related acupoints for 30 minutes, two times a week for 6 weeks, whereas the sham acupuncture group received blunted needles stimulating the skin surface of the nine acupoints for the same frequency and duration. the no - treatment group did not receive any intervention but attended just the assessment sessions. one - hundred seventeen subjects completed the study ( genuine acupuncture = 40 ; sham acupuncture = 43 ; and no treatment = 34 ), but only 84 of them had a complete set of vocal functions and quality of life measures ( genuine acupuncture = 29 ; sham acupuncture = 33 ; and no - treatment = 22 ) and 42 of them with a complete set of endoscopic data ( genuine acupuncture = 16 ; sham acupuncture = 15 ; and no treatment = 11 ).","Maybe

Justification: The context mentions that case studies suggest a positive effect of cervical spine treatment on tinnitus complaints in patients with cervicogenic somatic tinnitus (cst), but no experimental",0.8000
fixed_dense,fixed,dense,mistral,Detailed analysis of sputum and systemic inflammation in asthma phenotypes: are paucigranulocytic asthmatics really non-inflammatory?,maybe,no,0,1,generation_failure,"the technique of induced sputum has allowed to subdivide asthma patients into inflammatory phenotypes according to their level of granulocyte airway infiltration. there are very few studies which looked at detailed sputum and blood cell counts in a large cohort of asthmatics divided into inflammatory phenotypes. the purpose of this study was to analyze sputum cell counts, blood leukocytes and systemic inflammatory markers in these phenotypes, and investigate how those groups compared with healthy subjects. ##ymphocyte counts than healthy subjects ( p < 0. 005 ), while neutrophilic asthmatics had a particularly low number of sputum macrophages and epithelial cells. all asthma phenotypes showed an increased blood leukocyte count compared to healthy subjects ( p < 0. 005 ), with paucigranulocytic asthmatics having also increased absolute blood eosinophils compared to healthy subjects ( p < 0. 005 ). neutrophilic asthma had raised crp and fibrinogen while eosinophilic asthma only showed raised fibrinogen compared to healthy subjects ( p < 0. 005 ). the total non - squamous cell count per gram of sputum was greater in mixed granulocytic and neutrophilic phenotypes as compared to eosinophilic, paucigranulocytic asthma and healthy subjects ( p < 0. 005 ). sputum eosinophils ( in absolute values and percentages ) were increased in all asthma phenotypes including paucigranulocytic asthma, compared to healthy subjects ( p < 0. 005 ). eosinophilic asthma showed higher absolute sputum neutrophil and lymphocyte counts than healthy subjects ( p < 0. 005 ), while neutrophilic asthmatics had a particularly low number of sputum macrophages and epithelial cells. all asthma phenotypes showed an increased blood leukocyte count compared to healthy subjects ( p < 0. 005 ), with paucigranulocytic asthmatics having also increased absolute blood eosinophils compared to healthy subjects ( p < 0. 005 ). neutrophilic asthma had raised crp and fibrinogen while eosinophilic asthma only showed we conducted a retrospective cross - sectional study on 833 asthmatics recruited from the university asthma clinic of liege and compared them with 194 healthy subjects. asthmatics were classified into inflammatory phenotypes. primary eosinophilic esophagitis, a chronic inflammatory disorder of the esophagus, evokes recurrent dysphagia. endoscopy is often unremarkable, and no consensus exists regarding management of resultant dysphagia. the response of a series of patients with primary eosinophilic esophagitis to dilation is reported together with a description of a possibly pathognomonic sign : fragile esophageal mucosa, for which the term "" crepe - paper "" mucosa is introduced.","No, paucigranulocytic asthmatics are not non-inflammatory.

Justification: The provided context states that paucigranulocytic asthmatics have increased absolute blood e",0.6154
fixed_dense,fixed,dense,mistral,Is HIV/STD control in Jamaica making a difference?,yes,maybe,0,1,generation_failure,"to assess the impact of the comprehensive hiv / std control program established in jamaica since the late 1980s on the hiv / aids epidemic. the annual aids incidence rate in jamaica increased only marginally in the past three years from 18. 5 per 100000 population to 21. 4 in 1997. hiv prevalence in the general population groups tested has been about 1 % or less. among those at high risk, hiv prevalence rates have risen to 6. 3 % ( 95 % confidence interval 5. 0 - 8. 0 ) in std clinic attenders, around 10 % and 21 % in female prostitutes in kingston and montego bay respectively and approximately 30 % among homosexuals. syphilis rates and congenital syphilis cases have declined. the proportion of men aged 15 - 49 years reporting sex with a non - regular partner declined from 35 % in 1994 to 26 % in 1996 ( p < 0. 001 ). women ever having used condoms increased from 51 % in 1988 to 62. 5 % in 1992 and 73 % in 1994 and 1996 ( p < 0. 001 ), while condom use with a non - regular partner increased from 37 % in 1992 to 73 % in 1996 ( p = 0. 006 ). condom use among men was high over the period : around 81 % had ever used condoms and 77 % used them with non - regular partners. gay men, inner - city adults and adolescents aged the use of a balloon expandable stent valve includes balloon predilatation of the aortic stenosis before valve deployment. the aim of the study was to see whether or not balloon predilatation is necessary in transcatheter aortic valve replacement ( tavi ). a case of spinal subdural hematoma ( ssdh ) following subarachnoid hemorrhage ( sah ) because of a ruptured internal carotid aneurysm is described. such a case has never been reported. in primary and secondary prevention trials, statins have been shown to reduce the risk of stroke. in addition to lipid lowering, statins have a number of antiatherothrombotic and neuroprotective properties. in a preliminary observational study, we explored whether clinical outcome is improved in patients who are on treatment with statins when stroke occurs.","Maybe

Justification: The HIV prevalence in the general population groups tested has been about 1% or less, but among those at high risk, HIV prevalence rates have risen. This suggests that the program may be having some effect",0.7500
fixed_dense,fixed,dense,mistral,Is Panton-Valentine leucocidin associated with the pathogenesis of Staphylococcus aureus bacteraemia in the UK?,maybe,maybe,1,1,success,"the morbidity and mortality associated with panton - valentine leucocidin ( pvl ) - positive staphylococcus aureus suggest that this toxin is a key marker of disease severity. nevertheless, the importance of pvl in the pathogenesis of primary bacteraemia caused by s. aureus is uncertain. we have determined the prevalence of pvl - encoding genes among isolates of s. aureus from bacteraemic patients. consecutive bacteraemia isolates of s. aureus ( n = 244 ) from patients hospitalized in 25 centres in the uk and ireland during 2005 were screened for pvl and meca genes. pvl - positive isolates were characterized by toxin gene profiling, pfge, spa - typing and mic determinations for a range of antimicrobials. the present study aims to compare strength, healing, and operation time of experimental intestinal anastomoses performed by polyglactin 910 ( vicryl ; ethicon, edinburgh, united kingdom ) sutures with ethyl - 2 - cyanoacrylate glue ( pattex ; henkel, dusseldorf, germany ). to understand the effect of past group a streptococcal infection on ms, antistreptolysin o ( aso ) and antideoxyribonuclease b ( adnase b ) were measured in 21 patients with relapsing - remitting ms and 21 healthy blood donors by nephelometric assay. all three adducts were elevated in uremic plasma. plasma cml levels were mainly ( > 95 % ) albumin bound. their levels were not correlated with fructoselysine levels and were similar in diabetic and non - diabetic patients on hemodialysis, indicating that their increase was not driven by glucose. pentosidine and mda - lysine were also increased in plasma to the same extent in diabetic and non - diabetic hemodialysis patients. statistical analysis indicated that plasma levels of cml correlated weakly ( p < 0. 05 ) with those of pentosidine and mda - lysine, but that pentosidine and mda - lysine varied independently ( p > 0. 5 ).","Maybe

Justification: The study in the context determined the prevalence of Panton-Valentine leucocidin (PVL) among isolates of Staphylococcus aureus from bacteraemic patients",0.8235
fixed_dense,fixed,dense,mistral,Are even impaired fasting blood glucose levels preoperatively associated with increased mortality after CABG surgery?,yes,yes,1,1,success,"impaired fasting glucose ( ifg ) below the diagnostic threshold for diabetes mellitus ( dm ) is associated with macrovascular pathology and increased mortality after percutaneous coronary interventions. the study goal was to determine whether pre - operative fasting blood glucose ( fb - glu ) is associated with an increased mortality after coronary artery bypass grafting ( cabg ). several studies have shown associations between hyperglycemia and risk of cardiovascular disease ( cvd ) and mortality, yet glucose - lowering treatment does little to mitigate this risk. we examined whether associations between hyperglycemia and cvd risk were explained by underlying insulin resistance. , severe hypoglycaemia was associated with a greater risk for the primary outcome ( hr : 1. 58 ; 95 % ci : 1. 24 - 2. 02, p < 0. 001 ), mortality ( hr : 1. 74 ; 95 % ci : 1. 39 - 2. 19, p < 0. 001 ), cv death ( hr : 1. 71 ; 95 % ci : 1. 27 - 2. 30, p < 0. 001 ) and arrhythmic death ( hr : 1. 77 ; 95 % ci : 1. 17 - 2. 67, p = 0. 007 ). similar findings were noted for severe nocturnal hypoglycaemia for the primary outcome and mortality. the severe hypoglycaemia hazard for all four outcomes was higher with standard care than with insulin glargine. the case records of patients consecutively undergoing cab were reviewed. patients were stratified retrospectively into high - or low - risk groups according to risk factors for significant carotid stenosis and perioperative stroke : peripheral vascular disease ( pvd ), carotid bruit, diabetes mellitus, age > 70 years and / or history of cerebrovascular disease. prevalence of carotid stenosis detected by ultrasonography, surgical management and perioperative stroke rates were determined in each group. we retrospectively examined the records of 154 adult patients who underwent major foregut surgery which included esophagectomy, partial or total gastrectomy, redo heller myotomy, redo or transthoracic fundoplications. univariate and multivariate logistic regression analysis with standard modeling techniques were performed to determine risk factors for new - onset atrial fibrillation.","Yes

Justification: The context mentions that impaired fasting glucose (IFG) is associated with macrovascular pathology and increased mortality after percutaneous coronary interventions ([1]). Although the specific study",0.7143
fixed_dense,fixed,dense,mistral,Does positron emission tomography change management in primary rectal cancer?,yes,maybe,0,1,generation_failure,"the influence of positron emission tomography in the management of recurrent rectal cancer is well established but its role in primary rectal cancer remains uncertain. this study therefore prospectively assesses the impact of position emission tomography scanning on the management of primary rectal cancer. compared with computed tomography ( ct ) and magnetic resonance imaging ( mri ), positron emission tomography ( pet ) may have additional value in the assessment of primary and recurrent cervical cancer. however, the degree of tumour uptake of ( 18 ) f - 2 - fluoro - 2 - deoxy - d : - glucose ( fdg ) uptake is sometimes influenced by diabetes mellitus ( dm ). therefore, we conducted this prospective study to compare the diagnostic ability of fdg - pet in patients with cervical cancer complicated by dm and those without dm. forty - six patients with advanced primary rectal cancer referred for consideration of adjuvant preoperative therapy underwent position emission tomography scanning. the referring physicians prospectively recorded each patient ' s stage following conventional imaging and the proposed treatment plan prior to position emission tomography scanning. this was then compared with subsequent stage and actual management implemented, and the appropriateness of position emission tomography - induced changes was noted by subsequent clinical follow - up. this study examined the impact of radiotherapy for the primary rectal cancer on outcomes after pelvic exenteration for local recurrence. to assess the outcomes of patients with nasopharyngeal carcinoma ( npc ) whose treatment was determined by computerized tomography ( ct ) and / or magnetic resonance imaging staging and to analyze the impact of induction chemotherapy and accelerated fractionated radiotherapy.","Maybe

Justification: The study prospectively assesses the impact of position emission tomography scanning on the management of primary rectal cancer (context [3]). However, the text does not provide conclusive evidence on whether the changes induced by",0.6000
fixed_dense,fixed,dense,mistral,Can you deliver accurate tidal volume by manual resuscitator?,no,maybe,0,1,generation_failure,"one of the problems with manual resuscitators is the difficulty in achieving accurate volume delivery. the volume delivered to the patient varies by the physical characteristics of the person and method. this study was designed to compare tidal volumes delivered by the squeezing method, physical characteristics and education and practice levels. 114 individuals trained in basic life support and bag - valve - mask ventilation participated in this study. individual characteristics were obtained by the observer and the education and practice level were described by the subjects. ventilation was delivered with a manual resuscitator connected to a microspirometer and volumes were measured. subjects completed three procedures : one - handed, two - handed and two - handed half - compression. the mean ( standard deviation ) volumes for the one - handed method were 592. 84 ml ( sd 117. 39 ), two - handed 644. 24 ml ( sd 144. 7 ) and two - handed half - compression 458. 31 ml ( sd 120. 91 ) ( p < 0. 01 ). tidal volume delivered by two hands was significantly greater than that delivered by one hand ( r = 0. 398, p < 0. 01 ). the physical aspects including hand size, volume and grip power had no correlation with the volume delivered. there were slight increases in tidal volume with education and practice, but correlation was weak ( r = 0. 213, r = 0. 281, r = 0. 131, p < 0. 01 ). an instruction manual of four illustrations with speech bubbles displaying the correct use of the lmas was designed. laypersons were handed a bag containing a lmas, a bag mask valve device ( bmv ), a syringe prefilled with air and the instruction sheet, and were asked to perform and ventilate the manikin as displayed. time to ventilation was recorded and degree of success evaluated. bystander resuscitation plays an important role in lifesaving cardiopulmonary resuscitation ( cpr ). a significant reduction in the "" no - flow - time "", quantitatively better chest compressions and an improved quality of ventilation can be demonstrated during cpr using supraglottic airway devices ( sads ). previous studies have demonstrated the ability of inexperienced persons to operate sads after brief instruction. the aim of this pilot study was to determine whether an instruction manual consisting of four diagrams enables laypersons to operate a laryngeal mask supreme® ( lmas ) in the manikin.","Maybe

Justification: The study shows that the volume delivered by manual resuscitator can vary, with two-handed method delivering significantly greater volume than one-handed method (p < 0.01). However, the study also",0.6957
fixed_dense,fixed,dense,mistral,Can increases in the cigarette tax rate be linked to cigarette retail prices?,no,maybe,0,1,generation_failure,"to explain china ' s cigarette pricing mechanism and the role of the chinese state tobacco monopoly administration ( stma ) on cigarette pricing and taxation. published government tobacco tax documentation and statistics published by the chinese stma are used to analyse the interrelations among industry profits, taxes and retail price of cigarettes in china. the 2009 excise tax increase on cigarettes in china has not translated into higher retail prices because the chinese stma used its policy authority to ensure that retail cigarette prices did not change. the government tax increase is being collected at both the producer and wholesale levels. as a result, the 2009 excise tax increase in china has resulted in higher tax revenue for the government and lower profits for the tobacco industry, with no increase in the retail price of cigarettes for consumers. to investigate the cost - effectiveness of up to £400 worth of financial incentives for smoking cessation in pregnancy as an adjunct to routine health care. forty - four percent of smokers in our sample had airways obstruction ( ao ). of these, 36 % reported a diagnosis of or treatment for copd. odds ratio ( 95 % ci ) for ao with smoking ( > or = 20 pack - years ) was 3. 73 ( 3. 12 - 4. 45 ), 1. 98 ( 1. 73 - 2. 27 ) for cough, 1. 79 ( 1. 55 - 2. 08 ) for dyspnea, 1. 95 ( 1. 70 - 2. 34 ) for sputum, and 2. 59 ( 2. 26 - 2. 97 ) for wheeze. respiratory symptoms were reported by 92 % of smokers with ao, 86 % smokers with restriction, 76 % smokers with normal spirometry, and 73 % of nonsmokers. sensitivity ( 92 % vs 90 % ), specificity ( 19 % vs 22 % ), positive ( 47 % vs 40 % ) and negative ( 75 % vs 80 % ) predictive values for the presence of one or more symptoms were similar between smokers and all subjects.","Maybe

Justification: The context mentions that the 2009 excise tax increase on cigarettes in China did not translate into higher retail prices, but it does not provide information about whether increases in the cigarette tax rate are always",0.4800
fixed_dense,fixed,dense,mistral,Vertical lines in distal esophageal mucosa (VLEM): a true endoscopic manifestation of esophagitis in children?,yes,yes,1,1,success,"we observed an endoscopic abnormally in a group of children with histological esophagitis. we termed this finding "" vertical lines in esophageal mucosa "" ( vlem ). we examined the relationship between the presence of vlem and significant histologic changes in esophageal mucosal biopsies. primary eosinophilic esophagitis, a chronic inflammatory disorder of the esophagus, evokes recurrent dysphagia. endoscopy is often unremarkable, and no consensus exists regarding management of resultant dysphagia. the response of a series of patients with primary eosinophilic esophagitis to dilation is reported together with a description of a possibly pathognomonic sign : fragile esophageal mucosa, for which the term "" crepe - paper "" mucosa is introduced. the esophageal mucosa had a normal appearance on 160 endoscopic studies ( group 1 ) and vlem were the only mucosal abnormalities in 41 endoscopies ( group 2 ). histology was normal in 92 of 160 biopsies ( 57. 5 % ) from group 1, and 1 of 41 biopsies ( 2. 4 % ) from group 2. most patients in group 2 had eosinophilic esophagitis ( 34 of 41, 83 %, specificity 0. 85, sensitivity 0. 5, p > 0. 001 ) which was of moderate to severe intensity ( 31 of 34, 91. 2 %, specificity 0. 88, sensitivity 0. 73, p < 0. 001 ). celiac disease ( cd ) is an autoimmune enteropathy characterized by villus atrophy and malabsorption of essential nutrients. vitamin d deficiency has been described in autoimmune diseases, but its status in prepubertal children with cd has not been adequately studied. a total of 104 patients with choledocholithiasis - induced acute cholangitis who underwent primary endoscopic treatment were compared according to insertion of an enbd tube ( 51 in the enbd group and 53 in the no - enbd group ).","Yes

Justification: The study in the context shows that the presence of vertical lines in esophageal mucosa (VLEM) is associated with significant histologic changes in esophageal mucosal biops",0.5882
fixed_dense,fixed,dense,mistral,Does hypoglycaemia increase the risk of cardiovascular events?,yes,yes,1,1,success,"several studies have shown associations between hyperglycemia and risk of cardiovascular disease ( cvd ) and mortality, yet glucose - lowering treatment does little to mitigate this risk. we examined whether associations between hyperglycemia and cvd risk were explained by underlying insulin resistance. hypoglycaemia caused by glucose - lowering therapy has been linked to cardiovascular ( cv ) events. the origin trial provides an opportunity to further assess this relationship. a total of 12 537 participants with dysglycaemia and high cv - risk were randomized to basal insulin glargine titrated to a fasting glucose of ≤ 5. 3 mmol / l ( 95 mg / dl ) or standard glycaemic care. non - severe hypoglycaemia was defined as symptoms confirmed by glucose ≤ 54 mg / dl and severe hypoglycaemia as a requirement for assistance or glucose ≤ 36 mg / dl. outcomes were : ( i ) the composite of cv death, non - fatal myocardial infarction or stroke ; ( ii ) mortality ; ( iii ) cv mortality ; and ( iv ) arrhythmic death. hazards were estimated before and after adjustment for a hypoglycaemia propensity score. during a median of 6. 2 years ( iqr : 5. 8 - 6. 7 ), non - severe hypoglycaemic episodes occurred in 41. 7 and 14. 4 % glargine and standard group participants, respectively, while severe episodes occurred in 5. 7 and 1. 8 %, respectively. non - severe hypoglycaemia was not associated with any outcome following adjustment. conversely impaired fasting glucose ( ifg ) below the diagnostic threshold for diabetes mellitus ( dm ) is associated with macrovascular pathology and increased mortality after percutaneous coronary interventions. the study goal was to determine whether pre - operative fasting blood glucose ( fb - glu ) is associated with an increased mortality after coronary artery bypass grafting ( cabg ). ) mortality ; ( iii ) cv mortality ; and ( iv ) arrhythmic death. hazards were estimated before and after adjustment for a hypoglycaemia propensity score. during a median of 6. 2 years ( iqr : 5. 8 - 6. 7 ), non - severe hypoglycaemic episodes occurred in 41. 7 and 14. 4 % glargine and standard group participants, respectively, while severe episodes occurred in 5. 7 and 1. 8 %, respectively. non - severe hypoglycaemia was not associated with any outcome following adjustment. conversely, severe hypoglycaemia was associated with a greater risk for the primary outcome ( hr : 1. 58 ; 95 % ci : 1. 24 - 2. 02, p < 0. 001 ), mortality ( hr : 1. 74 ; 95 % ci : 1. 39 - 2. 19, p < 0. 001 ), cv death ( hr : 1. 71 ; 95 % ci : 1. 27 - 2. 30, p < 0. 001 ) and arrhythmic death ( hr : 1. 77 ; 95 % ci : 1. 17 - 2. 67, p = 0.","Yes

Justification: The study shows that severe hypoglycaemia was associated with a greater risk for cardiovascular events (HR: 1.58; 95% CI: 1.24-",0.8235
fixed_dense,fixed,dense,mistral,Does the radiographic transition zone correlate with the level of aganglionosis on the specimen in Hirschsprung's disease?,no,maybe,0,1,generation_failure,"the correlation between radiographic transition zone on contrast enema in hirschsprung ' s disease and the total length of aganglionosis is known to be inaccurate. the aim of our study was to analyse this correlation more precisely to improve preoperative planning of the corrective surgery. from 1998 to 2009, 79 patients were operated on for hirschsprung ' s disease. all available preoperative contrast enemas ( n = 61 ) had been single blind reviewed by the same radiologist who defined the radiographic transition zone when present in vertebral level. four groups were determined ( rectal, rectosigmoid, long segment, and absence of transition zone ) and by kappa coefficient of agreement correlated to the length of aganglionosis in the pathological report. the transanal endorectal pull - through ( terpt ) is becoming the most popular procedure in the treatment of hirschsprung disease ( hd ), but overstretching of the anal sphincters remains a critical issue that may impact the continence. this study examined the long - term outcome of terpt versus conventional transabdominal ( abd ) pull - through for hd. a comparative, retrospective study was conducted of patients undergoing ureteroscopy from january 2000 to may 2008. for data analysis purposes, the population was divided into two groups based on whether ureteroscopy had been performed with ( group 1 ) or without ( group 2 ) ureteral meatus dilatation. variables recorded included age, sex, type of procedure, surgical diagnosis, passive or active dilatation, number of stones, stone location, stone diameter, peroperative and postoperative complications, internal urinary diversion after the procedure, therapeutic success rate, operating time, and hospital stay duration. a 8 - 9. 8 fr wolf semirigid ureteroscope was used. descriptive statistics of the population and cohorts were performed, providing medians, quartiles, and limit values for non - normally distributed interval variables, and absolute and relative frequencies for categorical variables. shapiro - wilk ' s, mann - whitney ' s u, chi - square, and fisher ' s exact tests were used for statistical analysis. a value of p 2 alpha < or = 0. 005 was considered statistically significant. arcus quickstat biomedical 1. 0 software was used. medical records of 220 patients hospitalized for acute diverticulitis between june 1, 2002 and september 1, 2009 were reviewed. acute diverticulitis was diagnosed by clinical criteria and characteristic ct findings. fifteen patients were excluded either because of questionable ct or hematochezia. mean age was 61. 8±14. 3 years ( 61 % females ). clinical parameters, laboratory results, imaging, endoscopic and histopathological reports, and long - term patients ' outcome were analyzed.","Maybe

Justification: The study aims to analyze the correlation between the radiographic transition zone and the total length of aganglionosis, but the specific correlation is not directly stated in the provided context. The correlation is analyzed using the k",0.4762
fixed_dense,fixed,dense,mistral,Is dexamethasone an effective alternative to oral prednisone in the treatment of pediatric asthma exacerbations?,yes,yes,1,1,success,"a medline search was conducted on the use of dexamethasone in the treatment of asthma exacerbations in children. the studies selected were clinical trials comparing the efficacy of dexamethasone with prednisone. meta - analysis was performed examining physician revisitation rates and symptomatic return to baseline. a short course of systemic corticosteroids is an important therapy in the treatment of pediatric asthma exacerbations. although a 5 - day course of oral prednisone or prednisolone has become the most commonly used regimen, dexamethasone has also been used for a shorter duration ( 1 - 2 days ) with potential for improvement in compliance and palatability. we reviewed the literature to determine if there is sufficient evidence that dexamethasone can be used as an effective alternative in the treatment of pediatric asthma exacerbations in the inpatient setting. six completed pediatric clinical trials met the inclusion criteria. all of the pediatric trials found that prednisone is not superior to dexamethasone in treating mild to moderate asthma exacerbations. meta - analysis demonstrated homogeneity between the dexamethasone and prednisone groups when examining symptomatic return to baseline and unplanned physician revisits after the initial emergency department encounter. some studies found potential additional benefits of dexamethasone, including improved compliance and less vomiting. breathlessness is one of the most distressing symptoms experienced by patients with advanced cancer and noncancer diagnoses alike. often, severity of breathlessness increases quickly, calling for rapid symptom control. oral, buccal, and parenteral routes of provider - controlled drug administration have been described. it is unclear whether patient - controlled therapy ( pct ) systems would be an additional treatment option. to investigate whether intravenous opioid pct can be an effective therapeutic method to reduce breathlessness in patients with advanced disease. secondary aims were to study the feasibility and acceptance of opioid pct in patients with refractory breathlessness.","Yes

Justification: The meta-analysis demonstrated homogeneity between the dexamethasone and prednisone groups when examining symptomatic return to baseline and unplanned physician revisits after the initial emergency department encounter",0.9130
fixed_dense,fixed,dense,mistral,Mammographic screening in Sami speaking municipalities and a control group. Are early outcome measures influenced by ethnicity?,yes,yes,1,1,success,"female citizens of sami ( the indigenous people of norway ) municipalities in northern norway have a low risk of breast cancer. the objective of this study was to describe the attendance rate and outcome of the norwegian breast cancer screening program ( nbcsp ) in the sami - speaking municipalities and a control group. the attendance rate in the nbcsp was 78 % in the sami and 75 % in the non - sami population ( p < 0. 01 ). the recall rates were 2. 4 and 3. 3 % in the sami and non - sami population, respectively ( p < 0. 01 ). the rate of invasive screen detected cancer was not significantly lower in the sami group ( p = 0. 14 ). the percentage of all breast cancers detected in the nbcsp among the sami ( 67 % ) was lower compared with the non - sami population ( 86 %, p = 0. 06 ). the 8 municipalities included in the administration area of the sami language law ( sami ) were matched with a control group of 11 municipalities ( non - sami ). population data were accessed from statistics norway. data regarding invitations and outcome in the nbcsp during the period 2001 - 2010 was derived from the cancer registry of norway ( crn ). the nbcsp targets women aged 50 - 69 years. rates and percentages were compared using chi - square test with a p - value < 0. 05 as statistical significant. extracranial internal carotid artery stenosis is a risk factor for perioperative stroke in patients undergoing coronary artery bypass surgery ( cab ). although selective and non - selective methods of preoperative carotid screening have been advocated, it remains unclear if this screening is clinically relevant. aim : to test whether selective carotid screening is as effective as non - selective screening in detecting significant carotid disease. it is uncertain whether the inverse equity hypothesis - the idea that new health interventions are initially primarily accessed by the rich, but that inequalities narrow with diffusion to the poor - holds true for cancer screening in low and middle income countries ( lmics ). this study examines the relationship between overall coverage and economic inequalities in coverage of cancer screening in four middle - income countries.","Yes

Justification: The attendance rate and recall rates were significantly different between the Sami and non-Sami population (p < 0.01).",0.8000
fixed_dense,fixed,dense,mistral,Do Electrochemiluminescence Assays Improve Prediction of Time to Type 1 Diabetes in Autoantibody-Positive TrialNet Subjects?,yes,yes,1,1,success,"to explore whether electrochemiluminescence ( ecl ) assays can help improve prediction of time to type 1 diabetes in the trialnet autoantibody - positive population. univariate analyses showed that autoantibodies by radioimmunoassays ( rias ), ecl - iaa, ecl - gada, age, sex, number of positive autoantibodies, presence of hla dr3 / 4 - dq8 genotype, hba1c, and oral glucose tolerance test ( ogtt ) measurements were all significantly associated with progression to diabetes. subjects who were ecl positive had a risk of progression to diabetes within 6 years of 58 % compared with 5 % for the ecl - negative subjects ( p < 0. 0001 ). multivariate cox proportional hazards models were compared, with the base model including age, sex, ogtt measurements, and number of positive autoantibodies by rias. the model with positivity for ecl - gada and / or ecl - iaa was the best, and factors that remained significantly associated with time to diabetes were area under the curve ( auc ) c - peptide, fasting c - peptide, auc glucose, number of positive autoantibodies by rias, and ecl positivity. adding ecl to the diabetes prevention trial risk score ( dptrs ) improved the receiver operating characteristic curves with au trialnet subjects who were positive for one or more autoantibodies ( microinsulin autoantibody, gad65 autoantibody [ gada ], ia - 2a, and znt8a ) with available ecl - insulin autoantibody ( iaa ) and ecl - gada data at their initial visit were analyzed ; after a median follow - up of 24 months, 177 of these 1, 287 subjects developed diabetes. hazards models were compared, with the base model including age, sex, ogtt measurements, and number of positive autoantibodies by rias. the model with positivity for ecl - gada and / or ecl - iaa was the best, and factors that remained significantly associated with time to diabetes were area under the curve ( auc ) c - peptide, fasting c - peptide, auc glucose, number of positive autoantibodies by rias, and ecl positivity. adding ecl to the diabetes prevention trial risk score ( dptrs ) improved the receiver operating characteristic curves with auc of 0. 83 ( p < 0. 0001 ). several studies have shown associations between hyperglycemia and risk of cardiovascular disease ( cvd ) and mortality, yet glucose - lowering treatment does little to mitigate this risk. we examined whether associations between hyperglycemia and cvd risk were explained by underlying insulin resistance.","Yes

Justification: The text states that ""factors that remained significantly associated with time to diabetes were area under the curve ( auc ) c - peptide, fasting c - peptide, auc glucose,",0.7778
fixed_dense,fixed,dense,mistral,Assessment of appropriate antimicrobial prescribing: do experts agree?,yes,yes,1,1,success,"little is known about the validity and reliability of expert assessments of the quality of antimicrobial prescribing, despite their importance in antimicrobial stewardship. we investigated how infectious disease doctors ' assessments compared with a reference standard ( modal expert opinion ) and with the assessments of their colleagues. twenty - four doctors specialized in infectious diseases or clinical microbiology ( 16 specialists and 8 residents ) from five hospitals were asked to assess the appropriateness of antimicrobial agents prescribed for a broad spectrum of indications in 56 paper cases. they were instructed how to handle guideline applicability and deviations. we created a reference standard of antimicrobial appropriateness using the modal assessment of 16 specialists. we calculated criterion validity and interrater and intrarater overall and specific agreement with an index expert ( senior infectious disease physician ) and analysed the influence of doctor characteristics on validity. specialists agreed with the reference standard in 80 % of cases ( range 75 % - 86 % ), with a sensitivity and specificity of 75 % and 84 %, respectively. this did not differ by clinical specialty, hospital or years of experience, and residents had similar results. specialists agreed with the index expert in 76 % of cases and the index expert agreed with his previous assessments in 71 % of cases. consecutive bacteraemia isolates of s. aureus ( n = 244 ) from patients hospitalized in 25 centres in the uk and ireland during 2005 were screened for pvl and meca genes. pvl - positive isolates were characterized by toxin gene profiling, pfge, spa - typing and mic determinations for a range of antimicrobials. a total of 124 ( 82. 7 % ) culture - positive patients and 35 ( 23. 3 % ) culture - negative patients started anti - tuberculosis treatment prior to receiving their culture results ; 101 patients ( 33. 7 % ) returned for their results ; two ( 1. 3 % ) initiated treatment based on positive culture and no culture - negative patients discontinued treatment. dst was performed on 119 ( 79. 3 % ) positive cultures : 30 ( 25. 2 % ) showed any resistance, eight ( 6. 7 % ) showed multidrug resistance and one ( 0. 84 % ) showed extensively drug - resistant tb. twenty - eight patients ( 23. 5 % ) returned for their dst results. based on dst, treatment was modified in four patients ( 3. 4 % ).","Yes

Justification: Specialists agreed with the reference standard in 80% of cases (line 3).",0.7000
fixed_dense,fixed,dense,mistral,Is there a favorable subset of patients with prostate cancer who develop oligometastases?,yes,yes,1,1,success,"to analyze, retrospectively, the patterns and behavior of metastatic lesions in prostate cancer patients treated with external beam radiotherapy and to investigate whether patients with < or = 5 lesions had an improved outcome relative to patients with > 5 lesions. with vertebral metastases. with regard to the metastatic number, patients with < or = 5 metastatic lesions had superior survival rates relative to those with > 5 lesions ( 73 % and 36 % at 5 and 10 years vs. 45 % and 18 % at 5 and 10 years, respectively ; p = 0. 02 ). in addition, both the metastasis - free survival rate and the interval measured from the date of the initial diagnosis of prostate cancer to the development of bone metastasis were statistically superior for patients with < or = 5 lesions compared with patients with > 5 lesions ( p = 0. 01 and 0. 02, respectively ). however, the survival rate and the interval from the date of diagnosis of bone metastasis to the time of death for patients in both groups were not significantly different, statistically ( p = 0. 17 and 0. 27, respectively ). few studies have assessed whether the advantage chemotherapy has been shown to have in treating advanced non - small lung carcinoma in clinical trials is transferrable to normal health care activity. this could explain the skepticism of a large number of pneumologists towards this treatment. the objective of our study was to analyze prognostic factors related to survival and to see whether cytostatic treatment was an independent predictor. to examine the ability of various postoperative nomograms to predict prostate cancer - specific mortality ( pcsm ) and to validate that they could predict aggressive biochemical recurrence ( bcr ). prostate - specific antigen ( psa ), grade, and stage are the classic triad used to predict bcr after radical prostatectomy ( rp ). multiple nomograms use these to predict risk of bcr. a previous study showed that several nomograms could predict aggressive bcr ( prostate - specific antigen doubling time [ psadt ] < 9 months ) more accurately than bcr. however, it remains unknown if they can predict more definitive endpoints, such as pcsm. examine whether patients with prostate cancer choose the more aggressive of two radiotherapeutic options, whether this choice is reasoned, and what the determinants of the choice are.","Yes

Justification: Patients with ≤ 5 metastatic lesions had superior survival rates compared to those with > 5 lesions (73% and 36% at 5 and 10 years vs.",0.8824
fixed_dense,fixed,dense,mistral,Cycloplegic autorefraction in young adults: is it mandatory?,maybe,maybe,1,1,success,"the precise correction of refractive error is especially important in young adults. it is unclear whether cycloplegic refraction is necessary in this age group. the purpose of this study was to compare the non - cycloplegic and cycloplegic spherical equivalent ( se ) refractive error measured in young adults. this was a prospective study of 1400 eyes ( n = 700 ) of enlisted soldiers aged 18 to 21 years who were consecutively evaluated in an outpatient army ophthalmology clinic. one drop of cyclopentolate 1 % was installed twice 10 min apart, and cycloplegic refraction was performed in both eyes 40 min later using an auto - refractor. the difference between non - cycloplegic and cycloplegic refractive measurements was analyzed. the mean difference in se between non - cycloplegic and cycloplegic measurements was 0. 68 ± 0. 83 d ( 95 % ci, 0. 64 - 0. 72 ). significantly greater differences were observed in hypermetropes than myopes ( 1. 30 ± 0. 90 d versus 0. 46 ± 0. 68 d, p < 0. 001 ). moderate hypermetropes ( 2 to 5 d ) demonstrated significantly greater refractive error than mild ( 0. 5 to 2 d ) or severe ( > 5 d ) hypermetropes ( 1. 71 ± 1. 18 d versus 1. 19 ± 0. 74 d and 1. 16 ± 1. 08 d respectively, p < 0. 001 ). treatment of neonatal testicular torsion has two objectives : salvage of the involved testicle ( which is rarely achieved ) and preservation of the contralateral gonad. the second goal universally involves contralateral testicular scrotal fixation to prevent the future occurrence of contralateral torsion. however, there is controversy with regards to management of a synchronous contralateral hydrocele. it has been our policy not to address the contralateral hydrocele through an inguinal incision to minimize potential injury to the spermatic cord. our objective in this study was to determine whether the decision to manage a contralateral hydrocele in cases of neonatal testicular torsion solely through a scrotal approach is safe and effective. an 18 - month retrospective review was performed on trauma patients > or = 15 years old who received therapeutic anticoagulation using unfractionated heparin ( uh ) and / or fractionated heparin ( fh ). forty different pre - treatment and treatment patient characteristics were recorded. complications of anticoagulation were documented and defined as any unanticipated discontinuation of the anticoagulant for bleeding or other adverse events.","Maybe

Justification: The study shows that there is a significant difference in refractive error measurements between non-cycloplegic and cycloplegic measurements in young adults, with greater differences observed in hypermetropes. However,",0.8000
fixed_dense,fixed,dense,mistral,Does screening or surveillance for primary hepatocellular carcinoma with ultrasonography improve the prognosis of patients?,yes,maybe,0,1,generation_failure,"the purpose of this paper is to evaluate the efficacy of ultrasonographic screening for primary hepatocellular carcinoma. the purpose of this study is to examine whether or not well differentiated ( w - d ) hepatocellular carcinoma ( hcc ) is indeed clinically early cancer. few studies have assessed whether the advantage chemotherapy has been shown to have in treating advanced non - small lung carcinoma in clinical trials is transferrable to normal health care activity. this could explain the skepticism of a large number of pneumologists towards this treatment. the objective of our study was to analyze prognostic factors related to survival and to see whether cytostatic treatment was an independent predictor. to determine current practice and to assess the value of routine follow - up procedures for endometrial cancer surveillance. to discuss whether such procedures are feasible and effective to identify asymptomatic recurrences and describe the pattern of relapse detected by procedures. hepatorenal syndrome ( hrs ) is the functional renal failure associated with advanced cirrhosis and has also been described in fulminant hepatic failure. without liver transplantation its prognosis is dismal. our study included patients with type 1 hrs associated with cirrhosis, who were not liver transplant candidates. aim : to identify variables associated with improved survival.","Maybe

Justification: The purpose of the paper is to evaluate the efficacy of ultrasonographic screening for primary hepatocellular carcinoma, suggesting that it may potentially improve the prognosis, but the specific outcome",0.5556
fixed_dense,fixed,dense,mistral,"""Would a man smell a rose then throw it away?",maybe,no,0,0,retrieval_failure,"a case of spinal subdural hematoma ( ssdh ) following subarachnoid hemorrhage ( sah ) because of a ruptured internal carotid aneurysm is described. such a case has never been reported. treatment of neonatal testicular torsion has two objectives : salvage of the involved testicle ( which is rarely achieved ) and preservation of the contralateral gonad. the second goal universally involves contralateral testicular scrotal fixation to prevent the future occurrence of contralateral torsion. however, there is controversy with regards to management of a synchronous contralateral hydrocele. it has been our policy not to address the contralateral hydrocele through an inguinal incision to minimize potential injury to the spermatic cord. our objective in this study was to determine whether the decision to manage a contralateral hydrocele in cases of neonatal testicular torsion solely through a scrotal approach is safe and effective. three months after swl treatment, 39 patients were stone - free ( nr group ) and 39 had residual fragments ( r group ). both groups presented no differences in relation to infundibulopelvic angle, width and length of the lower calyceal infundibulum, length / width ratio of the lower infundibulum or number of lower calyces. height of the infundibulum, described as the distance between the line passing through the lowest part of the calyx containing the calculus and the highest point of the lower lip of renal pelvis, was the only parameter in which significant differences ( p = 0. 002 ) were found between the nr and r groups. to determine whether post - operative administration of topical ropivacaine hydrochloride decreases morbidity following adenotonsillectomy. to understand the effect of past group a streptococcal infection on ms, antistreptolysin o ( aso ) and antideoxyribonuclease b ( adnase b ) were measured in 21 patients with relapsing - remitting ms and 21 healthy blood donors by nephelometric assay.","No, the provided context does not mention anything about a man smelling a rose or throwing it away.",0.0833
fixed_dense,fixed,dense,mistral,Department of Transportation vs self-reported data on motor vehicle collisions and driving convictions for stroke survivors: do they agree?,no,maybe,0,1,generation_failure,"research on stroke survivors ' driving safety has typically used either self - reports or government records, but the extent to which the 2 may differ is not known. we compared government records and self - reports of motor vehicle collisions and driving convictions in a sample of stroke survivors. the 56 participants were originally recruited for a prospective study on driving and community re - integration post - stroke ; the study population consisted of moderately impaired stroke survivors without severe communication disorders who had been referred for a driving assessment. the driving records of the 56 participants for the 5 years before study entry and the 1 - year study period were acquired with written consent from the ministry of transportation of ontario ( mto ), canada. self - reports of collisions and convictions were acquired via a semistructured interview and then compared with the mto records. forty - three participants completed the study. for 7 ( 13. 5 % ) the mto records did not match the self - reports regarding collision involvement, and for 9 ( 17. 3 % ) the mto records did not match self - reports regarding driving convictions. the kappa coefficient for the correlation between mto records and self - reports was 0. 52 for collisions and 0. 47 for convictions ( both in the moderate range of agreement ). when both sources of data were consulted, up to 56 percent more accidents and up to 46 percent more convictions were identified in the study population in the 5 years before study entry compared to when either source was used alone. 69 cases were included in this study ( ranged 80 - 98, male : female = 9 : 60 ). 56 cases ( 81. 2 % ) had an aneurysm in the anterior circulation. 23 cases received clipping, 20 cases coil embolization and 26 cases treated conservatively. the cases with aneurysm repair showed significantly better clinical outcome than the controls, while world federation of neurological surgeons ( wfns ) grade on admission and premorbid modified rankin scale showed no difference between them. we conducted a population - based case - referent study of 25 - to 74 - year - old stroke patients with, for each case of a patient who was on statin treatment at the onset of stroke ( n = 125 ), 2 referent patients who were not treated with statins but were matched for age, gender, year of onset, and stroke subtype ( n = 250 ).","Maybe

Justification: The study found that for 13.5% of participants, the Department of Transportation records did not match the self-reports regarding collision involvement, and for 17.3% of participants, the",0.7895
fixed_dense,fixed,dense,mistral,"Neoadjuvant Imatinib in Locally Advanced Gastrointestinal stromal Tumours, Will Kit Mutation Analysis Be a Pathfinder?",yes,maybe,0,1,generation_failure,"longer duration of neoadjuvant ( na ) imatinib ( im ) used for locally advanced ( la ) gastrointestinal stromal tumours ( gist ) is not based on biology of the tumour reflected by kit mutation analysis. to evaluate the impact of her2 immunoreactivity on clinical outcome in locally advanced urothelial carcinoma patients who received surgery alone, or methotrexate, vinblastine, epirubicin, and cisplatin ( m - vec ) as adjuvant chemotherapy. we studied 114 formalin - fixed paraffin - embedded specimens obtained from locally advanced urothelial carcinoma patients receiving surgery alone or adjuvant m - vec. the authors evaluated her2 immunoreactivity using immunohistochemical staining and explored the influence of pathological parameters and her2 immunoreactivity on progression - free survival ( pfs ) and disease - specific overall survival ( os ) using univariate and multivariate cox ' s analyses. from 1993 to 1999, 667 patients received curative lung resection and complete hilar and mediastinal lymphadenectomy for non - small cell lung cancer. of these, there were 436 stage i disease ( 65 % ), of whom 144 t1n0 and 292 t2n0. no patients had pre - or postoperative radio - or chemotherapy. prognostic significance of the following independent variables was tested using univariate ( log - rank ) and multivariate ( cox proportional - hazards ) analysis : type of resection ( sublobar vs lobectomy vs pneumonectomy ), histology ( squamous cell vs adenocarcinoma ), tumour size ( < or = 3cm vs > 3cm ), histologic vascular invasion, visceral pleura involvement, positive bronchial resection margin, general t status. few studies have assessed whether the advantage chemotherapy has been shown to have in treating advanced non - small lung carcinoma in clinical trials is transferrable to normal health care activity. this could explain the skepticism of a large number of pneumologists towards this treatment. the objective of our study was to analyze prognostic factors related to survival and to see whether cytostatic treatment was an independent predictor.","Maybe

Justification: The context suggests that the duration of neoadjuvant imatinib for locally advanced gastrointestinal stromal tumours is not necessarily based on the biology of the tumour reflected by kit mut",0.6842
fixed_dense,fixed,dense,mistral,Does the lipid-lowering peroxisome proliferator-activated receptors ligand bezafibrate prevent colon cancer in patients with coronary artery disease?,yes,maybe,0,1,generation_failure,"epidemiologic studies have suggested that hypertriglyceridemia and insulin resistance are related to the development of colon cancer. nuclear peroxisome proliferator - activated receptors ( ppar ), which play a central role in lipid and glucose metabolism, had been hypothesized as being involved in colon cancerogenesis. in animal studies the lipid - lowering ppar ligand bezafibrate suppressed colonic tumors. however, the effect of bezafibrate on colon cancer development in humans is unknown. therefore, we proposed to investigate a possible preventive effect of bezafibrate on the development of colon cancer in patients with coronary artery disease during a 6 - year follow - up. in primary and secondary prevention trials, statins have been shown to reduce the risk of stroke. in addition to lipid lowering, statins have a number of antiatherothrombotic and neuroprotective properties. in a preliminary observational study, we explored whether clinical outcome is improved in patients who are on treatment with statins when stroke occurs. development of new cancer ( all types ) was recorded in 177 patients : in 79 ( 5. 25 % ) patients from the bezafibrate group vs. 98 ( 6. 51 % ) from the placebo group. development of colon cancer was recorded in 25 patients : in 8 ( 0. 53 % ) patients from the bezafibrate group vs. 17 ( 1. 13 % ) from the placebo group, ( fisher ' s exact test : one side p = 0. 05 ; two side p = 0. 07 ). a difference in the incidence of cancer was only detectable after a 4 year lag and progressively increased with continued follow - up. on multivariable analysis the colon cancer risk in patients who received bezafibrate tended to be lower with a hazard ratio of 0. 47 and 95 % confidence interval 0. 2 - 1. 1. obesity may be associated with lower prostate specific antigen through hemodilution. we examined the relationship between body mass index and prostate specific antigen by age in men without prostate cancer in a longitudinal aging study to determine whether prostate specific antigen must be adjusted for body mass index. several studies have shown associations between hyperglycemia and risk of cardiovascular disease ( cvd ) and mortality, yet glucose - lowering treatment does little to mitigate this risk. we examined whether associations between hyperglycemia and cvd risk were explained by underlying insulin resistance.","Maybe

Justification: The study shows a trend towards a lower incidence of colon cancer in patients who received bezafibrate, but the difference is not statistically significant at the 5% level without adjustment for multiple comparisons (",0.5217
fixed_dense,fixed,dense,mistral,Does self-efficacy mediate the relationship between transformational leadership behaviours and healthcare workers' sleep quality?,maybe,no,0,1,generation_failure,"for all constructs, time 2 measures were influenced by the baseline level. direct relationships between transformational leadership and sleep quality were found. this relationship was negative cross - sectionally at both time points, but positive between baseline and follow - up. the relationship between leadership and employees ' sleep quality was not mediated by employees ' self - efficacy. although there is evidence for the influential role of transformational leadership on health outcomes, researchers have used either attitude outcomes ( e. g. job satisfaction ) or softer health measures, such as general well - being. specific measures of well - being such as sleep quality have not been used, despite its association with working conditions. a longitudinal design was used to collect data from danish healthcare workers at time 1 in 2005 ( n = 447 ) and 18 months later at time 2 in 2007 ( n = 274 ). structural equation modelling was used to investigate the relationships between transformational leadership, self - efficacy and sleep quality at both time points independently ( cross - sectionally ) and longitudinally. prior literature identified the use of performance measurement systems ( pms ) as crucial in addressing improved processes of care. moreover, a strategic use of pms has been found to enhance quality, compared to non - strategic use, although a clear understanding of this linkage is still to be achieved. this paper deals with the test of direct and indirect models related to the link between the strategic use of pms and the level of improved processes in health care organizations. indirect models were mediated by the degree of perceived managerial discretion. health services often spend more on safety interventions than seems cost - effective. this study investigates whether the public value safety - related health care improvements more highly than the same improvements in contexts where the health care system is not responsible.","No, the relationship between leadership and employees' sleep quality was not mediated by employees' self-efficacy.

Justification: The relationship between leadership and employees' sleep quality was explicitly stated not to be mediated by employees' self",0.6923
fixed_dense,fixed,dense,mistral,Does microbial contamination influence the success of the hematopoietic cell transplantation outcomes?,maybe,maybe,1,1,success,"microbial contamination can be a marker for faulty process and is assumed to play an important role in the collection of hematopoietic progenitor cell ( hpc ) and infusion procedure. we aimed to determine the microbial contamination rates and evaluate the success of hematopoietic cell transplantation ( hct ) in patients who received contaminated products. patients - we analyzed microbial contamination records of hpc grafts between 2012 and 2015, retrospectively. contamination rates of autologous donors were evaluated for at three steps : at the end of mobilization, following processing with dimethyl sulfoxide, and just before stem cell infusion. grafts of allogeneic donors were assessed only before hct. a total of 445 mobilization procedures were carried out on 333 ( 167 autologous and 166 allogeneic ) donors. the microbiological contamination of peripheral blood ( 323 / 333 donations ) and bone marrow ( 10 / 333 donations ) products were analyzed. bacterial contamination was detected in 18 of 1552 ( 1. 15 % ) culture bottles of 333 donors. during the study period 248 patients underwent hct and among these patients microbial contamination rate on sample basis was 1. 3 % ( 16 / 1212 ). microbial contamination detected in nine patients ( 7 autologous ; 2 allogeneic ). in 8 of 9 patients, a febrile neutropenic attack was observed. the median day for the neutropenic fever was 4 days ( 0 - 9 ). none of the patients died within the post - transplant 30 days who received contaminated products. to understand the effect of past group a streptococcal infection on ms, antistreptolysin o ( aso ) and antideoxyribonuclease b ( adnase b ) were measured in 21 patients with relapsing - remitting ms and 21 healthy blood donors by nephelometric assay. an 18 - month retrospective review was performed on trauma patients > or = 15 years old who received therapeutic anticoagulation using unfractionated heparin ( uh ) and / or fractionated heparin ( fh ). forty different pre - treatment and treatment patient characteristics were recorded. complications of anticoagulation were documented and defined as any unanticipated discontinuation of the anticoagulant for bleeding or other adverse events.","Maybe

Justification: The text mentions that microbial contamination was detected in nine patients who underwent hematopoietic cell transplantation, and in eight of these patients, a febrile neutropen",0.6667
fixed_dense,fixed,dense,mistral,Very high serum CA 19-9 levels: a contraindication to pancreaticoduodenectomy?,no,no,1,1,success,"from 2000 to 2007, 344 patients underwent pancreatoduodenectomy for pa. fifty - three patients ( elevated group ) had preoperatively elevated serum ca 19 - 9 levels ( > 400 iu / ml ) after resolution of obstructive jaundice. of these, 27 patients had high levels ( 400 - 899 iu / ml ( hl ) ) and 26 patients had very high levels > or = 900 iu / ml ( vhl ). fifty patients with normal preoperative serum ca 19 - 9 levels ( < 37 iu / ml ) comprised the control group. few studies have assessed whether the advantage chemotherapy has been shown to have in treating advanced non - small lung carcinoma in clinical trials is transferrable to normal health care activity. this could explain the skepticism of a large number of pneumologists towards this treatment. the objective of our study was to analyze prognostic factors related to survival and to see whether cytostatic treatment was an independent predictor. clinically positive axillary nodes are widely considered a contraindication to sentinel lymph node ( sln ) biopsy in breast cancer, yet no data support this mandate. in fact, data from the era of axillary lymph node dissection ( alnd ) suggest that clinical examination of the axilla is falsely positive in as many as 30 % of cases. here we report the results of sln biopsy in a selected group of breast cancer patients with palpable axillary nodes classified as either moderately or highly suspicious for metastasis. extracranial internal carotid artery stenosis is a risk factor for perioperative stroke in patients undergoing coronary artery bypass surgery ( cab ). although selective and non - selective methods of preoperative carotid screening have been advocated, it remains unclear if this screening is clinically relevant. aim : to test whether selective carotid screening is as effective as non - selective screening in detecting significant carotid disease. 90 of 100 investigated pterygia proved suitable for hpv analysis by pcr. as beta - globin could not be amplified, 10 specimens were excluded from the study. 4 of 90 pterygia harboured hpv. hpv type 6 was identified in all four hpv - positive pterygia. the 20 normal conjunctival biopsy specimens were beta - globin positive and hpv negative. all four pterygia that were hpv type 6 positive were dna ish negative.","No

Justification: The context does not mention any contraindication to pancreaticoduodenectomy for patients with very high serum CA 19-9 levels. Instead, it only mentions that 2",0.5000
fixed_dense,fixed,dense,mistral,Perioperative care in an animal model for training in abdominal surgery: is it necessary a preoperative fasting?,no,maybe,0,1,generation_failure,"thirty two animals, with age and weight, respectively, from 3 to 5. 5 months old and 3000 to 4200 grams, were undergone different periods of pre - operative fasting, exclusive intramuscular anesthesia ( ketamine + xylazine ), laparotomy with total gastrectomy and total splenectomy. it was dosed the pre - operative ( initial ) and post - surgical ( end ) serum blood glucose, in addition to quantify the gastric content after the resection of the part. atrial fibrillation, which occurs in 12 % of all major foregut surgeries, can prolong hospital stay and increase morbidity. minimally invasive techniques in foregut surgery have been suggested to cause less tissue trauma. we examined the factors associated with new - onset atrial fibrillation after foregut surgery at our institution. fifteen piglets were operated on to develop a standard retroperitoneoscopic nephrectomy ( rpn ) training model. all procedures were performed with three ports. intraoperative data ( side, operative time, blood loss, peritoneal opening ) were recorded. animals were divided into groups a, the first eight, and b, the last seven cases. data were statistically analyzed. twenty - eight female sprague dawley rats were allocated randomly to 4 groups. the sham group ( group 1 ) was only subjected to catheter insertion, not to pneumoperitoneum. group 2 received a 1 mg / kg dose of 0. 9 % sodium chloride by the intraperitoneal route for 10 min before pneumoperitoneum. groups 3 and 4 received 6 and 12 mg / kg edaravone, respectively, by the intraperitoneal route for 10 min before pneumoperitoneum. after 60 min of pneumoperitoneum, the gas was deflated. immediately after the reperfusion period, both ovaries were excised for histological scoring, caspase - 3 immunohistochemistry and biochemical evaluation including glutathione ( gsh ) and malondialdehyde ( mda ) levels. also, total antioxidant capacity ( tac ) was measured in plasma samples to evaluate the antioxidant effect of edaravone. the anesthetical - surgical procedure presented a mortality rate of 3. 125 % ( 1 : 32 ) and a morbidity rate of 6. 25 % ( 2 : 32 ). it was evidenced an initial mean blood glucose = 199. 4 mg / dl and the end = 326. 1 mg / dl. in spite of extended fasting ( minimum of 2 hours for the absolute fasting and maximum of 8. 5 hours for liquids, and 20. 5 hours for solids ) all animals presented at the end of the surgical procedure any gastric content and a blood glucose increase. those with fasting for liquids and solids when compared to the quantity of solid gastric content, presented a moderate negative degree of correlation.","Maybe

Justification: The context indicates that all animals underwent different periods of pre-operative fasting, and that all animals presented at the end of the surgical procedure any gastric content and a blood glucose increase",0.7727
fixed_dense,fixed,dense,mistral,Are physicians aware of the side effects of angiotensin-converting enzyme inhibitors?,no,maybe,0,1,generation_failure,"angiotensin - converting enzyme inhibitors ( ace - i ) are considered safe, but they are associated with characteristic side effects, namely cough and angioedema, usually requiring discontinuation. we perceived that referrals for these side effects have become more and more frequent ; therefore, we evaluated the degree of knowledge on the safety of ace - i in different medical categories. although consensus guidelines for pretreatment evaluation and monitoring of propranolol therapy in patients with infantile hemangiomas ( ih ) have been formulated, little is known about the cardiovascular side effects. in a population - based cohort study using register data, we analysed the prescribing of new drugs by danish general practitioners. angiotensin - ii antagonists, triptans, selective cyclo - oxygenase - 2 antagonists and esomeprazol were used in the assessment. as indicators of new drug uptake, we used adoption time, cumulative incidence, preference proportion, incidence rate and prescription cost and volume. for each measure, we ranked the general practices. ranks were pair - wise plotted, and pearson ' s correlation coefficient ( r ) was calculated. next, we analysed the correlation between ranks across different drug classes. in primary and secondary prevention trials, statins have been shown to reduce the risk of stroke. in addition to lipid lowering, statins have a number of antiatherothrombotic and neuroprotective properties. in a preliminary observational study, we explored whether clinical outcome is improved in patients who are on treatment with statins when stroke occurs. data from 109 patients with ih were retrospectively analyzed. patient and family history, pretreatment electrocardiogram ( ecg ), heart rate, and blood pressure were evaluated before initiation of beta - blocker therapy. blood pressure and standardized questionnaires addressing side effects were evaluated during treatment.","Maybe

Justification: The text mentions that referrals for side effects of ACE-I have become more frequent, suggesting that some physicians may be aware of these side effects, but it does not explicitly state that all physicians",0.4091
fixed_dense,fixed,dense,mistral,Residual fundus or neofundus after laparoscopic sleeve gastrectomy: is fundectomy safe and effective as revision surgery?,maybe,maybe,1,1,success,"up to 30 % of patients who have undergone laparoscopic sleeve gastrectomy require revision surgery for inadequate weight loss, weight regain, and / or the development of severe upper gastrointestinal symptoms. the aim of this retrospective study was to evaluate the safety and efficacy of laparoscopic fundectomy ( lf ) in cases of a residual fundus / neofundus development regarding gerd symptoms. laparoscopic sleeve gastrectomy ( lsg ) is currently being performed with increasing frequency worldwide. it offers an excellent weight loss and resolution of comorbidities in the short term with a very low incidence of complications. however, the ever present risk of a staple line leak is still a major concern. we retrospectively examined the records of 154 adult patients who underwent major foregut surgery which included esophagectomy, partial or total gastrectomy, redo heller myotomy, redo or transthoracic fundoplications. univariate and multivariate logistic regression analysis with standard modeling techniques were performed to determine risk factors for new - onset atrial fibrillation. the study group comprised 19 patients ( 17 female ; mean bmi 35. 4 kg / m ( 2 ) ) divided into 2 groups. group a ( n = 10 ) patients with severe gerd and evidence of residual fundus / neofundus, hiatal hernia with good results in terms of weight loss. group b ( n = 9 ) patients with severe gerd, a residual fundus / neofundus, inadequate weight loss or weight regain. fundectomy was indicated when a residual fundus / neofundus was associated with severe gerd symptoms. the presence of a residual fundus / neofundus was assessed by a barium swallow and / or multislice computed tomography. patients referred for pelvic exenteration from october 1994 to november 2012 were reviewed. patients who did and did not receive radiotherapy as part of their primary rectal cancer treatment were compared.","Maybe

Justification: The context discusses a retrospective study evaluating the safety and efficacy of laparoscopic fundectomy in cases of residual fundus or neofundus development, particularly regarding GER",0.6316
fixed_dense,fixed,dense,mistral,Are physician estimates of asthma severity less accurate in black than in white patients?,yes,yes,1,1,success,"racial differences in asthma care are not fully explained by socioeconomic status, care access, and insurance status. appropriate care requires accurate physician estimates of severity. it is unknown if accuracy of physician estimates differs between black and white patients, and how this relates to asthma care disparities. we hypothesized that : 1 ) physician underestimation of asthma severity is more frequent among black patients ; 2 ) among black patients, physician underestimation of severity is associated with poorer quality asthma care. three thousand four hundred and ninety - four patients participated ( 13 % were black ). blacks were significantly more likely than white patients to have their asthma severity underestimated ( or = 1. 39, 95 % ci 1. 08 - 1. 79 ). among black patients, underestimation was associated with less use of daily inhaled corticosteroids ( 13 % vs 20 %, p <. 05 ), less physician instruction on management of asthma flare - ups ( 33 % vs 41 %, p <. 0001 ), and lower ratings of asthma care ( p =. 01 ) and physician communication ( p =. 04 ). we conducted a cross - sectional survey among adult patients with asthma cared for in 15 managed care organizations in the united states. we collected physicians ' estimates of their patients ' asthma severity. physicians ' estimates of patients ' asthma as being less severe than patient - reported symptoms were classified as underestimates of severity. frequency of underestimation, asthma care, and communication.","Yes

Justification: The provided context states that ""blacks were significantly more likely than white patients to have their asthma severity underestimated"" ([3]).",0.7059
fixed_dense,fixed,dense,mistral,Does laparoscopic surgery decrease the risk of atrial fibrillation after foregut surgery?,yes,no,0,1,generation_failure,"atrial fibrillation, which occurs in 12 % of all major foregut surgeries, can prolong hospital stay and increase morbidity. minimally invasive techniques in foregut surgery have been suggested to cause less tissue trauma. we examined the factors associated with new - onset atrial fibrillation after foregut surgery at our institution. we retrospectively examined the records of 154 adult patients who underwent major foregut surgery which included esophagectomy, partial or total gastrectomy, redo heller myotomy, redo or transthoracic fundoplications. univariate and multivariate logistic regression analysis with standard modeling techniques were performed to determine risk factors for new - onset atrial fibrillation. up to 30 % of patients who have undergone laparoscopic sleeve gastrectomy require revision surgery for inadequate weight loss, weight regain, and / or the development of severe upper gastrointestinal symptoms. the aim of this retrospective study was to evaluate the safety and efficacy of laparoscopic fundectomy ( lf ) in cases of a residual fundus / neofundus development regarding gerd symptoms. laparoscopic sleeve gastrectomy ( lsg ) is currently being performed with increasing frequency worldwide. it offers an excellent weight loss and resolution of comorbidities in the short term with a very low incidence of complications. however, the ever present risk of a staple line leak is still a major concern. of the 154 patients, 14 patients developed new - onset atrial fibrillation with a higher mean age of 67. 1 years ( + / - 8. 8 years ) versus 56. 4 years ( + / - 14. 1 years ) ( p = 0. 006 ). laparoscopic ( p = 0. 004 ) and nonthoracic surgeries ( p = 0. 01 ) were associated with lower risk of atrial fibrillation. patients with atrial fibrillation had received more fluid ( 6. 5 + / - 2. 8 liters versus 5. 3 + / - 2. 0 liters ) and had longer operations ( 370 + / - 103 min versus 362 + / - 142 min ), none of which were statistically significant. the average intensive care length of stay of patients was longer : 7. 5 + / - 6. 8 days versus 4. 0 + / - 7. 1 days ( p = 0. 004 ). multivariate analysis revealed an association of atrial fibrillation with age ( or 1. 08, 95 % ci 1. 02 - 1. 14, p = 0. 01 ), and laparoscopic surgery ( or 0. 09, 95 % ci 0","No

Justification: The provided context states that ""patients with laparoscopic surgeries had received lower risk of atrial fibrillation"" ([2]), but the multivariate analysis revealed an association of",0.7368
fixed_dense,fixed,dense,mistral,"The Main Gate Syndrome: a new format in mass-casualty victim ""surge"" management?",yes,yes,1,1,success,"the incidence of large - scale urban attacks on civilian populations has significantly increased across the globe over the past decade. these incidents often result in hospital multiple casualty incidents ( hmci ), which are very challenging to hospital teams. 15 years ago the emergency and disaster medicine division in the israeli ministry of health defined a key of 20 percent of each hospital ' s bed capacity as its readiness for multiple casualties. half of those casualties are expected to require immediate medical treatment. this study was performed to evaluate the efficacy of the current readiness guidelines based on the epidemiology of encountered hmcis. an 18 - month retrospective review was performed on trauma patients > or = 15 years old who received therapeutic anticoagulation using unfractionated heparin ( uh ) and / or fractionated heparin ( fh ). forty different pre - treatment and treatment patient characteristics were recorded. complications of anticoagulation were documented and defined as any unanticipated discontinuation of the anticoagulant for bleeding or other adverse events. the study includes a total of 32 attacks, resulting in 62 hmcis and 1292 casualties. the mean number of arriving casualties to a single hospital was 20. 8 + / - 13. 3 ( range 4 - 56, median 16. 5 ). in 95 % of the hmcis the casualty load was < or = 52. based on severity scores and ed discharges 1022 ( 79. 2 % ) casualties did not necessitate immediate medical treatment. a retrospective study of hmcis was recorded in the israeli defense force ( idf ) home front command and the israeli national trauma registry ( itr ) between november 2000 and june 2003. an hmci is defined by the emergency and disaster medicine division in the israeli ministry of health as > or = 10 casualties or > or = 4 suffering from injuries with an iss > or = 16 arriving to a single hospital. recent suicide bombings pose the novel problem for trauma centers of the massive simultaneous arrival of many gravely wounded patients.","Yes

Justification: The context describes the increase in large-scale urban attacks on civilian populations, resulting in hospital multiple casualty incidents (HMCIs) that are challenging for hospital teams. These incidents often involve a massive simultaneous arrival of",0.7600
fixed_dense,fixed,dense,mistral,Do communication disorders extend to musical messages?,yes,yes,1,1,success,"effective musical communication requires conveyance of the intended message in a manner perceptible to the receiver. communication disorders that impair transmitting or decoding of structural features of music ( e. g., pitch, timbre ) and / or symbolic representation may result in atypical musical communication, which can have a negative impact on music therapy interventions. this study compared recognition of symbolic representation of emotions or movements in music by two groups of children with different communicative characteristics : severe to profound hearing loss ( using cochlear implants [ ci ] ) and autism spectrum disorder ( asd ). their responses were compared to those of children with typical - development and normal hearing ( td - nh ). accuracy was examined as a function of communicative status, emotional or movement category, and individual characteristics. participants listened to recorded musical excerpts conveying emotions or movements and matched them with labels. measures relevant to auditory and / or language function were also gathered. tinnitus can be related to many different aetiologies such as hearing loss or a noise trauma, but it can also be related to the somatosensory system of the cervical spine, called cervicogenic somatic tinnitus ( cst ). case studies suggest a positive effect of cervical spine treatment on tinnitus complaints in patients with cst, but no experimental studies are available. francophones may experience poorer health due to social status, cultural differences in lifestyle and attitudes, and language barriers to health care. our study sought to compare mental health indicators between francophones and non - francophones living in the province of manitoba.","Yes

Justification: The provided context discusses communication disorders that impair the transmission or decoding of structural features of music, which are essential for effective musical communication ([1]).",0.5556
fixed_dense,fixed,dense,mistral,Do patients with rheumatoid arthritis established on methotrexate and folic acid 5 mg daily need to continue folic acid supplements long term?,yes,maybe,0,1,generation_failure,"to look at the effect of stopping fa supplementation in uk rheumatoid arthritis ( ra ) patients established on methotrexate < 20 mg weekly and fa 5 mg daily, to report all toxicity ( including absolute changes in haematological and liver enzyme indices ) and to report changes in the efficacy of methotrexate. in a prospective, randomized, double - blind, placebo - controlled study, 75 patients who were established on methotrexate < 20 mg weekly and fa 5 mg daily were asked to stop their fa and were randomized to one of two groups : placebo or fa 5 mg daily. patients were evaluated for treatment toxicity and efficacy before entry and then at intervals of 3 months for 1 yr. it is postulated that some aspects of methotrexate toxicity may be related to its action as an anti - folate. folic acid ( fa ) is often given as an adjunct to methotrexate therapy, but there is no conclusive proof that it decreases the toxicity of methotrexate and there is a theoretical risk that it may decrease the efficacy of methotrexate. a short course of systemic corticosteroids is an important therapy in the treatment of pediatric asthma exacerbations. although a 5 - day course of oral prednisone or prednisolone has become the most commonly used regimen, dexamethasone has also been used for a shorter duration ( 1 - 2 days ) with potential for improvement in compliance and palatability. we reviewed the literature to determine if there is sufficient evidence that dexamethasone can be used as an effective alternative in the treatment of pediatric asthma exacerbations in the inpatient setting. proof - of - concept study comprising a placebo run - in period ( 1 week, 5 weeks if fibrate washout was required ) and a 4 - week randomized, double - blind treatment period. thirty - four subjects ( mean age 55 years, body mass index 34 kg / m 2, fasting triglycerides 3. 5 mmol / l ) with diagnosed sleep apnoea syndrome not treated with continuous positive airways pressure were enrolled and randomized to once daily treatment with fenofibrate ( 145 mg nanocrystal ( r ) tablet ) or placebo. overnight polysomnography, computerized attention / vigilance tests and blood sampling for measurement of lipids, insulin, fasting plasma glucose and fibrinogen were performed at the end of each study period.","Maybe

Justification: The study does not provide conclusive evidence that folic acid decreases the toxicity of methotrexate or that it may decrease the efficacy of methotrexate, suggesting that the need for",0.6471
fixed_dense,fixed,dense,mistral,Can infundibular height predict the clearance of lower pole calyceal stone after extracorporeal shockwave lithotripsy?,yes,maybe,0,1,generation_failure,"to evaluate the efficacy of extracorporeal shock wave lithotripsy ( swl ) on lower calyceal calculi in relation to the renal anatomical factors and determine which of these factors can be used to select patients who will benefit from swl. we analyzed retrospectively 78 patients with single radiopaque lower calyceal stones treated with swl. the patients were evaluated 3 months after lithotripsy with a simple abdominal x - ray and a kidney ultrasound scan. the success of the treatment, removal of all fragments, was correlated with renal anatomical factors measured in the pre - treatment intravenous urography : infundibulopelvic angle, lower infundibulum width, lower infundibulum length, ratio length / width, infundibulum height, and number of minor calyces in the lower calyceal group. to study the efficiency and safety of holmium : yag laser lithotripsy for ureteral stones. a series of 188 patients with 208 ureteral stones were treated with semirigid ureteroscopy and holmium : yag laser lithotripsy from january 2003 to december 2005. of the stones, 116 were lower ureteral, 37 middle ureteral, and 55 upper ureteral. three months after swl treatment, 39 patients were stone - free ( nr group ) and 39 had residual fragments ( r group ). both groups presented no differences in relation to infundibulopelvic angle, width and length of the lower calyceal infundibulum, length / width ratio of the lower infundibulum or number of lower calyces. height of the infundibulum, described as the distance between the line passing through the lowest part of the calyx containing the calculus and the highest point of the lower lip of renal pelvis, was the only parameter in which significant differences ( p = 0. 002 ) were found between the nr and r groups.","Maybe

Justification: The provided context shows that infundibular height was the only parameter where significant differences were found between the groups, suggesting that it might have some predictive value, but more research would be needed to confirm this.",0.3200
fixed_dense,fixed,dense,mistral,Does lung ischemia and reperfusion have an impact on coronary flow?,yes,yes,1,1,success,"ischemia - reperfusion ( ir ) injury remains a major cause of early morbidity and mortality after lung transplantation with poorly documented extrapulmonary repercussions. to determine the hemodynamic effect due to lung ir injury, we performed a quantitative coronary blood - flow analysis in a swine model of in situ lung ischemia and reperfusion. myocardial damage that is associated with percutaneous coronary intervention ( pci ) partially affects the results of the procedure, and is related to medium - term cardiovascular death. remote postischemic conditioning might reduce the myocardial lesions that are associated with pci, but perhaps less so in diabetics. the aim of this study was to evaluate the protective effect of remote postischemic conditioning in patients undergoing elective pci for stable angina or non - st elevation acute coronary syndrome with troponin < 1 ng / ml at the time of randomization. this randomized single - blinded single - center clinical trial involved 320 patients undergoing elective pci who were randomized to either receive three 5 - min cycles of ischemia by inflation of a cuff on the non - dominant arm to 200 mm hg ( remote postischemic conditioning ) or to placebo ( uninflated cuff ). the primary outcome variable was the maximum increase in troponin in the first 24 h. the secondary outcome variable was readmission due to heart failure or cardiovascular mortality after 1 year of follow - up. in addition, a diabetic population was studied. in the ir group, total coronary flow ( tcf = lad + cx + rca blood - flow ) decreased precipitously and significantly from baseline ( 113±41 ml min "" 1 ) during ir ( p < 0. 05 ), with the lowest value observed at 60 min of reperfusion ( - 37. 1 %, p < 0. 003 ). baseline ctn ( 0. 08±0. 02 ng ml ( - 1 ) ) increased during ir and peaked at 45 min of reperfusion ( + 138 %, p < 0. 001 ). baseline il - 6 ( 9. 2±2. 17 pg ml ( - 1 ) ) increased during ir and peaked at 60 min of reperfusion ( + 228 %, p < 0. 0001 ). significant lvp drop at 5 min of ischemia ( p < 0. 05 ) was followed by a slow return to baseline at 45 min of ischemia. a second lvp drop occurred at reperfusion ( p < 0. 05 ) and persisted. conversely, rvp increased throughout ischemia ( p < 0. 05 ) and returned toward baseline during reperfusion. coronary blood flow and hemodynamic profile remained ##±2. 17 pg ml ( - 1 ) ) increased during ir and peaked at 60 min of reperfusion ( + 228 %, p < 0. 0001 ). significant lvp drop at 5 min of ischemia ( p < 0. 05 ) was followed by a slow return to baseline at 45 min of ischemia. a second lvp drop occurred at reperfusion ( p < 0. 05 ) and persisted. conversely, rvp increased throughout ischemia ( p < 0. 05 ) and returned toward baseline during reperfusion. coronary blood flow and hemodynamic profile remained unchanged in the control group. il - 10 and tnf - a remained below the measurable range for both the groups.","Yes

Justification: The text states that during lung ischemia and reperfusion, total coronary flow (tcf) decreased precipitously and significantly from baseline (p < 0.05), with the lowest value",0.8182
fixed_dense,fixed,dense,mistral,Is a patient's self-reported health-related quality of life a prognostic factor for survival in non-small-cell lung cancer patients?,maybe,yes,0,1,generation_failure,"the aim of this prognostic factor analysis was to investigate if a patient ' s self - reported health - related quality of life ( hrqol ) provided independent prognostic information for survival in non - small cell lung cancer ( nsclc ) patients. as part of a prospective study on quality of life in newly diagnosed lung cancer patients an investigation was carried out to examine whether there were differences among patients ' quality of life scores and their socioeconomic status. quality of life was measured at two points in time ( baseline and three months after initial treatment ) using three standard instruments ; the nottingham health profile ( nhp ), the european organization for research and cancer treatment quality of life questionnaire ( eortc qlq - c30 ) and its lung cancer supplement ( qlq - lc13 ). socioeconomic status for each individual patient was derived using carstairs and morris deprivation category ranging from 1 ( least deprived ) to 7 ( most deprived ) on the basis of the postcode sector of their address. few studies have assessed whether the advantage chemotherapy has been shown to have in treating advanced non - small lung carcinoma in clinical trials is transferrable to normal health care activity. this could explain the skepticism of a large number of pneumologists towards this treatment. the objective of our study was to analyze prognostic factors related to survival and to see whether cytostatic treatment was an independent predictor. in all, 129 lung cancer patients entered into the study. of these data for 82 patients were complete ( at baseline and follow - up ). 57 % of patients were of lower socioeconomic status and they had more health problems, less functioning, and more symptoms as compared to affluent patients. of these, physical mobility ( p = 0. 05 ), energy ( p = 0. 01 ), role functioning ( p = 0. 04 ), physical functioning ( p = 0. 03 ), and breathlessness ( p = 0. 02 ) were significant at baseline. however, at follow - up assessment there was no significant difference between patient groups nor did any consistent pattern emerge.","Yes

Justification: The context states that a patient's self-reported health-related quality of life (HRQOL) provided independent prognostic information for survival in non-small-cell lung cancer (NSCLC",0.8333
fixed_dense,fixed,dense,mistral,Transient tachypnea of the newborn (TTN): a role for polymorphisms in the beta-adrenergic receptor (ADRB) encoding genes?,yes,maybe,0,1,generation_failure,"despite surgical refinements, perioperative use of tracheobronchoscopy ( tbs ) as part of surgical approach to esophageal atresia ( ea ) is still controversial. the purpose of this study was to evaluate the influence of preoperative tbs in newborns with ea in preventing complications and improving diagnosis and surgical treatment. the objective of the study was to determine whether risk of recurrent preterm birth differs based on the clinical presentation of a prior spontaneous preterm birth ( sptb ) : advanced cervical dilatation ( acd ), preterm premature rupture of membranes ( pprom ), or preterm labor ( ptl ). dna was collected for genotyping from 73 term newborns suffering from ttn and 55 healthy controls from a caucasian cohort. several studies have suggested a protective effect of folic acid ( fa ) on congenital heart anomalies. down syndrome ( ds ) infants are known to have a high frequency of heart anomalies. not all children with ds suffer from heart anomalies, which raises the question whether maternal factors might affect the risk of these anomalies. our objectives were to investigate whether first - trimester fa use protects against heart anomalies among ds children. to compare the probability of prenatal diagnosis ( pnd ) and termination of pregnancy for fetal anomaly ( topfa ) between fetuses conceived by assisted reproductive techniques ( art ) and spontaneously - conceived fetuses with congenital heart defects ( chd ).","Maybe

Justification: The context does not provide direct evidence about the role of polymorphisms in the beta-adrenergic receptor (ADRB) encoding genes in Transient tachypnea of the newborn (TT",0.0000
fixed_dense,fixed,dense,mistral,Is duration of psychological treatment for depression related to return into treatment?,yes,yes,1,1,success,"there is increasing pressure on mental health providers to reduce the duration of treatments, while retaining level of quality and effectiveness. the risk is that the population is underserved and therefore needs new treatment episodes. the primary aim of this study was to investigate whether duration of treatment and return into mental health care were related. this study examined dutch patients with an initial treatment episode in 2009 or 2010 in specialized mental health settings for depressive disorder ( n = 85, 754 ). follow - up data about treatment episodes were available up until 2013. the data set included demographic ( age, gender ), and clinical factors ( comorbidity with other dsm - iv axis ; scores on the ' global assessment of functioning ' ). cox regression analyses were used to assess whether duration of treatment and relapse into mental health care were related. observational study using medicaid claims data ( 2006 - 2011 ). subjects were depression - diagnosed adult members with at least two prescriptions of antidepressant medications followed by a second - line agent. gamma generalized linear models ( glm ) produced estimates of the difference in mean expenditures among treatment groups after adjusting for individual baseline characteristics using propensity scores. negative binomial models produced estimates of the difference in number of hospitalizations and emergency department ( ed ) visits. the majority of patients did not return into mental health care ( 86 % ). patients with a shorter duration of treatment ( 5 - 250 min ; 251 - 500 min and 751 - 1000 min ) were slightly more likely to return ( reference group : > 1000 min ) ( hr 1. 19 95 % ci 1. 13 - 1. 26 ; hr 1. 11 95 % ci 1. 06 - 1. 17 ; hr 1. 18 95 % ci 1. 11 - 1. 25 ), adjusted for demographic and clinical variables. participants with major affective disorders in the national institute of mental health ( nimh ) collaborative depression study ( cds ) were followed prospectively for up to 25 years. a total of 909 participants meeting prospective diagnostic criteria for major depressive and bipolar disorders were followed through 4204 mood cycles. suicidal behavior was defined as suicide attempts or completions. mixed - effects, grouped - time survival analysis assessed risk of suicidal behavior and differential effects of risk factors for suicidal behavior by polarity. in addition to polarity, the main effects of age, gender, hopelessness, married status, prior suicide attempts and active substance abuse were modeled, with mood cycle as the unit of analysis.","Yes

Justification: The study in the context ([4]) found that patients with a shorter duration of treatment were slightly more likely to return into mental health care compared to those with a longer duration of treatment.",0.6190
fixed_dense,fixed,dense,mistral,Does shaving the incision site increase the infection rate after spinal surgery?,maybe,yes,0,1,generation_failure,"to determine whether shaving the incision site before spinal surgery causes postsurgical infection. spine surgeons usually shave the skin of the incision site immediately before surgery is performed. however, evidence from some surgical series suggests that presurgical shaving may increase the postsurgical infection rate. to our knowledge, no previously published studies have addressed this issue. a total of 789 patients scheduled to undergo spinal surgery were randomly allocated into 2 groups : those in whom the site of operation was shaved immediately before surgery ( shaved group ; 371 patients ) and the patients in whom presurgical shaving was not performed ( unshaved group ; 418 patients ). the mean duration of anesthesia and the infection rates in both groups were recorded and compared. the relationship between the use of an endoscope during ventriculoperitoneal shunt ( vps ) procedures and infection remains poorly defined. in this study, we sought to analyze whether the simultaneous use of an endoscope could in fact increase the infection rate associated with vps procedures. the duration of anesthesia did not differ in the 2 groups ( p > 0. 05 ). a postoperative infection developed in 4 patients in the shaved group and in 1 patient in the nonshaved group ( p < 0. 01 ).","Yes

Justification: The infection rate was higher in the shaved group compared to the unshaved group (4 vs 1, p < 0.01).",0.7333
fixed_dense,fixed,dense,mistral,The influence of atmospheric pressure on aortic aneurysm rupture--is the diameter of the aneurysm important?,maybe,maybe,1,1,success,"the rate of aortic aneurysm rupture correlates with the aneurysm ' s diameter, and a higher rate of rupture is observed in patients with larger aneurysms. according to the literature, contradictory results concerning the relationship between atmospheric pressure and aneurysm size have been reported. aim : in this paper, we assessed the influence of changes in atmospheric pressure on abdominal aneurysm ruptures in relationship to the aneurysm ' s size. there were no statistically significant differences in pressure between the days of rupture and the remainder of the days within an analysed period. the highest frequency of the admission of patients with a ruptured aortic aneurysm was observed during periods of winter and spring, when the highest mean values of atmospheric pressure were observed ; however, this observation was not statistically confirmed. a statistically non - significant trend towards the higher rupture of large aneurysms ( > 7 cm ) was observed in the cases where the pressure increased between the day before the rupture and the day of the rupture. this trend was particularly pronounced in patients suffering from hypertension ( p = 0. 1 ). the records of 223 patients with ruptured abdominal aneurysms were evaluated. all of the patients had been admitted to the department in the period 1997 - 2007 from the silesia region. the atmospheric pressures on the day of the rupture and on the days both before the rupture and between the rupture events were compared. the size of the aneurysm was also considered in the analysis. traumatic aortic injury ( tai ) is a rare but life - threatening type of injury. we investigate whether the anatomy of the aortic arch influences the severity of aortic injury. the etiology of hemodialysis ( hd ) - induced hypotension and hypertension remains speculative. there is mounting evidence that endothelin - 1 ( et - 1 ) may play a vital role in these hemodynamic changes. we examined the possible role of intradialytic changes of et - 1 in the pathogenesis of hypotension and rebound hypertension during hd.","Maybe

Justification: The text mentions a statistically non-significant trend towards the higher rupture of large aneurysms (>7 cm) when the pressure increased between the day before the rupture and the",0.8095
fixed_dense,fixed,dense,mistral,Do French lay people and health professionals find it acceptable to breach confidentiality to protect a patient's wife from a sexually transmitted disease?,maybe,yes,0,1,generation_failure,"to determine under what conditions lay people and health professionals find it acceptable for a physician to breach confidentiality to protect the wife of a patient with a sexually transmitted disease ( std ). the concept of breaching confidentiality to protect a wife from her husband ' s std was favoured much more by lay people and psychologists than by physicians ( mean ratings 11. 76, 9. 28 and 2. 90, respectively, on a scale of 0 - 22 ). the patient ' s stated intentions to protect his wife and to inform her of the disease had the greatest impact on acceptability. a cluster analysis showed groups of lay participants who found breaching confidentiality "" always acceptable "" ( n = 14 ), "" depending on the many circumstances "" ( n = 87 ), requiring "" consultation with an expert "" ( n = 30 ) and "" never acceptable ( n = 13 ) "". in a study in france, breaching confidentiality in 48 scenarios were accepted by 144 lay people, 10 psychologists and 7 physicians. the scenarios were all possible combinations of five factors : severity of the disease ( severe, lethal ) ; time taken to discuss this with ( little time, much time ) ; intent to inform the spouse about the disease ( none, one of these days, immediately ) ; intent to adopt protective behaviours ( no intent, intent ) ; and decision to consult an expert in stds ( yes, no ), 2 x 2 x 3 x 2 x 2. the importance and interactions of each factor were determined, at the group level, by performing analyses of variance and constructing graphs. there has never been a nationally representative survey of medical students ' personal health - related practices, although they are inherently of interest and may affect patient - counseling practices. this study evaluated the health practices and the vaccination status of first year residents working at the academic hospital hotel - dieu de france. three themes were identified : a ) supporting one ' s wife ; b ) marital needs and obligations ; c ) constrained by a culture of destiny and shame. the first theme was built on men ' s feelings of responsibility for the family ' s health and well - being, their experiences of encouraging their wives to seek health care and their providing counselling and instrumental support. the second theme emerged from men ' s views about other men ' s rejection of a wife inflicted by breast cancer, their own perceptions of diminished femininity due to mastectomy and their own concerns about protecting the family from the hereditary risk of breast cancer. the third theme was seen in men ' s perception of breast cancer as an inevitable act of god that is far away from one ' s own family, in associating breast cancer with improper behaviour and in their readiness to face the culture of eib ( shame ).","Yes

Justification: The context mentions that breaching confidentiality to protect a wife from her husband's STD was favored by French lay people, as shown in the study mentioned in [3]. Additionally, it was also accepted",0.6250
fixed_dense,fixed,dense,mistral,Do somatic complaints predict subsequent symptoms of depression?,maybe,yes,0,1,generation_failure,"evidence suggests substantial comorbidity between symptoms of somatization and depression in clinical as well as nonclinical populations. however, as most existing research has been retrospective or cross - sectional in design, very little is known about the specific nature of this relationship. in particular, it is unclear whether somatic complaints may heighten the risk for the subsequent development of depressive symptoms. gender - stratified multiple regression analyses revealed that baseline ces - d scores were the best predictors of subsequent depressive symptoms for men and women. baseline scores on the scl - 90 - r somatization subscale significantly predicted subsequent self - reported symptoms of depressed mood 5 years later, but only in women. however, somatic complaints were a somewhat less powerful predictor than income and age. to identify distinctive features in patients with chronic functional somatic symptoms, and to determine whether these symptoms support the hypothesis of the existence of specific somatic syndromes. we report findings on the link between symptoms of somatization ( assessed using the scl - 90 - r ) and depression 5 years later ( assessed using the ces - d ) in an initially healthy cohort of community adults, based on prospective data from the reno diet - heart study. interference from irrelevant negative material might be a key mechanism underlying intrusive ruminative thoughts in depression. considering commonalities between depression and social anxiety and the presence of similar intrusive thoughts in social anxiety, the current study was designed to assess whether interference from irrelevant material in working memory is specific to depression or is also present in social anxiety disorder.","Yes

Justification: The provided context states that ""baseline scores on the scl - 90 - r somatization subscale significantly predicted subsequent self - reported symptoms of depressed mood 5 years later, but only in women""",0.8000
fixed_dense,fixed,dense,mistral,Are women with major depression in pregnancy identifiable in population health data?,no,yes,0,1,generation_failure,"population - based de - identified data were provided from the western australian data linkage system linking the administrative health records of women with a delivery to related records from the midwives ' notification system, the hospital morbidity data system and the national pharmaceutical benefits scheme dataset. the women with depression during their pregnancy were ascertained in two ways : women with dispensing records relating to dispensed antidepressant medicines with an who atc code to the 3rd level, pharmacological subgroup, ' n06a antidepressants ' ; and, women with any hospital admission during pregnancy, including the birth admission, if a comorbidity was recorded relating to depression. from 2002 to 2005, there were 96698 births in wa. at least one antidepressant was dispensed to 4485 ( 4. 6 % ) pregnant women. there were 3010 ( 3. 1 % ) women with a comorbidity related to depression recorded on their delivery admission, or other admission to hospital during pregnancy. there were a total of 7495 pregnancies identified by either set of records. using data linkage, we determined that these records represented 6596 individual pregnancies. only 899 pregnancies were found in both groups ( 13. 6 % of all cases ). 80 % of women dispensed an antidepressant did not have depression recorded as a comorbidity on their hospital records. a simple capture - recapture calculation suggests the prevalence of depression in this population of pregnant women to be around 16 %. this retrospective cohort study included singleton pregnancies from 2009 to 2014 complicated by a history of prior sptb. women were categorized based on the clinical presentation of their prior preterm delivery as having acd, pprom, or ptl. risks for sonographic short cervical length and recurrent sptb were compared between women based on the clinical presentation of their prior preterm birth. log - linear regression was used to control for confounders. evidence suggests substantial comorbidity between symptoms of somatization and depression in clinical as well as nonclinical populations. however, as most existing research has been retrospective or cross - sectional in design, very little is known about the specific nature of this relationship. in particular, it is unclear whether somatic complaints may heighten the risk for the subsequent development of depressive symptoms. we linked two provincial administrative databases containing records on in - patient deliveries and ed visits. the study sample included women who delivered a live singleton baby between april 2003 and march 2004. pregnant women who made at least one ed visit for asthma were counted as cases and the rest of the women as control subjects. we performed a multivariable analysis using logistic regression to model the risk of having an ed visit for asthma, with fetal gender being one of the predictors. in addition, a series of multivariable logistic regressions were also constructed separately for cases and controls for the following adverse delivery outcomes : low birth weight baby, preterm delivery, and delivery via caesarian section.","Yes

Justification: The context mentions that women with depression during their pregnancy were ascertained in two ways: through dispensed antidepressant medicines and through hospital admission records related to depression ([1], [2]). This",0.7273
fixed_dense,fixed,dense,mistral,Remote ischemic postconditioning: does it protect against ischemic damage in percutaneous coronary revascularization?,yes,yes,1,1,success,"myocardial damage that is associated with percutaneous coronary intervention ( pci ) partially affects the results of the procedure, and is related to medium - term cardiovascular death. remote postischemic conditioning might reduce the myocardial lesions that are associated with pci, but perhaps less so in diabetics. the aim of this study was to evaluate the protective effect of remote postischemic conditioning in patients undergoing elective pci for stable angina or non - st elevation acute coronary syndrome with troponin < 1 ng / ml at the time of randomization. this randomized single - blinded single - center clinical trial involved 320 patients undergoing elective pci who were randomized to either receive three 5 - min cycles of ischemia by inflation of a cuff on the non - dominant arm to 200 mm hg ( remote postischemic conditioning ) or to placebo ( uninflated cuff ). the primary outcome variable was the maximum increase in troponin in the first 24 h. the secondary outcome variable was readmission due to heart failure or cardiovascular mortality after 1 year of follow - up. in addition, a diabetic population was studied. ischemia - reperfusion ( ir ) injury remains a major cause of early morbidity and mortality after lung transplantation with poorly documented extrapulmonary repercussions. to determine the hemodynamic effect due to lung ir injury, we performed a quantitative coronary blood - flow analysis in a swine model of in situ lung ischemia and reperfusion. extracranial internal carotid artery stenosis is a risk factor for perioperative stroke in patients undergoing coronary artery bypass surgery ( cab ). although selective and non - selective methods of preoperative carotid screening have been advocated, it remains unclear if this screening is clinically relevant. aim : to test whether selective carotid screening is as effective as non - selective screening in detecting significant carotid disease. in primary and secondary prevention trials, statins have been shown to reduce the risk of stroke. in addition to lipid lowering, statins have a number of antiatherothrombotic and neuroprotective properties. in a preliminary observational study, we explored whether clinical outcome is improved in patients who are on treatment with statins when stroke occurs.","Yes

Justification: The study in the context aims to evaluate the protective effect of remote postischemic conditioning in patients undergoing elective percutaneous coronary intervention (PCI), and the primary outcome variable is the maximum increase in tro",0.7917
fixed_dense,fixed,dense,mistral,Does combining antiretroviral agents in a single dosage form enhance quality of life of HIV/AIDS patients?,no,maybe,0,1,generation_failure,"combining various antiretroviral agents into one single dosage form has been a strategy to reduce pill burden and enhance medication adherence among human immunodeficiency virus / aids ( hiv / aids ) patients. the medical expenditure panel survey ( meps ) was used to identify hiv / aids patients with ≥2 active antiretroviral medications. patients on fxd were matched in 1 : 1 ratio with the frc group using propensity scores. all medical costs excluding those paid by patients and families were included. utility was measured using sf - 6d scores from the sf - 12 questionnaire. incremental cost - utility ratios ( icurs ) were calculated using the mean annual estimates. a cost - effectiveness acceptability curve was determined using a monte carlo probabilistic simulation technique. nine fxd antiretroviral formulations approved by the u. s. food and drug administration by 2005 was included in this study. one hundred seventy hiv / aids patients with ≥2 antiretroviral agents were identified from the meps database, of which 53 % ( n = 92 ) were on fxd formulation. on matching, 70 patients from fxd had a match from the frc group. no differences in sociodemographic and health status variables were observed between the matched groups. the mean annual cost was $ 15, 766. 15 for fxd patients and $ 11, 875. 21 for frc patients. the mean utility gained by using fxd over frc was 0. 085 ; however, this difference was not statistically significant. the icur for the fxd treatment over frc treatment was $ 45, 540. 49 / quality - adjusted life years ( qalys ). probabilistic sensitivity analysis showed fxd to dominate frc ( > 50 % probability of being cost - effective ) above the $ 40, 000 threshold. this is a cost - utility study from a health care system ' s perspective comparing coformulated fixed dose ( fxd ) strategy versus multiple free dose combination ( frc ) in antiretroviral therapy. for patients with prior lobar ich, withholding anticoagulation therapy was strongly preferred, improving quality - adjusted life expectancy by 1. 9 qalys. for patients with prior deep hemispheric ich, withholding anticoagulation resulted in a smaller gain of 0. 3 qalys. in sensitivity analyses for patients with deep ich, anticoagulation could be preferred if the risk of thromboembolic stroke is particularly high.","Maybe

Justification: The study shows that the cost-utility ratio for the fxd treatment over frc treatment was $ 45,540.49/quality-adjusted life years (QALYs),",0.8421
fixed_dense,fixed,dense,mistral,The inverse equity hypothesis: does it apply to coverage of cancer screening in middle-income countries?,yes,maybe,0,1,generation_failure,"it is uncertain whether the inverse equity hypothesis - the idea that new health interventions are initially primarily accessed by the rich, but that inequalities narrow with diffusion to the poor - holds true for cancer screening in low and middle income countries ( lmics ). this study examines the relationship between overall coverage and economic inequalities in coverage of cancer screening in four middle - income countries. coverage for breast cancer screening was 10. 5 % in south africa, 19. 3 % in china, 33. 8 % in russia and 43 % in mexico, and coverage for cervical cancer screening was 24 % in south africa, 27. 2 % in china, 63. 7 % in mexico and 81. 5 % in russia. economic inequalities in screening participation were substantially lower or non - existent in countries with higher aggregate coverage, for both breast cancer screening ( rii : 14. 57 in south africa, 4. 90 in china, 2. 01 in mexico, 1. 04 in russia ) and cervical cancer screening ( rii : 3. 60 in china, 2. 47 in south africa, 1. 39 in mexico, 1. 12 in russia ). extracranial internal carotid artery stenosis is a risk factor for perioperative stroke in patients undergoing coronary artery bypass surgery ( cab ). although selective and non - selective methods of preoperative carotid screening have been advocated, it remains unclear if this screening is clinically relevant. aim : to test whether selective carotid screening is as effective as non - selective screening in detecting significant carotid disease. few studies have assessed whether the advantage chemotherapy has been shown to have in treating advanced non - small lung carcinoma in clinical trials is transferrable to normal health care activity. this could explain the skepticism of a large number of pneumologists towards this treatment. the objective of our study was to analyze prognostic factors related to survival and to see whether cytostatic treatment was an independent predictor. in men without prostate cancer body mass index was not significantly associated with prostate specific antigen after adjusting for age ( p = 0. 06 ). a 10 - point body mass index increase was associated with a prostate specific antigen difference of - 0. 03 ng / ml ( 95 % ci - 0. 40 - 0. 49 ). results were similar when men with prostate cancer were included, when percent body fat was substituted for body mass index, and after adjusting for prostate volume. longitudinal weight changes also had no significant association with prostate specific antigen.","Maybe

Justification: The study shows that economic inequalities in screening participation were substantially lower or non-existent in countries with higher aggregate coverage, but it does not definitively prove or disprove the inverse equity hypothesis.",0.6957
fixed_dense,fixed,dense,mistral,Identification of racial disparities in breast cancer mortality: does scale matter?,yes,yes,1,1,success,"this paper investigates the impact of geographic scale ( census tract, zip code, and county ) on the detection of disparities in breast cancer mortality among three ethnic groups in texas ( period 1995 - 2005 ). racial disparities were quantified using both relative ( rr ) and absolute ( rd ) statistics that account for the population size and correct for unreliable rates typically observed for minority groups and smaller geographic units. results were then correlated with socio - economic status measured by the percentage of habitants living below the poverty level. african - american and hispanic women generally experience higher mortality than white non - hispanics, and these differences are especially significant in the southeast metropolitan areas and southwest border of texas. the proportion and location of significant racial disparities however changed depending on the type of statistic ( rr versus rd ) and the geographic level. the largest proportion of significant results was observed for the rd statistic and census tract data. geographic regions with significant racial disparities for african - americans and hispanics frequently had a poverty rate above 10. 00 %. first, to establish whether a deprivation gradient in all - cause mortality exists for all ethnic groups within new zealand ; second, if such gradients do exist, whether their absolute slopes are the same ; and third, if such gradients exist, what impact the unequal deprivation distributions of the different ethnic groups have on the observed ethnic inequalities in life expectancy at birth. a genetic component is well established in the etiology of breast cancer. it is not well known, however, whether genetic traits also influence prognostic features of the malignant phenotype. treatment delays in breast cancer are generally thought to affect prognosis but the impact on survival remains unclear. indicators for breast cancer care include time to primary treatment. the purpose of this study was to evaluate whether time to primary treatment ( tpt ) in breast cancer impacts survival.","Yes

Justification: The context discusses the impact of geographic scale (census tract, zip code, and county) on the detection of disparities in breast cancer mortality among three ethnic groups in Texas (period 199",0.7917
fixed_dense,fixed,dense,mistral,Does the leukocyte count correlate with the severity of injury?,yes,maybe,0,1,generation_failure,"mortality at index admission, transfusion requirement during first 24 hours, and presence of nonorthopaedic injuries as a function of young - burgess pelvic classification type. mortality compared with historic controls. injury severity score ( iss ), glasgow coma score ( gcs ), and revised trauma score ( rts ) are the most frequently used methods to evaluate the severity of injury in blunt trauma patients. iss is too complicated to assess easily and gcs and rts are easy to assess but somewhat subjective. white blood cell count ( wbc ) is an easy, quick and objective test. this study was performed to evaluate the significance of the wbc count at presentation in the blunt trauma patients. the objectives of this study were to evaluate the ability of the young - burgess classification system to predict mortality, transfusion requirements, and nonorthopaedic injuries in patients with pelvic ring fractures and to determine whether mortality rates after pelvic fractures have changed over time. ischemia - reperfusion ( ir ) injury remains a major cause of early morbidity and mortality after lung transplantation with poorly documented extrapulmonary repercussions. to determine the hemodynamic effect due to lung ir injury, we performed a quantitative coronary blood - flow analysis in a swine model of in situ lung ischemia and reperfusion. an 18 - month retrospective review was performed on trauma patients > or = 15 years old who received therapeutic anticoagulation using unfractionated heparin ( uh ) and / or fractionated heparin ( fh ). forty different pre - treatment and treatment patient characteristics were recorded. complications of anticoagulation were documented and defined as any unanticipated discontinuation of the anticoagulant for bleeding or other adverse events.","Maybe

Justification: The study was performed to evaluate the significance of the leukocyte count (white blood cell count) at presentation in the blunt trauma patients (context [2]).",0.7059
fixed_dense,fixed,dense,mistral,Can transcranial direct current stimulation be useful in differentiating unresponsive wakefulness syndrome from minimally conscious state patients?,yes,yes,1,1,success,"disorders of consciousness ( doc ) diagnosis relies on the presence or absence of purposeful motor responsiveness, which characterizes the minimally conscious state ( mcs ) and the unresponsive wakefulness syndrome ( uws ), respectively. functional neuroimaging studies have raised the question of possible residual conscious awareness also in clinically - defined uws patients. the aim of our study was to identify electrophysiological parameters, by means of a transcranial magnetic stimulation approach, which might potentially express the presence of residual networks sustaining fragmentary behavioral patterns, even when no conscious behavior can be observed. as this was an exploratory study, a range of sleep variables were evaluated. the apnoea / hypopnoea index ( ahi ) and percentage of time spent with arterial oxygen saturation ( spo ( 2 ) ) < 90 % were relevant as they have been evaluated in other clinical trials. other variables included total apnoeas, hypopnoeas and oxygen desaturations, and non - cortical micro - awakenings related to respiratory events per hour. we enrolled 25 severe doc patients, following post - anoxic or traumatic brain injury and 20 healthy individuals ( hc ) as control group. baseline electrophysiological evaluation evidenced, in comparison to hc, a partial preservation of cortical effective connectivity and excitability in clinically defined mcs, whereas these components were absent in clinically defined uws. then, we applied an anodal transcranial direct current stimulation ( a - tdcs ) protocol over the orbitofrontal cortex. to determine the potential prognostic value of using functional magnetic resonance imaging ( fmri ) to identify patients with disorders of consciousness, who show potential for recovery. nd : yag laser - induced thermo therapy ( litt ) of rat brains is associated with blood - brain barrier ( bbb ) permeability changes. we address the question of whether litt - induced locoregional disruption of the bbb could possibly allow a locoregional passage of chemotherapeutic agents into brain tissue to treat malignant glioma. study design /","Yes

Justification: The text states that ""baseline electrophysiological evaluation evidenced, in comparison to hc, a partial preservation of cortical effective connectivity and excitability in clinically defined mcs, whereas these",0.8095
fixed_dense,fixed,dense,mistral,Aromatase inhibitor-related musculoskeletal symptoms: is preventing osteoporosis the key to eliminating these symptoms?,yes,maybe,0,1,generation_failure,"aromatase inhibitors ( ais ) are an effective treatment for postmenopausal women with hormone receptor - positive breast cancer. however, patients receiving ais report a higher incidence of musculoskeletal symptoms and bone fractures ; the mechanism and risk factors for this correlation are not well studied. the aim of this study was to correlate these musculoskeletal symptoms and bone fractures in patients receiving ais with bone mineral density ( bmd ), previous tamoxifen use, and administration of calcium / bisphosphonate ( ca / bis ). our study demonstrates a significant association between symptoms and dexa - bmd results ( p <. 001 ). similarly, the group receiving tamoxifen before ais had fewer patients with arthralgia or generalized bone pain / myalgia or bone fracture ( p <. 001 ). furthermore, the group receiving ais plus ca / bis had more patients without musculoskeletal symptoms and had fewer fractures. finally, the group receiving steroidal ais compared with nonsteroidal ais had more patients with arthralgia or generalized bone pain and / or myalgia, and bone fractures ( p <. 001 ). to look at the effect of stopping fa supplementation in uk rheumatoid arthritis ( ra ) patients established on methotrexate < 20 mg weekly and fa 5 mg daily, to report all toxicity ( including absolute changes in haematological and liver enzyme indices ) and to report changes in the efficacy of methotrexate. the endogenous estradiol metabolite, 2 - methoxyestradiol ( 2me ), has been shown to be a potent inhibitor of cell growth and a strong anti - angiogenic substance. we investigated for the first time whether in vitro combinations of 2me with various chemotherapeutic compounds may result in an additive inhibitory effect on the proliferation of human ovary cancer cells. a total of 371 untreated postmenopausal osteoporotic women aged 50 to 84 years with a lumbar t - score ≤ - 2. 5 sd or ≤ - 1 sd with at least one osteoporotic fracture.","Maybe

Justification: The study shows a significant association between bone mineral density (BMD) and aromatase inhibitor-related musculoskeletal symptoms (p <. 001). Additionally, patients who received calci",0.6522
fixed_dense,fixed,dense,mistral,Could different follow-up modalities play a role in the diagnosis of asymptomatic endometrial cancer relapses?,maybe,yes,0,1,generation_failure,to determine current practice and to assess the value of routine follow - up procedures for endometrial cancer surveillance. to discuss whether such procedures are feasible and effective to identify asymptomatic recurrences and describe the pattern of relapse detected by procedures. to compare adherence to follow - up recommendations for colposcopy or repeated papanicolaou ( pap ) smears for women with previously abnormal pap smear results. the influence of positron emission tomography in the management of recurrent rectal cancer is well established but its role in primary rectal cancer remains uncertain. this study therefore prospectively assesses the impact of position emission tomography scanning on the management of primary rectal cancer. few studies have assessed whether the advantage chemotherapy has been shown to have in treating advanced non - small lung carcinoma in clinical trials is transferrable to normal health care activity. this could explain the skepticism of a large number of pneumologists towards this treatment. the objective of our study was to analyze prognostic factors related to survival and to see whether cytostatic treatment was an independent predictor. patients referred for pelvic exenteration from october 1994 to november 2012 were reviewed. patients who did and did not receive radiotherapy as part of their primary rectal cancer treatment were compared.,"Yes

Justification: The context mentions that the study aims to discuss whether follow-up procedures are feasible and effective to identify asymptomatic recurrences ([1]).",0.6471
fixed_dense,fixed,dense,mistral,Locoregional opening of the rodent blood-brain barrier for paclitaxel using Nd:YAG laser-induced thermo therapy: a new concept of adjuvant glioma therapy?,yes,maybe,0,1,generation_failure,"nd : yag laser - induced thermo therapy ( litt ) of rat brains is associated with blood - brain barrier ( bbb ) permeability changes. we address the question of whether litt - induced locoregional disruption of the bbb could possibly allow a locoregional passage of chemotherapeutic agents into brain tissue to treat malignant glioma. study design / cd fischer rats were subject to litt of the left forebrain. disruption of the bbb was analyzed using evans blue and immunohistochemistry ( ih ). animals were perfused with paclitaxel, and high - pressure liquid chromatography ( hplc ) was employed to analyze the content of paclitaxel in brain and plasma samples. we have previously reported the feasibility of diagnostic and therapeutic peritoneoscopy including liver biopsy, gastrojejunostomy, and tubal ligation by an oral transgastric approach. we present results of per - oral transgastric splenectomy in a porcine model. the goal of this study was to determine the technical feasibility of per - oral transgastric splenectomy using a flexible endoscope. to evaluate the impact of her2 immunoreactivity on clinical outcome in locally advanced urothelial carcinoma patients who received surgery alone, or methotrexate, vinblastine, epirubicin, and cisplatin ( m - vec ) as adjuvant chemotherapy. for both ovary cancer cell lines a significant additive effect of 2me with epirubicine and carboplatin was observed at the lower concentration range of these chemotherapeutic substances.","Maybe

Justification: The context discusses the feasibility of using Nd:YAG laser-induced thermo therapy to open the blood-brain barrier (BBB) in rats, potentially allowing chemotherapeutic agents",0.6818
fixed_dense,fixed,dense,mistral,Preoperative tracheobronchoscopy in newborns with esophageal atresia: does it matter?,yes,maybe,0,1,generation_failure,"despite surgical refinements, perioperative use of tracheobronchoscopy ( tbs ) as part of surgical approach to esophageal atresia ( ea ) is still controversial. the purpose of this study was to evaluate the influence of preoperative tbs in newborns with ea in preventing complications and improving diagnosis and surgical treatment. we sought to determine the feasibility and assess the clinical outcomes associated with an early extubation strategy for all children undergoing congenital heart surgery, including neonates ( age, < 30 days ). we reviewed all cases of neonatal testicular torsion occurring at our institution between the years 1999 and 2006. age at presentation, physical examination, ultrasonographic and intraoperative findings were recorded. patients were followed after initial surgical intervention to determine the likelihood of developing a subsequent hydrocele or hernia. infantile hypertrophic pyloric stenosis ( ihps ) is a common condition which presents in infants at 2 - 12 weeks of postnatal life, and whose cause remains obscure. multiple associated abnormalities have been recognized within the external hypertrophied pyloric muscle layer, but the internal component of the pyloric mucosa has received scant attention in the literature to date. our purpose in this study was to show that pyloric mucosal redundancy is a constant finding in infants with ihps, to discuss its possible cause, and to explore the hypothesis of a relationship between pyloric mucosal redundancy and the development of ihps. in the period ranging from 1997 to 2003, 62 patients with ea underwent preoperative tbs. the procedure was carried out with flexible bronchoscope maintaining spontaneous breathing. when a wide carinal fistula was found, this was mechanically occluded by fogarty catheter and cannulated with rigid bronchoscopy. type of ea, surgical procedure variations caused by tbs, and associated anomalies not easily detectable were recorded.","Maybe

Justification: The context indicates that the study was conducted to evaluate the influence of preoperative tracheobronchoscopy in newborns with esophageal atresia in preventing complications and improving diagnosis and surgical",0.7222
fixed_dense,fixed,dense,mistral,Is horizontal semicircular canal ocular reflex influenced by otolith organs input?,yes,maybe,0,1,generation_failure,"to clarify whether horizontal canal ocular reflex is influenced by otolith organs input. tinnitus can be related to many different aetiologies such as hearing loss or a noise trauma, but it can also be related to the somatosensory system of the cervical spine, called cervicogenic somatic tinnitus ( cst ). case studies suggest a positive effect of cervical spine treatment on tinnitus complaints in patients with cst, but no experimental studies are available. the subjects were seven healthy humans. the right ear was stimulated using ice - water. each subject was kept in a left - ear - down position for 20 s and then repositioned to a prone position, a right - ear - down position and a supine position with 20 s intervals. nystagmus was analysed using three - dimensional video - oculography. pterygium is a disease of unknown origin and pathogenesis that might be vision threatening. it is characterised by a wing - like conjunctival overgrowth of the cornea. several studies have investigated human papillomavirus ( hpv ) as a risk factor for the development of pterygia, but the results are inconclusive. aim : to investigate a large sample of pterygia for the presence of hpv in order to clarify the putative association between pterygia and hpv. assessment of visual acuity depends on the optotypes used for measurement. the ability to recognize different optotypes differs even if their critical details appear under the same visual angle. since optotypes are evaluated on individuals with good visual acuity and without eye disorders, differences in the lower visual acuity range cannot be excluded. in this study, visual acuity measured with the snellen e was compared to the landolt c acuity.","Maybe

Justification: The provided context does not directly discuss the influence of otolith organs on the horizontal semicircular canal ocular reflex. However, it is generally accepted that both the semicircular canals and",0.3000
fixed_dense,fixed,dense,mistral,Is perforation of the appendix a risk factor for tubal infertility and ectopic pregnancy?,maybe,maybe,1,1,success,"to critically assess the evidence that appendiceal perforation is a risk factor for subsequent tubal infertility or ectopic pregnancy. articles were assessed according to the criteria of the evidence - based medicine working group for evaluating articles on harm. review of the literature yielded estimates of the risk of adverse fertility outcomes ranging from 1. 6 ( 95 % confidence interval [ ci ] 1. 1 to 2. 5 ) for ectopic pregnancy after an appendectomy to 4. 8 ( 95 % ci 1. 5 to 14. 9 ) for tubal infertility from perforation of the appendix. recall bias, and poor adjustment for confounding variables in some reports, weakened the validity of the studies. the objective of the study was to determine whether risk of recurrent preterm birth differs based on the clinical presentation of a prior spontaneous preterm birth ( sptb ) : advanced cervical dilatation ( acd ), preterm premature rupture of membranes ( pprom ), or preterm labor ( ptl ). epidemiologic studies investigating the relationship between appendectomy and infertility or ectopic pregnancy were identified by searching the medline database from 1966 to 1997. appropriate citations were also extracted from a manual search of the bibliographies of selected papers. the purpose of this study is to determine if baseline antral follicle assessment may serve as additional information in predicting in vitro fertilization outcome.","Maybe

Justification: The context provides estimates of the risk of tubal infertility and ectopic pregnancy after an appendectomy, but acknowledges that recall bias and poor adjustment for confounding variables in some reports weakened",0.7727
fixed_dense,fixed,dense,mistral,Serovar specific immunity to Neisseria gonorrhoeae: does it exist?,no,maybe,0,1,generation_failure,"to determine whether the host immune response to gonorrhoea provides limited serovar specific protection from reinfection. to understand the effect of past group a streptococcal infection on ms, antistreptolysin o ( aso ) and antideoxyribonuclease b ( adnase b ) were measured in 21 patients with relapsing - remitting ms and 21 healthy blood donors by nephelometric assay. preferential transmission of avpr1a gata or complex repeats was not significant for hypersexuality or uninhibited people - seeking, using the transmission disequilibrium test. similarly, case - control analyses found no significant associations between hypersexuality or uninhibited people - seeking and the number of avpr1a gata or complex repeats. for p < 0. 05, there was about 80 % power to detect odds ratios of 5. 0 and 4. 0 ( in the family - based analyses ) and 3. 5 and 2. 6 ( in the case - control analyses ), for allele frequencies of 0. 1 and 0. 5, respectively. no significant difference was seen in the prevalence of serovars isolated following a repeat infection compared with those without repeat infections. the site of the initial infection did not appear to influence the subsequent serovar isolated. patients with recurrent gonococcal infection were analysed with respect to the initial and subsequent serovars isolated.","Maybe

Justification: The context does not definitively state that serovar specific immunity exists, but it does not rule it out either. The study in [4] found no significant difference in the prevalence of serovars isolated",0.4545
fixed_dense,fixed,dense,mistral,May student examiners be reasonable substitute examiners for faculty in an undergraduate OSCE on medical emergencies?,yes,maybe,0,1,generation_failure,"to compare the effect of student examiners ( se ) to that of faculty examiners ( fe ) on examinee performance in an osce as well as on post - assessment evaluation in the area of emergency medicine management. we tested the hypothesis that equal mastery of surgical clerkship objectives can be obtained in a clerkship with and without general surgery. students chose any two surgical rotations and were assessed by written examination, objective structured clinical examination ( osce ), ward evaluations, self - assessment objectives questionnaire, and satisfaction survey. an osce test - format ( seven stations : advanced cardiac life support ( acls ), basic life support ( bls ), trauma - management ( tm ), pediatric - emergencies ( pe ), acute - coronary - syndrome ( acs ), airway - management ( am ), and obstetrical - emergencies ( oe ) ) was administered to 207 medical students in their third year of training after they had received didactics in emergency medicine management. participants were randomly assigned to one of the two simultaneously run tracks : either with se ( n = 110 ) or with fe ( n = 98 ). students were asked to rate each osce station and to provide their overall osce perception by means of a standardized questionnaire. the independent samples t - test was used and effect sizes were calculated ( cohens d ). charts of 60 orthopaedic residents from our institution were reviewed. preresidency selection criteria examined included united states medical licensing examination ( usmle ) step 1 and step 2 scores, medical college admission test ( mcat ) scores, number of clinical clerkship honors, number of letters of recommendation, number of away rotations, alpha omega alpha ( aoa ) honor medical society membership, fourth - year subinternship at our institution, and number of publications. resident performance was assessed using objective measures including american board of orthopaedic surgery ( abos ) part i scores and orthopaedics in - training exam ( oite ) scores and subjective ratings by faculty including global evaluation scores and faculty rankings of residents. we tested associations between preresidency criteria and the subsequent objective and subjective metrics using linear correlation analysis and mann - whitney tests when appropriate. selection into general practice training is undertaken using a competency based approach. the clear advantage of this approach over traditional methods has been demonstrated through evaluation of its validity and reliability. however, the relationship between selection and performance in the royal college of general practitioner examinations ( mrcgp ) has yet to be explored. the mrcgp comprises of an applied knowledge test ( akt ), a clinical skills assessment ( csa ) and workplace - based assessments ( wpba ). aim : to explore the predictive validity of general practice selection scores using the akt and csa elements of the mrcgp as a final outcome measure.","Maybe

Justification: The context provides a study where student examiners (se) and faculty examiners (fe) were compared in an OSCE on medical emergencies, suggesting that student examiners could potentially be used as",0.4737
fixed_dense,fixed,dense,mistral,Are endothelial cell patterns of astrocytomas indicative of grade?,yes,yes,1,1,success,"the most common primary brain tumors in children and adults are of astrocytic origin. classic histologic grading schemes for astrocytomas have included evaluating the presence or absence of nuclear abnormalities, mitoses, vascular endothelial proliferation, and tumor necrosis. we evaluated the vascular pattern of 17 astrocytoma surgical specimens ( seven from children and 10 from adults ), and four normal brains obtained at autopsy, utilizing antibody to glial fibrillary acidic protein ( gfap ) and von willebrand factor ( vwf ) utilizing confocal microscopy. a modified who classification was used. all tumor cases showed cells positive for gfap. control tissues showed a few, widely separated vessels. pilocytic astrocytomas ( four cases ) showed lacy clusters of small - to - medium sized vessels, with intact vessel wall integrity. diffuse, low grade astrocytoma ( three cases ) showed a staining pattern similar to control tissue ; intermediate grade ( one case ), anaplastic astrocytoma ( three cases ) and gliobastoma multiforme ( six cases ) showed an increased vessel density with multiple small vessels ( glomeruloid clusters ), some with prominent intimal hyperplasia, loss of vessel wall integrity, and with numerous vwf - positive single cells / microvessels within the tumor substance. 69 cases were included in this study ( ranged 80 - 98, male : female = 9 : 60 ). 56 cases ( 81. 2 % ) had an aneurysm in the anterior circulation. 23 cases received clipping, 20 cases coil embolization and 26 cases treated conservatively. the cases with aneurysm repair showed significantly better clinical outcome than the controls, while world federation of neurological surgeons ( wfns ) grade on admission and premorbid modified rankin scale showed no difference between them. with the advancement of an aging society in the world, an increasing number of elderly patients have been hospitalized due to aneurysmal subarachnoid hemorrhage ( asah ). there is no study that compares the elderly cases of asah who receive the definitive treatment with those who treated conservatively. the aim of this study was to investigate the feasibility of the definitive surgery for the acute subarachnoid cases aged 80 or older.","Yes

Justification: The text states that ""anaplastic astrocytoma, anaplastic astrocytoma, and glioblastoma multiforme showed an increased vessel density with multiple small vessels ( gl",0.6250
fixed_dense,fixed,dense,mistral,Do healthier lifestyles lead to less utilization of healthcare resources?,no,maybe,0,1,generation_failure,"governments are urged to determine methods to control the use of medical resources and curb the rise of healthcare costs. the question is, do health behaviors have an impact on the use of medical resources? this study aims to identify and understand the difference in the number of outpatient visits and health examinations based on various health behaviors and to determine whether patients seek medical care for illness from the same physicians. an online survey was conducted to elicit the relative importance placed on preventing harms caused by 1 ) health care ( hospital - acquired infections, drug administration errors, injuries to health care staff ), 2 ) individuals ( personal lifestyle choices, sports - related injuries ), and 3 ) nature ( genetic disorders ). direct valuations were obtained from members of the public by using a person trade - off or "" matching "" method. participants were asked to choose between two preventative interventions of equal cost and equal health benefit per person for the same number of people, but differing in causation. if participants indicated a preference, their strength of preference was measured by using person trade - off. health services often spend more on safety interventions than seems cost - effective. this study investigates whether the public value safety - related health care improvements more highly than the same improvements in contexts where the health care system is not responsible. it is uncertain whether the inverse equity hypothesis - the idea that new health interventions are initially primarily accessed by the rich, but that inequalities narrow with diffusion to the poor - holds true for cancer screening in low and middle income countries ( lmics ). this study examines the relationship between overall coverage and economic inequalities in coverage of cancer screening in four middle - income countries. several studies have shown associations between hyperglycemia and risk of cardiovascular disease ( cvd ) and mortality, yet glucose - lowering treatment does little to mitigate this risk. we examined whether associations between hyperglycemia and cvd risk were explained by underlying insulin resistance.","Maybe

Justification: The study aims to identify and understand the difference in the number of outpatient visits and health examinations based on various health behaviors, suggesting a potential relationship between health behaviors and the use of medical resources ([1]). However",0.7917
fixed_dense,fixed,dense,mistral,Antral follicle assessment as a tool for predicting outcome in IVF--is it a better predictor than age and FSH?,maybe,yes,0,1,generation_failure,"the purpose of this study is to determine if baseline antral follicle assessment may serve as additional information in predicting in vitro fertilization outcome. prospective, descriptive preliminary study of in vitro fertilization outcome. from july 1998 to july 1999, 224 patients underwent antral follicle assessment ( follicle 2 - 6 mm in diameter ) on baseline of the planned, stimulated in vitro fertilization cycle. the outcomes were analyzed with respect to antral follicle assessment ( < or = 6 or > 6 ), basal cycle day 3 follicle stimulated hormone ( < or = 10 or > 10 iu / l ) and maternal age ( < or = 35 or > 35 years ). the clinical pregnancy rate was significantly higher in the group with baseline antral follicle > 6 compared to that in the group with antral follicle < or = 6 ( 51 % vs. 19 %, respectively ). controlling for patient age, and basal follicle stimulated hormone, the pregnancy rate was significantly higher in the group with antral follicle > 6 compared to that in the group with antral follicle < or = 6. the cancellation rate was significantly increased with advancing maternal age, elevated basal follicle stimulated hormone levels, and baseline antral follicle < or = 6. the cancellation rate was significantly higher in the group with antral follicle < or = 6 compared to that in the group with antral follicle > or = 6 ( 33 % vs. 1 %, respectively ). to critically assess the evidence that appendiceal perforation is a risk factor for subsequent tubal infertility or ectopic pregnancy. overall scores were similar. however, continence score was significantly better in the abd group, and the stool pattern score was better in the terpt group. a significant difference in age at interview between the 2 groups was noted ; we therefore reanalyzed the data controlling for age, and this showed that age did not significantly affect the long - term scoring outcome between groups.","Yes

Justification: The clinical pregnancy rate was significantly higher in the group with antral follicle > 6 compared to that in the group with antral follicle < or = 6, even after controlling for patient",0.7500
fixed_dense,fixed,dense,mistral,Do all ethnic groups in New Zealand exhibit socio-economic mortality gradients?,yes,yes,1,1,success,"first, to establish whether a deprivation gradient in all - cause mortality exists for all ethnic groups within new zealand ; second, if such gradients do exist, whether their absolute slopes are the same ; and third, if such gradients exist, what impact the unequal deprivation distributions of the different ethnic groups have on the observed ethnic inequalities in life expectancy at birth. abridged lifetables for the period 1999 - 2003 were constructed using standard demographic methods for each of four ethnic groups ( asian, pacific, maori and european ) by nzdep2001 quintile and sex. gradients were estimated by fitting generalised linear models to the quintile - specific life expectancy estimates for each ethnic group ( by sex ). the contribution of variation in deprivation distributions to inter - ethnic inequalities in life expectancy was estimated by re - weighting the quintile - specific mortality rates for each ethnic group using weights derived from the european deprivation distribution and recalculating the lifetable. all four ethnic groups exhibit deprivation gradients in all - cause mortality ( life expectancy ). maori show the steepest gradients, with slopes approximately 25 % steeper than those of europeans for both males and females. by contrast, gradients among asian and pacific peoples are shallower than those of their european counterparts. this paper investigates the impact of geographic scale ( census tract, zip code, and county ) on the detection of disparities in breast cancer mortality among three ethnic groups in texas ( period 1995 - 2005 ). racial disparities were quantified using both relative ( rr ) and absolute ( rd ) statistics that account for the population size and correct for unreliable rates typically observed for minority groups and smaller geographic units. results were then correlated with socio - economic status measured by the percentage of habitants living below the poverty level. african - american and hispanic women generally experience higher mortality than white non - hispanics, and these differences are especially significant in the southeast metropolitan areas and southwest border of texas. the proportion and location of significant racial disparities however changed depending on the type of statistic ( rr versus rd ) and the geographic level. the largest proportion of significant results was observed for the rd statistic and census tract data. geographic regions with significant racial disparities for african - americans and hispanics frequently had a poverty rate above 10. 00 %.","Yes

Justification: The context states that all four ethnic groups (Asian, Pacific, Maori, and European) in New Zealand exhibit deprivation gradients in all-cause mortality (life expectancy) ([3",0.7727
fixed_dense,fixed,dense,mistral,Can normal knee kinematics be restored with unicompartmental knee replacement?,no,yes,0,1,generation_failure,"unicompartmental replacement can be an alternative to tibial osteotomy in younger, active patients with unicompartmental knee disease. in unicompartmental replacement, the other compartments and knee ligaments are largely untouched. therefore, it was hypothesized that the knee kinematics after unicompartmental replacement may also be unchanged. to test this hypothesis, knee kinematics and quadriceps tension were recorded before and after replacement with a unicompartmental design and then with a tricompartmental design. six human cadaver knees were tested before implantation, after implantation with a bicruciate - retaining unicompartmental knee prosthesis, and after implantation with a posterior cruciate - retaining tricompartmental knee prosthesis. the unicompartmental prosthesis was initially implanted, and it was then revised to a total condylar knee replacement. the knee kinematics were measured with use of an electromagnetic tracking device while the knee was put through dynamic simulated stair - climbing under peak flexion moments of approximately 40 n - m. quadriceps tension was also measured for all three conditions. there are a number of factors responsible for the longevity of unicompartmental knee replacements ( ukr ). these include the magnitude of postoperative alignment and the type of material used. the effect of component design and material on postoperative alignment, however, has not been explored. no significant differences in tibial axial rotation were noted between the intact and unicompartmental conditions. however, tricompartmental replacement significantly affected tibial axial rotation ( p = 0. 001 ). femoral rollback was not significantly affected by either unicompartmental or tricompartmental arthroplasty. quadriceps tension was also similar among all three conditions. reconstructing the natural joint line in knee revision surgery improves clinical and functional outcome but may be challenging when both cartilage and bone were removed during previous operations. assessing joint lines ( jls ) by means of bony landmarks is inadvisable because of large variations in human anatomy. because of the inherent symmetry of the human body, we hypothesised that jls may be directly assessed by measuring the distances from the bony landmarks to the jl of the contralateral knee by means of radiographic images.","Yes

Justification: From the context, no significant differences in tibial axial rotation were noted between the intact and unicompartmental conditions ([4]). This suggests that normal knee kinematics can be restored with un",0.6522
fixed_dense,fixed,dense,mistral,Are serum leptin levels a prognostic factor in advanced lung cancer?,no,no,1,1,success,"the serum leptin levels at diagnosis were significantly lower in lung cancer patients than those in control subjects ( 4. 75±4. 91 ng / ml, 9. 67±8. 02 ng / ml ; p < 0. 001 ). we did not find any significant difference in leptin values related to clinicopathological parameters such as ecog ps, weight loss, histological type, disease stage and tnm classification. nevertheless, we demonstrated a significant correlation between serum leptin levels and bmi in lung cancer patients ( correlation coefficient : 0. 303 ; p > 0. 010 ). the analysis of serum leptin values did not show any association with the overall survival of the patients. few studies have assessed whether the advantage chemotherapy has been shown to have in treating advanced non - small lung carcinoma in clinical trials is transferrable to normal health care activity. this could explain the skepticism of a large number of pneumologists towards this treatment. the objective of our study was to analyze prognostic factors related to survival and to see whether cytostatic treatment was an independent predictor. the aim of this prognostic factor analysis was to investigate if a patient ' s self - reported health - related quality of life ( hrqol ) provided independent prognostic information for survival in non - small cell lung cancer ( nsclc ) patients. we review our results on surgical treatment of patients with stage i non - small cell lung carcinoma and we attempted to clarify the prognostic significance of some surgical - - pathologic variables. obesity may be associated with lower prostate specific antigen through hemodilution. we examined the relationship between body mass index and prostate specific antigen by age in men without prostate cancer in a longitudinal aging study to determine whether prostate specific antigen must be adjusted for body mass index.","No, the analysis of serum leptin values did not show any association with the overall survival of the patients.",0.9167
fixed_dense,fixed,dense,mistral,Is fetal gender associated with emergency department visits for asthma during pregnancy?,no,no,1,1,success,"to investigate if fetal gender ( 1 ) affects the risk of having an emergency department ( ed ) visit for asthma ; and ( 2 ) is associated with adverse pregnancy outcomes among women who had at least one visit to the ed for asthma during pregnancy. among 109, 173 live singleton deliveries, 530 women had visited ed due to asthma during pregnancy. while having an ed visit for asthma was positively associated with teenage pregnancy, low income, and presence of pregnancy - induced hypertension, it was not associated with fetal gender ( or 1. 01, 95 % ci 0. 85 - 1. 19 ). fetal gender was not a significant predictor of adverse pregnancy outcomes among women who had an asthma ed visit during pregnancy. we linked two provincial administrative databases containing records on in - patient deliveries and ed visits. the study sample included women who delivered a live singleton baby between april 2003 and march 2004. pregnant women who made at least one ed visit for asthma were counted as cases and the rest of the women as control subjects. we performed a multivariable analysis using logistic regression to model the risk of having an ed visit for asthma, with fetal gender being one of the predictors. in addition, a series of multivariable logistic regressions were also constructed separately for cases and controls for the following adverse delivery outcomes : low birth weight baby, preterm delivery, and delivery via caesarian section. the objective of the study was to determine whether risk of recurrent preterm birth differs based on the clinical presentation of a prior spontaneous preterm birth ( sptb ) : advanced cervical dilatation ( acd ), preterm premature rupture of membranes ( pprom ), or preterm labor ( ptl ). we ascertained whether the obstetric history, syphilis testing, blood group testing, haemoglobin measurement and uterine growth assessment were performed during antenatal care along with whether appropriate action was taken. for intrapartum care, estimation of fetal weight, the performance of pelvimetry, blood pressure monitoring, urine testing, evaluation of head above pelvis, fetal heart rate monitoring, monitoring of contractions and plotting of cervical dilatation, and whether the appropriate actions were taken, were assessed.","No

Justification: The study found that fetal gender was not a significant predictor of emergency department visits for asthma during pregnancy (2).",0.8000
fixed_dense,fixed,dense,mistral,Stretch-sensitive KCNQ1 mutation A link between genetic and environmental factors in the pathogenesis of atrial fibrillation?,yes,yes,1,1,success,"this study sought to evaluate mutations in genes encoding the slow component of the cardiac delayed rectifier k + current ( i ( ks ) ) channel in familial atrial fibrillation ( af ). one missense kcnq1 mutation, r14c, was identified in 1 family with a high prevalence of hypertension. atrial fibrillation was present only in older individuals who had developed atrial dilation and who were genotype positive. patch - clamp studies of wild - type or r14c kcnq1 expressed with kcne1 in cho cells showed no statistically significant differences between wild - type and mutant channel kinetics at baseline, or after activation of adenylate cyclase with forskolin. after exposure to hypotonic solution to elicit cell swelling / stretch, mutant channels showed a marked increase in current, a leftward shift in the voltage dependence of activation, altered channel kinetics, and shortening of the modeled atrial action potential duration. mutation screening of the kcnq1, kcne1, kcne2, and kcne3 genes was performed in 50 families with af. the effects of mutant protein on cardiac i ( ks ) activation were evaluated using electrophysiological studies and human atrial action potential modeling. ablation of persistent atrial fibrillation ( af ) may require adjunctive methods of substrate modification. both ablation - targeting complex fractionated atrial electrograms ( cfaes ) recorded during af and fractionated electrograms recorded during sinus rhythm ( sinus rhythm fractionation [ srf ] ) have been described. however, the relationship of cfaes with srf is unclear. twenty patients ( age 62 ± 9 years, 13 males ) with persistent af and 9 control subjects without organic heart disease or af ( age 36 ± 6 years, 4 males ) underwent detailed cfae and srf left atrial electroanatomic maps. the overlap in left atrial regions with cfaes and srf was compared in the af population, and the distribution of srf was compared among patients with af and normal controls. propagation maps were analyzed to identify the activation patterns associated with sr fractionation.","Yes

Justification: The provided context shows that a mutation in the KCNQ1 gene, specifically the R14C mutation, is stretch-sensitive and causes changes in the atrial action potential duration when cells are exposed",0.4286
fixed_dense,fixed,dense,mistral,Are adult body circumferences associated with height?,yes,yes,1,1,success,"weight scales as height squared, which is an observation that forms the basis of body mass index ( weight / height ( 2 ) ). if, and how, circumferences, including waist circumference ( wc ) and hip circumference ( hc ), scale to height remains unclear, but this is an important consideration when developing normative ranges or applying wc / height and hc / height as risk indexes. after adjustment for age and race, weight scaled to height in men and women with mean ( ±see ) powers of 2. 29 ± 0. 11 and 1. 80 ± 0. 07, respectively ( both p < 0. 001 ). although univariate circumference - height models were weak or nonsignificant, when adjusted for age and race wc and hc scaled to height with powers of 0. 76 ± 0. 08 and 0. 45 ± 0. 05, respectively, in men and 0. 80 ± 0. 05 and 0. 53 ± 0. 04, respectively, in women ( all p < 0. 001 ). age - and race - adjusted incremental increases in circumferences ranged from 0. 2 to 0. 5 cm per centimeter increase in height. both wc / height and hc / height scaled negatively to height in men and women, and wc / hc scaled negatively to height in women only ( all p < 0. 001 ). health status - adjusted models were similar. subjects were 121 men and 111 women ( age : 21 - 67 years, bmi : 16 - 41 kg / m ( 2 ) ). height, weight, and bmr were measured. continuous open - circuit indirect calorimetry using a ventilated hood system for 30 min was used to measure bmr. a regression equation was derived using stepwise regression and accuracy was compared to 6 existing equations ( harris - benedict, henry, liu, yang, owen and mifflin ). additionally, the newly derived equation was cross - validated in a separate group of 70 chinese subjects ( 26 men and 44 women, age : 21 - 69 years, bmi : 17 - 39 kg / m ( 2 ) ). subjects were adult non - hispanic white, non - hispanic black, and mexican american men ( n = 7422 ) and nonpregnant women ( n = 7999 ) who had complete demographic and anthropometric data. in addition to height, allometric models were developed for each measure that controlled for age, race, and self - reported health status. in 60 middle - aged individuals without diabetes we studied the associations of fasting plasma glucose, 2 - hour post oral glucose tolerance test plasma glucose, insulin sensitivity as well as body fat percentage with cvd risk. insulin sensitivity was measured as the glucose infusion rate during a euglycemic hyperinsulinemic clamp, body fat percentage was measured by dual x - ray absorptiometry, and cvd risk was estimated using the framingham risk score. associations of fasting plasma glucose, 2 - hour plasma glucose, insulin sensitivity and body fat percentage with the framingham risk score were assessed in linear regression models.","Yes

Justification: The provided context states that, after adjusting for age and race, waist circumference (wc) and hip circumference (hc) scaled to height with powers of 0.76 ± 0.0",0.6842
fixed_dense,fixed,dense,mistral,Would corrected QT dispersion predict left ventricular hypertrophy in hypertensive patients?,yes,yes,1,1,success,"we explored whether qt corrected dispersion ( qtcd ) can identify left ventricular hypertrophy ( lvh ) in hypertensives. we enrolled 100 hypertensive patients ( study group ) and 30 normotensive subjects ( control group ). echocardiography was performed to measure left ventricular mass and left ventricular mass index. electrocardiogram was performed to measure qtcd. several studies have shown associations between hyperglycemia and risk of cardiovascular disease ( cvd ) and mortality, yet glucose - lowering treatment does little to mitigate this risk. we examined whether associations between hyperglycemia and cvd risk were explained by underlying insulin resistance. myocardial damage that is associated with percutaneous coronary intervention ( pci ) partially affects the results of the procedure, and is related to medium - term cardiovascular death. remote postischemic conditioning might reduce the myocardial lesions that are associated with pci, but perhaps less so in diabetics. the aim of this study was to evaluate the protective effect of remote postischemic conditioning in patients undergoing elective pci for stable angina or non - st elevation acute coronary syndrome with troponin < 1 ng / ml at the time of randomization. chronic pulmonary regurgitation ( pr ) following repair of tetralogy of fallot ( tof ) leads to rv dilation and an increased incidence of sudden cardiac death in adult patients.","Yes

Justification: The context states that the study explored whether corrected QT dispersion (qtcd) can identify left ventricular hypertrophy (lvh) in hypertensives, indicating a potential for qtcd",0.7000
fixed_dense,fixed,dense,mistral,Traumatic aortic injury: does the anatomy of the aortic arch influence aortic trauma severity?,yes,maybe,0,1,generation_failure,"traumatic aortic injury ( tai ) is a rare but life - threatening type of injury. we investigate whether the anatomy of the aortic arch influences the severity of aortic injury. the rate of aortic aneurysm rupture correlates with the aneurysm ' s diameter, and a higher rate of rupture is observed in patients with larger aneurysms. according to the literature, contradictory results concerning the relationship between atmospheric pressure and aneurysm size have been reported. aim : in this paper, we assessed the influence of changes in atmospheric pressure on abdominal aneurysm ruptures in relationship to the aneurysm ' s size. mortality at index admission, transfusion requirement during first 24 hours, and presence of nonorthopaedic injuries as a function of young - burgess pelvic classification type. mortality compared with historic controls. this is a retrospective study of twenty - two cases treated with tevar for tai in our department from 2009 to 2014. aortic injury was assessed in accordance with the recommendations of the society of vascular surgery. we measured the aortic arch angle and the aortic arch index, based on the initial angio - ct scan, in each of the analyzed cases. trauma patients who require therapeutic anticoagulation pose a difficult treatment problem. the purpose of this study was to determine : ( 1 ) the incidence of complications using therapeutic anticoagulation in trauma patients, and ( 2 ) if any patient factors are associated with these complications.","Maybe

Justification: The provided context discusses the influence of the aortic arch anatomy on aortic injury severity, but it does not definitively conclude that there is an influence. Instead, it mentions that the",0.3529
fixed_dense,fixed,dense,mistral,Inpatient versus outpatient management of neutropenic fever in gynecologic oncology patients: is risk stratification useful?,yes,yes,1,1,success,"this study aimed to evaluate the utility of risk stratification of gynecologic oncology patients with neutropenic fever ( nf ). a retrospective chart review of gynecologic cancer patients admitted with nf from 2007 to 2011 was performed, wherein demographic, oncologic, and nf characteristics ( hospitalization length, complications, and death ) were collected. the multinational association for supportive care in cancer ( mascc ) risk index score was calculated ; low risk was considered ≥ 21. sas 9. 2 was used for statistical analyses. an 18 - month retrospective review was performed on trauma patients > or = 15 years old who received therapeutic anticoagulation using unfractionated heparin ( uh ) and / or fractionated heparin ( fh ). forty different pre - treatment and treatment patient characteristics were recorded. complications of anticoagulation were documented and defined as any unanticipated discontinuation of the anticoagulant for bleeding or other adverse events. the unadjusted odds ratio for early discharge to home ( versus late discharge or death ) was 1. 41 ( 95 % ci 0. 91 to 2. 17 ) when patients on statin treatment were compared with referent stroke patients not on statins. prognostic factors were, in general, more unfavorable among patients on statins. when this was adjusted for in a logistic regression model, the use of statins was a moderately strong but statistically nonsignificant predictor of discharge to home ( multiple - adjusted odds ratio 1. 42, 95 % ci 0. 90 to 2. 22 ). mortality at index admission, transfusion requirement during first 24 hours, and presence of nonorthopaedic injuries as a function of young - burgess pelvic classification type. mortality compared with historic controls.","Yes

Justification: The study aimed to evaluate the utility of risk stratification of gynecologic oncology patients with neutropenic fever (nf), suggesting that risk stratification is being considered as useful in this context",0.6842
fixed_dense,fixed,dense,mistral,Should chest wall irradiation be included after mastectomy and negative node breast cancer?,maybe,maybe,1,1,success,"this study aims to evaluate local failure patterns in node negative breast cancer patients treated with post - mastectomy radiotherapy including internal mammary chain only. immediate breast reconstruction ( ibr ) provides psychological benefit to many early breast cancer patients however concerns persist regarding its potential impact on chemotherapy delivery. we investigated the association between ibr, complications and adjuvant chemotherapy delivery. retrospective analysis of patients in an academic breast service, who underwent mastectomy, with or without reconstruction, and received adjuvant chemotherapy. retrospective analysis of 92 internal or central - breast node - negative tumours with mastectomy and external irradiation of the internal mammary chain at the dose of 50 gy, from 1994 to 1998. to evaluate accelerated partial breast irradiation ( apbi ) in patients after oncoplastic surgery for early breast cancer.","Maybe

Justification: The context mentions the study evaluates local failure patterns in node negative breast cancer patients treated with post-mastectomy radiotherapy including internal mammary chain only ([1]), but it does not explicitly state",0.6667
fixed_dense,fixed,dense,mistral,Can bisphosphonate treatment be stopped in a growing child with skeletal fragility?,maybe,maybe,1,1,success,"cyclical pamidronate therapy in a 2 - year - old child with skeletal fragility resulted in remodelling of vertebral fractures and improvement in bone mineral density ( bmd ) at distal radial and spinal sites. the bmd at both sites decreased precipitously within 24 months of stopping treatment, raising the question as to whether bisphosphonates can be stopped in a growing child with skeletal fragility. this case report presents bone densitometry data before, during and after bisphosphonate treatment. axial qct was main outcome from 2 years of age ; dxa and pqct were taken after age 5. at age 23 months, a male toddler sustained a low trauma fracture of his right femur. skeletal radiographs revealed generalised osteopenia with multiple vertebral body fractures. he was diagnosed with type iv osteogenesis imperfecta ; however, no mutations were found in col1a1 or col1a2 genes. treatment of neonatal testicular torsion has two objectives : salvage of the involved testicle ( which is rarely achieved ) and preservation of the contralateral gonad. the second goal universally involves contralateral testicular scrotal fixation to prevent the future occurrence of contralateral torsion. however, there is controversy with regards to management of a synchronous contralateral hydrocele. it has been our policy not to address the contralateral hydrocele through an inguinal incision to minimize potential injury to the spermatic cord. our objective in this study was to determine whether the decision to manage a contralateral hydrocele in cases of neonatal testicular torsion solely through a scrotal approach is safe and effective. qct confirmed that he had low spinal trabecular volumetric bmd ( z - score - 2. 4 ). after 4 years of treatment his vertebral fractures had been remodelled and all bone densitometry values ( qct, dxa and pqct ) were within normal range and therefore treatment was discontinued. shortly after this he suffered stress fractures of his left mid tibia and at the sclerotic metaphyseal line corresponding to his first apd treatment. he had marked reduction in spinal trabecular and distal radial vbmd ; change in bmad was less marked.","Maybe

Justification: The case report presents bone densitometry data before, during, and after bisphosphonate treatment, showing that bone mineral density (BMD) at distal radial and spinal sites improved during treatment but decre",0.7826
fixed_dense,fixed,dense,mistral,"Regional anesthesia as compared with general anesthesia for surgery in geriatric patients with hip fracture: does it decrease morbidity, mortality, and health care costs?",no,maybe,0,1,generation_failure,"hip fracture in geriatric patients has a substantial economic impact and represents a major cause of morbidity and mortality in this population. at our institution, a regional anesthesia program was instituted for patients undergoing surgery for hip fracture. this retrospective cohort review examines the effects of regional anesthesia ( from mainly after july 2007 ) vs general anesthesia ( mainly prior to july 2007 ) on morbidity, mortality and hospitalization costs. the average cost of hospitalization in patients who received surgery for hip fracture was no different between patients who receive regional or general anesthesia ( $ 16, 789 + 631 vs $ 16, 815 + 643, respectively, p = 0. 9557 ). delay in surgery and intensive care unit ( icu ) admission resulted in significantly higher hospitalization costs. age, male gender, african american race and icu admission were associated with increased in - hospital mortality. in - hospital mortality and rates of readmission are not statistically different between the two anesthesia groups. mortality at index admission, transfusion requirement during first 24 hours, and presence of nonorthopaedic injuries as a function of young - burgess pelvic classification type. mortality compared with historic controls. this retrospective cohort study involved data collection from electronic and paper charts of 308 patients who underwent surgery for hip fracture from september 2006 to december 2008. data on postoperative morbidity, in - patient mortality, and cost of hospitalization ( as estimated from data on hospital charges ) were collected and analyzed. seventy - three patients received regional anesthesia and 235 patients received general anesthesia. during july 2007, approximately halfway through the study period, a regional anesthesia and analgesia program was introduced. the unadjusted odds ratio for early discharge to home ( versus late discharge or death ) was 1. 41 ( 95 % ci 0. 91 to 2. 17 ) when patients on statin treatment were compared with referent stroke patients not on statins. prognostic factors were, in general, more unfavorable among patients on statins. when this was adjusted for in a logistic regression model, the use of statins was a moderately strong but statistically nonsignificant predictor of discharge to home ( multiple - adjusted odds ratio 1. 42, 95 % ci 0. 90 to 2. 22 ).","Maybe

Justification: The study shows no significant difference in hospitalization costs between the two anesthesia groups (regional and general anesthesia). However, it does not provide evidence on the impact of regional anesthesia",0.5500
fixed_dense,fixed,dense,mistral,Does blood pressure change in treated hypertensive patients depending on whether it is measured by a physician or a nurse?,yes,yes,1,1,success,"to determine whether there are differences between blood pressure ( bp ) measured by the nurse ( nbp ), bp measured by the physician ( pbp ) and self - measured bp in treated hypertensive patients and, if found, to evaluate their clinical importance. the difference between physician - systolic bp and nurse - systolic bp was 5. 16 mmhg ( 95 % ci 2. 62 - 7. 7 ; p < 0. 001 ). the difference between physician - systolic bp and self - measured systolic bp was 4. 67 mmhg ( 95 % ci 0. 89 - 8. 44 ; p = 0. 016 ). the differences between nurse - systolic bp and self - measured systolic bp were not significant ( 0. 49 mmhg ; 95 % ci 3. 71 - 2. 71 ; p = 0. 758 ). with regards to diastolic bp, no significant differences were found between the different ways of measurement. nbp gave the following values : sensitivity ( sn ) of 92 % and specificity ( sp ) of 60 % ; positive predictive value ( ppv ) of 65. 7 % and negative predictive value ( npv ) of 90 % with a positive coefficient of probability ( cp + ) of 2. 3 and a negative coefficient of probability ( cp - ) of 0. 133. pbp gave the following results : sn = 72 % ; sp = 66. 7 % ; ppv = 64. epidemiological studies have suggested inverse relationships between blood pressure and prevalence of conditions such as migraine and headache. it is not yet clear whether similar relationships can be established for back pain in particular in prospective studies. although consensus guidelines for pretreatment evaluation and monitoring of propranolol therapy in patients with infantile hemangiomas ( ih ) have been formulated, little is known about the cardiovascular side effects. health care providers, which include house staff, nurses, and respiratory care practitioners who provide care to patients with asthma in the primary general medicine clinic or the pulmonary medicine clinic of a university - county hospital in which patients were referred, were surveyed and assigned a performance score regarding the knowledge base of the appropriate use of metered - dose inhalers. patients who attended the primary care general medicine and pulmonary subspecialty clinic were also assessed as to their proficiency in the use of metered - dose inhalers.","Yes

Justification: The difference between physician-systolic bp and nurse-systolic bp was 5.16 mmHg, which is a significant difference (p < 0.001).",0.8750
fixed_dense,fixed,dense,mistral,Treadmill testing of children who have spina bifida and are ambulatory: does peak oxygen uptake reflect maximum oxygen uptake?,yes,maybe,0,1,generation_failure,"the aim of this study was to determine whether the vo ( 2 ) peak measured during an incremental treadmill test is a true reflection of the maximum oxygen uptake ( (. ) vo ( 2 ) max ) in children who have spina bifida and are ambulatory. twenty children who had spina bifida and were ambulatory participated. the (. ) vo ( 2 ) peak was measured during a graded treadmill exercise test. the validity of (. ) vo ( 2 ) peak measurements was evaluated by use of previously described guidelines for maximum exercise testing in children who are healthy, as well as differences between vo ( 2 ) peak and (. ) vo ( 2 ) during a supramaximal protocol ( (. ) vo ( 2 ) supramaximal ). earlier studies have demonstrated low peak oxygen uptake ( (. ) vo ( 2 ) peak ) in children with spina bifida. low peak heart rate and low peak respiratory exchange ratio in these studies raised questions regarding the true maximal character of (. ) vo ( 2 ) peak values obtained with treadmill testing. we sought to determine whether patients with obstructive sleep apnea ( osa ) had an objective change in aerobic fitness during cycle ergometry compared to a normal population. the most accurate test of aerobic fitness is measurement of maximum oxygen consumption ( vo2max ) with cycle ergometry. these results apply to children who have spina bifida and are at least community ambulatory.","Maybe

Justification: The study aims to determine whether the peak oxygen uptake during a treadmill test is a true reflection of the maximum oxygen uptake in children with spina bifida who are ambulatory. However",0.8095
fixed_dense,fixed,dense,mistral,Is the probability of prenatal diagnosis or termination of pregnancy different for fetuses with congenital anomalies conceived following assisted reproductive techniques?,no,maybe,0,1,generation_failure,"to compare the probability of prenatal diagnosis ( pnd ) and termination of pregnancy for fetal anomaly ( topfa ) between fetuses conceived by assisted reproductive techniques ( art ) and spontaneously - conceived fetuses with congenital heart defects ( chd ). the objective of the study was to determine whether risk of recurrent preterm birth differs based on the clinical presentation of a prior spontaneous preterm birth ( sptb ) : advanced cervical dilatation ( acd ), preterm premature rupture of membranes ( pprom ), or preterm labor ( ptl ). comparison of art - conceived and spontaneously conceived fetuses taking into account potential confounders ( maternal characteristics, multiplicity and year of birth or topfa ). probability and gestational age at pnd and topfa for art - conceived versus spontaneously conceived fetuses. several studies have suggested a protective effect of folic acid ( fa ) on congenital heart anomalies. down syndrome ( ds ) infants are known to have a high frequency of heart anomalies. not all children with ds suffer from heart anomalies, which raises the question whether maternal factors might affect the risk of these anomalies. our objectives were to investigate whether first - trimester fa use protects against heart anomalies among ds children.","Maybe

Justification: The context provides information about comparing the probability of prenatal diagnosis and termination of pregnancy for fetuses conceived by assisted reproductive techniques (ART) and spontaneously conceived fetuses, but it",0.6316
fixed_dense,fixed,dense,mistral,Is there a relationship between complex fractionated atrial electrograms recorded during atrial fibrillation and sinus rhythm fractionation?,no,maybe,0,1,generation_failure,"ablation of persistent atrial fibrillation ( af ) may require adjunctive methods of substrate modification. both ablation - targeting complex fractionated atrial electrograms ( cfaes ) recorded during af and fractionated electrograms recorded during sinus rhythm ( sinus rhythm fractionation [ srf ] ) have been described. however, the relationship of cfaes with srf is unclear. twenty patients ( age 62 ± 9 years, 13 males ) with persistent af and 9 control subjects without organic heart disease or af ( age 36 ± 6 years, 4 males ) underwent detailed cfae and srf left atrial electroanatomic maps. the overlap in left atrial regions with cfaes and srf was compared in the af population, and the distribution of srf was compared among patients with af and normal controls. propagation maps were analyzed to identify the activation patterns associated with sr fractionation. this study sought to evaluate mutations in genes encoding the slow component of the cardiac delayed rectifier k + current ( i ( ks ) ) channel in familial atrial fibrillation ( af ). atrial fibrillation, which occurs in 12 % of all major foregut surgeries, can prolong hospital stay and increase morbidity. minimally invasive techniques in foregut surgery have been suggested to cause less tissue trauma. we examined the factors associated with new - onset atrial fibrillation after foregut surgery at our institution. mutation screening of the kcnq1, kcne1, kcne2, and kcne3 genes was performed in 50 families with af. the effects of mutant protein on cardiac i ( ks ) activation were evaluated using electrophysiological studies and human atrial action potential modeling.","Maybe

Justification: The study described in the context compares the overlap in left atrial regions with complex fractionated atrial electrograms (cfaes) and sinus rhythm fractionation (srf) in a population with persistent",0.8000
fixed_dense,fixed,dense,mistral,Does rural or urban residence make a difference to neonatal outcome in premature birth?,yes,yes,1,1,success,""" rural "" or "" urban "" status was based on the location of maternal residence. perinatal characteristics, major morbidity and case mix adjusted mortality were compared between 1879 rural and 6775 urban infants < 32 weeks gestational age, born in 1992 - 2002 and admitted to all 10 neonatal intensive care units in nsw and act. rural mothers were more likely to be teenaged, indigenous, and to have had a previous premature birth, prolonged ruptured membrane, and antenatal corticosteroid. urban mothers were more likely to have had assisted conception and a caesarean section. more urban ( 93 % v 83 % ) infants were born in a tertiary obstetric hospital. infants of rural residence had a higher mortality ( adjusted odds ratio ( or ) 1. 26, 95 % confidence interval ( ci ) 1. 07 to 1. 48, p = 0. 005 ). this trend was consistently seen in all subgroups and significantly for the tertiary hospital born population and the 30 - 31 weeks gestation subgroup. regional birth data in this gestational age range also showed a higher stillbirth rate among rural infants ( or 1. 20, 95 % ci 1. 09 to 1. 32, p < 0. 001 ). patients living in rural areas may be at a disadvantage in accessing tertiary health care. aim : to test the hypothesis that very premature infants born to mothers residing in rural areas have poorer outcomes than those residing in urban areas in the state of new south wales ( nsw ) and the australian capital territory ( act ) despite a coordinated referral and transport system. childbirth significantly affects puerpera ' s physical, psychological and social domains of quality of life. under the circumstance of increasing high caesarean section rate in rural china, the impact of delivery mode on postnatal quality of life remains unclear. the objective of the study was to determine whether risk of recurrent preterm birth differs based on the clinical presentation of a prior spontaneous preterm birth ( sptb ) : advanced cervical dilatation ( acd ), preterm premature rupture of membranes ( pprom ), or preterm labor ( ptl ).","Yes

Justification: The text states that infants of rural residence had a higher mortality rate compared to urban infants (adjusted odds ratio (or) 1.26, 95% confidence interval (ci) ",0.8182
fixed_dense,fixed,dense,mistral,Is the use of cyanoacrylate in intestinal anastomosis a good and reliable alternative?,yes,maybe,0,1,generation_failure,"the present study aims to compare strength, healing, and operation time of experimental intestinal anastomoses performed by polyglactin 910 ( vicryl ; ethicon, edinburgh, united kingdom ) sutures with ethyl - 2 - cyanoacrylate glue ( pattex ; henkel, dusseldorf, germany ). to determine whether post - operative administration of topical ropivacaine hydrochloride decreases morbidity following adenotonsillectomy. treatment of neonatal testicular torsion has two objectives : salvage of the involved testicle ( which is rarely achieved ) and preservation of the contralateral gonad. the second goal universally involves contralateral testicular scrotal fixation to prevent the future occurrence of contralateral torsion. however, there is controversy with regards to management of a synchronous contralateral hydrocele. it has been our policy not to address the contralateral hydrocele through an inguinal incision to minimize potential injury to the spermatic cord. our objective in this study was to determine whether the decision to manage a contralateral hydrocele in cases of neonatal testicular torsion solely through a scrotal approach is safe and effective. 69 cases were included in this study ( ranged 80 - 98, male : female = 9 : 60 ). 56 cases ( 81. 2 % ) had an aneurysm in the anterior circulation. 23 cases received clipping, 20 cases coil embolization and 26 cases treated conservatively. the cases with aneurysm repair showed significantly better clinical outcome than the controls, while world federation of neurological surgeons ( wfns ) grade on admission and premorbid modified rankin scale showed no difference between them. no significant differences in tibial axial rotation were noted between the intact and unicompartmental conditions. however, tricompartmental replacement significantly affected tibial axial rotation ( p = 0. 001 ). femoral rollback was not significantly affected by either unicompartmental or tricompartmental arthroplasty. quadriceps tension was also similar among all three conditions.","Maybe

Justification: The study compares the use of polyglactin 910 sutures with ethyl - 2 - cyanoacrylate glue in intestinal anastomoses, but it does",0.6667
fixed_dense,fixed,dense,mistral,Is trabecular bone related to primary stability of miniscrews?,yes,yes,1,1,success,"to compare the primary stability of miniscrews inserted into bone blocks of different bone mineral densities ( bmds ) with and without cortical bone, and investigate whether some trabecular properties could influence primary stability. fifty - two bone blocks were extracted from fresh bovine pelvic bone. four groups were created based on bone type ( iliac or pubic region ) and presence or absence of cortical bone. specimens were micro - computed tomography imaged to evaluate trabecular thickness, trabecular number, trabecular separation, bone volume density ( bv / tv ), bmd, and cortical thickness. miniscrews 1. 4 mm in diameter and 6 mm long were inserted into the bone blocks, and primary stability was evaluated by insertion torque ( it ), mini - implant mobility ( ptv ), and pull - out strength ( ps ). the proper angle of miniscrew insertion is important for cortical anchorage, patient safety, and biomechanical control. the purposes of this study are to report the alveolar process thickness and inter - radicular space in the posterior region of the mandible, to assess the impact of different miniscrew insertion angle protocols, and to identify differences between the genders or types of malocclusion. intergroup comparison showed lower levels of primary stability when the bmd of trabecular bone was lower and in the absence of cortical bone ( p≤. 05 ). the pearson correlation test showed correlation between trabecular number, trabecular thickness, bv / tv, trabecular bmd, total bmd, and it, ptv, and ps. there was correlation between cortical thickness and it and ps ( p≤. 05 ). no significant differences in tibial axial rotation were noted between the intact and unicompartmental conditions. however, tricompartmental replacement significantly affected tibial axial rotation ( p = 0. 001 ). femoral rollback was not significantly affected by either unicompartmental or tricompartmental arthroplasty. quadriceps tension was also similar among all three conditions.","Yes

Justification: The Pearson correlation test in the context shows correlation between trabecular number, trabecular thickness, bone volume density (bv/tv), trabecular BMD, total BMD, and primary stability (",0.8000
fixed_dense,fixed,dense,mistral,"Is there any evidence of a ""July effect"" in patients undergoing major cancer surgery?",no,maybe,0,1,generation_failure,"the "" july effect "" refers to the phenomenon of adverse impacts on patient care arising from the changeover in medical staff that takes place during this month at academic medical centres in north america. there has been some evidence supporting the presence of the july effect, including data from surgical specialties. uniformity of care, regardless of time of year, is required for patients undergoing major cancer surgery. we therefore sought to perform a population - level assessment for the presence of a july effect in this field. on univariate analysis, the overall postoperative complication rate, as well as genitourinary and hematologic complications specifically, was higher in july than the rest of the year. however, on multivariate analysis, only hematologic complications were significantly higher in july, with no difference in overall postoperative complication rate or in - hospital mortality for all 8 surgeries considered separately or together. few studies have assessed whether the advantage chemotherapy has been shown to have in treating advanced non - small lung carcinoma in clinical trials is transferrable to normal health care activity. this could explain the skepticism of a large number of pneumologists towards this treatment. the objective of our study was to analyze prognostic factors related to survival and to see whether cytostatic treatment was an independent predictor. spine surgeons usually shave the skin of the incision site immediately before surgery is performed. however, evidence from some surgical series suggests that presurgical shaving may increase the postsurgical infection rate. to our knowledge, no previously published studies have addressed this issue. a comparative, retrospective study was conducted of patients undergoing ureteroscopy from january 2000 to may 2008. for data analysis purposes, the population was divided into two groups based on whether ureteroscopy had been performed with ( group 1 ) or without ( group 2 ) ureteral meatus dilatation. variables recorded included age, sex, type of procedure, surgical diagnosis, passive or active dilatation, number of stones, stone location, stone diameter, peroperative and postoperative complications, internal urinary diversion after the procedure, therapeutic success rate, operating time, and hospital stay duration. a 8 - 9. 8 fr wolf semirigid ureteroscope was used. descriptive statistics of the population and cohorts were performed, providing medians, quartiles, and limit values for non - normally distributed interval variables, and absolute and relative frequencies for categorical variables. shapiro - wilk ' s, mann - whitney ' s u, chi - square, and fisher ' s exact tests were used for statistical analysis. a value of p 2 alpha < or = 0. 005 was considered statistically significant. arcus quickstat biomedical 1. 0 software was used.","Maybe

Justification: The text mentions that on univariate analysis, the overall postoperative complication rate was higher in July than the rest of the year, but on multivariate analysis, only hematologic",0.7778
fixed_dense,fixed,dense,mistral,Is it necessary to insert a nasobiliary drainage tube routinely after endoscopic clearance of the common bile duct in patients with choledocholithiasis-induced cholangitis?,no,maybe,0,1,generation_failure,"little is known about whether a routinely inserted endoscopic nasobiliary drainage ( enbd ) tube improves the clinical course in patients with choledocholithiasis - induced acute cholangitis after clearance of choledocholithiasis. a total of 104 patients with choledocholithiasis - induced acute cholangitis who underwent primary endoscopic treatment were compared according to insertion of an enbd tube ( 51 in the enbd group and 53 in the no - enbd group ). the aim of this study was to investigate the need for enbd on the clinical outcomes of patients with acute cholangitis undergoing endoscopic clearance of common bile duct ( cbd ) stones. insertion of an enbd tube after clearance of cbd stones. we examined 60 patients with benign cystic thyroid nodules confirmed by fine - needle aspiration biopsy and divided them into 2 groups according to nonaspiration ( group a, n = 30 ) or aspiration ( group b, n = 30 ) of ethanol - mixed fluid after intracystic ethanol injection. we evaluated in both groups the complete disappearance of the cystic portion of the thyroid nodule on follow - up ultrasonography ( first follow - up ultrasonography ; mean, 4. 6 months in group a ; mean, 4. 4 months in group b ) ( chi - square test ), side effects or complications during and after the procedure ( chi - square test ), and the total procedure time ( student t test ).","Maybe

Justification: The study aims to investigate the need for an endoscopic nasobiliary drainage (enbd) tube on the clinical outcomes of patients with acute cholangitis undergoing endoscopic clearance",0.8333
fixed_dense,fixed,dense,mistral,Storage of vaccines in the community: weak link in the cold chain?,maybe,yes,0,1,generation_failure,"to assess quality of storage of vaccines in the community. of the 40 respondents, only 16 were aware of the appropriate storage conditions for the vaccines ; eight had minimum and maximum thermometers but only one of these was monitored daily. in six of the eight practices selected for monitoring of refrigeration temperatures the vaccines were exposed to either subzero temperatures ( three fridges ) or temperatures up to 16 degrees c ( three ). two of these were specialised drug storage refrigerators with an incorporated thermostat and external temperature gauges. adherence to department of health guidelines for vaccine storage, temperature range to which vaccines were exposed over two weeks. identified 4 clusters : potentials ( 45 % ) would receive influenza vaccine to prevent disease ; fearful uninformeds ( 9 % ) were unsure if influenza vaccine causes illness ; doubters ( 27 % ) were unsure if vaccine is efficacious ; misinformeds ( 19 % ) believed influenza vaccine causes illness. more potentials ( 75 % ) and misinformeds ( 70 % ) ever received influenza vaccine than did fearful uninformeds ( 18 % ) and doubters ( 29 % ). questionnaire survey of general practices and child health clinics, and monitoring of storage temperatures of selected refrigerators.","Yes

Justification: The context indicates that only 16 out of 40 respondents were aware of the appropriate storage conditions for vaccines, and in six of the eight practices selected for monitoring of refrigeration temperatures, the vaccines",0.7619
fixed_dense,fixed,dense,mistral,Is the clinically positive axilla in breast cancer really a contraindication to sentinel lymph node biopsy?,no,maybe,0,1,generation_failure,"clinically positive axillary nodes are widely considered a contraindication to sentinel lymph node ( sln ) biopsy in breast cancer, yet no data support this mandate. in fact, data from the era of axillary lymph node dissection ( alnd ) suggest that clinical examination of the axilla is falsely positive in as many as 30 % of cases. here we report the results of sln biopsy in a selected group of breast cancer patients with palpable axillary nodes classified as either moderately or highly suspicious for metastasis. clinical examination of the axilla was inaccurate in 41 % of patients ( 43 of 106 ) overall, and was falsely positive in 53 % of patients ( 33 of 62 ) with moderately suspicious nodes and 23 % of patients ( 10 of 44 ) with highly suspicious nodes. false - positive results were less frequent with larger tumor size ( p = 0. 002 ) and higher histologic grade ( p = 0. 002 ), but were not associated with age, body mass index, or a previous surgical biopsy. among 2, 027 consecutive sln biopsy procedures performed by two experienced surgeons, clinically suspicious axillary nodes were identified in 106, and categorized as group 1 ( asymmetric enlargement of the ipsilateral axillary nodes moderately suspicious for metastasis, n = 62 ) and group 2 ( clinically positive axillary nodes highly suspicious for metastasis, n = 44 ). aromatase inhibitors ( ais ) are an effective treatment for postmenopausal women with hormone receptor - positive breast cancer. however, patients receiving ais report a higher incidence of musculoskeletal symptoms and bone fractures ; the mechanism and risk factors for this correlation are not well studied. the aim of this study was to correlate these musculoskeletal symptoms and bone fractures in patients receiving ais with bone mineral density ( bmd ), previous tamoxifen use, and administration of calcium / bisphosphonate ( ca / bis ). extracranial internal carotid artery stenosis is a risk factor for perioperative stroke in patients undergoing coronary artery bypass surgery ( cab ). although selective and non - selective methods of preoperative carotid screening have been advocated, it remains unclear if this screening is clinically relevant. aim : to test whether selective carotid screening is as effective as non - selective screening in detecting significant carotid disease.","Maybe

Justification: The context states that clinical examination of the axilla is falsely positive in as many as 30% of cases, and that the data from the era of axillary lymph node dissection suggest this",0.8000
fixed_dense,fixed,dense,mistral,Convulsions and retinal haemorrhage: should we look further?,yes,yes,1,1,success,"the prevalence of retinal haemorrhages after convulsions is not well established. as these haemorrhages are considered characteristic of child abuse, we investigated their occurrence after convulsive episodes to see whether the finding of haemorrhage should prompt further investigation. prospective study of 153 children ( aged 2 months to 2 years ), seen in the emergency department after a convulsive episode. after a thorough history and physical examination, a retinal examination was performed by an ophthalmologist. if findings were positive, further investigation was undertaken to rule out systemic disorder or child abuse. one child was found with unilateral retinal haemorrhages following an episode of a simple febrile convulsion. a thorough investigation uncovered no other reason for this finding. pterygium is a disease of unknown origin and pathogenesis that might be vision threatening. it is characterised by a wing - like conjunctival overgrowth of the cornea. several studies have investigated human papillomavirus ( hpv ) as a risk factor for the development of pterygia, but the results are inconclusive. aim : to investigate a large sample of pterygia for the presence of hpv in order to clarify the putative association between pterygia and hpv. this was a prospective study of 1400 eyes ( n = 700 ) of enlisted soldiers aged 18 to 21 years who were consecutively evaluated in an outpatient army ophthalmology clinic. one drop of cyclopentolate 1 % was installed twice 10 min apart, and cycloplegic refraction was performed in both eyes 40 min later using an auto - refractor. the difference between non - cycloplegic and cycloplegic refractive measurements was analyzed.","Yes

Justification: The context states that one child was found with unilateral retinal haemorrhages following an episode of a simple febrile convulsion, and a thorough investigation uncovered no other reason for this finding (",0.8182
fixed_dense,fixed,dense,mistral,Are patients willing participants in the new wave of community-based medical education in regional and rural Australia?,yes,yes,1,1,success,"community - based medical education is growing to meet the increased demand for quality clinical education in expanded settings, and its sustainability relies on patient participation. this study investigated patients ' views on being used as an educational resource for teaching medical students. patients attending six rural and 11 regional general practices in new south wales over 18 teaching sessions in november 2008, who consented to student involvement in their consultation. 118 of 122 patients consented to medical student involvement ; of these, 117 ( 99 % ) completed a survey before the consultation, and 100 ( 85 % ) after the consultation. patients were overwhelmingly positive about their doctor and practice being involved in student teaching and felt they themselves played an important role. pre - consultation, patients expressed reluctance to allow students to conduct some or all aspects of the consultation independently. however, after the consultation, they reported they would have accepted higher levels of involvement than actually occurred. patient perceptions, expectations and acceptance of medical student involvement in consultations, assessed by surveys before and after their consultations. communication with terminally ill patients is a main responsibility of physicians. however, many physicians feel insufficiently prepared for this task. models of courses resulting in improvements of communicative skills of participants have been published mainly in the anglo - american literature. this study describes the realization of a 2 - day course model based on the experiences of the first three courses of this kind in rhineland - palatinate, and analyzes changes of participants ' communication behavior.","Yes

Justification: The study found that 118 out of 122 patients consented to medical student involvement, and 85% of those who completed a survey after the consultation reported they would have accepted higher levels of",0.8000
fixed_dense,fixed,dense,mistral,Can Flexible Instruments Create Adequate Femoral Tunnel Lengths at 90° of Knee Flexion in Anterior Cruciate Ligament Reconstruction?,yes,yes,1,1,success,"this study aims to study femoral tunnel lengths drilled with a flexible reamer and the distance to important lateral structures obtained by flexing the knee at various angles and by drilling the guide pins arthroscopically to resemble clinical practice. the purpose of this cadaveric study was twofold : 1. to determine whether femoral tunnel lengths of greater than 20 mm can be created with a flexible reamer system at 90 ° of knee flexion and 2. to determine whether the lateral structures of the knee are safe with this technique. unicompartmental replacement can be an alternative to tibial osteotomy in younger, active patients with unicompartmental knee disease. in unicompartmental replacement, the other compartments and knee ligaments are largely untouched. therefore, it was hypothesized that the knee kinematics after unicompartmental replacement may also be unchanged. to test this hypothesis, knee kinematics and quadriceps tension were recorded before and after replacement with a unicompartmental design and then with a tricompartmental design. six human cadaver knees were tested before implantation, after implantation with a bicruciate - retaining unicompartmental knee prosthesis, and after implantation with a posterior cruciate - retaining tricompartmental knee prosthesis. the unicompartmental prosthesis was initially implanted, and it was then revised to a total condylar knee replacement. the knee kinematics were measured with use of an electromagnetic tracking device while the knee was put through dynamic simulated stair - climbing under peak flexion moments of approximately 40 n - m. quadriceps tension was also measured for all three conditions. ten fresh cadaveric knees were utilized. the intra - osseous length can be measured with a specially de - signed flexible guide pin. flexible pins were inserted with the knee at 70°, 90°, and 120° of flexion. the intra - osseous length was measured with the measuring device. each speci - men was dissected around the lateral aspect of the knee to identify the critical structures, the common peroneal nerve, and the lcl. the distance from the guide pins to the com - mon peroneal nerve and femoral attachment of the lcl were measured with a standard flexible paper ruler to the nearest millimeter. no significant differences in tibial axial rotation were noted between the intact and unicompartmental conditions. however, tricompartmental replacement significantly affected tibial axial rotation ( p = 0. 001 ). femoral rollback was not significantly affected by either unicompartmental or tricompartmental arthroplasty. quadriceps tension was also similar among all three conditions.","Yes

Justification: The study aims to determine whether femoral tunnel lengths of greater than 20 mm can be created with a flexible reamer system at 90° of knee flexion (context [1]).",0.8696
fixed_dense,fixed,dense,mistral,Quality of life in lung cancer patients: does socioeconomic status matter?,yes,yes,1,1,success,"as part of a prospective study on quality of life in newly diagnosed lung cancer patients an investigation was carried out to examine whether there were differences among patients ' quality of life scores and their socioeconomic status. the aim of this prognostic factor analysis was to investigate if a patient ' s self - reported health - related quality of life ( hrqol ) provided independent prognostic information for survival in non - small cell lung cancer ( nsclc ) patients. quality of life was measured at two points in time ( baseline and three months after initial treatment ) using three standard instruments ; the nottingham health profile ( nhp ), the european organization for research and cancer treatment quality of life questionnaire ( eortc qlq - c30 ) and its lung cancer supplement ( qlq - lc13 ). socioeconomic status for each individual patient was derived using carstairs and morris deprivation category ranging from 1 ( least deprived ) to 7 ( most deprived ) on the basis of the postcode sector of their address. in all, 129 lung cancer patients entered into the study. of these data for 82 patients were complete ( at baseline and follow - up ). 57 % of patients were of lower socioeconomic status and they had more health problems, less functioning, and more symptoms as compared to affluent patients. of these, physical mobility ( p = 0. 05 ), energy ( p = 0. 01 ), role functioning ( p = 0. 04 ), physical functioning ( p = 0. 03 ), and breathlessness ( p = 0. 02 ) were significant at baseline. however, at follow - up assessment there was no significant difference between patient groups nor did any consistent pattern emerge. few studies have assessed whether the advantage chemotherapy has been shown to have in treating advanced non - small lung carcinoma in clinical trials is transferrable to normal health care activity. this could explain the skepticism of a large number of pneumologists towards this treatment. the objective of our study was to analyze prognostic factors related to survival and to see whether cytostatic treatment was an independent predictor.","Yes

Justification: At baseline, patients of lower socioeconomic status had more health problems, less functioning, and more symptoms compared to affluent patients ([4]).",0.8235
fixed_dense,fixed,dense,mistral,Are Biochemical Markers of Bone Turnover Representative of Bone Histomorphometry in 370 Postmenopausal Women?,maybe,maybe,1,1,success,"the levels of bone formation and resorption can be assessed at the tissue level by bone histomorphometry on transiliac bone biopsies. systemic biochemical markers of bone turnover reflect the overall bone formation and resorption at the level of the entire skeleton but cannot discriminate the different skeletal compartments. a total of 371 untreated postmenopausal osteoporotic women aged 50 to 84 years with a lumbar t - score ≤ - 2. 5 sd or ≤ - 1 sd with at least one osteoporotic fracture. the static and dynamic parameters of formation and bone resorption were measured by histomorphometry. serum biochemical markers of formation ( bone alkaline phosphatase [ alp ] ; procollagen type i n - terminal propeptide [ pinp ] ) and resorption ( c - terminal crosslinking telopeptide of collagen type 1 [ sctx ] ) were assessed. aromatase inhibitors ( ais ) are an effective treatment for postmenopausal women with hormone receptor - positive breast cancer. however, patients receiving ais report a higher incidence of musculoskeletal symptoms and bone fractures ; the mechanism and risk factors for this correlation are not well studied. the aim of this study was to correlate these musculoskeletal symptoms and bone fractures in patients receiving ais with bone mineral density ( bmd ), previous tamoxifen use, and administration of calcium / bisphosphonate ( ca / bis ). our aim was to investigate the correlations between the serum biochemical markers of formation and resorption with histomorphometric parameters.","Maybe

Justification: The context mentions that biochemical markers of bone turnover reflect the overall bone formation and resorption at the level of the entire skeleton, but it is not clear if they can discriminate the",0.6500
fixed_dense,fixed,dense,mistral,Should early extubation be the goal for children after congenital cardiac surgery?,yes,yes,1,1,success,"we sought to determine the feasibility and assess the clinical outcomes associated with an early extubation strategy for all children undergoing congenital heart surgery, including neonates ( age, < 30 days ). we operated on 613 children, including 97 neonates. intraoperative extubation was achieved in 71 % of the cases and early extubation ( ≤ 24 hours ) was achieved in 89 % of the cases. the overall mortality was 1. 5 % ( 9 of 613 patients ). early extubation was associated with lower mortality ( 1 % vs 9 %, p <. 001 ) and a lower rate of reintubation ( 4 % vs 23 %, p <. 001 ) compared with delayed extubation. notably, 63 % of the neonates were extubated within 24 hours, including 67 % of arterial switch operations and 54 % of total anomalous pulmonary venous return repairs. norwood operations were the only procedure in which no patient was extubated within the first 24 hours. multivariable logistic regression demonstrated that the predictors of delayed extubation included preoperative mechanical ventilation, weight < 5 kg, a longer procedure time, and the need for postoperative inotrope support. implementation of an early extubation strategy was associated with low rates of complications ( 5. 1 per 10 procedures ), short lengths of intensive care unit stay ( median, 1 day ; interquartile range, 1 despite surgical refinements, perioperative use of tracheobronchoscopy ( tbs ) as part of surgical approach to esophageal atresia ( ea ) is still controversial. the purpose of this study was to evaluate the influence of preoperative tbs in newborns with ea in preventing complications and improving diagnosis and surgical treatment. seventeen children with ards and malignancy aged 10. 5 + / - 5. 1 years were identified. six of the 17 children ( 35. 3 % ) survived. sepsis syndrome was present in 70. 6 % of all the children. peak inspiratory pressure, positive end - expiratory pressure ( peep ), and ventilation index values could distinguish outcome by day 3. a significant relationship between respiratory data and outcome related to efficiency of oxygenation, as determined by pao ( 2 ) / fio ( 2 ) and p ( a - a ) o ( 2 ), was present from day 8 after onset of mechanical ventilation. we reviewed all cases of neonatal testicular torsion occurring at our institution between the years 1999 and 2006. age at presentation, physical examination, ultrasonographic and intraoperative findings were recorded. patients were followed after initial surgical intervention to determine the likelihood of developing a subsequent hydrocele or hernia.","Yes

Justification: The study shows that early extubation (≤24 hours) was associated with lower mortality and a lower rate of reintubation compared with delayed extubation ([1], [2]).",0.8235
fixed_dense,fixed,dense,mistral,Does delivery mode affect women's postpartum quality of life in rural China?,no,maybe,0,1,generation_failure,"to explore the impact of delivery mode on women ' s postpartum quality of life in rural china and probe factors influencing postnatal quality of life. childbirth significantly affects puerpera ' s physical, psychological and social domains of quality of life. under the circumstance of increasing high caesarean section rate in rural china, the impact of delivery mode on postnatal quality of life remains unclear. women residing in rural areas and in their 0 - 12 months after childbirth from 30 rural townships participated in a household survey. a structured questionnaire was used to evaluate women ' s socio - demographic characteristics, previous pregnant experiences, foetal characteristics and use of maternal health services. the scale for rural postnatal quality of life was adopted to assess postnatal quality of life from six dimensions : physical complaints and pain, sleep and energy, sex satisfaction, interpersonal communication, self - evaluated living stress and perceived life satisfaction. the overall caeserean section rate was 70 · 0 % ( 962 / 1375 ), and most of them ( 59 · 7 % ) were selected by maternal request. none of six dimensions and total score of quality of life displayed significant difference between women with normal delivery and cesaerean section. it was found that postnatal home visit related to good postnatal quality of life and lower husband education level, male gender of infant were associated with poor quality of life. patients living in rural areas may be at a disadvantage in accessing tertiary health care. aim : to test the hypothesis that very premature infants born to mothers residing in rural areas have poorer outcomes than those residing in urban areas in the state of new south wales ( nsw ) and the australian capital territory ( act ) despite a coordinated referral and transport system.","Maybe

Justification: While the study found no significant difference between women with normal delivery and cesarean section in terms of postnatal quality of life, it does not definitively rule out the possibility that delivery mode may have an impact on",0.5385
fixed_dense,fixed,dense,mistral,Menopausal hormone therapy and irregular endometrial bleeding: a potential role for uterine natural killer cells?,yes,yes,1,1,success,"the main objective of this study was to explore the role of uterine natural killer ( unk ) cells and their regulatory cytokine il - 15 in irregular bleeding in ht users. the relationship between endometrial unk cells ( cd56 + ) and bleeding patterns was measured. we also addressed the impact of ht exposure on unk cell populations, the relationship between endometrial il - 15 expression and unk cell populations, and killer ig like receptor genotype in subjects with irregular bleeding. irregular bleeding affects many users of combined menopausal hormone therapy ( ht ) and commonly leads to invasive and expensive investigations to exclude underlying malignancy. in most cases no abnormality is found. endometrial cd56 + unk cells were significantly increased in biopsies obtained during bleeding episodes ( p < 0. 001 ), compared with ht users with no bleeding. the highest level of il - 15 expression was also seen in biopsies taken during bleeding. no clear relationship between killer ig like receptor genotype and bleeding on ht was observed. aromatase inhibitors ( ais ) are an effective treatment for postmenopausal women with hormone receptor - positive breast cancer. however, patients receiving ais report a higher incidence of musculoskeletal symptoms and bone fractures ; the mechanism and risk factors for this correlation are not well studied. the aim of this study was to correlate these musculoskeletal symptoms and bone fractures in patients receiving ais with bone mineral density ( bmd ), previous tamoxifen use, and administration of calcium / bisphosphonate ( ca / bis ).","Yes

Justification: The study explores the role of uterine natural killer (unk) cells and their regulatory cytokine il-15 in irregular bleeding in ht users (context [1]). The relationship between end",0.7500
fixed_dense,fixed,dense,mistral,Percutaneous ethanol injection for benign cystic thyroid nodules: is aspiration of ethanol-mixed fluid advantageous?,no,maybe,0,1,generation_failure,"we evaluated the differences between percutaneous ethanol injection with and without aspiration of ethanol - mixed fluid for treatment of benign cystic thyroid nodules. we examined 60 patients with benign cystic thyroid nodules confirmed by fine - needle aspiration biopsy and divided them into 2 groups according to nonaspiration ( group a, n = 30 ) or aspiration ( group b, n = 30 ) of ethanol - mixed fluid after intracystic ethanol injection. we evaluated in both groups the complete disappearance of the cystic portion of the thyroid nodule on follow - up ultrasonography ( first follow - up ultrasonography ; mean, 4. 6 months in group a ; mean, 4. 4 months in group b ) ( chi - square test ), side effects or complications during and after the procedure ( chi - square test ), and the total procedure time ( student t test ). to investigate whether prepuncture ultrasound evaluation of vascular anatomy facilitates internal jugular vein cannulation compared with landmark - guided puncture. little is known about whether a routinely inserted endoscopic nasobiliary drainage ( enbd ) tube improves the clinical course in patients with choledocholithiasis - induced acute cholangitis after clearance of choledocholithiasis. the use of three - dimensional ( 3d ) ultrasound may help to determine the exact position of the needle during breast biopsy, thereby reducing the number of core samples that are needed to achieve a reliable histological diagnosis. the aim of this study was to demonstrate the efficacy of 3d ultrasound - validated large - core needle biopsy ( lcnb ) of the breast.","Maybe

Justification: The study does not provide a definitive answer on whether aspiration of ethanol-mixed fluid is advantageous for percutaneous ethanol injection in the treatment of benign cystic thyroid nod",0.6000
fixed_dense,fixed,dense,mistral,Can the growth rate of a gallbladder polyp predict a neoplastic polyp?,no,maybe,0,1,generation_failure,"cholecystectomy for gb polyps that are larger than 10 mm is generally recommended because of the high probability of neoplasm. in contrast, a follow - up strategy is preferred for gb polyps smaller than 10 mm. however, there are no treatment guidelines for polyps that grow in size during the follow - up period. study : we retrospectively investigated 145 patients with gb polyps who underwent at least 1 ultrasonographic follow - up examination over an interval greater than 6 months, before cholecystectomy at samsung medical center, south korea, from 1994 to 2007. the growth rate was determined based on the change in size per time interval between 2 ultrasonographic examinations ( mm / mo ). xanthogranulomatous cholecystitis ( xgc ) is an uncommon variant of chronic cholecystitis, characterized by marked thickening of the gallbladder wall and dense local adhesions. it often mimics a gallbladder carcinoma ( gbc ), and may coexist with gbc, leading to a diagnostic dilemma. furthermore, the premalignant nature of this entity is not known. this study was undertaken to assess the p53, pcna and beta - catenin expression in xgc in comparison to gbc and chronic inflammation. the median age of the patients was 48 years ( range : 25 to 75 ). one hundred twenty - five non - neoplastic polyps and 20 neoplastic polyps were found. neoplastic polyps were more frequently found in patients older than 60 years, those with hypertension, a polyp size greater than 10 mm, and a rapid growth rate greater than 0. 6 mm / mo. on multivariate analysis, however, the growth rate was not related to the neoplastic nature of a polyp, but older age ( > 60 y ) and large size ( > 10 mm ) were significantly associated with neoplastic polyps. sections from paraffin - embedded blocks of surgically resected specimens of gbc ( 69 cases ), xgc ( 65 ), chronic cholecystitis ( 18 ) and control gallbladder ( 10 ) were stained with the monoclonal antibodies to p53 and pcna, and a polyclonal antibody to beta - catenin. p53 expression was scored as the percentage of nuclei stained. pcna expression was scored as the product of the percentage of nuclei stained and the intensity of the staining ( 1 - 3 ). a cut - off value of 80 for this score was taken as a positive result. beta - catenin expression was scored as type of expression - membranous, cytoplasmic or nuclear staining. sixty - six patients accepted participation, but after review of the diagnostic biopsies 53 were found to have true cd. twenty - three percent of patients had a gluten - containing diet, 15 % admitted gluten transgression and 62 % followed the gfd. patients on a gfd had significantly more osteoporosis. normal small bowel mucosa was found in four of eight on gluten - containing diet and in four of four with gluten transgression. two patients were considered to have developed tolerance to gluten. one of them was hla - dq2 / dq8 negative.","Maybe

Justification: The growth rate was not related to the neoplastic nature of a polyp, but older age (>60 y) and large size (>10 mm) were significantly associated with neoplastic polyps",0.8947
fixed_dense,fixed,dense,mistral,Are performance measurement systems useful?,yes,yes,1,1,success,"prior literature identified the use of performance measurement systems ( pms ) as crucial in addressing improved processes of care. moreover, a strategic use of pms has been found to enhance quality, compared to non - strategic use, although a clear understanding of this linkage is still to be achieved. this paper deals with the test of direct and indirect models related to the link between the strategic use of pms and the level of improved processes in health care organizations. indirect models were mediated by the degree of perceived managerial discretion. although record linkage of routinely collected health datasets is a valuable research resource, most datasets are established for administrative purposes and not for health outcomes research. in order for meaningful results to be extrapolated to specific populations, the limitations of the data and linkage methodology need to be investigated and clarified. it is the objective of this study to investigate the differences in ascertainment which may arise between a hospital admission dataset and a dispensing claims dataset, using major depression in pregnancy as an example. the safe use of antidepressants in pregnancy is an ongoing issue for clinicians with around 10 % of pregnant women suffer from depression. as the birth admission will be the first admission to hospital during their pregnancy for most women, their use of antidepressants, or their depressive condition, may not be revealed to the attending hospital clinicians. this may result in adverse outcomes for the mother and infant. little is known about the validity and reliability of expert assessments of the quality of antimicrobial prescribing, despite their importance in antimicrobial stewardship. we investigated how infectious disease doctors ' assessments compared with a reference standard ( modal expert opinion ) and with the assessments of their colleagues. the aim of this study was to assess the reproducibility of different measurement methods and define the most workable technique for measuring head and neck paragangliomas, to determine the best method for evaluating tumour growth. the evaluation of tumour growth is vital for a ' wait - and - scan ' policy, a management strategy that became increasingly important. the objectives of this study were to evaluate the ability of the young - burgess classification system to predict mortality, transfusion requirements, and nonorthopaedic injuries in patients with pelvic ring fractures and to determine whether mortality rates after pelvic fractures have changed over time.","Yes

Justification: The provided context states that performance measurement systems (PMS) are crucial in addressing improved processes of care ([1]).",0.6000
fixed_dense,fixed,dense,mistral,Does para-cervical block offer additional advantages in abortion induction with gemeprost in the 2nd trimester?,yes,maybe,0,1,generation_failure,"uterus - specific synthetic prostaglandin analogues ( gemeprost, sulproston etc. ) have been widely employed for termination of pregnancy in the second trimester. since paracervical anaesthesia may be useful during this procedure, we investigated in this prospective randomised study its impact on the clinical course of abortion and pain especially in the late first and second stage of labour. a median of 3 gemeprost applications were administered in both groups. in the group without paracervical anaesthesia the median induction to abortion interval was 20 hours ( range : 8 - 44 hours ), 13 hours ( range : 8 - 36 hours, ns ) resulting for the paracervical anaesthesia group. the intervals from the last application of prostaglandin until abortion and from 3 cm cervical dilatation to abortion were slightly, but not significantly shorter in the paracervical anaesthesia group. the requirement of butylscopolamine was higher in the latter group ( p < 0. 05 ). the requirement of pethidin and the intensity of pain ( measured by pain scale according to huskisson ) especially in the late first stage of labour were not statistically different between both groups. side effects of paracervical anaesthesia did not occur. 20 women scheduled for elective abortion ( fetal reasons ) between the 16th and 23rd week of gestation were to be given 1 mg gemeprost vaginally every 6 hours. they were allocated at random : 10 women received only pethidin intravenously and butylscopolamine rectally, another 10 women were additionally treated by paracervical anaesthesia ( 2 x 10 ml 0. 5 % bupivacain solution ) at a cervical dilatation of 2 - 3 cm. social and cultural factors combined with little information may prevent the diffusion of epidural analgesia for pain relief during childbirth. the present study was launched contemporarily to the implementation of analgesia for labor in our department in order to perform a 2 years audit on its use. the goal is to evaluate the epidural acceptance and penetration into hospital practice by women and care givers and safety and efficacy during childbirth. the endogenous estradiol metabolite, 2 - methoxyestradiol ( 2me ), has been shown to be a potent inhibitor of cell growth and a strong anti - angiogenic substance. we investigated for the first time whether in vitro combinations of 2me with various chemotherapeutic compounds may result in an additive inhibitory effect on the proliferation of human ovary cancer cells.","Maybe

Justification: The median induction to abortion interval was shorter in the paracervical anaesthesia group, but the difference was not statistically significant. The requirement of butylscopolamine was higher in the par",0.7059
fixed_dense,fixed,dense,mistral,Does insulin resistance drive the association between hyperglycemia and cardiovascular risk?,yes,maybe,0,1,generation_failure,"several studies have shown associations between hyperglycemia and risk of cardiovascular disease ( cvd ) and mortality, yet glucose - lowering treatment does little to mitigate this risk. we examined whether associations between hyperglycemia and cvd risk were explained by underlying insulin resistance. in 60 middle - aged individuals without diabetes we studied the associations of fasting plasma glucose, 2 - hour post oral glucose tolerance test plasma glucose, insulin sensitivity as well as body fat percentage with cvd risk. insulin sensitivity was measured as the glucose infusion rate during a euglycemic hyperinsulinemic clamp, body fat percentage was measured by dual x - ray absorptiometry, and cvd risk was estimated using the framingham risk score. associations of fasting plasma glucose, 2 - hour plasma glucose, insulin sensitivity and body fat percentage with the framingham risk score were assessed in linear regression models. epidemiologic studies have suggested that hypertriglyceridemia and insulin resistance are related to the development of colon cancer. nuclear peroxisome proliferator - activated receptors ( ppar ), which play a central role in lipid and glucose metabolism, had been hypothesized as being involved in colon cancerogenesis. in animal studies the lipid - lowering ppar ligand bezafibrate suppressed colonic tumors. however, the effect of bezafibrate on colon cancer development in humans is unknown. therefore, we proposed to investigate a possible preventive effect of bezafibrate on the development of colon cancer in patients with coronary artery disease during a 6 - year follow - up. a total of 12 537 participants with dysglycaemia and high cv - risk were randomized to basal insulin glargine titrated to a fasting glucose of ≤ 5. 3 mmol / l ( 95 mg / dl ) or standard glycaemic care. non - severe hypoglycaemia was defined as symptoms confirmed by glucose ≤ 54 mg / dl and severe hypoglycaemia as a requirement for assistance or glucose ≤ 36 mg / dl. outcomes were : ( i ) the composite of cv death, non - fatal myocardial infarction or stroke ; ( ii ) mortality ; ( iii ) cv mortality ; and ( iv ) arrhythmic death. hazards were estimated before and after adjustment for a hypoglycaemia propensity score. during a median of 6. 2 years ( iqr : 5. 8 - 6. 7 ), non - severe hypoglycaemic episodes occurred in 41. 7 and 14. 4 % glargine and standard group participants, respectively, while severe episodes occurred in 5. 7 and 1. 8 %, respectively. non - severe hypoglycaemia was not associated with any outcome following adjustment. conversely impaired fasting glucose ( ifg ) below the diagnostic threshold for diabetes mellitus ( dm ) is associated with macrovascular pathology and increased mortality after percutaneous coronary interventions. the study goal was to determine whether pre - operative fasting blood glucose ( fb - glu ) is associated with an increased mortality after coronary artery bypass grafting ( cabg ).","Maybe

Justification: The context mentions that the study aimed to examine whether associations between hyperglycemia and cardiovascular disease (CVD) risk were explained by underlying insulin resistance, but it does not provide conclusive evidence",0.6087
fixed_dense,fixed,dense,mistral,Are there risk factors that increase the rate of staple line leakage in patients undergoing primary sleeve gastrectomy for morbid obesity?,yes,yes,1,1,success,"laparoscopic sleeve gastrectomy ( lsg ) is currently being performed with increasing frequency worldwide. it offers an excellent weight loss and resolution of comorbidities in the short term with a very low incidence of complications. however, the ever present risk of a staple line leak is still a major concern. up to 30 % of patients who have undergone laparoscopic sleeve gastrectomy require revision surgery for inadequate weight loss, weight regain, and / or the development of severe upper gastrointestinal symptoms. the aim of this retrospective study was to evaluate the safety and efficacy of laparoscopic fundectomy ( lf ) in cases of a residual fundus / neofundus development regarding gerd symptoms. we retrospectively examined the records of 154 adult patients who underwent major foregut surgery which included esophagectomy, partial or total gastrectomy, redo heller myotomy, redo or transthoracic fundoplications. univariate and multivariate logistic regression analysis with standard modeling techniques were performed to determine risk factors for new - onset atrial fibrillation. using the gbsr, data from 5. 400 lsgs were considered for analysis. staple line leak rate decreased during the study period from 6. 5 to 1. 4 %. male gender, higher bmi, concomitant sleep apnea, conversion to laparotomy, longer operation time, use of both buttresses and oversewing, and the occurrence of intraoperative complications were associated with a significantly higher leakage rate. on multivariate analysis, operation time and year of procedure only had a significant impact on staple line leak rate. the relationship between the use of an endoscope during ventriculoperitoneal shunt ( vps ) procedures and infection remains poorly defined. in this study, we sought to analyze whether the simultaneous use of an endoscope could in fact increase the infection rate associated with vps procedures.","Yes

Justification: The provided context mentions that male gender, higher BMI, concomitant sleep apnea, conversion to laparotomy, longer operation time, use of both buttresses and oversewing, and the",0.7619
fixed_dense,fixed,dense,mistral,Chronic functional somatic symptoms: a single syndrome?,no,maybe,0,1,generation_failure,"to identify distinctive features in patients with chronic functional somatic symptoms, and to determine whether these symptoms support the hypothesis of the existence of specific somatic syndromes. evidence suggests substantial comorbidity between symptoms of somatization and depression in clinical as well as nonclinical populations. however, as most existing research has been retrospective or cross - sectional in design, very little is known about the specific nature of this relationship. in particular, it is unclear whether somatic complaints may heighten the risk for the subsequent development of depressive symptoms. using a questionnaire we investigated in a cross - sectional study the prevalence of pain, duration of pain, impairment and unfitness for work due to pain in 106 patients primarily diagnosed with a psychiatric disorder in the field of general adult psychiatry. potential risk factors were explored. tinnitus can be related to many different aetiologies such as hearing loss or a noise trauma, but it can also be related to the somatosensory system of the cervical spine, called cervicogenic somatic tinnitus ( cst ). case studies suggest a positive effect of cervical spine treatment on tinnitus complaints in patients with cst, but no experimental studies are available. reliable longitudinal data of patients with functional somatic symptoms in general practice are lacking.","Maybe

Justification: The context suggests that research is being conducted to identify distinctive features in patients with chronic functional somatic symptoms and to determine whether these symptoms support the hypothesis of the existence of specific somatic syndromes (context [1]).",0.7500
fixed_dense,fixed,dense,mistral,"Actinobaculum schaalii, a cause of urinary tract infections in children?",maybe,yes,0,1,generation_failure,"in 5 of the 29 screened urines, a. schaalii was found only by real - time pcr in quantities equivalent to ≥ 10 ( 4 ) - 10 ( 5 ) cfu / ml. in addition, a. schaalii was found in quantities equivalent to ≥ 10 ( 6 ) cfu / ml by both culture and pcr in two children with a urinary tract infection and large numbers of leucocytes in the urine. urine samples were examined by wet smear microscopy, incubated in 5 % co ( 2 ) for 1 - 2 days, and species - specific real - time polymerase chain reaction ( pcr ) for a. schaalii was performed. to understand the effect of past group a streptococcal infection on ms, antistreptolysin o ( aso ) and antideoxyribonuclease b ( adnase b ) were measured in 21 patients with relapsing - remitting ms and 21 healthy blood donors by nephelometric assay. to determine whether the host immune response to gonorrhoea provides limited serovar specific protection from reinfection. the morbidity and mortality associated with panton - valentine leucocidin ( pvl ) - positive staphylococcus aureus suggest that this toxin is a key marker of disease severity. nevertheless, the importance of pvl in the pathogenesis of primary bacteraemia caused by s. aureus is uncertain. we have determined the prevalence of pvl - encoding genes among isolates of s. aureus from bacteraemic patients.","Yes

Justification: The context states that Actinobaculum schaalii was found in quantities equivalent to ≥ 10 ( 6 ) cfu / ml by both culture and PCR in two children with a urinary",0.7368
fixed_dense,fixed,dense,mistral,Prevalence of chronic conditions among Medicare Part A beneficiaries in 2008 and 2010: are Medicare beneficiaries getting sicker?,yes,yes,1,1,success,"medicare beneficiaries who have chronic conditions are responsible for a disproportionate share of medicare fee - for - service expenditures. the objective of this study was to analyze the change in the health of medicare beneficiaries enrolled in part a ( hospital insurance ) between 2008 and 2010 by comparing the prevalence of 11 chronic conditions. medicare part a beneficiaries had more chronic conditions on average in 2010 than in 2008. the percentage increase in the average number of chronic conditions was larger for dual - eligible beneficiaries ( 2. 8 % ) than for nondual - eligible beneficiaries ( 1. 2 % ). the prevalence of some chronic conditions, such as congestive heart failure, ischemic heart disease, and stroke / transient ischemic attack, decreased. the deterioration of average health was due to other chronic conditions : chronic kidney disease, depression, diabetes, osteoporosis, rheumatoid arthritis / osteoarthritis. trends in alzheimer ' s disease, cancer, and chronic obstructive pulmonary disease showed differences by sex or dual eligibility or both. we conducted descriptive analyses using the 2008 and 2010 chronic conditions public use files, which are newly available from the centers for medicare and medicaid services and have administrative ( claims ) data on 100 % of the medicare fee - for - service population. we examined the data by age, sex, and dual eligibility ( eligibility for both medicare and medicaid ). observational study using medicaid claims data ( 2006 - 2011 ). subjects were depression - diagnosed adult members with at least two prescriptions of antidepressant medications followed by a second - line agent. gamma generalized linear models ( glm ) produced estimates of the difference in mean expenditures among treatment groups after adjusting for individual baseline characteristics using propensity scores. negative binomial models produced estimates of the difference in number of hospitalizations and emergency department ( ed ) visits. one hundred and eighty - two patients diagnosed between 1998 and 2002 as having chronic functional somatic symptoms and 182 controls matched by age, sex, socioeconomic status, and practice were included. data on comorbidity, referrals, diagnostic tests, and hospital admissions over a period of 10 years prior to the diagnosis were collected. medication use and number of visits to the general practitioner ( gp ) were extracted from the moment computerised registration was started.","Yes

Justification: The prevalence of chronic conditions among Medicare Part A beneficiaries increased from 2008 to 2010, as stated in [2].",0.7333
fixed_dense,fixed,dense,mistral,Does successful completion of the Perinatal Education Programme result in improved obstetric practice?,no,maybe,0,1,generation_failure,"to determine whether successful completion of the perinatal education programme ( pep ) improves obstetric practice. eight of the 13 midwives at the two mous completed the pep and all demonstrated an improvement in knowledge. case notes of 303 patients from the various clinics were studied. there was no change in the referral patterns of any of the clinics during the study period. the obstetric history was well documented, but in no group was there a satisfactory response to a detected problem ; appropriate action was taken in between 0 % and 12 % of cases. syphilis testing was performed in 56 - 82 % of cases, with no difference between the groups. the haemoglobin level was measured in only 4 - 15 % of patients, with no difference before or after completion of the pep. where a problem in uterine growth was detected, an appropriate response occurred in 0 - 8 % of patients and no difference before or after completion of the pep was ascertained. in all groups, estimation of fetal weight and pelvimetry were seldom performed, the urine and fetal heart rate documentation were moderately well done and the blood pressure monitoring, assessment of head above pelvis, monitoring of contractions and plotting of cervical dilatation were usually performed. no differences before or after the pep were detected. where problems were detected, appropriate actions taken during labour improved, but not to assess the extent to which the title and font of participant information sheets ( piss ) can influence pregnant women ' s and trainee midwives ' perceptions of an antenatal intervention. we ascertained whether the obstetric history, syphilis testing, blood group testing, haemoglobin measurement and uterine growth assessment were performed during antenatal care along with whether appropriate action was taken. for intrapartum care, estimation of fetal weight, the performance of pelvimetry, blood pressure monitoring, urine testing, evaluation of head above pelvis, fetal heart rate monitoring, monitoring of contractions and plotting of cervical dilatation, and whether the appropriate actions were taken, were assessed. the objective of the study was to determine whether risk of recurrent preterm birth differs based on the clinical presentation of a prior spontaneous preterm birth ( sptb ) : advanced cervical dilatation ( acd ), preterm premature rupture of membranes ( pprom ), or preterm labor ( ptl ).","Maybe

Justification: While the midwives who completed the program demonstrated an improvement in knowledge, there was no observable change in the actual practice of obstetric care in the case notes studied. This suggests that while knowledge may have improved,",0.6250
fixed_dense,fixed,dense,mistral,Do patients with localized prostate cancer treatment really want more aggressive treatment?,no,maybe,0,1,generation_failure,"examine whether patients with prostate cancer choose the more aggressive of two radiotherapeutic options, whether this choice is reasoned, and what the determinants of the choice are. to analyze, retrospectively, the patterns and behavior of metastatic lesions in prostate cancer patients treated with external beam radiotherapy and to investigate whether patients with < or = 5 lesions had an improved outcome relative to patients with > 5 lesions. one hundred fifty patients with primary prostate cancer ( t ( 1 - 3 ) n ( 0 ) m ( 0 ) ) were informed by means of a decision aid of two treatment options : radiotherapy with 70 gy versus 74 gy. the latter treatment is associated with more cure and more toxicity. the patients were asked whether they wanted to choose, and if so which treatment they preferred. they also assigned importance weights to the probability of various outcomes, such as survival, cure and adverse effects. patients who wanted to choose their own treatment ( n = 119 ) are described here. few studies have assessed whether the advantage chemotherapy has been shown to have in treating advanced non - small lung carcinoma in clinical trials is transferrable to normal health care activity. this could explain the skepticism of a large number of pneumologists towards this treatment. the objective of our study was to analyze prognostic factors related to survival and to see whether cytostatic treatment was an independent predictor. with vertebral metastases. with regard to the metastatic number, patients with < or = 5 metastatic lesions had superior survival rates relative to those with > 5 lesions ( 73 % and 36 % at 5 and 10 years vs. 45 % and 18 % at 5 and 10 years, respectively ; p = 0. 02 ). in addition, both the metastasis - free survival rate and the interval measured from the date of the initial diagnosis of prostate cancer to the development of bone metastasis were statistically superior for patients with < or = 5 lesions compared with patients with > 5 lesions ( p = 0. 01 and 0. 02, respectively ). however, the survival rate and the interval from the date of diagnosis of bone metastasis to the time of death for patients in both groups were not significantly different, statistically ( p = 0. 17 and 0. 27, respectively ).","Maybe

Justification: The context provides information about patients with primary prostate cancer being informed of two treatment options, one more aggressive than the other, and being asked whether they want to choose their own treatment. However, it does not explicitly state",0.5806
fixed_dense,fixed,dense,mistral,Does music influence stress in mechanically ventilated patients?,no,yes,0,1,generation_failure,"mechanically ventilated patients experience profound stress. interventions are needed to ameliorate stress that does not cause adverse effects. the purpose of this study was to explore the influence of music on stress in a sample of patients over the duration of ventilatory support. research methodology / randomised controlled trial ; randomised patients ( 56. 8 + 16. 9 years, 61 % male, apache iii 57. 2 + 18. 3 ) receiving ventilatory support to : ( 1 ) patient - directed music ( pdm ) where patients self - initiated music listening whenever desired from a preferred collection, ( 2 ) headphones only to block icu noise, or ( 3 ) usual icu care. twenty - four hour urinary cortisol samples were collected from a sub - set of subjects with intact renal function and not receiving medications known to influence cortisol levels ( n = 65 ). effective musical communication requires conveyance of the intended message in a manner perceptible to the receiver. communication disorders that impair transmitting or decoding of structural features of music ( e. g., pitch, timbre ) and / or symbolic representation may result in atypical musical communication, which can have a negative impact on music therapy interventions. as this was an exploratory study, a range of sleep variables were evaluated. the apnoea / hypopnoea index ( ahi ) and percentage of time spent with arterial oxygen saturation ( spo ( 2 ) ) < 90 % were relevant as they have been evaluated in other clinical trials. other variables included total apnoeas, hypopnoeas and oxygen desaturations, and non - cortical micro - awakenings related to respiratory events per hour. breathlessness is one of the most distressing symptoms experienced by patients with advanced cancer and noncancer diagnoses alike. often, severity of breathlessness increases quickly, calling for rapid symptom control. oral, buccal, and parenteral routes of provider - controlled drug administration have been described. it is unclear whether patient - controlled therapy ( pct ) systems would be an additional treatment option.","Yes

Justification: The purpose of the study was to explore the influence of music on stress in mechanically ventilated patients ([1]).",0.8333
fixed_dense,fixed,dense,mistral,Does reducing spasticity translate into functional benefit?,yes,yes,1,1,success,"spasticity and loss of function in an affected arm are common after stroke. although botulinum toxin is used to reduce spasticity, its functional benefits are less easily demonstrated. this paper reports an exploratory meta - analysis to investigate the relationship between reduced arm spasticity and improved arm function. in primary and secondary prevention trials, statins have been shown to reduce the risk of stroke. in addition to lipid lowering, statins have a number of antiatherothrombotic and neuroprotective properties. in a preliminary observational study, we explored whether clinical outcome is improved in patients who are on treatment with statins when stroke occurs. knee extensor strength positively correlated with dynamic postural stability and negatively correlated with disease severity. further, dynamic postural stability was negatively correlated to disease severity and positively correlated with functional ambulation in this cohort of patients with pd ( p <. 05 ). the results also suggest that the functional reach test may be a valuable assessment tool to examine postural stability in pd. to evaluate the relationship between knee extensor strength, postural stability, functional ambulation, and disease severity in parkinson ' s disease ( pd ). maximum changes in both composite measures occurred concurrently in 47 patients. in 26 patients the improvement in spasticity preceded the improvement in function with 18 showing the reverse. there was a definite relationship between the maximum change in spasticity and the maximum change in arm function, independent of treatment ( rho = - 0. 2822, p = 0. 0008, n = 137 ). there was a clear relationship between the changes in spasticity and in arm function in patients treated with botulinum toxin ( dysport ) at 500 or 1000 units ( rho = - 0. 5679, p = 0. 0090, n = 22 ; rho = - 0. 4430, p = 0. 0018, n = 47 ), but not in those treated with placebo or 1500 units.","Yes

Justification: The study shows a definite relationship between the maximum change in spasticity and the maximum change in arm function (rho = - 0.2822, p = 0.0008,",0.8235
fixed_dense,fixed,dense,mistral,Is the holmium:YAG laser the best intracorporeal lithotripter for the ureter?,yes,maybe,0,1,generation_failure,"to study the efficiency and safety of holmium : yag laser lithotripsy for ureteral stones. a series of 188 patients with 208 ureteral stones were treated with semirigid ureteroscopy and holmium : yag laser lithotripsy from january 2003 to december 2005. of the stones, 116 were lower ureteral, 37 middle ureteral, and 55 upper ureteral. to evaluate the efficacy of extracorporeal shock wave lithotripsy ( swl ) on lower calyceal calculi in relation to the renal anatomical factors and determine which of these factors can be used to select patients who will benefit from swl. we analyzed retrospectively 78 patients with single radiopaque lower calyceal stones treated with swl. the patients were evaluated 3 months after lithotripsy with a simple abdominal x - ray and a kidney ultrasound scan. the success of the treatment, removal of all fragments, was correlated with renal anatomical factors measured in the pre - treatment intravenous urography : infundibulopelvic angle, lower infundibulum width, lower infundibulum length, ratio length / width, infundibulum height, and number of minor calyces in the lower calyceal group. nd : yag laser - induced thermo therapy ( litt ) of rat brains is associated with blood - brain barrier ( bbb ) permeability changes. we address the question of whether litt - induced locoregional disruption of the bbb could possibly allow a locoregional passage of chemotherapeutic agents into brain tissue to treat malignant glioma. study design /","Maybe

Justification: The context does not provide enough information to definitively say that the holmium:YAG laser is the best intracorporeal lithotripter for the ureter. It is shown to be",0.1765
fixed_dense,fixed,dense,mistral,Metered-dose inhalers. Do health care providers know what to teach?,no,yes,0,1,generation_failure,"a significant percentage of patients had a poor understanding of the technique used with the metered - dose inhaler. house staff and nursing staff were also less proficient in the proper use of the metered - dose inhaler. the respiratory care practitioners were the most knowledgeable of the health care providers. the specific aim of this investigation was to evaluate the proficiency of health care providers and patients in the proper use of metered - dose inhalers. health care providers, which include house staff, nurses, and respiratory care practitioners who provide care to patients with asthma in the primary general medicine clinic or the pulmonary medicine clinic of a university - county hospital in which patients were referred, were surveyed and assigned a performance score regarding the knowledge base of the appropriate use of metered - dose inhalers. patients who attended the primary care general medicine and pulmonary subspecialty clinic were also assessed as to their proficiency in the use of metered - dose inhalers. communication with terminally ill patients is a main responsibility of physicians. however, many physicians feel insufficiently prepared for this task. models of courses resulting in improvements of communicative skills of participants have been published mainly in the anglo - american literature. this study describes the realization of a 2 - day course model based on the experiences of the first three courses of this kind in rhineland - palatinate, and analyzes changes of participants ' communication behavior. 114 individuals trained in basic life support and bag - valve - mask ventilation participated in this study. individual characteristics were obtained by the observer and the education and practice level were described by the subjects. ventilation was delivered with a manual resuscitator connected to a microspirometer and volumes were measured. subjects completed three procedures : one - handed, two - handed and two - handed half - compression.","Yes

Justification: The context states that health care providers, including house staff, nurses, and respiratory care practitioners, were surveyed and assigned a performance score regarding the knowledge base of the appropriate use of metered-dose",0.7917
fixed_dense,fixed,dense,mistral,Does the bracket-ligature combination affect the amount of orthodontic space closure over three months?,no,maybe,0,1,generation_failure,"to investigate the effect of bracket - ligature combination on the amount of orthodontic space closure over three months. informed consent was obtained and participants were randomly allocated into one of three groups : ( 1 ) conventional pre - adjusted edgewise brackets and elastomeric ligatures ; ( 2 ) conventional pre - adjusted edgewise brackets and super slick ( ® ) low friction elastomeric ligatures ; ( 3 ) damon 3mx ( ® ) passive self - ligating brackets. space closure was undertaken on 0 · 019×0 · 025 - inch stainless steel archwires with nickel - titanium coil springs. participants were recalled at four weekly intervals. upper alginate impressions were taken at each visit ( maximum three ). the primary outcome measure was the mean amount of space closure in a 3 - month period. seventeen patients, aged 7 - 54 years ( mean of 37. 2 year ), were treated by pulpotomy and filling with proroot mta ( ® ) in premolar or molar teeth with vital pulps and without clinical evidence of irreversible pulpitis. the patients were then followed up for 12 to 24 months and the teeth then assessed by clinical and radiographic examination. statistical analysis was performed with kaplan - meier survival probability statistics to estimate the survival of the treated teeth. orthodontic patients show high prevalence of tooth - size discrepancy. this study investigates the possible association between arch form, clinically significant tooth - size discrepancy, and sagittal molar relationship. the proper angle of miniscrew insertion is important for cortical anchorage, patient safety, and biomechanical control. the purposes of this study are to report the alveolar process thickness and inter - radicular space in the posterior region of the mandible, to assess the impact of different miniscrew insertion angle protocols, and to identify differences between the genders or types of malocclusion.","Maybe

Justification: The study is designed to investigate the effect of different bracket-ligature combinations on the amount of orthodontic space closure over three months, but the results are not provided in the context. Therefore, we can",0.5652
fixed_dense,fixed,dense,mistral,Health habits and vaccination status of Lebanese residents: are future doctors applying the rules of prevention?,no,maybe,0,1,generation_failure,"there has never been a nationally representative survey of medical students ' personal health - related practices, although they are inherently of interest and may affect patient - counseling practices. this study evaluated the health practices and the vaccination status of first year residents working at the academic hospital hotel - dieu de france. governments are urged to determine methods to control the use of medical resources and curb the rise of healthcare costs. the question is, do health behaviors have an impact on the use of medical resources? this study aims to identify and understand the difference in the number of outpatient visits and health examinations based on various health behaviors and to determine whether patients seek medical care for illness from the same physicians. an online survey was conducted to elicit the relative importance placed on preventing harms caused by 1 ) health care ( hospital - acquired infections, drug administration errors, injuries to health care staff ), 2 ) individuals ( personal lifestyle choices, sports - related injuries ), and 3 ) nature ( genetic disorders ). direct valuations were obtained from members of the public by using a person trade - off or "" matching "" method. participants were asked to choose between two preventative interventions of equal cost and equal health benefit per person for the same number of people, but differing in causation. if participants indicated a preference, their strength of preference was measured by using person trade - off. responses were obtained from 1030 people, reflecting the sociodemographic mix of the uk population. participants valued interventions preventing hospital - acquired infections ( 1. 31 ) more highly than genetic disorders ( 1. 0 ), although drug errors were valued similarly to genetic disorders ( 1. 07 ), and interventions to prevent injury to health care staff were given less weight than genetic disorders ( 0. 71 ). less weight was also given to interventions related to lifestyle ( 0. 65 ) and sports injuries ( 0. 41 ). health care providers, which include house staff, nurses, and respiratory care practitioners who provide care to patients with asthma in the primary general medicine clinic or the pulmonary medicine clinic of a university - county hospital in which patients were referred, were surveyed and assigned a performance score regarding the knowledge base of the appropriate use of metered - dose inhalers. patients who attended the primary care general medicine and pulmonary subspecialty clinic were also assessed as to their proficiency in the use of metered - dose inhalers.","Maybe

Justification: The provided context discusses the health practices and vaccination status of first year residents working at an academic hospital in France, not specifically in Lebanon. However, the question asks about the application of prevention rules by future doctors",0.4444
fixed_dense,fixed,dense,mistral,Does vaginal intraepithelial neoplasia have the same evolution as cervical intraepithelial neoplasia?,maybe,maybe,1,1,success,"a retrospective study to identify patients with vaginal lesions and synchronous cervical lesions through biopsy. the rate of mild cervical lesions ( koilocytosis, warts, cin i with and without koilocytosis ) was compared with the rate of severe cervical lesions ( cin ii and iii, cervical carcinoma ) in patients with mild vaginal lesions ( warts and koilocytosis, and low - grade vain ) and in patients with severe vaginal lesions ( high - grade vain ). using koilocytosis as a marker, the rate of "" active "" cervical lesions was compared with the rate of "" non active "" cervical lesions in patients with "" active "" versus "" non active "" vaginal lesions. finally, the rates of mild and severe cervical lesions were compared among each group of vain ( low - grade, high - grade, with or without koilocytosis ). to ascertain wheter vaginal lesions have a natural history similar to cervical lesions. materials & vaginal intraepithelial neoplasia is a little known disease which could be related to risk factors different from simple hpv infections. in patients with mild vaginal lesions, mild cervical lesions were significantly more frequent than severe cervical lesions. in patients with "" active "" vaginal lesions the rate of "" active "" cervical lesions was significantly higher than "" non active "" cervical lesions. the differences in rates of mild cervical lesions and severe cervical lesions among patients with high - grade vain and low - grade vain ( with and without koilocytosis ) were not significant. we studied 114 formalin - fixed paraffin - embedded specimens obtained from locally advanced urothelial carcinoma patients receiving surgery alone or adjuvant m - vec. the authors evaluated her2 immunoreactivity using immunohistochemical staining and explored the influence of pathological parameters and her2 immunoreactivity on progression - free survival ( pfs ) and disease - specific overall survival ( os ) using univariate and multivariate cox ' s analyses.","Maybe

Justification: The study suggests that in patients with mild vaginal lesions, mild cervical lesions are more frequent than severe cervical lesions, indicating a potential similarity in evolution. However, the study does not",0.5263
fixed_dense,fixed,dense,mistral,Should general practitioners call patients by their first names?,yes,maybe,0,1,generation_failure,"to assess the acceptability to patients of the use of patients ' first names by doctors and doctors ' first names by patients in general practice. response by patients to questionnaire on attitude to use of first names. one hundred sixty - two patients, the control group for this study, were evaluated at henry ford hospital during the year prior to the opening of the mdbcc. these patients, who were referred in the traditional sequential consultation manner, were compared with the first 177 patients seen during the first year of the clinic ' s operation. retrospective chart reviews were conducted to assess treatment timeliness, and anonymous questionnaires were used to assess patient satisfaction. most of the patients either liked ( 223 ) or did not mind ( 175 ) being called by their first names. only 77 disliked it, most of whom were aged over 65. most patients ( 324 ) did not, however, want to call the doctor by his or her first name. one hundred and eighty - two patients diagnosed between 1998 and 2002 as having chronic functional somatic symptoms and 182 controls matched by age, sex, socioeconomic status, and practice were included. data on comorbidity, referrals, diagnostic tests, and hospital admissions over a period of 10 years prior to the diagnosis were collected. medication use and number of visits to the general practitioner ( gp ) were extracted from the moment computerised registration was started.","Maybe

Justification: The context shows that most patients either liked or did not mind being called by their first names, but most patients did not want to call the doctor by his or her first name (line 4). This suggests that while",0.6800
fixed_dense,fixed,dense,mistral,Transesophageal echocardiographic assessment of left ventricular function in brain-dead patients: are marginally acceptable hearts suitable for transplantation?,yes,maybe,0,1,generation_failure,"the brain - dead donor supply has become one of the criteria limiting the performance of heart transplantation. conventional screening criteria are too limiting and exclude suitable heart donors. echocardiography is now widely available and is a reliable tool to assess left ventricular dysfunction in brain - dead donors. yet few data are available on the degree of left ventricular dysfunction where a transplantation is possible. fifty - five potential brain - dead heart donors ( age 38 + / - 11 years ) were prospectively evaluated by transesophageal echocardiography ( tee ) before harvesting. fractional area change ( fac ) was used to assess left ventricular function in potential brain - dead donors. transplanted hearts were evaluated on the fifth postoperative day. the transplantation was considered a success if the recipient was alive, not retransplanted, without an assistance device or an epinephrine infusion of more than 1 mg / h and showed an ejection fraction above 40 %. of the 55 potential heart donors, 20 exhibited an fac of less than 50 %. forty hearts were harvested, 36 of which were successfully transplanted. nine patients had an fac below 50 % ( group h2 ) and 27 had an fac over 50 % ( group h1 ). four patients died : 2 from hemorrhage ( fac > 50 % in donors ) ; 1 from right and one from left ventricular dysfunction ( fac < 50 % in donors ). the fac increased significantly from 51 + / - 15 % to 57 + / - 11 % in 18 hearts that underwent tee in donors and afterwards in recipients. overall actuarial survival was 86. 2 % versus 64. 6 % at 1 and 2 years in group h1 and group h2, respectively ( p = ns ). ischemia - reperfusion ( ir ) injury remains a major cause of early morbidity and mortality after lung transplantation with poorly documented extrapulmonary repercussions. to determine the hemodynamic effect due to lung ir injury, we performed a quantitative coronary blood - flow analysis in a swine model of in situ lung ischemia and reperfusion. we enrolled 25 severe doc patients, following post - anoxic or traumatic brain injury and 20 healthy individuals ( hc ) as control group. baseline electrophysiological evaluation evidenced, in comparison to hc, a partial preservation of cortical effective connectivity and excitability in clinically defined mcs, whereas these components were absent in clinically defined uws. then, we applied an anodal transcranial direct current stimulation ( a - tdcs ) protocol over the orbitofrontal cortex.","Maybe

Justification: The study shows that 36 out of 40 hearts harvested from brain-dead donors with an fractional area change (fac) of less than 50% were successfully transplanted, suggesting",0.7391
fixed_dense,fixed,dense,mistral,Attenuation of ischemia/reperfusion-induced ovarian damage in rats: does edaravone offer protection?,yes,yes,1,1,success,"ovarian sections in the saline group revealed higher scores for follicular degeneration and edema ( p < 0. 0001 ) when compared with the sham group. administration of different doses of edaravone in rats significantly prevented degenerative changes in the ovary ( p < 0. 0001 ). caspase - 3 expression was only detected in the ovarian surface epithelium in all groups, and there was a significant difference between the treatment groups and the saline group ( p < 0. 0001 ). treatment of rats with edaravone reduced caspase - 3 expression in a dose - dependent manner. moreover, biochemical measurements of oxidative stress markers ( mda, gsh and tac ) revealed that prophylactic edaravone treatment attenuated oxidative stress induced by i / r injury. ischemia - reperfusion ( ir ) injury remains a major cause of early morbidity and mortality after lung transplantation with poorly documented extrapulmonary repercussions. to determine the hemodynamic effect due to lung ir injury, we performed a quantitative coronary blood - flow analysis in a swine model of in situ lung ischemia and reperfusion. to critically assess the evidence that appendiceal perforation is a risk factor for subsequent tubal infertility or ectopic pregnancy. twenty - eight female sprague dawley rats were allocated randomly to 4 groups. the sham group ( group 1 ) was only subjected to catheter insertion, not to pneumoperitoneum. group 2 received a 1 mg / kg dose of 0. 9 % sodium chloride by the intraperitoneal route for 10 min before pneumoperitoneum. groups 3 and 4 received 6 and 12 mg / kg edaravone, respectively, by the intraperitoneal route for 10 min before pneumoperitoneum. after 60 min of pneumoperitoneum, the gas was deflated. immediately after the reperfusion period, both ovaries were excised for histological scoring, caspase - 3 immunohistochemistry and biochemical evaluation including glutathione ( gsh ) and malondialdehyde ( mda ) levels. also, total antioxidant capacity ( tac ) was measured in plasma samples to evaluate the antioxidant effect of edaravone. for both ovary cancer cell lines a significant additive effect of 2me with epirubicine and carboplatin was observed at the lower concentration range of these chemotherapeutic substances.","Yes

Justification: The provided context states that administration of different doses of edaravone in rats significantly prevented degenerative changes in the ovary (p < 0.0001). This indicates that edarav",0.6500
fixed_dense,fixed,dense,mistral,Does the National Institutes of Health Stroke Scale favor left hemisphere strokes?,yes,no,0,1,generation_failure,"the volume for right hemisphere stroke was statistically greater than the volume for left hemisphere strokes, adjusting for the baseline nihss ( p < 0. 001 ). for each 5 - point category of the nihss score < 20, the median volume of right hemisphere strokes was approximately double the median volume of left hemisphere strokes. for example, for patients with a left hemisphere stroke and a 24 - hour nihss score of 16 to 20, the median volume of cerebral infarction was 48 ml ( interquartile range 14 to 111 ml ) as compared with 133 ml ( interquartile range 81 to 208 ml ) for patients with a right hemisphere stroke ( p < 0. 001 ). the median volume of a right hemisphere stroke was roughly equal to the median volume of a left hemisphere stroke in the next highest 5 - point category of the nihss. the spearman rank correlation between the 24 - hour nihss score and 3 - month lesion volume was 0. 72 for patients with left hemisphere stroke and 0. 71 for patients with right hemisphere stroke. we examined the placebo arm of the ninds t - pa stroke trial to test the hypothesis that the total volume of cerebral infarction in patients with right hemisphere strokes would be greater than the volume of cerebral infarction in patients with left hemisphere strokes who have similar nihss scores. the volume of stroke was determined by computerized image analysis of ct films and ct images stored on computer tape and optical disks. cube - root transformation of lesion volume was performed for each ct. transformed lesion volume was analyzed in a logistic regression model to predict volume of stroke by nihss score for each hemisphere. spearman rank correlation was used to determine the relation between the nihss score and lesion volume. cerebral hemispherectomy, a surgical procedure undergone to control intractable seizures, is becoming a standard procedure with more cases identified and treated early in life [ 33 ]. while the effect of the dominant hemisphere resection on spoken language has been extensively researched, little is known about reading abilities in individuals after left - sided resection. left - lateralized phonological abilities are the key components of reading, i. e., grapheme - phoneme conversion skills [ 1 ]. these skills are critical for the acquisition of word - specific orthographic knowledge and have been shown to predict reading levels in average readers as well as in readers with mild cognitive disability [ 26 ]. furthermore, impaired phonological processing has been implicated as the cognitive basis in struggling readers. here, we explored the reading skills in participants who have undergone left cerebral hemispherectomy. the unadjusted odds ratio for early discharge to home ( versus late discharge or death ) was 1. 41 ( 95 % ci 0. 91 to 2. 17 ) when patients on statin treatment were compared with referent stroke patients not on statins. prognostic factors were, in general, more unfavorable among patients on statins. when this was adjusted for in a logistic regression model, the use of statins was a moderately strong but statistically nonsignificant predictor of discharge to home ( multiple - adjusted odds ratio 1. 42, 95 % ci 0. 90 to 2. 22 ). for patients with prior lobar ich, withholding anticoagulation therapy was strongly preferred, improving quality - adjusted life expectancy by 1. 9 qalys. for patients with prior deep hemispheric ich, withholding anticoagulation resulted in a smaller gain of 0. 3 qalys. in sensitivity analyses for patients with deep ich, anticoagulation could be preferred if the risk of thromboembolic stroke is particularly high.","No, the provided context shows that the volume for right hemisphere stroke was statistically greater than the volume for left hemisphere strokes, adjusting for the baseline nihss score.",0.7647
fixed_dense,fixed,dense,mistral,Can a Novel Surgical Approach to the Temporomandibular Joint Improve Access and Reduce Complications?,yes,yes,1,1,success,"this clinical study investigated whether the vascular - guided multilayer preauricular approach ( vmpa ) to the temporomandibular joint ( tmj ) could improve access and decrease complications. to determine whether post - operative administration of topical ropivacaine hydrochloride decreases morbidity following adenotonsillectomy. the transanal endorectal pull - through ( terpt ) is becoming the most popular procedure in the treatment of hirschsprung disease ( hd ), but overstretching of the anal sphincters remains a critical issue that may impact the continence. this study examined the long - term outcome of terpt versus conventional transabdominal ( abd ) pull - through for hd. despite surgical refinements, perioperative use of tracheobronchoscopy ( tbs ) as part of surgical approach to esophageal atresia ( ea ) is still controversial. the purpose of this study was to evaluate the influence of preoperative tbs in newborns with ea in preventing complications and improving diagnosis and surgical treatment. in the period ranging from 1997 to 2003, 62 patients with ea underwent preoperative tbs. the procedure was carried out with flexible bronchoscope maintaining spontaneous breathing. when a wide carinal fistula was found, this was mechanically occluded by fogarty catheter and cannulated with rigid bronchoscopy. type of ea, surgical procedure variations caused by tbs, and associated anomalies not easily detectable were recorded.","Yes

Justification: The clinical study ([1]) specifically investigated whether the vascular - guided multilayer preauricular approach ( vmpa ) to the temporomandibular joint ( tmj ) could improve access and decrease",0.8095
fixed_dense,fixed,dense,mistral,"Young-Burgess classification of pelvic ring fractures: does it predict mortality, transfusion requirements, and non-orthopaedic injuries?",maybe,maybe,1,1,success,"the objectives of this study were to evaluate the ability of the young - burgess classification system to predict mortality, transfusion requirements, and nonorthopaedic injuries in patients with pelvic ring fractures and to determine whether mortality rates after pelvic fractures have changed over time. mortality at index admission, transfusion requirement during first 24 hours, and presence of nonorthopaedic injuries as a function of young - burgess pelvic classification type. mortality compared with historic controls. despite a relatively large sample size, the ability of the young - burgess system to predict mortality only approached statistical significance ( p = 0. 07, kruskal - wallis ). the young - burgess system differentiated transfusion requirements - - lateral compression type 3 ( lc3 ) and anteroposterior compression types 2 ( apc2 ) and 3 ( apc3 ) fractures had higher transfusion requirements than did lateral compression type 1 ( lc1 ), anteroposterior compression type 1 ( apc1 ), and vertical shear ( vs ) ( p < 0. 05 ) - - but was not as useful at predicting head, chest, or abdomen injuries. dividing fractures into stable and unstable types allowed the system to predict mortality rates, abdomen injury rates, and transfusion requirements. overall mortality in the study group was 9. 1 %, unchanged from original young - burgess studies 15 years previously ( p = 0. 3 ). an 18 - month retrospective review was performed on trauma patients > or = 15 years old who received therapeutic anticoagulation using unfractionated heparin ( uh ) and / or fractionated heparin ( fh ). forty different pre - treatment and treatment patient characteristics were recorded. complications of anticoagulation were documented and defined as any unanticipated discontinuation of the anticoagulant for bleeding or other adverse events. we reviewed all cases of neonatal testicular torsion occurring at our institution between the years 1999 and 2006. age at presentation, physical examination, ultrasonographic and intraoperative findings were recorded. patients were followed after initial surgical intervention to determine the likelihood of developing a subsequent hydrocele or hernia.","Maybe

Justification: The Young-Burgess classification system can predict mortality, transfusion requirements, and non-orthopaedic injuries, but only approached statistical significance for mortality (p = 0.07",0.7619
fixed_dense,fixed,dense,mistral,Is vitamin D deficiency a feature of pediatric celiac disease?,no,yes,0,1,generation_failure,"celiac disease ( cd ) is an autoimmune enteropathy characterized by villus atrophy and malabsorption of essential nutrients. vitamin d deficiency has been described in autoimmune diseases, but its status in prepubertal children with cd has not been adequately studied. to determine the vitamin d status of prepubertal children with cd. a retrospective study of prepubertal children aged 3 - 12 years with cd ( n = 24 ) who were compared to prepubertal, non - cd children of the same age ( n = 50 ). children were included in the study if they had a diagnosis of cd by intestinal biopsy, and were not on a gluten - free diet ( gfd ). patients were excluded if they had diseases of calcium or vitamin d metabolism, or were receiving calcium or vitamin d supplementation or had other autoimmune diseases. all subjects had their serum 25 - hydroxyvitamin d [ 25 ( oh ) d ] level measured. cholestasis occurs frequently in patients with small bowel atresia ( sba ) and is often attributed to prolonged parental nutrition. when severe or prolonged, patients may undergo unnecessary intensive or invasive investigation. we characterized cholestasis and analyzed the pertinence of investigating this patient population. several studies have suggested a protective effect of folic acid ( fa ) on congenital heart anomalies. down syndrome ( ds ) infants are known to have a high frequency of heart anomalies. not all children with ds suffer from heart anomalies, which raises the question whether maternal factors might affect the risk of these anomalies. our objectives were to investigate whether first - trimester fa use protects against heart anomalies among ds children.","Yes

Justification: The study in the context compares the vitamin D status of prepubertal children with celiac disease to non-celiac children of the same age, and finds that the children with celiac disease have lower",0.6471
fixed_dense,fixed,dense,mistral,Is unsafe sexual behaviour increasing among HIV-infected individuals?,no,no,1,1,success,"to evaluate whether reported unsafe sexual behaviour among hiv - infected individuals is changing over time. the annual aids incidence rate in jamaica increased only marginally in the past three years from 18. 5 per 100000 population to 21. 4 in 1997. hiv prevalence in the general population groups tested has been about 1 % or less. among those at high risk, hiv prevalence rates have risen to 6. 3 % ( 95 % confidence interval 5. 0 - 8. 0 ) in std clinic attenders, around 10 % and 21 % in female prostitutes in kingston and montego bay respectively and approximately 30 % among homosexuals. syphilis rates and congenital syphilis cases have declined. the proportion of men aged 15 - 49 years reporting sex with a non - regular partner declined from 35 % in 1994 to 26 % in 1996 ( p < 0. 001 ). women ever having used condoms increased from 51 % in 1988 to 62. 5 % in 1992 and 73 % in 1994 and 1996 ( p < 0. 001 ), while condom use with a non - regular partner increased from 37 % in 1992 to 73 % in 1996 ( p = 0. 006 ). condom use among men was high over the period : around 81 % had ever used condoms and 77 % used them with non - regular partners. gay men, inner - city adults and adolescents aged aids case reports, hiv testing of blood donors, antenatal clinic attenders ( anc ), food service workers, sexually transmitted disease ( std ) clinic attenders, female prostitutes, homosexuals and other groups were used to monitor the hiv / aids epidemic. primary and secondary syphilis and cases of congenital syphilis were also monitored. national knowledge, attitude and practice ( kap ) surveys were conducted in 1988, 1989, 1992, 1994 and 1996. at least one sexual behaviour questionnaire was obtained for 6545 hiv - infected individuals and the median number of questionnaires completed per individual was five. there was no evidence of an increase in reported unsafe sex over time in this population [ odds ratio ( or ), 1. 0 ; 95 % confidence interval ( ci ), 0. 96 - 1. 05 ]. females ( or, 1. 38 ; 95 % ci, 1. 19 - 1. 60 ), 15 - 30 year olds ( or, 1. 26 ; 95 % ci, 1. 09 - 1. 47 ), those with hiv - positive partners ( or, 12. 58 ; 95 % ci, 10. 84 - 14. 07 ) and those with occasional partners ( or, 3. 25 ; 95 % ci, 2. 87 - 3. 67 ) were more likely to report unsafe sex. there was no evidence of a response bias over time, but individuals were less willing to leave questions about their sexual behaviour unanswered or ambiguous ( or, 0. 93 ; 95 % ci, 0. 90 - 0. 97 ). the relationship between the use of an endoscope during ventriculoperitoneal shunt ( vps ) procedures and infection remains poorly defined. in this study, we sought to analyze whether the simultaneous use of an endoscope could in fact increase the infection rate associated with vps procedures.","No

Justification: The text states that there was no evidence of an increase in reported unsafe sex over time in the population of HIV-infected individuals (line 4).",0.7778
fixed_dense,fixed,dense,mistral,Cholestasis associated with small bowel atresia: do we always need to investigate?,no,maybe,0,1,generation_failure,"cholestasis occurs frequently in patients with small bowel atresia ( sba ) and is often attributed to prolonged parental nutrition. when severe or prolonged, patients may undergo unnecessary intensive or invasive investigation. we characterized cholestasis and analyzed the pertinence of investigating this patient population. the aim of this study was to investigate the need for enbd on the clinical outcomes of patients with acute cholangitis undergoing endoscopic clearance of common bile duct ( cbd ) stones. with research ethics board approval, patients with sba between 1996 and 2005 were retrospectively reviewed. demographics, location of atresia, operative findings, complications, investigations, resumption of feeding, duration of prolonged parental nutrition, and follow - up information were examined. cholestasis was evaluated for incidence, severity, and evolution. a total of 104 patients with choledocholithiasis - induced acute cholangitis who underwent primary endoscopic treatment were compared according to insertion of an enbd tube ( 51 in the enbd group and 53 in the no - enbd group ). little is known about whether a routinely inserted endoscopic nasobiliary drainage ( enbd ) tube improves the clinical course in patients with choledocholithiasis - induced acute cholangitis after clearance of choledocholithiasis.","Maybe

Justification: The context indicates that cholestasis in patients with small bowel atresia is often attributed to prolonged parental nutrition, but it also mentions that unnecessary intensive or invasive investigation may occur when severe",0.7083
fixed_dense,fixed,dense,mistral,Are financial incentives cost-effective to support smoking cessation during pregnancy?,yes,maybe,0,1,generation_failure,"to investigate the cost - effectiveness of up to £400 worth of financial incentives for smoking cessation in pregnancy as an adjunct to routine health care. a total of 612 pregnant women randomized to receive usual cessation support plus or minus financial incentives of up to £400 vouchers ( us $ 609 ), contingent upon smoking cessation. comparison of usual support and incentive interventions in terms of cotinine - validated quitters, quality - adjusted life years ( qalys ) and direct costs to the nhs. the incremental cost per quitter at 34 - 38 weeks pregnant was £1127 ( $ 1716 ). this is similar to the standard look - up value derived from stapleton & west ' s published icer tables, £1390 per quitter, by looking up the cessation in pregnancy incentives trial ( cipt ) incremental cost ( £157 ) and incremental 6 - month quit outcome ( 0. 14 ). the life - time model resulted in an incremental cost of £17 [ 95 % confidence interval ( ci ) = - £93, £107 ] and a gain of 0. 04 qalys ( 95 % ci = - 0. 058, 0. 145 ), giving an icer of £482 / qaly ( $ 734 / qaly ). probabilistic sensitivity analysis indicates uncertainty in these results, particularly regarding relapse after birth. the expected value of perfect information was £30 million ( at a willingness to pay of £30 000 / qaly ), so given current uncertainty, additional research is potentially worthwhile. telephone counseling and tailored print communications have emerged as promising methods for promoting mammography screening. however, there has been little research testing, within the same randomized field trial, of the efficacy of these two methods compared to a high - quality usual care system for enhancing screening. this study addressed the question : compared to usual care, is tailored telephone counseling more effective than tailored print materials for promoting mammography screening?","Maybe

Justification: The cost per quitter is similar to the standard look-up value, but there is uncertainty due to potential relapse after birth (context [4]).",0.6842
fixed_dense,fixed,dense,mistral,Can medical students contribute to quality assurance programmes in day surgery?,yes,yes,1,1,success,"health care delivery has undertaken a major shift from inpatient management to ambulatory surgical care with increasing emphasis on quality assurance ( qa ) processes. educational opportunities for medical undergraduate programmes are being sought in the day surgery environment. our study was undertaken to explore ways in which senior medical students can actively contribute to the qa processes as part of an undergraduate day surgery educational programme. health care delivery has undertaken a major shift from inpatient management to ambulatory surgical care with increasing emphasis on quality assurance ( qa ) processes. educational opportunities for medical undergraduate programmes are being sought in the day surgery environment. our study was undertaken to explore ways in which senior medical students can actively contribute to qa processes as part of an undergraduate day surgery educational programme. we tested the hypothesis that equal mastery of surgical clerkship objectives can be obtained in a clerkship with and without general surgery. students chose any two surgical rotations and were assessed by written examination, objective structured clinical examination ( osce ), ward evaluations, self - assessment objectives questionnaire, and satisfaction survey. students followed 621 cases, representing a sampling of 14. 1 % day surgery cases. categories of problems highlighted by students included inappropriate patient and procedure selection, inadequate pain management, discharge, communication and resource issues. students made a number of recommendations including the development of multilingual videotapes and patient information sheets for non - english speaking patients, avoidance of bilateral surgical procedures and improved links with local medical officers. they also developed new guidelines and protocols. fifty - nine final year medical students followed allocated patients with common surgical conditions through all phases of the day surgery process. students kept records about each case in a log book and also presented their cases at weekly problem based learning tutorials. an audit of student log books and review of tutorial records was conducted for the 1996 and 1997 academic years, in order to evaluate student contribution to qa.","Yes

Justification: The study in the context shows that medical students followed cases in day surgery, kept records, presented cases, made recommendations, and developed new guidelines and protocols, all of which contribute to quality assurance programmes in day",0.8462
fixed_dense,fixed,dense,mistral,Measurement of head and neck paragangliomas: is volumetric analysis worth the effort?,yes,maybe,0,1,generation_failure,"the aim of this study was to assess the reproducibility of different measurement methods and define the most workable technique for measuring head and neck paragangliomas, to determine the best method for evaluating tumour growth. the evaluation of tumour growth is vital for a ' wait - and - scan ' policy, a management strategy that became increasingly important. one hundred forty - nine consecutive patients with suspected tumors of the parotid gland were examined with an epidwi sequence by using a 1. 5t unit. image analysis was performed by 2 radiologists independently, and the intraclass correlation coefficient was computed. histologic diagnosis was obtained in every patient. for comparison of apparent diffusion coefficients ( adcs ), a paired 2 - tailed student t test with a bonferroni correction was used. the influence of positron emission tomography in the management of recurrent rectal cancer is well established but its role in primary rectal cancer remains uncertain. this study therefore prospectively assesses the impact of position emission tomography scanning on the management of primary rectal cancer. the smallest detectable difference using the linear dimension method was 11 % for carotid body and 27 % for vagal body tumours, compared with 17 % and 20 % for the manual area tracing method. due to the irregular shape of paragangliomas in the temporal bone and conglomerates, the manual area tracing method showed better results in these tumours ( 26 % and 8 % versus 54 % and 47 % ). the linear dimension method was significantly faster ( median 4. 27 versus 18. 46 minutes, p < 0. 001 ). the automatic segmentation method yielded smallest detectable differences between 39 % and 75 %, and although fast ( 2. 19 ± 1. 49 minutes ), it failed technically. in 136 patients, a primary parotid gland tumor was confirmed by histology. among the observers, a high correlation was calculated ( 0. 98 ). adc values of pleomorphic adenomas were significantly higher than those of all other entities, except for myoepithelial adenomas ( p =. 054 ). adc values of warthin tumors were different from those of myoepithelial adenomas, lipomas, and salivary duct carcinomas ( p <. 001, 0. 013, and. 037, respectively ). mucoepidermoid carcinomas, acinic cell carcinomas, and basal cell adenocarcinomas were not differentiable from warthin tumors ( p =. 094,. 396, and. 604, respectively ).","Maybe

Justification: The study suggests that volumetric analysis may be more accurate for measuring head and neck paragangliomas, but it is not explicitly stated that it is worth the effort. The linear dimension method, which is a",0.4286
fixed_dense,fixed,dense,mistral,Three-dimensional ultrasound-validated large-core needle biopsy: is it a reliable method for the histological assessment of breast lesions?,yes,yes,1,1,success,"the use of three - dimensional ( 3d ) ultrasound may help to determine the exact position of the needle during breast biopsy, thereby reducing the number of core samples that are needed to achieve a reliable histological diagnosis. the aim of this study was to demonstrate the efficacy of 3d ultrasound - validated large - core needle biopsy ( lcnb ) of the breast. a total of 360 core needle biopsies was obtained from 169 breast lesions in 146 patients. additional open breast biopsy was performed in 111 women ( 127 / 169 breast lesions ) ; the remaining 42 lesions were followed up for at least 24 months. 3d ultrasound visualization of the needle in the postfiring position was used to classify the biopsy as central, marginal or outside the lesion. based on this classification it was decided whether another sample had to be obtained. ninety breast cancer patients were prospectively enrolled in an academic trial, and seven upper extremity circumferences were measured quarterly for 3 years. a 10 % volume increase or greater than 1 cm increase in arm circumference identified lymphedema with verification by a lymphedema specialist. sensitivity and specificity of several different criteria for detecting lymphedema were compared using the academic trial as the standard. clinically positive axillary nodes are widely considered a contraindication to sentinel lymph node ( sln ) biopsy in breast cancer, yet no data support this mandate. in fact, data from the era of axillary lymph node dissection ( alnd ) suggest that clinical examination of the axilla is falsely positive in as many as 30 % of cases. here we report the results of sln biopsy in a selected group of breast cancer patients with palpable axillary nodes classified as either moderately or highly suspicious for metastasis. to compare the accuracy achieved by a trained urology nurse practitioner ( unp ) and consultant urologist in detecting bladder tumours during flexible cystoscopy.","Yes

Justification: The study demonstrates the efficacy of 3D ultrasound-validated large-core needle biopsy of the breast, as it helped to determine the exact position of the needle during breast biops",0.7368
fixed_dense,fixed,dense,mistral,Can bone thickness and inter-radicular space affect miniscrew placement in posterior mandibular sites?,no,yes,0,1,generation_failure,"the proper angle of miniscrew insertion is important for cortical anchorage, patient safety, and biomechanical control. the purposes of this study are to report the alveolar process thickness and inter - radicular space in the posterior region of the mandible, to assess the impact of different miniscrew insertion angle protocols, and to identify differences between the genders or types of malocclusion. to compare the primary stability of miniscrews inserted into bone blocks of different bone mineral densities ( bmds ) with and without cortical bone, and investigate whether some trabecular properties could influence primary stability. fifty - two bone blocks were extracted from fresh bovine pelvic bone. four groups were created based on bone type ( iliac or pubic region ) and presence or absence of cortical bone. specimens were micro - computed tomography imaged to evaluate trabecular thickness, trabecular number, trabecular separation, bone volume density ( bv / tv ), bmd, and cortical thickness. miniscrews 1. 4 mm in diameter and 6 mm long were inserted into the bone blocks, and primary stability was evaluated by insertion torque ( it ), mini - implant mobility ( ptv ), and pull - out strength ( ps ). in this retrospective study, 100 individuals were selected for orthodontic treatment at a radiology clinic. cone - beam computed tomography data were imported into 3 - dimensional software. the predictor variable was the location in the mandible and insertion angle. the demographic variables collected included age, gender, and malocclusion ( angle classes i and ii ). the primary outcome variables were bone thickness and inter - radicular space. the inter - radicular spaces were evaluated 5 mm from the cement - enamel junction. the bone thicknesses were taken at 45°, 60°, and 90° in relation to the alveolar ridge, simulating a miniscrew insertion. these factors were evaluated for sexual dimorphism and malocclusion ( angle classes i and ii ). sexual dimorphism and malocclusion were evaluated with t tests. to compare the inter - radicular space and the thickness of bone between areas, an analysis of variance for repeated measures was used. orthodontic patients show high prevalence of tooth - size discrepancy. this study investigates the possible association between arch form, clinically significant tooth - size discrepancy, and sagittal molar relationship.","Yes

Justification: The context states that the bone thickness and inter-radicular space are evaluated factors in miniscrew placement in posterior mandibular sites ([4]).",0.5882
fixed_dense,fixed,dense,mistral,Do general practice selection scores predict success at MRCGP?,yes,maybe,0,1,generation_failure,"selection into general practice training is undertaken using a competency based approach. the clear advantage of this approach over traditional methods has been demonstrated through evaluation of its validity and reliability. however, the relationship between selection and performance in the royal college of general practitioner examinations ( mrcgp ) has yet to be explored. the mrcgp comprises of an applied knowledge test ( akt ), a clinical skills assessment ( csa ) and workplace - based assessments ( wpba ). aim : to explore the predictive validity of general practice selection scores using the akt and csa elements of the mrcgp as a final outcome measure. do preresidency selection factors serve as predictors of success in residency? specifically, we asked which preresidency selection factors are associated or correlated with ( 1 ) objective measures of resident knowledge and performance ; and ( 2 ) subjective ratings by faculty. three hundred twelve physicians were contacted, and 154 returned questionnaires that could be analyzed. of the 154 physicians ( mean age, 45 years ) 48 were cardiologists, 52 were gps, and 54 were allergists. the percentage of correct answers was low : 31. 9 % for cardiologists, 40 % for gps, and 33 % for allergists. thus, gps provided a significantly higher percentage of correct answers with respect to the remaining categories ( p = 0. 05 ). the lower rate of correct answers ( 0 to 15. 9 % ) concerned the time of onset of cough and the action to take. cardiologists seemed to be less aware of the fact that angiotensin receptor blockers ( sartans ) can cross - react with ace - i. this study carried out a retrospective analysis of 101 trainees from the wales deanery who were successfully selected on to general practice training in 2007. selection data consisted of an overall selection score as well as scores from each individual stage of selection. correlation was used to explore associations between selection scores and examination scores. as part of an mrc funded study into primary care oral anticoagulation management, inr measurements obtained in general practice were validated against values on the same samples obtained in hospital laboratories. a prospective comparative trial was undertaken between three hospital laboratories and nine general practices. all patients attending general practice based anticoagulant clinics had parallel inr estimations performed in general practice and in a hospital laboratory.","Maybe

Justification: The context mentions that the relationship between general practice selection and performance in the MRCGP has yet to be explored (context [1]). However, it is mentioned that a study was carried out to explore the predictive",0.7619
fixed_dense,fixed,dense,mistral,The Deformity Angular Ratio: Does It Correlate With High-Risk Cases for Potential Spinal Cord Monitoring Alerts in Pediatric 3-Column Thoracic Spinal Deformity Corrective Surgery?,yes,maybe,0,1,generation_failure,"the purpose of this study was to determine whether the deformity angular ratio ( dar ) can reliably assess the neurological risks of patients undergoing deformity correction. identifying high - risk patients and procedures can help ensure that appropriate measures are taken to minimize neurological complications during spinal deformity corrections. subjectively, surgeons look at radiographs and evaluate the riskiness of the procedure. however, 2 curves of similar magnitude and location can have significantly different risks of neurological deficit during surgery. whether the curve spans many levels or just a few can significantly influence surgical strategies. lenke et al have proposed the dar, which is a measure of curve magnitude per level of deformity. the data from 35 pediatric spinal deformity correction procedures with thoracic 3 - column osteotomies were reviewed. measurements from preoperative radiographs were used to calculate the dar. binary logistic regression was used to model the relationship between dars ( independent variables ) and presence or absence of an intraoperative alert ( dependent variable ). to identify the regional and global apexes of curves in adolescent idiopathic scoliosis and to compare the levels of those with the most rotated vertebral levels on computed tomography scans. thirty - three structural curves of 25 consecutive patients scheduled for surgery for thoracic or thoracolumbar scoliosis were analyzed with standing anteroposterior radiographs and computed tomography scans covering the curve apexes and pelvis. thoracic and lumbar curves were evaluated separately for all type ii curves. vertebral rotations were normalized by the rotation of the pelvis. the most rotated vertebral ( or disc ) levels ( transverse apex ) were compared with the regional and global apex levels ( vertebra or disc ) ( coronal apexes ) of the corresponding curves separately.","Maybe

Justification: The study in the context is designed to determine whether the deformity angular ratio (dar) can reliably assess the neurological risks of patients undergoing deformity correction, suggesting a potential correlation. However,",0.6957
fixed_dense,fixed,dense,mistral,Does age moderate the effect of personality disorder on coping style in psychiatric inpatients?,yes,maybe,0,1,generation_failure,"to examine age - related differences in the relationship between personality and coping strategies in an australian population of psychiatric inpatients. older adults reported less symptomatology than younger patients and younger patients described more personality dysfunction than older patients. as assessed by the cope, older adults reported lower levels of dysfunctional coping strategies than younger adults. personality traits, social supports, gender, and age predicted coping strategies, while axis i diagnosis, education, personality disorder, and symptom severity were not significant predictors of coping strategies. evidence suggests substantial comorbidity between symptoms of somatization and depression in clinical as well as nonclinical populations. however, as most existing research has been retrospective or cross - sectional in design, very little is known about the specific nature of this relationship. in particular, it is unclear whether somatic complaints may heighten the risk for the subsequent development of depressive symptoms. suicide is a leading cause of death and has been strongly associated with affective disorders. the influence of affective disorder polarity on subsequent suicide attempts or completions and any differential effect of suicide risk factors by polarity were assessed in a prospective cohort. using a questionnaire we investigated in a cross - sectional study the prevalence of pain, duration of pain, impairment and unfitness for work due to pain in 106 patients primarily diagnosed with a psychiatric disorder in the field of general adult psychiatry. potential risk factors were explored.","Maybe

Justification: In the provided context, the study specifically examined the relationship between personality and coping strategies in an Australian population of psychiatric inpatients, but it does not explicitly state that age moderates the effect of personality disorder on",0.5652
fixed_dense,fixed,dense,mistral,Autoxidation products of both carbohydrates and lipids are increased in uremic plasma: is there oxidative stress in uremia?,yes,yes,1,1,success,"to address this hypothesis, we applied gas chromatography - mass spectrometry and high performance liquid chromatography to measure protein adducts formed in uremic plasma by reactions between carbonyl compounds and protein amino groups : pentosidine derived from carbohydrate - derived carbonyls, malondialdehyde ( mda ) - lysine derived from lipid - derived carbonyls, and cml originating possibly from both sources. advanced glycation end products ( ages ), formed by non - enzymatic glycation and oxidation ( glycoxidation ) reactions, have been implicated in the pathogenesis of several diseases, including normoglycemic uremia. age research in uremia has focused on the accumulation of carbohydrate - derived adducts generated by the maillard reaction. recent studies, however, have demonstrated that one age, the glycoxidation product carboxymethyllysine ( cml ), could be derived not only from carbohydrates but also from oxidation of polyunsaturated fatty acids in vitro, raising the possibility that both carbohydrate and lipid autoxidation might be increased in uremia. all three adducts were elevated in uremic plasma. plasma cml levels were mainly ( > 95 % ) albumin bound. their levels were not correlated with fructoselysine levels and were similar in diabetic and non - diabetic patients on hemodialysis, indicating that their increase was not driven by glucose. pentosidine and mda - lysine were also increased in plasma to the same extent in diabetic and non - diabetic hemodialysis patients. statistical analysis indicated that plasma levels of cml correlated weakly ( p < 0. 05 ) with those of pentosidine and mda - lysine, but that pentosidine and mda - lysine varied independently ( p > 0. 5 ). an 18 - month retrospective review was performed on trauma patients > or = 15 years old who received therapeutic anticoagulation using unfractionated heparin ( uh ) and / or fractionated heparin ( fh ). forty different pre - treatment and treatment patient characteristics were recorded. complications of anticoagulation were documented and defined as any unanticipated discontinuation of the anticoagulant for bleeding or other adverse events. in 60 middle - aged individuals without diabetes we studied the associations of fasting plasma glucose, 2 - hour post oral glucose tolerance test plasma glucose, insulin sensitivity as well as body fat percentage with cvd risk. insulin sensitivity was measured as the glucose infusion rate during a euglycemic hyperinsulinemic clamp, body fat percentage was measured by dual x - ray absorptiometry, and cvd risk was estimated using the framingham risk score. associations of fasting plasma glucose, 2 - hour plasma glucose, insulin sensitivity and body fat percentage with the framingham risk score were assessed in linear regression models.","Yes

Justification: The text states that advanced glycation end products (ages), formed by non-enzymatic glycation and oxidation (glycoxidation) reactions, are increased in uremic",0.7647
fixed_dense,fixed,dense,mistral,Can 'high-risk' human papillomaviruses (HPVs) be detected in human breast milk?,no,no,1,1,success,"using polymerase chain reaction techniques, we evaluated the presence of hpv infection in human breast milk collected from 21 hpv - positive and 11 hpv - negative mothers. vaginal intraepithelial neoplasia is a little known disease which could be related to risk factors different from simple hpv infections. of the 32 studied human milk specimens, no ' high - risk ' hpv 16, 18, 31, 33, 35, 39, 45, 51, 52, 56, 58 or 58 dna was detected. pterygium is a disease of unknown origin and pathogenesis that might be vision threatening. it is characterised by a wing - like conjunctival overgrowth of the cornea. several studies have investigated human papillomavirus ( hpv ) as a risk factor for the development of pterygia, but the results are inconclusive. aim : to investigate a large sample of pterygia for the presence of hpv in order to clarify the putative association between pterygia and hpv. the objective of the study was to determine whether risk of recurrent preterm birth differs based on the clinical presentation of a prior spontaneous preterm birth ( sptb ) : advanced cervical dilatation ( acd ), preterm premature rupture of membranes ( pprom ), or preterm labor ( ptl ).","No.

Justification: The provided context states that no 'high-risk' HPV 16, 18, 31, 33, 35, 39, 45, ",0.7333
fixed_dense,fixed,dense,mistral,Quaternary cytoreductive surgery in ovarian cancer: does surgical effort still matter?,yes,yes,1,1,success,"to evaluate surgical outcome and survival benefit after quaternary cytoreduction ( qc ) in epithelial ovarian cancer ( eoc ) relapse. patients referred for pelvic exenteration from october 1994 to november 2012 were reviewed. patients who did and did not receive radiotherapy as part of their primary rectal cancer treatment were compared. we review our results on surgical treatment of patients with stage i non - small cell lung carcinoma and we attempted to clarify the prognostic significance of some surgical - - pathologic variables. few studies have assessed whether the advantage chemotherapy has been shown to have in treating advanced non - small lung carcinoma in clinical trials is transferrable to normal health care activity. this could explain the skepticism of a large number of pneumologists towards this treatment. the objective of our study was to analyze prognostic factors related to survival and to see whether cytostatic treatment was an independent predictor. to evaluate the impact of her2 immunoreactivity on clinical outcome in locally advanced urothelial carcinoma patients who received surgery alone, or methotrexate, vinblastine, epirubicin, and cisplatin ( m - vec ) as adjuvant chemotherapy.","Yes

Justification: The context mentions evaluating surgical outcome and survival benefit after quaternary cytoreduction (qc) in epithelial ovarian cancer (eoc) relapse, indicating that surg",0.6500
fixed_dense,fixed,dense,mistral,Chemotherapy and survival in advanced non-small cell lung carcinoma: is pneumologists' skepticism justified?,no,maybe,0,1,generation_failure,"few studies have assessed whether the advantage chemotherapy has been shown to have in treating advanced non - small lung carcinoma in clinical trials is transferrable to normal health care activity. this could explain the skepticism of a large number of pneumologists towards this treatment. the objective of our study was to analyze prognostic factors related to survival and to see whether cytostatic treatment was an independent predictor. breathlessness is one of the most distressing symptoms experienced by patients with advanced cancer and noncancer diagnoses alike. often, severity of breathlessness increases quickly, calling for rapid symptom control. oral, buccal, and parenteral routes of provider - controlled drug administration have been described. it is unclear whether patient - controlled therapy ( pct ) systems would be an additional treatment option. we review our results on surgical treatment of patients with stage i non - small cell lung carcinoma and we attempted to clarify the prognostic significance of some surgical - - pathologic variables. patients enrolled in the study had been diagnosed with non - small cell carcinoma in stages iv or iiib with pleural or n2 - n3 involvement and with a performance status of 2 or below according to the eastern cooperative oncology group ( ecog ). survival was analyzed with regard to the following variables : age, sex, comorbidity, weight loss, laboratory test results, histological type, ecog score, tnm staging, and treatment. the student t test, the chi ( 2 ) test, the kaplan - meier method, the log - rank test, and cox regression analysis were used in the statistical analysis. the aim of this prognostic factor analysis was to investigate if a patient ' s self - reported health - related quality of life ( hrqol ) provided independent prognostic information for survival in non - small cell lung cancer ( nsclc ) patients.","Maybe

Justification: The provided context discusses a study analyzing prognostic factors related to survival in advanced non-small cell lung carcinoma, including chemotherapy treatment. However, it does not directly address or justify the ske",0.5385
fixed_dense,fixed,dense,mistral,Does topical ropivacaine reduce the post-tonsillectomy morbidity in pediatric patients?,yes,maybe,0,1,generation_failure,"to determine whether post - operative administration of topical ropivacaine hydrochloride decreases morbidity following adenotonsillectomy. patients received 1. 0 % ropivacaine hydrochloride soaked swabs packed in their tonsillar fossae while the control group received saline - soaked swabs. mc grath ' s face scale was used to compare the two groups in respect of pain control. chi - square and two - tailed unpaired student ' s t - tests or mann - whitney - u - tests were used to compare the two independent groups. as 10 we made 11 comparison between groups, for bonferroni correction, p < 0. 005 was accepted as statistically significant. a medline search was conducted on the use of dexamethasone in the treatment of asthma exacerbations in children. the studies selected were clinical trials comparing the efficacy of dexamethasone with prednisone. meta - analysis was performed examining physician revisitation rates and symptomatic return to baseline. we reviewed all cases of neonatal testicular torsion occurring at our institution between the years 1999 and 2006. age at presentation, physical examination, ultrasonographic and intraoperative findings were recorded. patients were followed after initial surgical intervention to determine the likelihood of developing a subsequent hydrocele or hernia. six completed pediatric clinical trials met the inclusion criteria. all of the pediatric trials found that prednisone is not superior to dexamethasone in treating mild to moderate asthma exacerbations. meta - analysis demonstrated homogeneity between the dexamethasone and prednisone groups when examining symptomatic return to baseline and unplanned physician revisits after the initial emergency department encounter. some studies found potential additional benefits of dexamethasone, including improved compliance and less vomiting.","Maybe

Justification: The study provided compares the use of ropivacaine hydrochloride to saline in post-operative administration following adenotonsillectomy, but it does not specifically state that the reduction",0.5000
fixed_dense,fixed,dense,mistral,Is pain a clinically relevant problem in general adult psychiatry?,yes,yes,1,1,success,"using a questionnaire we investigated in a cross - sectional study the prevalence of pain, duration of pain, impairment and unfitness for work due to pain in 106 patients primarily diagnosed with a psychiatric disorder in the field of general adult psychiatry. potential risk factors were explored. to study the prevalence of pain and risk factors for pain in psychiatric patients in a psychiatric hospital. the point prevalence of pain was about 50 %, the 6 - month prevalence 75. 5 % and the 12 - month prevalence 76. 5 %. the patients ' most frequent complaints were low back pain, headache and shoulder and neck pain. patients with affective disorders most frequently had pain complaints, followed by those with neurotic, stress - related and somatoform disorders and those with psychotic disorders such as schizophrenia, schizotypic and delusional disorders. almost 10 % of all patients reported pain continuing at least 3 months in the past year. impairment and unfitness for work were related to specific psychiatric diagnosis. statistically significant risk factors for pain were depression ( or = 6. 05 ) and the number of past admissions to psychiatric hospitals ( or = 3. 609 ). a population based cross - sectional study of 4200 randomly selected adults registered with a general medical practice in north west, england. the study examined the association of chronic oro - facial pain with a variety of self - reported mechanical factors : teeth grinding, facial trauma, missing teeth and the feeling that the teeth did not fit together properly. information was also collected on demographic factors, psychological factors and the reporting of other frequently unexplained syndromes. evidence suggests substantial comorbidity between symptoms of somatization and depression in clinical as well as nonclinical populations. however, as most existing research has been retrospective or cross - sectional in design, very little is known about the specific nature of this relationship. in particular, it is unclear whether somatic complaints may heighten the risk for the subsequent development of depressive symptoms.","Yes

Justification: The point prevalence of pain was about 50% in the study of 106 patients primarily diagnosed with a psychiatric disorder in the field of general adult psychiatry (context [3]).",0.8500
fixed_dense,fixed,dense,mistral,Does concomitant anterior/apical repair during midurethral sling improve the overactive bladder component of mixed incontinence?,no,maybe,0,1,generation_failure,"midurethral sling ( mus ) can improve overactive bladder ( oab ) symptoms. it is unclear if anterior / apical prolapse ( aa ) repair provides additional benefit. we hypothesized that women with mixed urinary incontinence ( mui ) experience greater improvement in the oab component of their symptoms after concomitant mus and aa repair compared with mus alone. this is a retrospective cohort study of women with bothersome mui ( defined by objective stress test and validated questionnaire ) undergoing mus alone ( "" mus - only "" ) or concomitant mus and aa repair ( "" mus + aa "" ). our primary outcome was the overactive bladder questionnaire symptom severity ( oab - q ss ) change score 6 weeks after surgery. the transanal endorectal pull - through ( terpt ) is becoming the most popular procedure in the treatment of hirschsprung disease ( hd ), but overstretching of the anal sphincters remains a critical issue that may impact the continence. this study examined the long - term outcome of terpt versus conventional transabdominal ( abd ) pull - through for hd. of 151 women, 67 ( 44 % ) underwent mus - only and 84 ( 56 % ) underwent mus + aa. the mus - only cohort was younger and had less severe baseline prolapse ( p < 0. 05 for both ). postoperative complications ( predominantly uti ) occurred in 35 ( 23 % ) patients and were similar between cohorts. for all subjects mean oab - q ss scores significantly improved postoperatively ( p < 0. 05 ). our primary outcome, oab - q ss change score, showed no significant differences between cohorts ( 30 ± 26 mus - only vs 25 ± 25 mus + aa, p = 0. 20 ), indicating similar improvements in oab symptoms. multivariate linear regression analysis revealed no difference in oab - q ss change score between cohorts ; however, oab - q ss change scores were lower for women with a postoperative complication ( β = - 19, 95 % ci - 31 to - 6 ; p < 0. 01 ). a comparative, retrospective study was conducted of patients undergoing ureteroscopy from january 2000 to may 2008. for data analysis purposes, the population was divided into two groups based on whether ureteroscopy had been performed with ( group 1 ) or without ( group 2 ) ureteral meatus dilatation. variables recorded included age, sex, type of procedure, surgical diagnosis, passive or active dilatation, number of stones, stone location, stone diameter, peroperative and postoperative complications, internal urinary diversion after the procedure, therapeutic success rate, operating time, and hospital stay duration. a 8 - 9. 8 fr wolf semirigid ureteroscope was used. descriptive statistics of the population and cohorts were performed, providing medians, quartiles, and limit values for non - normally distributed interval variables, and absolute and relative frequencies for categorical variables. shapiro - wilk ' s, mann - whitney ' s u, chi - square, and fisher ' s exact tests were used for statistical analysis. a value of p 2 alpha < or = 0. 005 was considered statistically significant. arcus quickstat biomedical 1. 0 software was used.","Maybe

Justification: The study shows that there is no significant difference in the improvement of overactive bladder symptoms between women who underwent midurethral sling alone and those who had concomitant anterior/apical",0.7500
fixed_dense,fixed,dense,mistral,Does the use of atypical antipsychotics as adjunctive therapy in depression result in cost savings?,no,no,1,1,success,"several atypical antipsychotics ( aaps ) are used as second - line agents for treatment resistant depression. aaps can be expensive compared to other treatment options and can cause several side effects. observational study using medicaid claims data ( 2006 - 2011 ). subjects were depression - diagnosed adult members with at least two prescriptions of antidepressant medications followed by a second - line agent. gamma generalized linear models ( glm ) produced estimates of the difference in mean expenditures among treatment groups after adjusting for individual baseline characteristics using propensity scores. negative binomial models produced estimates of the difference in number of hospitalizations and emergency department ( ed ) visits. a total of 3910 members received second - line treatment. treatment groups were aaps ( n = 2211 ), augmentation agents other than aaps ( n = 1008 ), and antidepressant switching ( n = 691 ). aaps resulted in higher mean adjusted pharmacy costs and higher mean adjusted total mental health - related costs. mean adjusted total healthcare costs and number of inpatient and ed visits were not different among treatments. a medline search was conducted on the use of dexamethasone in the treatment of asthma exacerbations in children. the studies selected were clinical trials comparing the efficacy of dexamethasone with prednisone. meta - analysis was performed examining physician revisitation rates and symptomatic return to baseline. there is increasing pressure on mental health providers to reduce the duration of treatments, while retaining level of quality and effectiveness. the risk is that the population is underserved and therefore needs new treatment episodes. the primary aim of this study was to investigate whether duration of treatment and return into mental health care were related.","No, the use of atypical antipsychotics as adjunctive therapy in depression does not result in cost savings.

Justification: The study in the context shows that atypical antipsychotics resulted in higher",0.4118
fixed_dense,fixed,dense,mistral,Can patients be anticoagulated after intracerebral hemorrhage?,maybe,maybe,1,1,success,"warfarin increases both the likelihood and the mortality of intracerebral hemorrhage ( ich ), particularly in patients with a history of prior ich. in light of this consideration, should a patient with both a history of ich and a clear indication for anticoagulation such as nonvalvular atrial fibrillation be anticoagulated? in the absence of data from a clinical trial, we used a decision - analysis model to compare the expected values of 2 treatment strategies - warfarin and no anticoagulation - for such patients. an 18 - month retrospective review was performed on trauma patients > or = 15 years old who received therapeutic anticoagulation using unfractionated heparin ( uh ) and / or fractionated heparin ( fh ). forty different pre - treatment and treatment patient characteristics were recorded. complications of anticoagulation were documented and defined as any unanticipated discontinuation of the anticoagulant for bleeding or other adverse events. one - hundred - fourteen trauma patients were initiated on therapeutic anticoagulation. the most common indication for anticoagulation was deep venous thrombosis ( 46 % ). twenty - four patients ( 21 % ) had at least 1 anticoagulation complication. the most common complication was a sudden drop in hemoglobin concentration requiring blood transfusion ( 11 patients ). five patients died ( 4 % ), 3 of whom had significant hemorrhage attributed to anticoagulation. bivariate followed by logistic regression analysis identified chronic obstructive pulmonary disease ( or = 9. 2, 95 % ci = 1. 5 - 54. 7 ), uh use ( or = 3. 8, 95 % ci = 1. 1 - 13. 0 ), and lower initial platelet count ( or = 1. 004, 95 % ci = 1. 000 - 1. 008 ) as being associated with complications. patients receiving uh vs. fh differed in several characteristics including laboratory values and anticoagulation indications. for patients with prior lobar ich, withholding anticoagulation therapy was strongly preferred, improving quality - adjusted life expectancy by 1. 9 qalys. for patients with prior deep hemispheric ich, withholding anticoagulation resulted in a smaller gain of 0. 3 qalys. in sensitivity analyses for patients with deep ich, anticoagulation could be preferred if the risk of thromboembolic stroke is particularly high. trauma patients who require therapeutic anticoagulation pose a difficult treatment problem. the purpose of this study was to determine : ( 1 ) the incidence of complications using therapeutic anticoagulation in trauma patients, and ( 2 ) if any patient factors are associated with these complications.","Maybe

Justification: The decision analysis model suggests that for patients with a history of intracerebral hemorrhage, anticoagulation may be preferred if the risk of thromboembolic stroke is particularly high,",0.7895
fixed_dense,fixed,dense,mistral,Diagnostic and therapeutic ureteroscopy: is dilatation of ureteral meatus always necessary?,no,maybe,0,1,generation_failure,"a comparative, retrospective study was conducted of patients undergoing ureteroscopy from january 2000 to may 2008. for data analysis purposes, the population was divided into two groups based on whether ureteroscopy had been performed with ( group 1 ) or without ( group 2 ) ureteral meatus dilatation. variables recorded included age, sex, type of procedure, surgical diagnosis, passive or active dilatation, number of stones, stone location, stone diameter, peroperative and postoperative complications, internal urinary diversion after the procedure, therapeutic success rate, operating time, and hospital stay duration. a 8 - 9. 8 fr wolf semirigid ureteroscope was used. descriptive statistics of the population and cohorts were performed, providing medians, quartiles, and limit values for non - normally distributed interval variables, and absolute and relative frequencies for categorical variables. shapiro - wilk ' s, mann - whitney ' s u, chi - square, and fisher ' s exact tests were used for statistical analysis. a value of p 2 alpha < or = 0. 005 was considered statistically significant. arcus quickstat biomedical 1. 0 software was used. to assess the feasibility and safety of diagnostic or therapeutic semirigid ureteroscopy without ureteral meatus dilatation. the transanal endorectal pull - through ( terpt ) is becoming the most popular procedure in the treatment of hirschsprung disease ( hd ), but overstretching of the anal sphincters remains a critical issue that may impact the continence. this study examined the long - term outcome of terpt versus conventional transabdominal ( abd ) pull - through for hd. little is known about whether a routinely inserted endoscopic nasobiliary drainage ( enbd ) tube improves the clinical course in patients with choledocholithiasis - induced acute cholangitis after clearance of choledocholithiasis. treatment of neonatal testicular torsion has two objectives : salvage of the involved testicle ( which is rarely achieved ) and preservation of the contralateral gonad. the second goal universally involves contralateral testicular scrotal fixation to prevent the future occurrence of contralateral torsion. however, there is controversy with regards to management of a synchronous contralateral hydrocele. it has been our policy not to address the contralateral hydrocele through an inguinal incision to minimize potential injury to the spermatic cord. our objective in this study was to determine whether the decision to manage a contralateral hydrocele in cases of neonatal testicular torsion solely through a scrotal approach is safe and effective.","Maybe

Justification: The study was conducted to assess the feasibility and safety of diagnostic or therapeutic semirigid ureteroscopy without ureteral meatus dilatation (group 2), suggesting that it",0.8333
fixed_dense,fixed,dense,mistral,Does managed care enable more low income persons to identify a usual source of care?,maybe,no,0,1,generation_failure,"( 1 ) to examine the effects of managed care on the likelihood of low - income persons having a usual source of care and a usual physician, and ; ( 2 ) to examine the association between usual source of care and access. by requiring or encouraging enrollees to obtain a usual source of care, managed care programs hope to improve access to care without incurring higher costs. high managed care penetration in the community is associated with a lower likelihood of having a usual source of care for uninsured persons ( 54. 8 % vs. 62. 2 % in low penetration areas ) as well as a lower likelihood of having a usual physician ( 60 % vs. 72. 8 % ). managed care has only marginal effects on the likelihood of having a usual source of care for privately insured and medicaid beneficiaries. having a usual physician substantially reduces unmet medical needs for the insured but less so for the uninsured. preventive home visits are offered to community dwelling older people in denmark aimed at maintaining their functional ability for as long as possible, but only two thirds of older people accept the offer from the municipalities. the purpose of this study is to investigate 1 ) whether socioeconomic status was associated with acceptance of preventive home visits among older people and 2 ) whether municipality invitational procedures for the preventive home visits modified the association. it is uncertain whether the inverse equity hypothesis - the idea that new health interventions are initially primarily accessed by the rich, but that inequalities narrow with diffusion to the poor - holds true for cancer screening in low and middle income countries ( lmics ). this study examines the relationship between overall coverage and economic inequalities in coverage of cancer screening in four middle - income countries.","No

Justification: According to the context, high managed care penetration is associated with a lower likelihood of having a usual source of care for uninsured persons (54.8% vs. 62.2% in low",0.8182
fixed_dense,fixed,dense,mistral,"Knee extensor strength, dynamic stability, and functional ambulation: are they related in Parkinson's disease?",yes,yes,1,1,success,"to evaluate the relationship between knee extensor strength, postural stability, functional ambulation, and disease severity in parkinson ' s disease ( pd ). knee extensor strength positively correlated with dynamic postural stability and negatively correlated with disease severity. further, dynamic postural stability was negatively correlated to disease severity and positively correlated with functional ambulation in this cohort of patients with pd ( p <. 05 ). the results also suggest that the functional reach test may be a valuable assessment tool to examine postural stability in pd. participants were evaluated on their isokinetic knee extensor strength. additionally, participants completed an assessment of their postural stability ( functional reach test for static stability and a dynamic postural stability assessment as measured by the center of pressure - center of mass moment arm during gait initiation ). participants also underwent an evaluation of their functional ambulation as measured by a 6 - minute walk test. lastly, participants were evaluated by a neurologist specially trained in movement disorders to assess neurologic status and disease severity using the unified parkinson ' s disease rating scale and the hoehn and yahr disability score. six human cadaver knees were tested before implantation, after implantation with a bicruciate - retaining unicompartmental knee prosthesis, and after implantation with a posterior cruciate - retaining tricompartmental knee prosthesis. the unicompartmental prosthesis was initially implanted, and it was then revised to a total condylar knee replacement. the knee kinematics were measured with use of an electromagnetic tracking device while the knee was put through dynamic simulated stair - climbing under peak flexion moments of approximately 40 n - m. quadriceps tension was also measured for all three conditions. unicompartmental replacement can be an alternative to tibial osteotomy in younger, active patients with unicompartmental knee disease. in unicompartmental replacement, the other compartments and knee ligaments are largely untouched. therefore, it was hypothesized that the knee kinematics after unicompartmental replacement may also be unchanged. to test this hypothesis, knee kinematics and quadriceps tension were recorded before and after replacement with a unicompartmental design and then with a tricompartmental design.","Yes

Justification: The provided context states that knee extensor strength positively correlated with dynamic postural stability and negatively correlated with disease severity, and dynamic postural stability was negatively correlated to disease severity and posit",0.6471
fixed_dense,fixed,dense,mistral,"Is distance to provider a barrier to care for medicaid patients with breast, colorectal, or lung cancer?",no,yes,0,1,generation_failure,"distance to provider might be an important barrier to timely diagnosis and treatment for cancer patients who qualify for medicaid coverage. whether driving time or driving distance is a better indicator of travel burden is also of interest. driving distances and times from patient residence to primary care provider were calculated for 3, 917 breast, colorectal ( crc ) and lung cancer medicaid patients in washington state from 1997 to 2003 using mapquest. com. we fitted regression models of stage at diagnosis and time - to - treatment ( number of days between diagnosis and surgery ) to test the hypothesis that travel burden is associated with timely diagnosis and treatment of cancer. treatment delays in breast cancer are generally thought to affect prognosis but the impact on survival remains unclear. indicators for breast cancer care include time to primary treatment. the purpose of this study was to evaluate whether time to primary treatment ( tpt ) in breast cancer impacts survival. high managed care penetration in the community is associated with a lower likelihood of having a usual source of care for uninsured persons ( 54. 8 % vs. 62. 2 % in low penetration areas ) as well as a lower likelihood of having a usual physician ( 60 % vs. 72. 8 % ). managed care has only marginal effects on the likelihood of having a usual source of care for privately insured and medicaid beneficiaries. having a usual physician substantially reduces unmet medical needs for the insured but less so for the uninsured. breathlessness is one of the most distressing symptoms experienced by patients with advanced cancer and noncancer diagnoses alike. often, severity of breathlessness increases quickly, calling for rapid symptom control. oral, buccal, and parenteral routes of provider - controlled drug administration have been described. it is unclear whether patient - controlled therapy ( pct ) systems would be an additional treatment option.","Yes

Justification: The context mentions that distance to provider might be an important barrier to timely diagnosis and treatment for cancer patients who qualify for medicaid coverage ([1]). Additionally, driving distances from patient residence to primary care provider",0.7778
fixed_dense,fixed,dense,mistral,Can folic acid protect against congenital heart defects in Down syndrome?,no,no,1,1,success,"several studies have suggested a protective effect of folic acid ( fa ) on congenital heart anomalies. down syndrome ( ds ) infants are known to have a high frequency of heart anomalies. not all children with ds suffer from heart anomalies, which raises the question whether maternal factors might affect the risk of these anomalies. our objectives were to investigate whether first - trimester fa use protects against heart anomalies among ds children. it is postulated that some aspects of methotrexate toxicity may be related to its action as an anti - folate. folic acid ( fa ) is often given as an adjunct to methotrexate therapy, but there is no conclusive proof that it decreases the toxicity of methotrexate and there is a theoretical risk that it may decrease the efficacy of methotrexate. women with liveborn ds children participating in the slone epidemiology center birth defects study between 1976 and 1997 were included. we performed case - control analyses using ds, with heart anomalies as cases and ds, without heart anomalies as controls. subanalyses were performed for defects that have been associated with fa in non - ds populations ( conotruncal, ventricular septal [ vsd ] ) and for those that are associated with ds ( ostium secundum type atrial septal defects [ asd ] and endocardial cushion defects [ ecd ] ). exposure was defined as the use of any fa - containing product for an average of at least 4 days per week during the first 12 weeks of pregnancy, whereas no exposure was defined as no use of fa in these 12 weeks. of the 223 cases, 110 ( 49 % ) were exposed versus 84 ( 46 % ) of the 184 controls. after adjustment for possible confounders, no protective effect of fa was found on heart anomalies overall ( or 0. 95, 95 % ci : 0. 61 - 1. 47 ) nor separately for conotruncal defects, vsds, asds, or ecds. extracranial internal carotid artery stenosis is a risk factor for perioperative stroke in patients undergoing coronary artery bypass surgery ( cab ). although selective and non - selective methods of preoperative carotid screening have been advocated, it remains unclear if this screening is clinically relevant. aim : to test whether selective carotid screening is as effective as non - selective screening in detecting significant carotid disease.","No

Justification: The study found no protective effect of folic acid on heart anomalies among Down syndrome children ([4]).",0.9333
fixed_dense,fixed,dense,mistral,Are there mental health differences between francophone and non-francophone populations in manitoba?,maybe,maybe,1,1,success,"francophones may experience poorer health due to social status, cultural differences in lifestyle and attitudes, and language barriers to health care. our study sought to compare mental health indicators between francophones and non - francophones living in the province of manitoba. outside urban areas, francophones had lower rates of diagnosed substance use disorder ( rate ratio [ rr ] = 0. 80 ; 95 % ci 0. 68 to 0. 95 ) and of suicide and suicide attempts ( rr = 0. 59 ; 95 % ci 0. 43 to 0. 79 ), compared with non - francophones, but no differences were found between the groups across the province in rates of diagnosed mood disorders, anxiety disorders, dementia, or any mental disorders after adjusting for age, sex, and geographic area. when surveyed, francophones were less likely than non - francophones to report that their mental health was excellent, very good, or good ( 66. 9 %, compared with 74. 2 % ). at 150 msec, speed discrimination thresholds did not differ between schizophrenia patients ( n = 38 ) and control subjects ( n = 33 ). at 300 msec, patients had significantly higher thresholds than control subjects ( p =. 03 ). furthermore, frequencies of eye tracking during the 300 msec stimulus were significantly correlated with speed discrimination in control subjects ( p =. 01 ) but not in patients, suggesting that eye - tracking initiation may benefit control subjects but not patients. the frequency of eye tracking during speed discrimination was not significantly related to regular eye - tracking performance. two populations were used : one from administrative datasets housed at the manitoba centre for health policy and the other from representative survey samples. the administrative datasets contained data from physician billings, hospitalizations, prescription drug use, education, and social services use, and surveys included indicators on language variables and on self - rated health. older adults reported less symptomatology than younger patients and younger patients described more personality dysfunction than older patients. as assessed by the cope, older adults reported lower levels of dysfunctional coping strategies than younger adults. personality traits, social supports, gender, and age predicted coping strategies, while axis i diagnosis, education, personality disorder, and symptom severity were not significant predictors of coping strategies.","Maybe

Justification: The study found that francophones had lower rates of diagnosed substance use disorder and suicide/suicide attempts, but no differences were found in rates of diagnosed mood disorders, anxiety disorders, dementia, or any mental",0.9091
fixed_dense,fixed,dense,mistral,Does type 1 diabetes mellitus affect Achilles tendon response to a 10 km run?,no,maybe,0,1,generation_failure,"achilles tendon structure deteriorates 2 - days after maximal loading in elite athletes. the load - response behaviour of tendons may be altered in type 1 diabetes mellitus ( t1dm ) as hyperglycaemia accelerates collagen cross - linking. this study compared achilles tendon load - response in participants with t1dm and controls. achilles tendon structure was quantified at day - 0, day - 2 and day - 4 after a 10 km run. ultrasound tissue characterisation ( utc ) measures tendon structural integrity by classifying pixels as echo - type i, ii, iii or iv. echo - type i has the most aligned collagen fibrils and iv has the least. to explore whether electrochemiluminescence ( ecl ) assays can help improve prediction of time to type 1 diabetes in the trialnet autoantibody - positive population. participants were 7 individuals with t1dm and 10 controls. all regularly ran distances greater than 5 km and visa - a scores indicated good tendon function ( t1dm = 94 ± 11, control = 94 ± 10 ). there were no diabetic complications and hba1c was 8. 7 ± 2. 6 mmol / mol for t1dm and 5. 3 ± 0. 4 mmol / mol for control groups. baseline tendon structure was similar in t1dm and control groups - utc echo - types ( i - iv ) and anterior - posterior thickness were all p > 0. 05. no response to load was seen in either t1dm or control group over the 4 - days post exercise. several studies have shown associations between hyperglycemia and risk of cardiovascular disease ( cvd ) and mortality, yet glucose - lowering treatment does little to mitigate this risk. we examined whether associations between hyperglycemia and cvd risk were explained by underlying insulin resistance.","Maybe

Justification: The study found no response to load in either the type 1 diabetes mellitus (T1DM) or control group over the 4-day post-exercise period, but the study was small and",0.7727
fixed_dense,fixed,dense,mistral,Fragility of the esophageal mucosa: a pathognomonic endoscopic sign of primary eosinophilic esophagitis?,yes,maybe,0,1,generation_failure,"primary eosinophilic esophagitis, a chronic inflammatory disorder of the esophagus, evokes recurrent dysphagia. endoscopy is often unremarkable, and no consensus exists regarding management of resultant dysphagia. the response of a series of patients with primary eosinophilic esophagitis to dilation is reported together with a description of a possibly pathognomonic sign : fragile esophageal mucosa, for which the term "" crepe - paper "" mucosa is introduced. we observed an endoscopic abnormally in a group of children with histological esophagitis. we termed this finding "" vertical lines in esophageal mucosa "" ( vlem ). we examined the relationship between the presence of vlem and significant histologic changes in esophageal mucosal biopsies. five men underwent endoscopy because of dysphagia confirmed ( clinically, endoscopically, and histologically ) to be caused by primary eosinophilic esophagitis and were treated by bouginage. xanthogranulomatous cholecystitis ( xgc ) is an uncommon variant of chronic cholecystitis, characterized by marked thickening of the gallbladder wall and dense local adhesions. it often mimics a gallbladder carcinoma ( gbc ), and may coexist with gbc, leading to a diagnostic dilemma. furthermore, the premalignant nature of this entity is not known. this study was undertaken to assess the p53, pcna and beta - catenin expression in xgc in comparison to gbc and chronic inflammation. the esophageal mucosa had a normal appearance on 160 endoscopic studies ( group 1 ) and vlem were the only mucosal abnormalities in 41 endoscopies ( group 2 ). histology was normal in 92 of 160 biopsies ( 57. 5 % ) from group 1, and 1 of 41 biopsies ( 2. 4 % ) from group 2. most patients in group 2 had eosinophilic esophagitis ( 34 of 41, 83 %, specificity 0. 85, sensitivity 0. 5, p > 0. 001 ) which was of moderate to severe intensity ( 31 of 34, 91. 2 %, specificity 0. 88, sensitivity 0. 73, p < 0. 001 ).","Maybe

Justification: The term ""crepe-paper"" mucosa is introduced as a possibly pathognomonic sign of primary eosinophilic esophagitis, but the study in the context does not definitively",0.7059
fixed_dense,fixed,dense,mistral,Does cup-cage reconstruction with oversized cups provide initial stability in THA for osteoporotic acetabular fractures?,yes,yes,1,1,success,"this study measured acetabular component stability and the initial surface contact achieved between the acetabular component and unfractured region of the pelvis after tha using an oversized acetabular component and cup - cage reconstruction. the incidence of acetabular fractures in osteoporotic patients is increasing. immediate total hip arthroplasty ( tha ) has potential advantages, but achieving acetabular component stability is challenging and, at early followup, reported revision rates for loosening are high. questions / between november 2011 and november 2013, we treated 40 acute acetabular fractures in patients older than 70 years of age. of these, 12 ( 30 % ) underwent immediate tha using an oversized acetabular component with screws inserted only into the ilium and a cup - cage construct. postoperatively all patients were mobilized without weightbearing restrictions. indications for immediate tha after acetabular fractures were displaced articular comminution deemed unreducible. eleven of the 12 were prospectively studied to evaluate the initial stability of the reconstructions using radiostereometric analysis. one of the patients died of a pulmonary embolism after surgery, and the remaining 10 ( median age, 81 years ; range, 72 - 86 years ) were studied. of these, five were analyzed at 1 year and five were analyzed at 2 years. acetabular component migration was defined as acceptable if less than the limits for primary tha that predict later loosening ( 1. 76 mm of proximal migration and 2. 53° of sagittal rotation ). the contact surface between the acetabular component and ilium in direct continuity with the sacroiliac joint, and the ischium and pubis in direct continuity with the symphysis pubis, to determine the relationship between injury severity surrogates and other patient factors with the development and severity of heterotopic ossification ( ho ) following open reduction internal fixation of acetabular fractures treated with a posterior approach. after surgery, and the remaining 10 ( median age, 81 years ; range, 72 - 86 years ) were studied. of these, five were analyzed at 1 year and five were analyzed at 2 years. acetabular component migration was defined as acceptable if less than the limits for primary tha that predict later loosening ( 1. 76 mm of proximal migration and 2. 53° of sagittal rotation ). the contact surface between the acetabular component and ilium in direct continuity with the sacroiliac joint, and the ischium and pubis in direct continuity with the symphysis pubis, was measured on postoperative ct scans.","Yes

Justification: The study reports that the acetabular component migration was acceptable (less than the limits for primary THA that predict later loosening) in all the cases studied, indicating initial stability in THA for oste",0.7391
fixed_dense,fixed,dense,mistral,Pulmonary valve replacement in adults late after repair of tetralogy of fallot: are we operating too late?,yes,maybe,0,1,generation_failure,"chronic pulmonary regurgitation ( pr ) following repair of tetralogy of fallot ( tof ) leads to rv dilation and an increased incidence of sudden cardiac death in adult patients. the purpose of this study is to evaluate right ventricular ( rv ) volume and function after pulmonary valve replacement ( pvr ) and to address the issue of optimal surgical timing in these patients. we retrospectively examined the records of 154 adult patients who underwent major foregut surgery which included esophagectomy, partial or total gastrectomy, redo heller myotomy, redo or transthoracic fundoplications. univariate and multivariate logistic regression analysis with standard modeling techniques were performed to determine risk factors for new - onset atrial fibrillation. we studied 25 consecutive adult patients who underwent pvr for significant pr late after repair of tof. radionuclide angiography was performed in all at a mean of 8. 2 months ( + / - 8 months ) before pvr and repeated at a mean of 28. 0 months ( + / - 22. 8 months ) after the operation. right ventricular ( rv ) end - systolic volume ( rvesv ), rv end - diastolic volume ( rvedv ) and rv ejection fraction ( rvef ) were measured. of the 154 patients, 14 patients developed new - onset atrial fibrillation with a higher mean age of 67. 1 years ( + / - 8. 8 years ) versus 56. 4 years ( + / - 14. 1 years ) ( p = 0. 006 ). laparoscopic ( p = 0. 004 ) and nonthoracic surgeries ( p = 0. 01 ) were associated with lower risk of atrial fibrillation. patients with atrial fibrillation had received more fluid ( 6. 5 + / - 2. 8 liters versus 5. 3 + / - 2. 0 liters ) and had longer operations ( 370 + / - 103 min versus 362 + / - 142 min ), none of which were statistically significant. the average intensive care length of stay of patients was longer : 7. 5 + / - 6. 8 days versus 4. 0 + / - 7. 1 days ( p = 0. 004 ). multivariate analysis revealed an association of atrial fibrillation with age ( or 1. 08, 95 % ci 1. 02 - 1. 14, p = 0. 01 ), and laparoscopic surgery ( or 0. 09, 95 % ci 0","Maybe

Justification: The study suggests that there may be an association between atrial fibrillation and delayed pulmonary valve replacement in adults late after repair of tetralogy of fallot, but the study does not directly",0.5455
fixed_dense,fixed,dense,mistral,Xanthogranulomatous cholecystitis: a premalignant condition?,no,maybe,0,1,generation_failure,"xanthogranulomatous cholecystitis ( xgc ) is an uncommon variant of chronic cholecystitis, characterized by marked thickening of the gallbladder wall and dense local adhesions. it often mimics a gallbladder carcinoma ( gbc ), and may coexist with gbc, leading to a diagnostic dilemma. furthermore, the premalignant nature of this entity is not known. this study was undertaken to assess the p53, pcna and beta - catenin expression in xgc in comparison to gbc and chronic inflammation. the purpose of this study is to examine whether or not well differentiated ( w - d ) hepatocellular carcinoma ( hcc ) is indeed clinically early cancer. primary eosinophilic esophagitis, a chronic inflammatory disorder of the esophagus, evokes recurrent dysphagia. endoscopy is often unremarkable, and no consensus exists regarding management of resultant dysphagia. the response of a series of patients with primary eosinophilic esophagitis to dilation is reported together with a description of a possibly pathognomonic sign : fragile esophageal mucosa, for which the term "" crepe - paper "" mucosa is introduced. pterygium is a disease of unknown origin and pathogenesis that might be vision threatening. it is characterised by a wing - like conjunctival overgrowth of the cornea. several studies have investigated human papillomavirus ( hpv ) as a risk factor for the development of pterygia, but the results are inconclusive. aim : to investigate a large sample of pterygia for the presence of hpv in order to clarify the putative association between pterygia and hpv. cholecystectomy for gb polyps that are larger than 10 mm is generally recommended because of the high probability of neoplasm. in contrast, a follow - up strategy is preferred for gb polyps smaller than 10 mm. however, there are no treatment guidelines for polyps that grow in size during the follow - up period. study : we retrospectively investigated 145 patients with gb polyps who underwent at least 1 ultrasonographic follow - up examination over an interval greater than 6 months, before cholecystectomy at samsung medical center, south korea, from 1994 to 2007. the growth rate was determined based on the change in size per time interval between 2 ultrasonographic examinations ( mm / mo ).","Maybe

Justification: The context states that the premalignant nature of xanthogranulomatous cholecystitis is not known ([1]).",0.6000
fixed_dense,fixed,dense,mistral,Does TDP-43 type confer a distinct pattern of atrophy in frontotemporal lobar degeneration?,yes,yes,1,1,success,"to determine whether tdp - 43 type is associated with distinct patterns of brain atrophy on mri in subjects with pathologically confirmed frontotemporal lobar degeneration ( ftld ). twenty - two subjects were classified as ftld - tdp type 1, 9 as type 2, and 11 as type 3. we identified different patterns of atrophy across the types with type 1 showing frontotemporal and parietal atrophy, type 2 predominantly anterior temporal lobe atrophy, and type 3 predominantly posterior frontal atrophy. within the ftld - tdp type 1 group, those with a progranulin mutation had significantly more lateral temporal lobe atrophy than those without. all type 2 subjects were diagnosed with semantic dementia. subjects with a pathologic diagnosis of ftld with motor neuron degeneration had a similar pattern of atrophy, regardless of whether they were type 1 or type 3. cd fischer rats were subject to litt of the left forebrain. disruption of the bbb was analyzed using evans blue and immunohistochemistry ( ih ). animals were perfused with paclitaxel, and high - pressure liquid chromatography ( hplc ) was employed to analyze the content of paclitaxel in brain and plasma samples. 78 patients with a pt3a or pt3b tumour without vena cava invasion or pt3b tumour with vena cava invasion were compared for age, gender, fuhrman grade and immunohistochemical expression of vegf. all these variables were submitted to univariate and multivariate analysis to establish their impact on survival. we enrolled 25 severe doc patients, following post - anoxic or traumatic brain injury and 20 healthy individuals ( hc ) as control group. baseline electrophysiological evaluation evidenced, in comparison to hc, a partial preservation of cortical effective connectivity and excitability in clinically defined mcs, whereas these components were absent in clinically defined uws. then, we applied an anodal transcranial direct current stimulation ( a - tdcs ) protocol over the orbitofrontal cortex.","Yes

Justification: The context states that different patterns of atrophy were identified across the TDP-43 types in subjects with frontotemporal lobar degeneration (FTLD) (context [2]).",0.7778
fixed_dense,fixed,dense,mistral,Is oncoplastic surgery a contraindication for accelerated partial breast radiation using the interstitial multicatheter brachytherapy method?,maybe,maybe,1,1,success,"to evaluate accelerated partial breast irradiation ( apbi ) in patients after oncoplastic surgery for early breast cancer. a retrospective analysis of 136 breasts of 134 patients, who received breast - conserving oncoplastic surgery for low - risk breast cancer between 2002 and 2010 in the universities of vienna and luebeck followed by adjuvant apbi applying total doses of pulse dose rate of 50. 4 gy or high - dose rate ( hdr ) of 32 gy over 4 days. target volume definition was performed by the use of surgical - free margin data, related to intraoperatively fixed clip positions, pre - and postoperative imaging, and palpation. this study aims to evaluate local failure patterns in node negative breast cancer patients treated with post - mastectomy radiotherapy including internal mammary chain only. immediate breast reconstruction ( ibr ) provides psychological benefit to many early breast cancer patients however concerns persist regarding its potential impact on chemotherapy delivery. we investigated the association between ibr, complications and adjuvant chemotherapy delivery. clinically positive axillary nodes are widely considered a contraindication to sentinel lymph node ( sln ) biopsy in breast cancer, yet no data support this mandate. in fact, data from the era of axillary lymph node dissection ( alnd ) suggest that clinical examination of the axilla is falsely positive in as many as 30 % of cases. here we report the results of sln biopsy in a selected group of breast cancer patients with palpable axillary nodes classified as either moderately or highly suspicious for metastasis.","Maybe

Justification: The context does not explicitly state that oncoplastic surgery is a contraindication for accelerated partial breast radiation using the interstitial multicatheter brachytherapy method. However,",0.3684
fixed_dense,fixed,dense,mistral,"Diagnostic characteristics of child bipolar I disorder: does the ""Treatment of Early Age Mania (team)"" sample generalize?",yes,maybe,0,1,generation_failure,"subjects ( n = 247 ) were outpatients who participated in either the national institute of mental health - funded phenomenology and course of pediatric bipolar disorders study or the treatment of early age mania ( team ) study. both studies required that subjects have current dsm - iv bipolar i disorder ( manic or mixed phase ) and a children ' s global assessment scale ( cgas ) score < or = 60. all subjects had elation and / or grandiosity. subjects in the phenomenology study were obtained from 1995 to 1998 by consecutive new case ascertainment from designated pediatric and psychiatric facilities. subjects in the team rct were recruited from media and community sources between march 2003 and march 2005. assessment instruments included the washington university in st. louis kiddie schedule for affective disorders and schizophrenia, given separately to parents about their children and to children about themselves, and the cgas. logistic regression was used for comparisons. to examine the representativeness of a randomized controlled trial ( rct ) sample versus one obtained by consecutive new case ascertainment, for subjects with child bipolar i disorder. probands were 83 participants in an ongoing controlled study of pea - bp. the pea - bp phenotype was defined by dsm - iv mania with at least one of the cardinal symptoms of mania ( elation and / or grandiosity ) to avoid diagnosing mania only by symptoms that overlapped with those for attention - deficit hyperactivity disorder ( adhd ). comprehensive assessment of the probands included separate washington university in st. louis kiddie schedule for affective disorders and schizophrenia ( wash - u - ksads ) interviews of parents about their children and of children about themselves. hypersexuality and uninhibited people - seeking were assessed from the corresponding wash - u - ksads items. microsatellite genotyping of the avpr1a repeats was conducted using fluorescently labeled primers and detected by laser - induced fluorescence. alleles were determined with the assistance of semi - automated allele - calling software. there were 32 complete, biological trios ( 28 informative families ) for the gata repeat and 34 complete, biological trios ( 30 informative families ) for the complex repeat. data were analyzed using case - control and family - based association methods. six completed pediatric clinical trials met the inclusion criteria. all of the pediatric trials found that prednisone is not superior to dexamethasone in treating mild to moderate asthma exacerbations. meta - analysis demonstrated homogeneity between the dexamethasone and prednisone groups when examining symptomatic return to baseline and unplanned physician revisits after the initial emergency department encounter. some studies found potential additional benefits of dexamethasone, including improved compliance and less vomiting. the team and phenomenology groups were similar in age ( 10. 4 [ sd = 2. 3 ], 10. 9 [ sd = 2. 3 ] years, respectively ) and other demography. both had long current episode duration ( 4. 8 [ sd = 2. 4 ], 3. 2 [ sd = 2. 3 ] years ) and low lifetime use of any mood stabilizer ( 23. 6 %, 35. 0 % ). many mania symptoms and ultradian rapid cycling, psychosis, and suicidality were significantly more prevalent in the rct sample.","Maybe

Justification: The ""Treatment of Early Age Mania (team)"" sample shows some similarities in demography and age with the ""Phenomenology"" sample, but there are significant differences in mania symptoms, ul",0.6111
fixed_dense,fixed,dense,mistral,Estimation of basal metabolic rate in Chinese: are the current prediction equations applicable?,yes,no,0,1,generation_failure,"measurement of basal metabolic rate ( bmr ) is suggested as a tool to estimate energy requirements. therefore, bmr prediction equations have been developed in multiple populations because indirect calorimetry is not always feasible. however, there is a paucity of data on bmr measured in overweight and obese adults living in asia and equations developed for this group of interest. the aim of this study was to develop a new bmr prediction equation for chinese adults applicable for a large bmi range and compare it with commonly used prediction equations. subjects were 121 men and 111 women ( age : 21 - 67 years, bmi : 16 - 41 kg / m ( 2 ) ). height, weight, and bmr were measured. continuous open - circuit indirect calorimetry using a ventilated hood system for 30 min was used to measure bmr. a regression equation was derived using stepwise regression and accuracy was compared to 6 existing equations ( harris - benedict, henry, liu, yang, owen and mifflin ). additionally, the newly derived equation was cross - validated in a separate group of 70 chinese subjects ( 26 men and 44 women, age : 21 - 69 years, bmi : 17 - 39 kg / m ( 2 ) ). in 60 middle - aged individuals without diabetes we studied the associations of fasting plasma glucose, 2 - hour post oral glucose tolerance test plasma glucose, insulin sensitivity as well as body fat percentage with cvd risk. insulin sensitivity was measured as the glucose infusion rate during a euglycemic hyperinsulinemic clamp, body fat percentage was measured by dual x - ray absorptiometry, and cvd risk was estimated using the framingham risk score. associations of fasting plasma glucose, 2 - hour plasma glucose, insulin sensitivity and body fat percentage with the framingham risk score were assessed in linear regression models. the precise correction of refractive error is especially important in young adults. it is unclear whether cycloplegic refraction is necessary in this age group. the purpose of this study was to compare the non - cycloplegic and cycloplegic spherical equivalent ( se ) refractive error measured in young adults. aromatase inhibitors ( ais ) are an effective treatment for postmenopausal women with hormone receptor - positive breast cancer. however, patients receiving ais report a higher incidence of musculoskeletal symptoms and bone fractures ; the mechanism and risk factors for this correlation are not well studied. the aim of this study was to correlate these musculoskeletal symptoms and bone fractures in patients receiving ais with bone mineral density ( bmd ), previous tamoxifen use, and administration of calcium / bisphosphonate ( ca / bis ).","No, the current prediction equations are not applicable.

Justification: The study in the context aims to develop a new BMR prediction equation for Chinese adults, suggesting that the current equations are not applicable for this group of interest.",0.6667
fixed_dense,fixed,dense,mistral,Does rugby headgear prevent concussion?,maybe,maybe,1,1,success,"to examine the attitudes of players and coaches to the use of protective headgear, particularly with respect to the prevention of concussion. although the players tended to believe that the headgear could prevent concussion ( 62 % ), the coaches were less convinced ( 33 % ). despite the players ' belief that headgear offers protection against concussion, only a minority reported wearing headgear ( 27 % ) and few ( 24 % ) felt that its use should be made mandatory. common reasons for not wearing headgear were "" its use is not mandatory "", "" it is uncomfortable "", and "" it costs too much "". a questionnaire designed to assess attitudes to headgear was administered to 63 players from four different canadian teams, each representing a different level of play ( high school, university, community club, national ). in addition, coaches from all four levels were questioned about team policies and their personal opinions about the use of headgear to prevent concussion. treatment of neonatal testicular torsion has two objectives : salvage of the involved testicle ( which is rarely achieved ) and preservation of the contralateral gonad. the second goal universally involves contralateral testicular scrotal fixation to prevent the future occurrence of contralateral torsion. however, there is controversy with regards to management of a synchronous contralateral hydrocele. it has been our policy not to address the contralateral hydrocele through an inguinal incision to minimize potential injury to the spermatic cord. our objective in this study was to determine whether the decision to manage a contralateral hydrocele in cases of neonatal testicular torsion solely through a scrotal approach is safe and effective. an 18 - month retrospective review was performed on trauma patients > or = 15 years old who received therapeutic anticoagulation using unfractionated heparin ( uh ) and / or fractionated heparin ( fh ). forty different pre - treatment and treatment patient characteristics were recorded. complications of anticoagulation were documented and defined as any unanticipated discontinuation of the anticoagulant for bleeding or other adverse events.","Maybe

Justification: The players tended to believe that the headgear could prevent concussion (62%), but only a minority reported wearing headgear (27%) and few felt that its use should be made mandatory",0.9091
fixed_dense,fixed,dense,mistral,Spinal subdural hematoma: a sequela of a ruptured intracranial aneurysm?,yes,yes,1,1,success,"a case of spinal subdural hematoma ( ssdh ) following subarachnoid hemorrhage ( sah ) because of a ruptured internal carotid aneurysm is described. such a case has never been reported. a 52 - year - old woman underwent a craniotomy for a ruptured internal carotid aneurysm. a computed tomography scan showed that sah existed predominantly in the posterior fossa and subdural hematoma beneath the cerebellar tentorium. intrathecal administration of urokinase, iv administration of fasudil hydrochloride, and continuous cerebrospinal fluid ( csf ) evacuation via cisternal drainage were performed as prophylactic treatments for vasospasm. on the sixth postoperative day, the patient complained of severe lower back and buttock pain. magnetic resonance imaging showed a subdural hematoma in the lumbosacral region. although the mass effect was extensive, the patient showed no neurologic symptoms other than the sciatica. she was treated conservatively. the hematoma dissolved gradually and had diminished completely 15 weeks later. her pain gradually subsided, and she was discharged 7 weeks later without any neurologic deficit. with the advancement of an aging society in the world, an increasing number of elderly patients have been hospitalized due to aneurysmal subarachnoid hemorrhage ( asah ). there is no study that compares the elderly cases of asah who receive the definitive treatment with those who treated conservatively. the aim of this study was to investigate the feasibility of the definitive surgery for the acute subarachnoid cases aged 80 or older. patients presenting with transient ischemic attack or stroke may have symptom - related lesions on acute computed tomography angiography ( cta ) such as free - floating intraluminal thrombus ( fft ). it is difficult to distinguish fft from carotid plaque, but the distinction is critical as management differs. by contouring the shape of these vascular lesions ( "" virtual endarterectomy "" ), advanced morphometric analysis can be performed. the objective of our study is to determine whether quantitative shape analysis can accurately differentiate fft from atherosclerotic plaque. the etiology of hemodialysis ( hd ) - induced hypotension and hypertension remains speculative. there is mounting evidence that endothelin - 1 ( et - 1 ) may play a vital role in these hemodynamic changes. we examined the possible role of intradialytic changes of et - 1 in the pathogenesis of hypotension and rebound hypertension during hd.","Yes

Justification: The context describes a case of spinal subdural hematoma following subarachnoid hemorrhage because of a ruptured internal carotid aneurysm ([1]).",0.7647
fixed_dense,fixed,dense,mistral,Can shape analysis differentiate free-floating internal carotid artery thrombus from atherosclerotic plaque in patients evaluated with CTA for stroke or transient ischemic attack?,yes,yes,1,1,success,"patients presenting with transient ischemic attack or stroke may have symptom - related lesions on acute computed tomography angiography ( cta ) such as free - floating intraluminal thrombus ( fft ). it is difficult to distinguish fft from carotid plaque, but the distinction is critical as management differs. by contouring the shape of these vascular lesions ( "" virtual endarterectomy "" ), advanced morphometric analysis can be performed. the objective of our study is to determine whether quantitative shape analysis can accurately differentiate fft from atherosclerotic plaque. extracranial internal carotid artery stenosis is a risk factor for perioperative stroke in patients undergoing coronary artery bypass surgery ( cab ). although selective and non - selective methods of preoperative carotid screening have been advocated, it remains unclear if this screening is clinically relevant. aim : to test whether selective carotid screening is as effective as non - selective screening in detecting significant carotid disease. we collected 23 consecutive cases of suspected carotid fft seen on cta ( 13 men, 65 ± 10 years ; 10 women, 65. 5 ± 8. 8 years ). true - positive fft cases ( fft + ) were defined as filling defects resolving with anticoagulant therapy versus false - positives ( fft - ), which remained unchanged. lesion volumes were extracted from cta images and quantitative shape descriptors were computed. the five most discriminative features were used to construct receiver operator characteristic ( roc ) curves and to generate three machine - learning classifiers. average classification accuracy was determined by cross - validation. the case records of patients consecutively undergoing cab were reviewed. patients were stratified retrospectively into high - or low - risk groups according to risk factors for significant carotid stenosis and perioperative stroke : peripheral vascular disease ( pvd ), carotid bruit, diabetes mellitus, age > 70 years and / or history of cerebrovascular disease. prevalence of carotid stenosis detected by ultrasonography, surgical management and perioperative stroke rates were determined in each group. we examined the placebo arm of the ninds t - pa stroke trial to test the hypothesis that the total volume of cerebral infarction in patients with right hemisphere strokes would be greater than the volume of cerebral infarction in patients with left hemisphere strokes who have similar nihss scores. the volume of stroke was determined by computerized image analysis of ct films and ct images stored on computer tape and optical disks. cube - root transformation of lesion volume was performed for each ct. transformed lesion volume was analyzed in a logistic regression model to predict volume of stroke by nihss score for each hemisphere. spearman rank correlation was used to determine the relation between the nihss score and lesion volume.","Yes

Justification: The study in the context aims to determine whether quantitative shape analysis can accurately differentiate free-floating internal carotid artery thrombus from atherosclerotic plaque, and they performed",0.7917
fixed_dense,fixed,dense,mistral,Dementia and aphasia in motor neuron disease: an underrecognised association?,yes,maybe,0,1,generation_failure,"to determine the prevalence and nature of global cognitive dysfunction and language deficits in an unselected population based cohort of patients with motor neuron disease ( mnd ). spasticity and loss of function in an affected arm are common after stroke. although botulinum toxin is used to reduce spasticity, its functional benefits are less easily demonstrated. this paper reports an exploratory meta - analysis to investigate the relationship between reduced arm spasticity and improved arm function. disorders of consciousness ( doc ) diagnosis relies on the presence or absence of purposeful motor responsiveness, which characterizes the minimally conscious state ( mcs ) and the unresponsive wakefulness syndrome ( uws ), respectively. functional neuroimaging studies have raised the question of possible residual conscious awareness also in clinically - defined uws patients. the aim of our study was to identify electrophysiological parameters, by means of a transcranial magnetic stimulation approach, which might potentially express the presence of residual networks sustaining fragmentary behavioral patterns, even when no conscious behavior can be observed. multiple sclerosis ( ms ) is an immune - mediated inflammatory demyelinating disease of uncertain etiology. although the mechanisms of inducting autoimmunity by some of the infectious agents have been investigated, there is not yet enough research on streptococcal infections. material / a battery of neuropsychological and language tests was administered to patients presenting consecutively over a 3 year period to a regional neurology service with a new diagnosis of sporadic motor neuron disease.","Maybe

Justification: The context [5] mentions a battery of neuropsychological and language tests administered to patients with motor neuron disease, suggesting that cognitive dysfunction and language deficits are being considered and studied in this",0.5714
fixed_dense,fixed,dense,mistral,Does solid culture for tuberculosis influence clinical decision making in India?,maybe,yes,0,1,generation_failure,"a total of 124 ( 82. 7 % ) culture - positive patients and 35 ( 23. 3 % ) culture - negative patients started anti - tuberculosis treatment prior to receiving their culture results ; 101 patients ( 33. 7 % ) returned for their results ; two ( 1. 3 % ) initiated treatment based on positive culture and no culture - negative patients discontinued treatment. dst was performed on 119 ( 79. 3 % ) positive cultures : 30 ( 25. 2 % ) showed any resistance, eight ( 6. 7 % ) showed multidrug resistance and one ( 0. 84 % ) showed extensively drug - resistant tb. twenty - eight patients ( 23. 5 % ) returned for their dst results. based on dst, treatment was modified in four patients ( 3. 4 % ). in a retrospective review of 150 culture - positive and 150 culture - negative consecutively sampled tuberculosis ( tb ) suspects, treatment decisions were analysed at presentation, after the availability of culture detection results and after the availability of drug susceptibility testing ( dst ) culture results. little is known about the validity and reliability of expert assessments of the quality of antimicrobial prescribing, despite their importance in antimicrobial stewardship. we investigated how infectious disease doctors ' assessments compared with a reference standard ( modal expert opinion ) and with the assessments of their colleagues. few studies have assessed whether the advantage chemotherapy has been shown to have in treating advanced non - small lung carcinoma in clinical trials is transferrable to normal health care activity. this could explain the skepticism of a large number of pneumologists towards this treatment. the objective of our study was to analyze prognostic factors related to survival and to see whether cytostatic treatment was an independent predictor. the correlation between radiographic transition zone on contrast enema in hirschsprung ' s disease and the total length of aganglionosis is known to be inaccurate. the aim of our study was to analyse this correlation more precisely to improve preoperative planning of the corrective surgery.","Yes

Justification: The text states that 82.7% of culture-positive patients started anti-tuberculosis treatment prior to receiving their culture results, while 33.7% of patients returned for their culture",0.7500
fixed_dense,fixed,dense,mistral,Diffusion-weighted echo-planar MR imaging of primary parotid gland tumors: is a prediction of different histologic subtypes possible?,yes,maybe,0,1,generation_failure,"our aim was to determine the value of echo - planar diffusion - weighted mr imaging ( epidwi ) in differentiating various types of primary parotid gland tumors. in 136 patients, a primary parotid gland tumor was confirmed by histology. among the observers, a high correlation was calculated ( 0. 98 ). adc values of pleomorphic adenomas were significantly higher than those of all other entities, except for myoepithelial adenomas ( p =. 054 ). adc values of warthin tumors were different from those of myoepithelial adenomas, lipomas, and salivary duct carcinomas ( p <. 001, 0. 013, and. 037, respectively ). mucoepidermoid carcinomas, acinic cell carcinomas, and basal cell adenocarcinomas were not differentiable from warthin tumors ( p =. 094,. 396, and. 604, respectively ). one hundred forty - nine consecutive patients with suspected tumors of the parotid gland were examined with an epidwi sequence by using a 1. 5t unit. image analysis was performed by 2 radiologists independently, and the intraclass correlation coefficient was computed. histologic diagnosis was obtained in every patient. for comparison of apparent diffusion coefficients ( adcs ), a paired 2 - tailed student t test with a bonferroni correction was used. compared with computed tomography ( ct ) and magnetic resonance imaging ( mri ), positron emission tomography ( pet ) may have additional value in the assessment of primary and recurrent cervical cancer. however, the degree of tumour uptake of ( 18 ) f - 2 - fluoro - 2 - deoxy - d : - glucose ( fdg ) uptake is sometimes influenced by diabetes mellitus ( dm ). therefore, we conducted this prospective study to compare the diagnostic ability of fdg - pet in patients with cervical cancer complicated by dm and those without dm. a total of 360 core needle biopsies was obtained from 169 breast lesions in 146 patients. additional open breast biopsy was performed in 111 women ( 127 / 169 breast lesions ) ; the remaining 42 lesions were followed up for at least 24 months. 3d ultrasound visualization of the needle in the postfiring position was used to classify the biopsy as central, marginal or outside the lesion. based on this classification it was decided whether another sample had to be obtained.","Maybe

Justification: The study shows that while some histologic subtypes of primary parotid gland tumors (e.g., pleomorphic adenomas, warthin tumors) have significantly different apparent diffusion coefficients (",0.6364
fixed_dense,fixed,dense,mistral,Is there a role for endothelin-1 in the hemodynamic changes during hemodialysis?,maybe,yes,0,1,generation_failure,"the etiology of hemodialysis ( hd ) - induced hypotension and hypertension remains speculative. there is mounting evidence that endothelin - 1 ( et - 1 ) may play a vital role in these hemodynamic changes. we examined the possible role of intradialytic changes of et - 1 in the pathogenesis of hypotension and rebound hypertension during hd. the present study included 45 patients with end - stage renal disease ( esrd ) on regular hd. they were divided according to their hemodynamic status during hd into three groups ( group i had stable intradialytic hemodynamics, group ii had dialysis - induced hypotension, and group iii had rebound hypertension during hd ). in addition, 15 healthy volunteers were included as a control group. pulse and blood pressure were monitored before, during ( every half hour ), and after hd session. et - 1 level was measured at the beginning, middle, and end of hd. et - 1 was measured in the control group for comparison. pre - dialysis levels of et - 1 were significantly higher in dialysis patients compared to the controls ( p < 0. 001 ) ; however, they were comparable in the three hd groups. the post - dialysis et - 1 level was not changed significantly in group i compared with predialysis values ( 14. 49 + / - 2. 04 vs. 14. 33 + / - 2. 23 pg / ml ; p = ns ), while the et - 1 concentration decreased significantly in group ii and increased in group iii in comparison to predialysis values ( 8. 56 + / - 1. 44 vs. 11. 75 + / - 2. 51 ; 16. 39 + / - 3. 12 vs. 11. 93 + / - 2. 11 pg / ml, respectively ; p < 0. 001 ). the relationship between endometrial unk cells ( cd56 + ) and bleeding patterns was measured. we also addressed the impact of ht exposure on unk cell populations, the relationship between endometrial il - 15 expression and unk cell populations, and killer ig like receptor genotype in subjects with irregular bleeding. although consensus guidelines for pretreatment evaluation and monitoring of propranolol therapy in patients with infantile hemangiomas ( ih ) have been formulated, little is known about the cardiovascular side effects.","Yes

Justification: The study shows a significant decrease in endothelin-1 (et-1) level in group ii (dialysis-induced hypotension) and an increase in group iii (rebound hypert",0.6316
fixed_dense,fixed,dense,mistral,Do risk factors for suicidal behavior differ by affective disorder polarity?,no,no,1,1,success,"suicide is a leading cause of death and has been strongly associated with affective disorders. the influence of affective disorder polarity on subsequent suicide attempts or completions and any differential effect of suicide risk factors by polarity were assessed in a prospective cohort. participants with major affective disorders in the national institute of mental health ( nimh ) collaborative depression study ( cds ) were followed prospectively for up to 25 years. a total of 909 participants meeting prospective diagnostic criteria for major depressive and bipolar disorders were followed through 4204 mood cycles. suicidal behavior was defined as suicide attempts or completions. mixed - effects, grouped - time survival analysis assessed risk of suicidal behavior and differential effects of risk factors for suicidal behavior by polarity. in addition to polarity, the main effects of age, gender, hopelessness, married status, prior suicide attempts and active substance abuse were modeled, with mood cycle as the unit of analysis. interference from irrelevant negative material might be a key mechanism underlying intrusive ruminative thoughts in depression. considering commonalities between depression and social anxiety and the presence of similar intrusive thoughts in social anxiety, the current study was designed to assess whether interference from irrelevant material in working memory is specific to depression or is also present in social anxiety disorder. after controlling for age of onset, there were no differences in prior suicide attempts by polarity although bipolar participants had more prior severe attempts. during follow - up, 40 cycles ended in suicide and 384 cycles contained at least one suicide attempt. age, hopelessness and active substance abuse but not polarity predicted suicidal behavior. the effects of risk factors did not differ by polarity. evidence suggests substantial comorbidity between symptoms of somatization and depression in clinical as well as nonclinical populations. however, as most existing research has been retrospective or cross - sectional in design, very little is known about the specific nature of this relationship. in particular, it is unclear whether somatic complaints may heighten the risk for the subsequent development of depressive symptoms.","No

Justification: According to the context, during follow-up, 40 cycles ended in suicide and 384 cycles contained at least one suicide attempt. Age, hopelessness, and active substance abuse but not polarity",0.8636
fixed_dense,fixed,dense,mistral,Multidisciplinary breast cancer clinics. Do they work?,yes,yes,1,1,success,"in an attempt to improve the care they provide for their patients with breast cancer, the authors ' institution developed a multidisciplinary breast cancer clinic ( mdbcc ) to offer "" one - stop shopping "" consultation and support for newly diagnosed breast cancer patients. retrospective analysis of patients in an academic breast service, who underwent mastectomy, with or without reconstruction, and received adjuvant chemotherapy. we reviewed charts of 856 patients with hormone receptor - positive nonmetastatic breast cancer seen at our institution between january 1999 and october 2007. a total of 316 patients met the inclusion criteria of treatment with one of the ais for > or = 3 months and availability of a dualenergy x - ray absorptiometry ( dexa ) during this treatment. arthralgia, generalized bone pain and / or myalgia, bone fracture after beginning ais, any tamoxifen treatment, and ca / bis therapy were recorded. aromatase inhibitors ( ais ) are an effective treatment for postmenopausal women with hormone receptor - positive breast cancer. however, patients receiving ais report a higher incidence of musculoskeletal symptoms and bone fractures ; the mechanism and risk factors for this correlation are not well studied. the aim of this study was to correlate these musculoskeletal symptoms and bone fractures in patients receiving ais with bone mineral density ( bmd ), previous tamoxifen use, and administration of calcium / bisphosphonate ( ca / bis ). a total of 648 breast cancer patients treated in the university malaya medical center ( ummc ), malaysia between 2004 and 2005 were included in the study. tpt was calculated from the date of pathological diagnosis to the date of primary treatment. mortality data was obtained from the national registry of births and deaths. last date of follow - up was november 2010.","Yes

Justification: The context states that the institution developed a multidisciplinary breast cancer clinic (mdbcc) to improve the care they provide for their patients with breast cancer ([1]). This implies that the clinic is working",0.6500
fixed_dense,fixed,dense,mistral,Is the international normalised ratio (INR) reliable?,maybe,maybe,1,1,success,"the right internal jugular vein was cannulated using either anatomic landmarks or prepuncture ultrasound ( 3. 75 / 7. 5 mhz ) guidance. in the landmark group, respiratory jugular venodilation was used as the primary landmark for locating the vein. results of cannulation and the incidence of complications were compared. to investigate whether prepuncture ultrasound evaluation of vascular anatomy facilitates internal jugular vein cannulation compared with landmark - guided puncture. 405 tests were performed. comparison between results obtained in the practices and those in the reference hospital laboratory ( gold standard ), which used the same method of testing for inr, showed a correlation coefficient of 0. 96. correlation coefficients comparing the results with the various standard laboratory techniques ranged from 0. 86 to 0. 92. it was estimated that up to 53 % of tests would have resulted in clinically significant differences ( change in warfarin dose ) depending upon the site and method of testing. the practice derived results showed a positive bias ranging from 0. 28 to 1. 55, depending upon the site and method of testing. this randomized single - blinded single - center clinical trial involved 320 patients undergoing elective pci who were randomized to either receive three 5 - min cycles of ischemia by inflation of a cuff on the non - dominant arm to 200 mm hg ( remote postischemic conditioning ) or to placebo ( uninflated cuff ). the primary outcome variable was the maximum increase in troponin in the first 24 h. the secondary outcome variable was readmission due to heart failure or cardiovascular mortality after 1 year of follow - up. in addition, a diabetic population was studied. from 1998 to 2009, 79 patients were operated on for hirschsprung ' s disease. all available preoperative contrast enemas ( n = 61 ) had been single blind reviewed by the same radiologist who defined the radiographic transition zone when present in vertebral level. four groups were determined ( rectal, rectosigmoid, long segment, and absence of transition zone ) and by kappa coefficient of agreement correlated to the length of aganglionosis in the pathological report.","Maybe

Justification: The study shows a correlation coefficient of 0.96 between the practice-derived results and the reference hospital laboratory (gold standard), indicating a strong relationship but not perfect reliability. However, it also suggests that",0.5200
fixed_dense,fixed,dense,mistral,"Are there associations of health status, disease activity and damage in SLE patients?",yes,yes,1,1,success,"a cross sectional study of 38 patients fulfilling the classification criteria for sle. the patients visited a rheumatology outpatient clinic in switzerland between january 2002 and december 2004. the last assessment during this period was used for the study. the assessment included, besides demographic data, the measurement of disease activity using the bilag index, the measurement of disease damage using the slicc / acr damage index ( sdi ), as well as the patient ' s self assessed health status using the patient ' s questionnaire medical outcome survey short form 36 ( sf - 36 ). as part of a prospective study on quality of life in newly diagnosed lung cancer patients an investigation was carried out to examine whether there were differences among patients ' quality of life scores and their socioeconomic status. the aim of this prognostic factor analysis was to investigate if a patient ' s self - reported health - related quality of life ( hrqol ) provided independent prognostic information for survival in non - small cell lung cancer ( nsclc ) patients. the technique of induced sputum has allowed to subdivide asthma patients into inflammatory phenotypes according to their level of granulocyte airway infiltration. there are very few studies which looked at detailed sputum and blood cell counts in a large cohort of asthmatics divided into inflammatory phenotypes. the purpose of this study was to analyze sputum cell counts, blood leukocytes and systemic inflammatory markers in these phenotypes, and investigate how those groups compared with healthy subjects. to understand the effect of past group a streptococcal infection on ms, antistreptolysin o ( aso ) and antideoxyribonuclease b ( adnase b ) were measured in 21 patients with relapsing - remitting ms and 21 healthy blood donors by nephelometric assay.","Yes

Justification: The context mentions the measurement of disease activity using the BILAG index, the measurement of disease damage using the SDI, and the patient's self-assessed health status using the SF-36 (",0.8000
fixed_dense,fixed,dense,mistral,PSA repeatedly fluctuating levels are reassuring enough to avoid biopsy?,no,maybe,0,1,generation_failure,"prostate - specific antigen ( psa ) levels can show wide fluctuations when repeatedly measured. here we investigatewd if : ( a ) biopsy timing influences the prostate cancer ( pc ) detection rate in patients with fluctuating psa ( flu - psa ) in comparison with patients with steadily increasing psa ( si - psa ) ; ( b ) psa slope estimated in patients with flu - psa predicts a different risk of cancer detection ; ( c ) flu - psa and si - psa patients develop pc in topographically different sites ; ( d ) the behaviour of pre - operative psa is an expression of a disease with defferent characteristics to the following radical prostatectomy. the study involved 211 patients who underwent at least a second biopsy after a first negative prostate biopsy. psa slope, psa velocity ( psav ) and psa doubling time ( psadt ) were estimated. flu - psa level was defined as a psa series with at least one psa value lower than the one immediately preceding it. 82 patients had flu - psa levels and 129 si - psa levels. there were no significant differences between the two groups in terms of cancer detection, clinical or pathological stage, but the si - psa group with cancer had a higher gleason score. no difference was found for psa slope between flu - psa patients with cancer and those without. questionnaire analyses ( n = 83 ) identified 3 cases with a family history of cardiovascular disease in first - degree relatives. ecg findings were normal in each case and no serious complication of therapy occurred. ecg abnormalities were found in 6. 5 % of patients but there were no contraindications to beta - blocker therapy and no major complications. hypotension in 9 patients did not require therapy adjustment. in all, 88 parents ( 81 % ) reported side effects during beta - blocker treatment. to assess the feasibility and safety of diagnostic or therapeutic semirigid ureteroscopy without ureteral meatus dilatation.","Maybe

Justification: The study shows that there were no significant differences between the two groups (flu-psa and si-psa) in terms of cancer detection, but the si-psa group with cancer had a higher Gleason",0.8571
fixed_dense,fixed,dense,mistral,Is zero central line-associated bloodstream infection rate sustainable?,yes,maybe,0,1,generation_failure,"adoption and implementation of evidence - based measures for catheter care leads to reductions in central line - associated bloodstream infection ( clabsi ) rates in the nicu. the purpose of this study is to evaluate whether this rate reduction is sustainable for at least 1 year and to identify key determinants of this sustainability at the nicu of the floating hospital for children at tufts medical center. using the gbsr, data from 5. 400 lsgs were considered for analysis. staple line leak rate decreased during the study period from 6. 5 to 1. 4 %. male gender, higher bmi, concomitant sleep apnea, conversion to laparotomy, longer operation time, use of both buttresses and oversewing, and the occurrence of intraoperative complications were associated with a significantly higher leakage rate. on multivariate analysis, operation time and year of procedure only had a significant impact on staple line leak rate. an 18 - month retrospective review was performed on trauma patients > or = 15 years old who received therapeutic anticoagulation using unfractionated heparin ( uh ) and / or fractionated heparin ( fh ). forty different pre - treatment and treatment patient characteristics were recorded. complications of anticoagulation were documented and defined as any unanticipated discontinuation of the anticoagulant for bleeding or other adverse events. of arterial switch operations and 54 % of total anomalous pulmonary venous return repairs. norwood operations were the only procedure in which no patient was extubated within the first 24 hours. multivariable logistic regression demonstrated that the predictors of delayed extubation included preoperative mechanical ventilation, weight < 5 kg, a longer procedure time, and the need for postoperative inotrope support. implementation of an early extubation strategy was associated with low rates of complications ( 5. 1 per 10 procedures ), short lengths of intensive care unit stay ( median, 1 day ; interquartile range, 1 - 3 ), and short hospital stays ( median, 4 days ; interquartile range, 3 - 6 ). microbial contamination can be a marker for faulty process and is assumed to play an important role in the collection of hematopoietic progenitor cell ( hpc ) and infusion procedure. we aimed to determine the microbial contamination rates and evaluate the success of hematopoietic cell transplantation ( hct ) in patients who received contaminated products. patients -","Maybe

Justification: The study aims to evaluate whether the reduction in central line-associated bloodstream infection (CLABSI) rates is sustainable for at least 1 year, suggesting that a zero CLABSI rate could potentially be sustainable",0.6957
fixed_dense,fixed,dense,mistral,"Is gastric electrical stimulation superior to standard pharmacologic therapy in improving GI symptoms, healthcare resources, and long-term health care benefits?",yes,yes,1,1,success,"to compare symptoms, healthcare resource utilization and costs in two groups of patients with the symptoms of gp : those treated via gastric electrical stimulation ( ges ) and those treated with traditional pharmacological agents in an intensive outpatient program ( med ). gastrointestinal symptoms were significantly different from baseline ( f = 3. 03, p < 0. 017 ) with gp patients treated via ges showing more sustained improvement over 36 months than those treated via med. healthcare resource usage, measured via the idioms, significantly improved at 12, 24 and 36 month follow - up for ges patients ( f = 10. 49, p < 0. 001 ), compared with patients receiving medical therapy, who demonstrated further deterioration. gp patients treated via ges also proved superior to medical therapy at 24 and 36 months with regard to decreased costs ( f = 4. 85, p < 0. 001 ). within group comparisons indicated significantly reduced hospital days for both patient groups ; however, no statistical differences were noted between groups in terms of hospital days. three of nine patients in the med group died primarily from i. v. access related problems ; none of the ges patients died. severe upper gastrointestinal ( gi ) motor disorders, including gastroparesis ( gp ), can consume significant health care resources. many patients are refractory to traditional drug therapy. primary eosinophilic esophagitis, a chronic inflammatory disorder of the esophagus, evokes recurrent dysphagia. endoscopy is often unremarkable, and no consensus exists regarding management of resultant dysphagia. the response of a series of patients with primary eosinophilic esophagitis to dilation is reported together with a description of a possibly pathognomonic sign : fragile esophageal mucosa, for which the term "" crepe - paper "" mucosa is introduced. cholecystectomy for gb polyps that are larger than 10 mm is generally recommended because of the high probability of neoplasm. in contrast, a follow - up strategy is preferred for gb polyps smaller than 10 mm. however, there are no treatment guidelines for polyps that grow in size during the follow - up period. study : we retrospectively investigated 145 patients with gb polyps who underwent at least 1 ultrasonographic follow - up examination over an interval greater than 6 months, before cholecystectomy at samsung medical center, south korea, from 1994 to 2007. the growth rate was determined based on the change in size per time interval between 2 ultrasonographic examinations ( mm / mo ).","Yes

Justification: The provided context states that gastrointestinal symptoms significantly improved more in patients treated via gastric electrical stimulation (ges) compared to those treated with standard pharmacologic agents, and that ges patients also",0.6957
fixed_dense,fixed,dense,mistral,Should pulp chamber pulpotomy be seen as a permanent treatment?,no,maybe,0,1,generation_failure,"seventeen patients, aged 7 - 54 years ( mean of 37. 2 year ), were treated by pulpotomy and filling with proroot mta ( ® ) in premolar or molar teeth with vital pulps and without clinical evidence of irreversible pulpitis. the patients were then followed up for 12 to 24 months and the teeth then assessed by clinical and radiographic examination. statistical analysis was performed with kaplan - meier survival probability statistics to estimate the survival of the treated teeth. at 24 months, the survival rate without any complementary treatment was estimated to be 82 %. two of the 17 treated teeth required root canal treatment for pain control and one for prosthetic reasons. to investigate the effect of bracket - ligature combination on the amount of orthodontic space closure over three months. few studies have assessed whether the advantage chemotherapy has been shown to have in treating advanced non - small lung carcinoma in clinical trials is transferrable to normal health care activity. this could explain the skepticism of a large number of pneumologists towards this treatment. the objective of our study was to analyze prognostic factors related to survival and to see whether cytostatic treatment was an independent predictor. myocardial damage that is associated with percutaneous coronary intervention ( pci ) partially affects the results of the procedure, and is related to medium - term cardiovascular death. remote postischemic conditioning might reduce the myocardial lesions that are associated with pci, but perhaps less so in diabetics. the aim of this study was to evaluate the protective effect of remote postischemic conditioning in patients undergoing elective pci for stable angina or non - st elevation acute coronary syndrome with troponin < 1 ng / ml at the time of randomization.","Maybe

Justification: The survival rate without any complementary treatment was estimated to be 82% at 24 months, but some teeth required root canal treatment for pain control and one for prosthetic reasons ([2]). This suggests",0.8333
fixed_dense,fixed,dense,mistral,Does transverse apex coincide with coronal apex levels (regional or global) in adolescent idiopathic scoliosis?,no,maybe,0,1,generation_failure,"to identify the regional and global apexes of curves in adolescent idiopathic scoliosis and to compare the levels of those with the most rotated vertebral levels on computed tomography scans. thirty - three structural curves of 25 consecutive patients scheduled for surgery for thoracic or thoracolumbar scoliosis were analyzed with standing anteroposterior radiographs and computed tomography scans covering the curve apexes and pelvis. thoracic and lumbar curves were evaluated separately for all type ii curves. vertebral rotations were normalized by the rotation of the pelvis. the most rotated vertebral ( or disc ) levels ( transverse apex ) were compared with the regional and global apex levels ( vertebra or disc ) ( coronal apexes ) of the corresponding curves separately. regional and global apexes were at the same level in 18 ( 54. 5 % ) curves, and within half a level in another 15 ( 45. 4 % ), and the regional apex was one level higher in two curves ( 95 % confidence levels : - 0. 82, + 0. 88 ). comparison of the most rotated levels with regional and global apex levels revealed a higher variability, extending up to two levels for the global apex ( 95 % confidence levels : - 1. 19, + 1. 54 levels for the global and - 1. 0, + 1. 41 levels for the regional apexes ). the terminology regarding the terms and definitions had been arbitrary until being refined and standardized by the scoliosis research society working group on three - dimensional terminology of spinal deformity. apical vertebra or disc is defined as the most laterally deviated vertebra or disc in a scoliosis curve, but the most rotated vertebra ( or disc ) has not been included in this terminology. one study suggested that the most rotated vertebral level was always located at the apex. identifying high - risk patients and procedures can help ensure that appropriate measures are taken to minimize neurological complications during spinal deformity corrections. subjectively, surgeons look at radiographs and evaluate the riskiness of the procedure. however, 2 curves of similar magnitude and location can have significantly different risks of neurological deficit during surgery. whether the curve spans many levels or just a few can significantly influence surgical strategies. lenke et al have proposed the dar, which is a measure of curve magnitude per level of deformity.","Maybe

Justification: The study shows that in 54.5% of cases, the regional and global apexes are at the same level, and in another 45.4%, they are within half a level.",0.7222
fixed_dense,fixed,dense,mistral,Does the Child Health Computing System adequately identify children with cerebral palsy?,no,maybe,0,1,generation_failure,"this paper assesses the usefulness of the child health computing system as a source of information about children with cerebral palsy. a comparative survey of information held on the child health computing system ( chcs ) and the northern ireland cerebral palsy register ( nicpr ) in one health and social services board in northern ireland was carried out. the sample comprised children with cerebral palsy aged 5 - 9 years. prospective study of 153 children ( aged 2 months to 2 years ), seen in the emergency department after a convulsive episode. after a thorough history and physical examination, a retinal examination was performed by an ophthalmologist. if findings were positive, further investigation was undertaken to rule out systemic disorder or child abuse. a retrospective study of prepubertal children aged 3 - 12 years with cd ( n = 24 ) who were compared to prepubertal, non - cd children of the same age ( n = 50 ). children were included in the study if they had a diagnosis of cd by intestinal biopsy, and were not on a gluten - free diet ( gfd ). patients were excluded if they had diseases of calcium or vitamin d metabolism, or were receiving calcium or vitamin d supplementation or had other autoimmune diseases. all subjects had their serum 25 - hydroxyvitamin d [ 25 ( oh ) d ] level measured. to determine the vitamin d status of prepubertal children with cd.","Maybe

Justification: The provided context does not directly state that the Child Health Computing System (CHCS) adequately identifies all children with cerebral palsy. Instead, it only mentions a comparison between the CH",0.3750
fixed_dense,fixed,dense,mistral,Are we seeing the effects of public awareness campaigns?,maybe,yes,0,1,generation_failure,"the last 20 years has seen a marked improvement in skin cancer awareness campaigns. we sought to establish whether this has affected the presenting breslow thickness of malignant melanoma in the south west. to examine patterns of knowledge and attitudes among adults aged > 65 years unvaccinated for influenza. aids case reports, hiv testing of blood donors, antenatal clinic attenders ( anc ), food service workers, sexually transmitted disease ( std ) clinic attenders, female prostitutes, homosexuals and other groups were used to monitor the hiv / aids epidemic. primary and secondary syphilis and cases of congenital syphilis were also monitored. national knowledge, attitude and practice ( kap ) surveys were conducted in 1988, 1989, 1992, 1994 and 1996. to assess the extent to which the title and font of participant information sheets ( piss ) can influence pregnant women ' s and trainee midwives ' perceptions of an antenatal intervention. telephone counseling and tailored print communications have emerged as promising methods for promoting mammography screening. however, there has been little research testing, within the same randomized field trial, of the efficacy of these two methods compared to a high - quality usual care system for enhancing screening. this study addressed the question : compared to usual care, is tailored telephone counseling more effective than tailored print materials for promoting mammography screening?","Yes

Justification: The context mentions that there has been a marked improvement in skin cancer awareness campaigns over the last 20 years ([1]).",0.6471
fixed_dense,fixed,dense,mistral,Is breast cancer prognosis inherited?,yes,maybe,0,1,generation_failure,"a genetic component is well established in the etiology of breast cancer. it is not well known, however, whether genetic traits also influence prognostic features of the malignant phenotype. treatment delays in breast cancer are generally thought to affect prognosis but the impact on survival remains unclear. indicators for breast cancer care include time to primary treatment. the purpose of this study was to evaluate whether time to primary treatment ( tpt ) in breast cancer impacts survival. the 5 - year survival proportion among daughters whose mothers died within 5 years was 87 % compared to 91 % if the mother was alive ( p = 0. 03 ). among sisters, the corresponding proportions were 70 % and 88 %, respectively ( p = 0. 001 ). after adjustment for potential confounders, daughters and sisters of a proband with poor prognosis had a 60 % higher 5 - year breast cancer mortality compared to those of a proband with good prognosis ( hazard ratio [ hr ], 1. 6 ; 95 % confidence interval [ ci ], 1. 2 to 2. 2 ; p for trend 0. 002 ). this association was slightly stronger among sisters ( hr, 1. 8 ; 95 % ci, 1. 0 to 3. 4 ) than among daughters ( hr, 1. 6 ; 95 % ci, 1. 1 to 2. 3 ). few studies have assessed whether the advantage chemotherapy has been shown to have in treating advanced non - small lung carcinoma in clinical trials is transferrable to normal health care activity. this could explain the skepticism of a large number of pneumologists towards this treatment. the objective of our study was to analyze prognostic factors related to survival and to see whether cytostatic treatment was an independent predictor. we carried out a population - based cohort study in sweden based on the nationwide multi - generation register. among all women with breast cancer diagnosed from 1961 to 2001, 2, 787 mother - daughter pairs and 831 sister pairs with breast cancer were identified ; we achieved complete follow - up and classified 5 - year breast cancer - specific prognosis among proband ( mother or oldest sister ) into tertiles as poor, intermediary, or good. we used kaplan - meier estimates of survival proportions and cox models to calculate relative risks of dying from breast cancer within 5 years depending on the proband ' s outcome.","Maybe

Justification: The study shows that daughters and sisters of a proband with poor prognosis had a 60% higher 5-year breast cancer mortality compared to those of a proband with good prognosis,",0.8500
fixed_dense,fixed,dense,mistral,Does nuchal translucency thickness in the first trimester predict GDM onset during pregnancy?,no,maybe,0,1,generation_failure,"this study was planned to evaluate whether increased nuchal translucency ( nt ) thickness in the first trimester of gestation can be related to onset of gestational diabetes mellitus ( gdm ) during pregnancy. from january 2006 to august 2008, a group of 678 singleton pregnancies who had developed gdm has been selected as a study group among a total of 3966 pregnant women who had undergone first trimester screening for aneuploidies at 11 - 14 weeks of gestation. a group of 420 single pregnant women with physiological pregnancy were enrolled as control group. both fetal structural and karyotype ' s anomalies were excluded in the two groups. nt was mesured by a fetal medicine foundation certificated operator ; gdm was diagnosed at 24 - 28 weeks of gestation following carpenter and coustan criteria. in the analyses of continuos variables, study and control group were compared by student ' s t - test and anova test. the objective of the study was to determine whether risk of recurrent preterm birth differs based on the clinical presentation of a prior spontaneous preterm birth ( sptb ) : advanced cervical dilatation ( acd ), preterm premature rupture of membranes ( pprom ), or preterm labor ( ptl ). to compare the probability of prenatal diagnosis ( pnd ) and termination of pregnancy for fetal anomaly ( topfa ) between fetuses conceived by assisted reproductive techniques ( art ) and spontaneously - conceived fetuses with congenital heart defects ( chd ). the purpose of this study is to determine if baseline antral follicle assessment may serve as additional information in predicting in vitro fertilization outcome.","Maybe

Justification: The study was planned to evaluate this relationship, but the results are not explicitly provided in the context.",0.3000
fixed_dense,fixed,dense,mistral,Are the arginine vasopressin V1a receptor microsatellites related to hypersexuality in children with a prepubertal and early adolescent bipolar disorder phenotype?,no,maybe,0,1,generation_failure,"to examine family - based transmission of the number of 5 ' flanking arginine vasopressin v1a receptor ( avpr1a ) microsatellites, which include [ ( gata ) ( 14 ) ] and complex [ ( ct ) ( 4 ) - tt - ( ct ) ( 8 ) - ( gt ) ( 24 ) ] repeats, in probands with a prepubertal and early adolescent bipolar disorder phenotype ( pea - bp ). preferential transmission of the number of avpr1a microsatellite repeats to hypersexual and uninhibited people - seeking probands was hypothesized, based on reports from preclinical work in the literature. we reviewed all cases of neonatal testicular torsion occurring at our institution between the years 1999 and 2006. age at presentation, physical examination, ultrasonographic and intraoperative findings were recorded. patients were followed after initial surgical intervention to determine the likelihood of developing a subsequent hydrocele or hernia. subjects ( n = 247 ) were outpatients who participated in either the national institute of mental health - funded phenomenology and course of pediatric bipolar disorders study or the treatment of early age mania ( team ) study. both studies required that subjects have current dsm - iv bipolar i disorder ( manic or mixed phase ) and a children ' s global assessment scale ( cgas ) score < or = 60. all subjects had elation and / or grandiosity. subjects in the phenomenology study were obtained from 1995 to 1998 by consecutive new case ascertainment from designated pediatric and psychiatric facilities. subjects in the team rct were recruited from media and community sources between march 2003 and march 2005. assessment instruments included the washington university in st. louis kiddie schedule for affective disorders and schizophrenia, given separately to parents about their children and to children about themselves, and the cgas. logistic regression was used for comparisons. we administered a structured questionnaire of body size perception using a descriptive likert scale keyed to body image figures to children ages 12 to 18 years. the same scale was given to parents of children ages 5 to 18 years. the sample consisted of 91 children and their parents being seen in the pediatric gastroenterology clinic for concerns unrelated to overweight. weight and height of the children were measured, and body mass index ( bmi ) was calculated. the children ' s bmi percentiles were categorized as underweight ( < 15th ), normal ( 15th - 85th ), overweight ( 85th - 95th ), and obese ( 95th and above ). the attending physician independently completed the body image and description scale and indicated the figure that most accurately represented the patient without reference to bmi standards. accuracy of the patients ', parents ', and doctors ' estimates were statistically compared. epidemiologic studies have suggested that hypertriglyceridemia and insulin resistance are related to the development of colon cancer. nuclear peroxisome proliferator - activated receptors ( ppar ), which play a central role in lipid and glucose metabolism, had been hypothesized as being involved in colon cancerogenesis. in animal studies the lipid - lowering ppar ligand bezafibrate suppressed colonic tumors. however, the effect of bezafibrate on colon cancer development in humans is unknown. therefore, we proposed to investigate a possible preventive effect of bezafibrate on the development of colon cancer in patients with coronary artery disease during a 6 - year follow - up.","Maybe

Justification: The context suggests a hypothesis that preferential transmission of the number of avpr1a microsatellite repeats to hypersexual and uninhibited people - seeking probands was hypothesized, based on",0.7222
fixed_dense,fixed,dense,mistral,Stage I non-small cell lung carcinoma: really an early stage?,no,yes,0,1,generation_failure,"the purpose of this study is to examine whether or not well differentiated ( w - d ) hepatocellular carcinoma ( hcc ) is indeed clinically early cancer. we review our results on surgical treatment of patients with stage i non - small cell lung carcinoma and we attempted to clarify the prognostic significance of some surgical - - pathologic variables. patients enrolled in the study had been diagnosed with non - small cell carcinoma in stages iv or iiib with pleural or n2 - n3 involvement and with a performance status of 2 or below according to the eastern cooperative oncology group ( ecog ). survival was analyzed with regard to the following variables : age, sex, comorbidity, weight loss, laboratory test results, histological type, ecog score, tnm staging, and treatment. the student t test, the chi ( 2 ) test, the kaplan - meier method, the log - rank test, and cox regression analysis were used in the statistical analysis. from 1993 to 1999, 667 patients received curative lung resection and complete hilar and mediastinal lymphadenectomy for non - small cell lung cancer. of these, there were 436 stage i disease ( 65 % ), of whom 144 t1n0 and 292 t2n0. no patients had pre - or postoperative radio - or chemotherapy. prognostic significance of the following independent variables was tested using univariate ( log - rank ) and multivariate ( cox proportional - hazards ) analysis : type of resection ( sublobar vs lobectomy vs pneumonectomy ), histology ( squamous cell vs adenocarcinoma ), tumour size ( < or = 3cm vs > 3cm ), histologic vascular invasion, visceral pleura involvement, positive bronchial resection margin, general t status. few studies have assessed whether the advantage chemotherapy has been shown to have in treating advanced non - small lung carcinoma in clinical trials is transferrable to normal health care activity. this could explain the skepticism of a large number of pneumologists towards this treatment. the objective of our study was to analyze prognostic factors related to survival and to see whether cytostatic treatment was an independent predictor.","Yes

Justification: The study specifically mentions that 65% of the patients enrolled had stage I non-small cell lung carcinoma ([4]). This indicates that stage I is indeed considered an early stage in the context",0.6364
fixed_dense,fixed,dense,mistral,Does Residency Selection Criteria Predict Performance in Orthopaedic Surgery Residency?,yes,maybe,0,1,generation_failure,"do preresidency selection factors serve as predictors of success in residency? specifically, we asked which preresidency selection factors are associated or correlated with ( 1 ) objective measures of resident knowledge and performance ; and ( 2 ) subjective ratings by faculty. more than 1000 candidates applied for orthopaedic residency positions in 2014, and the competition is intense ; approximately one - third of the candidates failed to secure a position in the match. however, the criteria used in the selection process often are subjective and studies have differed in terms of which criteria predict either objective measures or subjective ratings of resident performance by faculty. questions / charts of 60 orthopaedic residents from our institution were reviewed. preresidency selection criteria examined included united states medical licensing examination ( usmle ) step 1 and step 2 scores, medical college admission test ( mcat ) scores, number of clinical clerkship honors, number of letters of recommendation, number of away rotations, alpha omega alpha ( aoa ) honor medical society membership, fourth - year subinternship at our institution, and number of publications. resident performance was assessed using objective measures including american board of orthopaedic surgery ( abos ) part i scores and orthopaedics in - training exam ( oite ) scores and subjective ratings by faculty including global evaluation scores and faculty rankings of residents. we tested associations between preresidency criteria and the subsequent objective and subjective metrics using linear correlation analysis and mann - whitney tests when appropriate. we tested the hypothesis that equal mastery of surgical clerkship objectives can be obtained in a clerkship with and without general surgery. students chose any two surgical rotations and were assessed by written examination, objective structured clinical examination ( osce ), ward evaluations, self - assessment objectives questionnaire, and satisfaction survey. although the retroperitoneal approach has been the preferred choice for open urological procedures, retroperitoneoscopy is not the preferred approach for laparoscopy. this study aims to develop a training model for retroperitoneoscopy and to establish an experimental learning curve.","Maybe

Justification: The provided context mentions that the study tested associations between preresidency criteria and subsequent objective and subjective metrics of resident performance, but does not definitively state that the criteria predict performance.",0.6190
fixed_dense,fixed,dense,mistral,Optimism and survival: does an optimistic outlook predict better survival at advanced ages?,yes,maybe,0,1,generation_failure,"studies examining predictors of survival among the oldest - old have primarily focused on objective measures, such as physical function and health status. only a few studies have examined the effect of personality traits on survival, such as optimism. the aim of this study was to examine whether an optimistic outlook predicts survival among the oldest - old. for patients with prior lobar ich, withholding anticoagulation therapy was strongly preferred, improving quality - adjusted life expectancy by 1. 9 qalys. for patients with prior deep hemispheric ich, withholding anticoagulation resulted in a smaller gain of 0. 3 qalys. in sensitivity analyses for patients with deep ich, anticoagulation could be preferred if the risk of thromboembolic stroke is particularly high. few studies have assessed whether the advantage chemotherapy has been shown to have in treating advanced non - small lung carcinoma in clinical trials is transferrable to normal health care activity. this could explain the skepticism of a large number of pneumologists towards this treatment. the objective of our study was to analyze prognostic factors related to survival and to see whether cytostatic treatment was an independent predictor. obesity may be associated with lower prostate specific antigen through hemodilution. we examined the relationship between body mass index and prostate specific antigen by age in men without prostate cancer in a longitudinal aging study to determine whether prostate specific antigen must be adjusted for body mass index. the aim of this prognostic factor analysis was to investigate if a patient ' s self - reported health - related quality of life ( hrqol ) provided independent prognostic information for survival in non - small cell lung cancer ( nsclc ) patients.","Maybe

Justification: The context mentions that the aim of the study was to examine whether an optimistic outlook predicts survival among the oldest - old ([1]). However, the study results are not provided in the context, so",0.6500
fixed_dense,fixed,dense,mistral,Is it better to be big?,no,maybe,0,0,retrieval_failure,"weight scales as height squared, which is an observation that forms the basis of body mass index ( weight / height ( 2 ) ). if, and how, circumferences, including waist circumference ( wc ) and hip circumference ( hc ), scale to height remains unclear, but this is an important consideration when developing normative ranges or applying wc / height and hc / height as risk indexes. examine whether patients with prostate cancer choose the more aggressive of two radiotherapeutic options, whether this choice is reasoned, and what the determinants of the choice are. the transanal endorectal pull - through ( terpt ) is becoming the most popular procedure in the treatment of hirschsprung disease ( hd ), but overstretching of the anal sphincters remains a critical issue that may impact the continence. this study examined the long - term outcome of terpt versus conventional transabdominal ( abd ) pull - through for hd. treatment of neonatal testicular torsion has two objectives : salvage of the involved testicle ( which is rarely achieved ) and preservation of the contralateral gonad. the second goal universally involves contralateral testicular scrotal fixation to prevent the future occurrence of contralateral torsion. however, there is controversy with regards to management of a synchronous contralateral hydrocele. it has been our policy not to address the contralateral hydrocele through an inguinal incision to minimize potential injury to the spermatic cord. our objective in this study was to determine whether the decision to manage a contralateral hydrocele in cases of neonatal testicular torsion solely through a scrotal approach is safe and effective. studies examining predictors of survival among the oldest - old have primarily focused on objective measures, such as physical function and health status. only a few studies have examined the effect of personality traits on survival, such as optimism. the aim of this study was to examine whether an optimistic outlook predicts survival among the oldest - old.","Maybe

Justification: The question is not explicitly answered in the provided context. However, the concept of body mass index (BMI) suggests that being ""big"" (having a higher weight) might be better if it results in a",0.2609
fixed_dense,fixed,dense,mistral,Is arch form influenced by sagittal molar relationship or Bolton tooth-size discrepancy?,no,maybe,0,1,generation_failure,"no single arch form was significantly more common than the others. furthermore, no association was observed between the presence of significant bolton discrepancy and the sagittal molar relationship or arch form. overall bolton discrepancy is significantly more prevalent in males. orthodontic patients show high prevalence of tooth - size discrepancy. this study investigates the possible association between arch form, clinically significant tooth - size discrepancy, and sagittal molar relationship. pretreatment orthodontic casts of 230 saudi patients were classified into one of three arch form types ( tapered, ovoid, and square ) using digitally scanned images of the mandibular arches. bolton ratio was calculated, sagittal molar relationship was defined according to angle classification, and correlations were analyzed using anova, chi - square, and t - tests. the proper angle of miniscrew insertion is important for cortical anchorage, patient safety, and biomechanical control. the purposes of this study are to report the alveolar process thickness and inter - radicular space in the posterior region of the mandible, to assess the impact of different miniscrew insertion angle protocols, and to identify differences between the genders or types of malocclusion. in this retrospective study, 100 individuals were selected for orthodontic treatment at a radiology clinic. cone - beam computed tomography data were imported into 3 - dimensional software. the predictor variable was the location in the mandible and insertion angle. the demographic variables collected included age, gender, and malocclusion ( angle classes i and ii ). the primary outcome variables were bone thickness and inter - radicular space. the inter - radicular spaces were evaluated 5 mm from the cement - enamel junction. the bone thicknesses were taken at 45°, 60°, and 90° in relation to the alveolar ridge, simulating a miniscrew insertion. these factors were evaluated for sexual dimorphism and malocclusion ( angle classes i and ii ). sexual dimorphism and malocclusion were evaluated with t tests. to compare the inter - radicular space and the thickness of bone between areas, an analysis of variance for repeated measures was used.","Maybe

Justification: The context suggests that no significant association was observed between the presence of significant Bolton discrepancy and the sagittal molar relationship or arch form (context [1]). However, the study was designed to investigate the",0.6364
fixed_dense,fixed,dense,mistral,Cold knife conization vs. LEEP. Are they the same procedure?,no,no,1,1,success,"to prospectively evaluate the amount of tissue removed at loop electrosurgical excision procedure ( leep ) vs. cold knife conization. mean diameter of cold knife cone specimens was 2. 6 vs. 2. 2 cm for leep ( p =. 07 ). mean length of cold knife cone specimens was 1. 5 vs. 1. 0 cm for leep ( p =. 001 ). mean weight for cold knife cone specimens was 4. 4 vs. 2. 0 g for leep ( p =. 001 ). histologic, ultrastructural, and cohesive tensile strength evaluations were performed on 25 normal human corneal specimens, 206 uncomplicated lasik specimens, 17 uncomplicated sub - bowman ' s keratomileusis ( sbk ) specimens, 4 uncomplicated photorefractive keratectomy ( prk ) specimens, 2 uncomplicated advanced surface ablation ( asa ) specimens, 5 keratoconus specimens, 12 postoperative lasik ectasia specimens, and 1 postoperative prk ectasia specimen and compared to previously published studies. forty consecutive leep or cold knife conization specimens were prospectively measured and weighed by a single pathology technician. diameter, length and weight of the specimens were compared using student ' s t test. to describe the biomechanical and wound healing characteristics of corneas after excimer laser keratorefractive surgery.","No, they are different procedures.

Justification: The context mentions that the study is comparing the amount of tissue removed at loop electrosurgical excision procedure (LEEP) vs. cold knife conization, indicating that they are",0.5455
fixed_dense,fixed,dense,mistral,Are pectins involved in cold acclimation and de-acclimation of winter oil-seed rape plants?,yes,yes,1,1,success,"the hypothesis was tested that pectin content and methylation degree participate in regulation of cell wall mechanical properties and in this way may affect tissue growth and freezing resistance over the course of plant cold acclimation and de - acclimation. plant acclimation in the cold ( 2 degrees c ) brought about retardation of leaf expansion, concomitant with development of freezing resistance. these effects were associated with the increases in leaf tensile stiffness, cell wall and pectin contents, pectin methylesterase ( ec 3. 1. 1. 11 ) activity and the low - methylated pectin content, independently of the genotype studied. however, the cold - induced modifications in the cell wall properties were more pronounced in the leaves of the more pathogen - resistant genotype. de - acclimation promoted leaf expansion and reversed most of the cold - induced effects, with the exception of pectin methylesterase activity. experiments were carried on the leaves of two double - haploid lines of winter oil - seed rape ( brassica napus subsp. oleifera ), differing in winter survival and resistance to blackleg fungus ( leptosphaeria maculans ). in 60 middle - aged individuals without diabetes we studied the associations of fasting plasma glucose, 2 - hour post oral glucose tolerance test plasma glucose, insulin sensitivity as well as body fat percentage with cvd risk. insulin sensitivity was measured as the glucose infusion rate during a euglycemic hyperinsulinemic clamp, body fat percentage was measured by dual x - ray absorptiometry, and cvd risk was estimated using the framingham risk score. associations of fasting plasma glucose, 2 - hour plasma glucose, insulin sensitivity and body fat percentage with the framingham risk score were assessed in linear regression models. the traditional cetyl trimethyl ammonium bromide - based method was modified for dna isolation from pollen. taxon - specific dna sequences were identified via bioinformatics or literature searches and were pcr amplified from the matching allergenic taxa ; based on the sequences of pcr products, complementary or degenerate taqman probes were developed. the accuracy of the quantitative real - time pcr assay was tested on 3 plant species.","Yes

Justification: The context states that the hypothesis was tested that pectin content participates in regulation of cell wall mechanical properties during plant cold acclimation and de-acclimation ([1], [2]).",0.7619
fixed_dense,fixed,dense,mistral,Updating emotional content in working memory: a depression-specific deficit?,yes,no,0,1,generation_failure,"interference from irrelevant negative material might be a key mechanism underlying intrusive ruminative thoughts in depression. considering commonalities between depression and social anxiety and the presence of similar intrusive thoughts in social anxiety, the current study was designed to assess whether interference from irrelevant material in working memory is specific to depression or is also present in social anxiety disorder. compared to control and social anxiety groups, the depression groups ( both pure and comorbid with social anxiety disorder ) exhibited greater difficulties removing irrelevant emotional material from working memory ( i. e., greater intrusion effects ). greater intrusion effects were also associated with increased rumination. evidence suggests substantial comorbidity between symptoms of somatization and depression in clinical as well as nonclinical populations. however, as most existing research has been retrospective or cross - sectional in design, very little is known about the specific nature of this relationship. in particular, it is unclear whether somatic complaints may heighten the risk for the subsequent development of depressive symptoms. to examine the effects of irrelevant emotional material on working memory performance, participants memorized two lists of words on each trial and were subsequently instructed to ignore one of the lists. participants were then asked to indicate whether a probe word belonged to the relevant list or not. gender - stratified multiple regression analyses revealed that baseline ces - d scores were the best predictors of subsequent depressive symptoms for men and women. baseline scores on the scl - 90 - r somatization subscale significantly predicted subsequent self - reported symptoms of depressed mood 5 years later, but only in women. however, somatic complaints were a somewhat less powerful predictor than income and age.","No

Justification: The study found that both depression and social anxiety groups exhibited greater difficulties removing irrelevant emotional material from working memory, suggesting that this deficit is not specific to depression. (citing [2])",0.7083
fixed_dense,fixed,dense,mistral,Does ultrasound imaging before puncture facilitate internal jugular vein cannulation?,maybe,yes,0,1,generation_failure,"to investigate whether prepuncture ultrasound evaluation of vascular anatomy facilitates internal jugular vein cannulation compared with landmark - guided puncture. the right internal jugular vein was cannulated using either anatomic landmarks or prepuncture ultrasound ( 3. 75 / 7. 5 mhz ) guidance. in the landmark group, respiratory jugular venodilation was used as the primary landmark for locating the vein. results of cannulation and the incidence of complications were compared. patients were randomly assigned to the ultrasound or landmark group. respiratory jugular venodilation was identified in 188 patients ( 78. 3 % ), in whom results of cannulation did not differ between the 2 techniques with respect to the venous access rate ( cannulated at the first attempt : 83. 5 % in the landmark v 85. 7 % in the ultrasound group ), the success rate ( cannulated within 3 attempts : 96. 9 % v 95. 6 % ), and the incidence of arterial puncture ( 1. 0 % v 3. 3 % ). in the remaining 52 respiratory jugular venodilation - unidentified patients, the access rate ( 30. 4 % v 86. 2 %, p < 0. 001 ) and the success rate ( 78. 3 v 100 %, p < 0. 05 ) were significantly better in the ultrasound group, and no arterial puncture was recorded in the ultrasound group, whereas the incidence was 13. 0 % in the landmark group. the results were similar regardless of the ultrasound frequency used. the use of three - dimensional ( 3d ) ultrasound may help to determine the exact position of the needle during breast biopsy, thereby reducing the number of core samples that are needed to achieve a reliable histological diagnosis. the aim of this study was to demonstrate the efficacy of 3d ultrasound - validated large - core needle biopsy ( lcnb ) of the breast. to assess the feasibility and safety of diagnostic or therapeutic semirigid ureteroscopy without ureteral meatus dilatation.","Yes

Justification: The study shows that in patients where respiratory jugular venodilation was identified, the access rate and success rate were significantly better in the ultrasound group compared to the landmark group ([3]).",0.8000
fixed_dense,fixed,dense,mistral,Should prostate specific antigen be adjusted for body mass index?,no,maybe,0,1,generation_failure,"obesity may be associated with lower prostate specific antigen through hemodilution. we examined the relationship between body mass index and prostate specific antigen by age in men without prostate cancer in a longitudinal aging study to determine whether prostate specific antigen must be adjusted for body mass index. in men without prostate cancer body mass index was not significantly associated with prostate specific antigen after adjusting for age ( p = 0. 06 ). a 10 - point body mass index increase was associated with a prostate specific antigen difference of - 0. 03 ng / ml ( 95 % ci - 0. 40 - 0. 49 ). results were similar when men with prostate cancer were included, when percent body fat was substituted for body mass index, and after adjusting for prostate volume. longitudinal weight changes also had no significant association with prostate specific antigen. the study population included 994 men ( 4, 937 observations ) without prostate cancer in the baltimore longitudinal study of aging. mixed effects models were used to examine the relationship between prostate specific antigen and body mass index in kg / m ( 2 ) by age. separate models were explored in men with prostate cancer censored at diagnosis, for percent body fat measurements, for weight changes with time and adjusting for initial prostate size in 483 men ( 2, 523 observations ) with pelvic magnetic resonance imaging measurements. to examine the ability of various postoperative nomograms to predict prostate cancer - specific mortality ( pcsm ) and to validate that they could predict aggressive biochemical recurrence ( bcr ). prostate - specific antigen ( psa ), grade, and stage are the classic triad used to predict bcr after radical prostatectomy ( rp ). multiple nomograms use these to predict risk of bcr. a previous study showed that several nomograms could predict aggressive bcr ( prostate - specific antigen doubling time [ psadt ] < 9 months ) more accurately than bcr. however, it remains unknown if they can predict more definitive endpoints, such as pcsm. prostate - specific antigen ( psa ) levels can show wide fluctuations when repeatedly measured. here we investigatewd if : ( a ) biopsy timing influences the prostate cancer ( pc ) detection rate in patients with fluctuating psa ( flu - psa ) in comparison with patients with steadily increasing psa ( si - psa ) ; ( b ) psa slope estimated in patients with flu - psa predicts a different risk of cancer detection ; ( c ) flu - psa and si - psa patients develop pc in topographically different sites ; ( d ) the behaviour of pre - operative psa is an expression of a disease with defferent characteristics to the following radical prostatectomy.","Maybe

Justification: The study found that there was no significant association between body mass index and prostate specific antigen after adjusting for age, but the confidence interval for the difference in prostate specific antigen between a 10-",0.7273
fixed_dense,fixed,dense,mistral,Does obstructive sleep apnea affect aerobic fitness?,maybe,yes,0,1,generation_failure,"we sought to determine whether patients with obstructive sleep apnea ( osa ) had an objective change in aerobic fitness during cycle ergometry compared to a normal population. the most accurate test of aerobic fitness is measurement of maximum oxygen consumption ( vo2max ) with cycle ergometry. to investigate the effect of fenofibrate on sleep apnoea indices. as this was an exploratory study, a range of sleep variables were evaluated. the apnoea / hypopnoea index ( ahi ) and percentage of time spent with arterial oxygen saturation ( spo ( 2 ) ) < 90 % were relevant as they have been evaluated in other clinical trials. other variables included total apnoeas, hypopnoeas and oxygen desaturations, and non - cortical micro - awakenings related to respiratory events per hour. earlier studies have demonstrated low peak oxygen uptake ( (. ) vo ( 2 ) peak ) in children with spina bifida. low peak heart rate and low peak respiratory exchange ratio in these studies raised questions regarding the true maximal character of (. ) vo ( 2 ) peak values obtained with treadmill testing. overall, individuals with osa had increased vo2max when compared to the normalized us air force data ( p <. 001 ). patients with an apnea - hypopnea index of greater than 20 demonstrated a decreased vo2max as compared to normalized values ( p <. 001 ). no differences in vo2max were observed after either medical or surgical therapy for osa.","Yes

Justification: Patients with obstructive sleep apnea (OSA) had increased vo2max when compared to the normalized US Air Force data (p <. 001) (context: [5]).",0.8095
fixed_dense,fixed,dense,mistral,The effect of an intracerebroventricular injection of metformin or AICAR on the plasma concentrations of melatonin in the ewe: potential involvement of AMPK?,yes,yes,1,1,success,"the intracerebroventricular ( i. c. v. ) injection of two activators of ampk, metformin and aicar, affected the circadian rhythm of melatonin in ewes that were housed in constant darkness. in parallel the secretion of insulin was monitored as a peripheral metabolic marker. we also investigated the effects of i. c. v. aicar on the phosphorylation of ampk and acetyl - coa carboxylase ( acc ), a downstream target of ampk, in brain structures along the photoneuroendocrine pathway to the pineal gland. all the subunits of ampk that we studied were identified in all brain areas that were dissected but with some differences in their level of expression among structures. metformin and aicar both reduced ( p < 0. 001 and p < 0. 01 respectively ) the amplitude of the circadian rhythm of melatonin secretion independently of insulin secretion. the i. c. v. injection of aicar only tended ( p = 0. 1 ) to increase the levels of phosphorylated ampk in the paraventricular nucleus but significantly increased the levels of phosphorylated acc in the paraventricular nucleus ( p < 0. 001 ) and in the pineal gland ( p < 0. 05 ). it is now widely accepted that amp - activated protein kinase ( ampk ) is a critical regulator of energy homeostasis. recently, it has been shown to regulate circadian clocks. in seasonal breeding species such as sheep, the circadian clock controls the secretion of an endogenous rhythm of melatonin and, as a consequence, is probably involved in the generation of seasonal rhythms of reproduction. considering this, we identified the presence of the subunits of ampk in different hypothalamic nuclei involved in the pre - and post - pineal pathways that control seasonality of reproduction in the ewe and we investigated if the intracerebroventricular ( i. c. v. ) injection of two activators of ampk, metformin and aicar, affected the circadian rhythm of melatonin in ewes that were housed in constant darkness. in parallel the secretion of insulin was monitored as a peripheral metabolic marker. we also investigated the effects of i. c. v. aicar on the phosphorylation of ampk and acetyl - coa carboxylase ( acc ), a downstream target of ampk, in brain structures along the photoneuroendocrine pathway to the pineal the endogenous estradiol metabolite, 2 - methoxyestradiol ( 2me ), has been shown to be a potent inhibitor of cell growth and a strong anti - angiogenic substance. we investigated for the first time whether in vitro combinations of 2me with various chemotherapeutic compounds may result in an additive inhibitory effect on the proliferation of human ovary cancer cells. it is postulated that some aspects of methotrexate toxicity may be related to its action as an anti - folate. folic acid ( fa ) is often given as an adjunct to methotrexate therapy, but there is no conclusive proof that it decreases the toxicity of methotrexate and there is a theoretical risk that it may decrease the efficacy of methotrexate.","Yes

Justification: The intracerebroventricular injection of both metformin and AICAR reduced the amplitude of the circadian rhythm of melatonin secretion in ewes, indicating a potential involvement of A",0.7059
fixed_dense,fixed,dense,mistral,Literacy after cerebral hemispherectomy: Can the isolated right hemisphere read?,yes,maybe,0,1,generation_failure,"cerebral hemispherectomy, a surgical procedure undergone to control intractable seizures, is becoming a standard procedure with more cases identified and treated early in life [ 33 ]. while the effect of the dominant hemisphere resection on spoken language has been extensively researched, little is known about reading abilities in individuals after left - sided resection. left - lateralized phonological abilities are the key components of reading, i. e., grapheme - phoneme conversion skills [ 1 ]. these skills are critical for the acquisition of word - specific orthographic knowledge and have been shown to predict reading levels in average readers as well as in readers with mild cognitive disability [ 26 ]. furthermore, impaired phonological processing has been implicated as the cognitive basis in struggling readers. here, we explored the reading skills in participants who have undergone left cerebral hemispherectomy. seven individuals who have undergone left cerebral hemispherectomy to control intractable seizures associated with perinatal infarct have been recruited for this study. we examined if components of phonological processing that are shown to reliably separate average readers from struggling readers, i. e., phonological awareness, verbal memory, speed of retrieval, and size of vocabulary, show the same relationship to reading levels when they are mediated by the right hemisphere [ 2 ]. in the whole group only a slight difference was found between both training modalities concerning their writing abilities. however, children with a history of hearing loss, actual hearing loss or pathologic middle ear findings profited most from the specialized training program compared to the control in their reading abilities. we found that about 60 % of our group developed both word reading and paragraph reading in the average range. phonological processing measured by both phonological awareness and nonword reading was unexpectedly spared in the majority of participants. phonological awareness levels strongly correlated with word reading. verbal memory, a component of phonological processing skills, together with receptive vocabulary size, positively correlated with reading levels similar to those reported in average readers. receptive vocabulary, a bilateral function, was preserved to a certain degree similar to that of strongly left - lateralized phonological skills [ 3 ]. later seizure onset was associated with better reading levels. we examined the placebo arm of the ninds t - pa stroke trial to test the hypothesis that the total volume of cerebral infarction in patients with right hemisphere strokes would be greater than the volume of cerebral infarction in patients with left hemisphere strokes who have similar nihss scores. the volume of stroke was determined by computerized image analysis of ct films and ct images stored on computer tape and optical disks. cube - root transformation of lesion volume was performed for each ct. transformed lesion volume was analyzed in a logistic regression model to predict volume of stroke by nihss score for each hemisphere. spearman rank correlation was used to determine the relation between the nihss score and lesion volume.","Maybe

Justification: The text states that phonological processing, a key component of reading, was unexpectedly spared in the majority of participants who underwent left cerebral hemispherectomy (4). However, it",0.7000
fixed_dense,fixed,dense,mistral,Characterization of the gender dimorphism after injury and hemorrhagic shock: are hormonal differences responsible?,no,maybe,0,1,generation_failure,"to characterize the gender dimorphism after injury with specific reference to the reproductive age of the women ( young, < 48 yrs of age, vs. old, > 52 yrs of age ) in a cohort of severely injured trauma patients for which significant variation in postinjury care is minimized. mortality at index admission, transfusion requirement during first 24 hours, and presence of nonorthopaedic injuries as a function of young - burgess pelvic classification type. mortality compared with historic controls. the etiology of hemodialysis ( hd ) - induced hypotension and hypertension remains speculative. there is mounting evidence that endothelin - 1 ( et - 1 ) may play a vital role in these hemodynamic changes. we examined the possible role of intradialytic changes of et - 1 in the pathogenesis of hypotension and rebound hypertension during hd. an 18 - month retrospective review was performed on trauma patients > or = 15 years old who received therapeutic anticoagulation using unfractionated heparin ( uh ) and / or fractionated heparin ( fh ). forty different pre - treatment and treatment patient characteristics were recorded. complications of anticoagulation were documented and defined as any unanticipated discontinuation of the anticoagulant for bleeding or other adverse events. ovarian sections in the saline group revealed higher scores for follicular degeneration and edema ( p < 0. 0001 ) when compared with the sham group. administration of different doses of edaravone in rats significantly prevented degenerative changes in the ovary ( p < 0. 0001 ). caspase - 3 expression was only detected in the ovarian surface epithelium in all groups, and there was a significant difference between the treatment groups and the saline group ( p < 0. 0001 ). treatment of rats with edaravone reduced caspase - 3 expression in a dose - dependent manner. moreover, biochemical measurements of oxidative stress markers ( mda, gsh and tac ) revealed that prophylactic edaravone treatment attenuated oxidative stress induced by i / r injury.","Maybe

Justification: The context discusses the gender dimorphism after injury in terms of mortality, transfusion requirement, and presence of nonorthopaedic injuries, but it does not explicitly state that hormonal differences are",0.5000
fixed_dense,fixed,dense,mistral,Can communication with terminally ill patients be taught?,yes,yes,1,1,success,"communication with terminally ill patients is a main responsibility of physicians. however, many physicians feel insufficiently prepared for this task. models of courses resulting in improvements of communicative skills of participants have been published mainly in the anglo - american literature. this study describes the realization of a 2 - day course model based on the experiences of the first three courses of this kind in rhineland - palatinate, and analyzes changes of participants ' communication behavior. breathlessness is one of the most distressing symptoms experienced by patients with advanced cancer and noncancer diagnoses alike. often, severity of breathlessness increases quickly, calling for rapid symptom control. oral, buccal, and parenteral routes of provider - controlled drug administration have been described. it is unclear whether patient - controlled therapy ( pct ) systems would be an additional treatment option. in a study in france, breaching confidentiality in 48 scenarios were accepted by 144 lay people, 10 psychologists and 7 physicians. the scenarios were all possible combinations of five factors : severity of the disease ( severe, lethal ) ; time taken to discuss this with ( little time, much time ) ; intent to inform the spouse about the disease ( none, one of these days, immediately ) ; intent to adopt protective behaviours ( no intent, intent ) ; and decision to consult an expert in stds ( yes, no ), 2 x 2 x 3 x 2 x 2. the importance and interactions of each factor were determined, at the group level, by performing analyses of variance and constructing graphs. few studies have assessed whether the advantage chemotherapy has been shown to have in treating advanced non - small lung carcinoma in clinical trials is transferrable to normal health care activity. this could explain the skepticism of a large number of pneumologists towards this treatment. the objective of our study was to analyze prognostic factors related to survival and to see whether cytostatic treatment was an independent predictor. a significant percentage of patients had a poor understanding of the technique used with the metered - dose inhaler. house staff and nursing staff were also less proficient in the proper use of the metered - dose inhaler. the respiratory care practitioners were the most knowledgeable of the health care providers.","Yes

Justification: The context mentions that a 2-day course model is used to improve the communicative skills of participants, indicating that communication with terminally ill patients can be taught. (1)",0.6190
fixed_dense,fixed,dense,mistral,Delays in time to primary treatment after a diagnosis of breast cancer: does it impact survival?,no,maybe,0,1,generation_failure,"treatment delays in breast cancer are generally thought to affect prognosis but the impact on survival remains unclear. indicators for breast cancer care include time to primary treatment. the purpose of this study was to evaluate whether time to primary treatment ( tpt ) in breast cancer impacts survival. aromatase inhibitors ( ais ) are an effective treatment for postmenopausal women with hormone receptor - positive breast cancer. however, patients receiving ais report a higher incidence of musculoskeletal symptoms and bone fractures ; the mechanism and risk factors for this correlation are not well studied. the aim of this study was to correlate these musculoskeletal symptoms and bone fractures in patients receiving ais with bone mineral density ( bmd ), previous tamoxifen use, and administration of calcium / bisphosphonate ( ca / bis ). a total of 648 breast cancer patients treated in the university malaya medical center ( ummc ), malaysia between 2004 and 2005 were included in the study. tpt was calculated from the date of pathological diagnosis to the date of primary treatment. mortality data was obtained from the national registry of births and deaths. last date of follow - up was november 2010. median tpt was 18 days. majority 508 ( 69. 1 % ) of the patients received treatment within 30 days after diagnosis. the majority was surgically treated. ethnicity ( p = 0. 002 ) and stage at presentation ( p = 0. 007 ) were significantly associated with delayed tpt. malay ethnicity had delayed tpt compared to the chinese ; hazard ratio ( hr ) 1. 9 ( confidence interval ( ci ) 1. 237, 2. 987 ). delayed tpt did not affect overall survival on univariate and multivariate analyses. few studies have assessed whether the advantage chemotherapy has been shown to have in treating advanced non - small lung carcinoma in clinical trials is transferrable to normal health care activity. this could explain the skepticism of a large number of pneumologists towards this treatment. the objective of our study was to analyze prognostic factors related to survival and to see whether cytostatic treatment was an independent predictor.","Maybe

Justification: Delayed time to primary treatment was significantly associated with ethnicity and stage at presentation, but did not affect overall survival on univariate and multivariate analyses (context: [4]).",0.8000
fixed_dense,fixed,dense,mistral,Are increased carotid artery pulsatility and resistance indexes early signs of vascular abnormalities in young obese males?,yes,yes,1,1,success,"to provide insight into the factors by which obesity in itself may directly lead to early arterial damage, we aimed to determine early sonographic markers of obesity - related vascular dysfunction in young obese males. thirty - five young obese males and 23 age - matched healthy male volunteers were recruited into the study. common carotid artery pulsatility index and resistance index were calculated from blood flow velocities curves obtained by pulsed doppler ultrasonography. in 60 middle - aged individuals without diabetes we studied the associations of fasting plasma glucose, 2 - hour post oral glucose tolerance test plasma glucose, insulin sensitivity as well as body fat percentage with cvd risk. insulin sensitivity was measured as the glucose infusion rate during a euglycemic hyperinsulinemic clamp, body fat percentage was measured by dual x - ray absorptiometry, and cvd risk was estimated using the framingham risk score. associations of fasting plasma glucose, 2 - hour plasma glucose, insulin sensitivity and body fat percentage with the framingham risk score were assessed in linear regression models. extracranial internal carotid artery stenosis is a risk factor for perioperative stroke in patients undergoing coronary artery bypass surgery ( cab ). although selective and non - selective methods of preoperative carotid screening have been advocated, it remains unclear if this screening is clinically relevant. aim : to test whether selective carotid screening is as effective as non - selective screening in detecting significant carotid disease. the mean pulsatility index, resistance index, body mass index, waist circumference, systolic and diastolic blood pressure, homeostasis model assessment for insulin resistance, plasma fasting glucose, insulin, c - peptide, triglycerides, low - density lipoprotein cholesterol, and high - sensitivity c - reactive protein were statistically higher in obese subjects than in healthy controls.","Yes

Justification: The context states that the carotid artery pulsatility index and resistance index were statistically higher in obese subjects than in healthy controls ([5]). This suggests that increased carotid artery pulsat",0.6000
fixed_dense,fixed,dense,mistral,Are acceptance rates of a national preventive home visit programme for older people socially imbalanced?,yes,yes,1,1,success,"preventive home visits are offered to community dwelling older people in denmark aimed at maintaining their functional ability for as long as possible, but only two thirds of older people accept the offer from the municipalities. the purpose of this study is to investigate 1 ) whether socioeconomic status was associated with acceptance of preventive home visits among older people and 2 ) whether municipality invitational procedures for the preventive home visits modified the association. older persons with high financial assets accepted preventive home visits more frequently than persons with low assets ( adjusted or = 1. 5 ( ci95 % : 1. 1 - 2. 0 ) ). however, the association was attenuated when adjusted by the invitational procedures. the odds ratio for accepting preventive home visits was larger among persons with low financial assets invited by a letter with a proposed date than among persons with high financial assets invited by other procedures, though these estimates had wide confidence intervals. the study population included 1, 023 community dwelling 80 - year - old individuals from the danish intervention study on preventive home visits. information on preventive home visit acceptance rates was obtained from questionnaires. socioeconomic status was measured by financial assets obtained from national registry data, and invitational procedures were identified through the municipalities. logistic regression analyses were used, adjusted by gender. the overall caeserean section rate was 70 · 0 % ( 962 / 1375 ), and most of them ( 59 · 7 % ) were selected by maternal request. none of six dimensions and total score of quality of life displayed significant difference between women with normal delivery and cesaerean section. it was found that postnatal home visit related to good postnatal quality of life and lower husband education level, male gender of infant were associated with poor quality of life. to examine patterns of knowledge and attitudes among adults aged > 65 years unvaccinated for influenza.","Yes

Justification: Older persons with high financial assets accepted preventive home visits less frequently than persons with low financial assets ( adjusted OR = 0.67, 95% CI: 0.51 - ",0.6667
fixed_dense,fixed,dense,mistral,Does open access publishing increase the impact of scientific articles?,yes,maybe,0,1,generation_failure,"some studies suggest that open access articles are more often cited than non - open access articles. however, the relationship between open access and citations count in a discipline such as intensive care medicine has not been studied to date. the present article analyzes the effect of open access publishing of scientific articles in intensive care medicine journals in terms of citations count. the median number ( interquartile range ) of citations of non - open access articles was 8 ( 4 - 12 ) versus 9 ( 6 - 18 ) in the case of open access articles ( p = 0. 084 ). in the highest citation range ( > 8 ), the citation count was 13 ( 10 - 16 ) and 18 ( 13 - 21 ) ( p = 0. 008 ), respectively. the mean follow - up was 37. 5 ± 3 months in both groups. in the 30 - 35 months after publication, the average number ( mean ± standard deviation ) of citations per article per month of non - open access articles was 0. 28 ± 0. 6 versus 0. 38 ± 0. 7 in the case of open access articles ( p = 0. 043 ). independent factors for citation advantage were the hirsch index of the first signing author ( β = 0. 207 ; p = 0. 015 ) and open access status ( β = 3. 618 ; p = 0. 006 ). we evaluated a total of 161 articles ( 76 % being non - open access articles ) published in intensive care medicine in the year 2008. citation data were compared between the two groups up until april 30, 2011. potentially confounding variables for citation counts were adjusted for in a linear multiple regression model. web search engines are an important tool in communication and diffusion of knowledge. among these, google appears to be the most popular one : in august 2008, it accounted for 87 % of all web searches in the uk, compared with yahoo ' s 3. 3 %. google ' s value as a diagnostic guide in general medicine was recently reported. the aim of this comparative cross - sectional study was to evaluate whether searching google with disease - related terms was effective in the identification and diagnosis of complex immunological and allergic cases. epidemiologic studies investigating the relationship between appendectomy and infertility or ectopic pregnancy were identified by searching the medline database from 1966 to 1997. appropriate citations were also extracted from a manual search of the bibliographies of selected papers.","Maybe

Justification: The study shows that open access articles have a higher average number of citations per month after publication compared to non-open access articles in intensive care medicine (p = 0.043). However, the",0.8333
fixed_dense,fixed,dense,mistral,In vivo visualization of pyloric mucosal hypertrophy in infants with hypertrophic pyloric stenosis: is there an etiologic role?,yes,maybe,0,1,generation_failure,"infantile hypertrophic pyloric stenosis ( ihps ) is a common condition which presents in infants at 2 - 12 weeks of postnatal life, and whose cause remains obscure. multiple associated abnormalities have been recognized within the external hypertrophied pyloric muscle layer, but the internal component of the pyloric mucosa has received scant attention in the literature to date. our purpose in this study was to show that pyloric mucosal redundancy is a constant finding in infants with ihps, to discuss its possible cause, and to explore the hypothesis of a relationship between pyloric mucosal redundancy and the development of ihps. we identified 102 consecutive infants with surgically confirmed ihps and determined the thickness of the pyloric mucosa compared with the thickness of the surrounding hypertrophied muscle. fifty - one infants who did not have pyloric stenosis served as controls. mean mucosal thickness in patients with ihps approximated mean muscle thickness, with a ratio of 0. 89. in infants with ihps, the pyloric mucosa constitutes approximately one third of the cross - sectional diameter of the pyloric mass and fills and obstructs the pyloric canal. primary eosinophilic esophagitis, a chronic inflammatory disorder of the esophagus, evokes recurrent dysphagia. endoscopy is often unremarkable, and no consensus exists regarding management of resultant dysphagia. the response of a series of patients with primary eosinophilic esophagitis to dilation is reported together with a description of a possibly pathognomonic sign : fragile esophageal mucosa, for which the term "" crepe - paper "" mucosa is introduced. we observed an endoscopic abnormally in a group of children with histological esophagitis. we termed this finding "" vertical lines in esophageal mucosa "" ( vlem ). we examined the relationship between the presence of vlem and significant histologic changes in esophageal mucosal biopsies.","Maybe

Justification: The study shows that pyloric mucosal redundancy is a constant finding in infants with hypertrophic pyloric stenosis (ihps), and it suggests a possible relationship between",0.7647
fixed_dense,fixed,dense,mistral,Does the early adopter of drugs exist?,no,maybe,0,1,generation_failure,"to analyse associations between indicators for adoption of new drugs and to test the hypothesis that physicians ' early adoption of new drugs is a personal trait independent of drug groups. in a population - based cohort study using register data, we analysed the prescribing of new drugs by danish general practitioners. angiotensin - ii antagonists, triptans, selective cyclo - oxygenase - 2 antagonists and esomeprazol were used in the assessment. as indicators of new drug uptake, we used adoption time, cumulative incidence, preference proportion, incidence rate and prescription cost and volume. for each measure, we ranked the general practices. ranks were pair - wise plotted, and pearson ' s correlation coefficient ( r ) was calculated. next, we analysed the correlation between ranks across different drug classes. for all indicators, the general practitioners ' adoption of one group of drugs was poorly associated with adoption of others ( r < / = 0. 49 ), indicating that early adoption of one type of drugs is not associated with early adoption of another. for all drug groups, adoption time adjusted for practice size was only weakly associated with other indicators ( r : - 0. 56 to - 0. 27 ). indicators, based on cost and volume of drugs, were highly correlated ( r : 0. 96 - 0. 99 ), and the others correlated reasonably well ( r : 0. 51 - 0. 91 ). the patients involved were schizophrenic or bipolar, mostly young men with a history of addictive disorders and regular gambling prior to the prescription of aripiprazole. for each one of them, the causality of aripiprazole was considered, using an algorithm. the probability that pathological gambling is actually due to aripiprazole is "" possible "" in 7 cases out of 8, and "" doubtful "" in one. it is commonly accepted that pathological gambling results from the interaction of multiple risk factors. among these, dopamine replacement therapy ( drt ) prescribed for parkinson disease can be cited. another dopamine agonist, aripiprazole, could be a new risk factor. we decided to explore this potential adverse drug reaction ( adr ).","Maybe

Justification: The study in the context is analyzing associations between indicators for adoption of new drugs, but it does not explicitly state that early adopters of drugs do not exist. Instead, it suggests that early adoption of one",0.4286
fixed_dense,fixed,dense,mistral,Does high blood pressure reduce the risk of chronic low back pain?,yes,maybe,0,1,generation_failure,"epidemiological studies have suggested inverse relationships between blood pressure and prevalence of conditions such as migraine and headache. it is not yet clear whether similar relationships can be established for back pain in particular in prospective studies. in the cross - sectional study, all three blood pressure measures showed inverse relationships with prevalence of low back pain in both sexes. in the prospective study of disease - free women, baseline pulse pressure and systolic pressure were inversely associated with risk of low back pain [ odds ratio ( or ) 0. 93 per 10 mm hg increase in pulse pressure, 95 % confidence interval ( ci ) 0. 89 - 0. 98, p = 0. 007 ; or 0. 95 per 10 mm hg increase in systolic pressure, 95 % ci 0. 92 - 0. 99, p = 0. 005 ]. results among men were equivocal. no associations were indicated with the occurrence of pain in individuals with low back pain at baseline. obesity may be associated with lower prostate specific antigen through hemodilution. we examined the relationship between body mass index and prostate specific antigen by age in men without prostate cancer in a longitudinal aging study to determine whether prostate specific antigen must be adjusted for body mass index. in primary and secondary prevention trials, statins have been shown to reduce the risk of stroke. in addition to lipid lowering, statins have a number of antiatherothrombotic and neuroprotective properties. in a preliminary observational study, we explored whether clinical outcome is improved in patients who are on treatment with statins when stroke occurs. fenofibrate treatment significantly reduced the percentage of time with spo ( 2 ) < 90 % ( from 9. 0 % to 3. 5 % vs. 10. 0 % to 11. 5 % with placebo, p = 0. 007 ), although there was no significant change in the ahi ( reduction vs. control 14 % ( 95 % ci - 47 to 40 %, p = 0. 533 ). treatment reduced obstructive apnoeas ( by 44 %, from 18. 5 at baseline to 15. 0 at end of treatment vs. 29. 0 to 30. 5 on placebo, p = 0. 048 ), and non - cortical micro - awakenings per hour ( from 23. 5 to 18. 0 vs. 24. 0 to 25. 0 with placebo, p = 0. 004 ). other sleep variables were not significantly influenced by fenofibrate.","Maybe

Justification: The provided context mentions an inverse relationship between blood pressure and prevalence of low back pain in a prospective study of disease-free women, but the results among men were equivocal ([2]).",0.7917
fixed_dense,fixed,dense,mistral,Does responsibility affect the public's valuation of health care interventions?,maybe,yes,0,1,generation_failure,"an online survey was conducted to elicit the relative importance placed on preventing harms caused by 1 ) health care ( hospital - acquired infections, drug administration errors, injuries to health care staff ), 2 ) individuals ( personal lifestyle choices, sports - related injuries ), and 3 ) nature ( genetic disorders ). direct valuations were obtained from members of the public by using a person trade - off or "" matching "" method. participants were asked to choose between two preventative interventions of equal cost and equal health benefit per person for the same number of people, but differing in causation. if participants indicated a preference, their strength of preference was measured by using person trade - off. health services often spend more on safety interventions than seems cost - effective. this study investigates whether the public value safety - related health care improvements more highly than the same improvements in contexts where the health care system is not responsible. governments are urged to determine methods to control the use of medical resources and curb the rise of healthcare costs. the question is, do health behaviors have an impact on the use of medical resources? this study aims to identify and understand the difference in the number of outpatient visits and health examinations based on various health behaviors and to determine whether patients seek medical care for illness from the same physicians. few studies have assessed whether the advantage chemotherapy has been shown to have in treating advanced non - small lung carcinoma in clinical trials is transferrable to normal health care activity. this could explain the skepticism of a large number of pneumologists towards this treatment. the objective of our study was to analyze prognostic factors related to survival and to see whether cytostatic treatment was an independent predictor. responses were obtained from 1030 people, reflecting the sociodemographic mix of the uk population. participants valued interventions preventing hospital - acquired infections ( 1. 31 ) more highly than genetic disorders ( 1. 0 ), although drug errors were valued similarly to genetic disorders ( 1. 07 ), and interventions to prevent injury to health care staff were given less weight than genetic disorders ( 0. 71 ). less weight was also given to interventions related to lifestyle ( 0. 65 ) and sports injuries ( 0. 41 ).","Yes

Justification: The public values interventions preventing hospital-acquired infections more highly than genetic disorders, despite both being equally costly and beneficial, indicating that responsibility does affect the public's valuation of health care interventions",0.4643
fixed_dense,fixed,dense,mistral,Nasal fractures:  is closed reduction satisfying?,yes,yes,1,1,success,"only patients with isolated nasal fractures were included in the study. patients with additional maxillofacial fractures and patients whose application time to our clinic was more than 10 days after the trauma were excluded. patients were classified into 5 types according to their fracture. all patients underwent closed reduction and external fixation under local anesthesia. patients were asked about their satisfaction in a survey at 28th day and sixth month after the surgery. patients were divided into groups according to fracture type and intervention time, and the results of the survey were evaluated. this study aims to evaluate the efficacy of closed reduction and the effects of timing and fracture types on patient satisfaction. to assess if the hawkins sign can predict whether or not astragalus fractures of the neck will develop avascular necrosis. it is also assessed whether the occurrence of this complication is related to the displacement of the fracture, soft tissue injury, or delay in the reduction or surgery. the results were compared with those found in the literature. of the 43 patients included in the study, 38 were male, 5 were female, and the average age was 24. 9. the average intervention time of the patients was 5. 44 days. twenty - eight ( 65 % ) of 43 patients were satisfied with the result, whereas 15 ( 35 % ) patients were not happy with their operation. in a comparison of patient satisfaction rates according to fracture type, the mild fracture group had a higher satisfaction rate compared to the severe fracture group. three months after swl treatment, 39 patients were stone - free ( nr group ) and 39 had residual fragments ( r group ). both groups presented no differences in relation to infundibulopelvic angle, width and length of the lower calyceal infundibulum, length / width ratio of the lower infundibulum or number of lower calyces. height of the infundibulum, described as the distance between the line passing through the lowest part of the calyx containing the calculus and the highest point of the lower lip of renal pelvis, was the only parameter in which significant differences ( p = 0. 002 ) were found between the nr and r groups.","Yes

Justification: According to the context, 65% of patients were satisfied with the result of closed reduction for nasal fractures. (context [4])",0.6923
fixed_dense,fixed,dense,mistral,"Do improvements in outreach, clinical, and family and community-based services predict improvements in child survival?",yes,maybe,0,1,generation_failure,"there are three main service delivery channels : clinical services, outreach, and family and community. to determine which delivery channels are associated with the greatest reductions in under - 5 mortality rates ( u5mr ), we used data from sequential population - based surveys to examine the correlation between changes in coverage of clinical, outreach, and family and community services and in u5mr for 27 high - burden countries. this paper assesses the usefulness of the child health computing system as a source of information about children with cerebral palsy. implementation of the complex treatment strategies that have been shown to improve survival of patients with congestive heart failure ( chf ) may require certain expertise. we wanted to examine the association between pattern of outpatient care and survival of patients with chf. a comparative survey of information held on the child health computing system ( chcs ) and the northern ireland cerebral palsy register ( nicpr ) in one health and social services board in northern ireland was carried out. the sample comprised children with cerebral palsy aged 5 - 9 years. seventeen children with ards and malignancy aged 10. 5 + / - 5. 1 years were identified. six of the 17 children ( 35. 3 % ) survived. sepsis syndrome was present in 70. 6 % of all the children. peak inspiratory pressure, positive end - expiratory pressure ( peep ), and ventilation index values could distinguish outcome by day 3. a significant relationship between respiratory data and outcome related to efficiency of oxygenation, as determined by pao ( 2 ) / fio ( 2 ) and p ( a - a ) o ( 2 ), was present from day 8 after onset of mechanical ventilation.","Maybe

Justification: The provided context discusses the correlation between changes in coverage of clinical, outreach, and family and community services and changes in under-5 mortality rates (u5mr) for 27 high-burden",0.7727
fixed_dense,fixed,dense,mistral,Does spontaneous remission occur in polyarteritis nodosa?,yes,maybe,0,1,generation_failure,"polyarteritis nodosa ( pan ) is a systemic vasculitis involving mainly medium - sized arteries and, rarely, small - sized arteries. the diagnosis is principally based on clinical exams, biopsy of an affected organ, and / or arteriography of renal or mesenteric arteries. once diagnosed, immunosuppressive agents, such as glucocorticoids and cyclophosphamide, are generally introduced as soon as possible. whether spontaneous remission of pan occurs is therefore largely unknown. to understand the effect of past group a streptococcal infection on ms, antistreptolysin o ( aso ) and antideoxyribonuclease b ( adnase b ) were measured in 21 patients with relapsing - remitting ms and 21 healthy blood donors by nephelometric assay. to determine whether post - operative administration of topical ropivacaine hydrochloride decreases morbidity following adenotonsillectomy. we examined 60 patients with benign cystic thyroid nodules confirmed by fine - needle aspiration biopsy and divided them into 2 groups according to nonaspiration ( group a, n = 30 ) or aspiration ( group b, n = 30 ) of ethanol - mixed fluid after intracystic ethanol injection. we evaluated in both groups the complete disappearance of the cystic portion of the thyroid nodule on follow - up ultrasonography ( first follow - up ultrasonography ; mean, 4. 6 months in group a ; mean, 4. 4 months in group b ) ( chi - square test ), side effects or complications during and after the procedure ( chi - square test ), and the total procedure time ( student t test ). six completed pediatric clinical trials met the inclusion criteria. all of the pediatric trials found that prednisone is not superior to dexamethasone in treating mild to moderate asthma exacerbations. meta - analysis demonstrated homogeneity between the dexamethasone and prednisone groups when examining symptomatic return to baseline and unplanned physician revisits after the initial emergency department encounter. some studies found potential additional benefits of dexamethasone, including improved compliance and less vomiting.","Maybe

Justification: The text states that whether spontaneous remission of pan occurs is largely unknown.",0.6364
fixed_dense,fixed,dense,mistral,Gluten tolerance in adult patients with celiac disease 20 years after diagnosis?,maybe,maybe,1,1,success,"celiac disease ( cd ) is believed to be a permanent intolerance to gluten. a number of patients, however, discontinue the gluten - free diet ( gfd ) without developing symptoms or signs. the aim of our study was to investigate whether cd patients are capable of developing tolerance to gluten. all 77 adult patients from our hospital known to have biopsy - proven cd for more than 10 years were invited to participate. we investigated symptoms, gluten consumption, antibodies for cd and other autoimmunity, human leukocyte antigen ( hla ) - typing, bone mineral density, and performed small bowel biopsies. tolerance was defined as no immunological or histological signs of cd while consuming gluten. sixty - six patients accepted participation, but after review of the diagnostic biopsies 53 were found to have true cd. twenty - three percent of patients had a gluten - containing diet, 15 % admitted gluten transgression and 62 % followed the gfd. patients on a gfd had significantly more osteoporosis. normal small bowel mucosa was found in four of eight on gluten - containing diet and in four of four with gluten transgression. two patients were considered to have developed tolerance to gluten. one of them was hla - dq2 / dq8 negative. medical records of 220 patients hospitalized for acute diverticulitis between june 1, 2002 and september 1, 2009 were reviewed. acute diverticulitis was diagnosed by clinical criteria and characteristic ct findings. fifteen patients were excluded either because of questionable ct or hematochezia. mean age was 61. 8±14. 3 years ( 61 % females ). clinical parameters, laboratory results, imaging, endoscopic and histopathological reports, and long - term patients ' outcome were analyzed. from 1998 to 2009, 79 patients were operated on for hirschsprung ' s disease. all available preoperative contrast enemas ( n = 61 ) had been single blind reviewed by the same radiologist who defined the radiographic transition zone when present in vertebral level. four groups were determined ( rectal, rectosigmoid, long segment, and absence of transition zone ) and by kappa coefficient of agreement correlated to the length of aganglionosis in the pathological report.","Maybe

Justification: The study found two patients who were considered to have developed tolerance to gluten, but the sample size is small and the study did not investigate patients beyond 20 years after diagnosis.",0.6190
fixed_dense,fixed,dense,mistral,Do symptoms predict COPD in smokers?,no,yes,0,1,generation_failure,"report of symptoms, smoking history, and spirometric data were collected from subjects screened for a work - related medical evaluation ( n = 3, 955 ). prevalence of airflow obstruction and respiratory symptoms were assessed. sensitivity, specificity, positive and negative predictive values, and relative risks of predicting symptoms and smoking history for copd were calculated. forty - four percent of smokers in our sample had airways obstruction ( ao ). of these, 36 % reported a diagnosis of or treatment for copd. odds ratio ( 95 % ci ) for ao with smoking ( > or = 20 pack - years ) was 3. 73 ( 3. 12 - 4. 45 ), 1. 98 ( 1. 73 - 2. 27 ) for cough, 1. 79 ( 1. 55 - 2. 08 ) for dyspnea, 1. 95 ( 1. 70 - 2. 34 ) for sputum, and 2. 59 ( 2. 26 - 2. 97 ) for wheeze. respiratory symptoms were reported by 92 % of smokers with ao, 86 % smokers with restriction, 76 % smokers with normal spirometry, and 73 % of nonsmokers. sensitivity ( 92 % vs 90 % ), specificity ( 19 % vs 22 % ), positive ( 47 % vs 40 % ) and negative ( 75 % vs 80 % ) predictive values for the presence of one or more symptoms were similar between smokers and all subjects. evidence suggests substantial comorbidity between symptoms of somatization and depression in clinical as well as nonclinical populations. however, as most existing research has been retrospective or cross - sectional in design, very little is known about the specific nature of this relationship. in particular, it is unclear whether somatic complaints may heighten the risk for the subsequent development of depressive symptoms. to identify distinctive features in patients with chronic functional somatic symptoms, and to determine whether these symptoms support the hypothesis of the existence of specific somatic syndromes. gender - stratified multiple regression analyses revealed that baseline ces - d scores were the best predictors of subsequent depressive symptoms for men and women. baseline scores on the scl - 90 - r somatization subscale significantly predicted subsequent self - reported symptoms of depressed mood 5 years later, but only in women. however, somatic complaints were a somewhat less powerful predictor than income and age.","Yes

Justification: The odds ratio for airways obstruction with smoking (> or = 20 pack-years) is 3.73, indicating that smokers with airways obstruction are more likely to have",0.7500
fixed_dense,fixed,dense,mistral,Search engine as a diagnostic tool in difficult immunological and allergologic cases: is Google useful?,yes,maybe,0,0,retrieval_failure,"xanthogranulomatous cholecystitis ( xgc ) is an uncommon variant of chronic cholecystitis, characterized by marked thickening of the gallbladder wall and dense local adhesions. it often mimics a gallbladder carcinoma ( gbc ), and may coexist with gbc, leading to a diagnostic dilemma. furthermore, the premalignant nature of this entity is not known. this study was undertaken to assess the p53, pcna and beta - catenin expression in xgc in comparison to gbc and chronic inflammation. irregular bleeding affects many users of combined menopausal hormone therapy ( ht ) and commonly leads to invasive and expensive investigations to exclude underlying malignancy. in most cases no abnormality is found. polyarteritis nodosa ( pan ) is a systemic vasculitis involving mainly medium - sized arteries and, rarely, small - sized arteries. the diagnosis is principally based on clinical exams, biopsy of an affected organ, and / or arteriography of renal or mesenteric arteries. once diagnosed, immunosuppressive agents, such as glucocorticoids and cyclophosphamide, are generally introduced as soon as possible. whether spontaneous remission of pan occurs is therefore largely unknown. the technique of induced sputum has allowed to subdivide asthma patients into inflammatory phenotypes according to their level of granulocyte airway infiltration. there are very few studies which looked at detailed sputum and blood cell counts in a large cohort of asthmatics divided into inflammatory phenotypes. the purpose of this study was to analyze sputum cell counts, blood leukocytes and systemic inflammatory markers in these phenotypes, and investigate how those groups compared with healthy subjects. between january 1, 1992, and august 31, 1994, the senior author ( jff ) performed 255 esophageal biopsies. the procedure reports, available endoscopic photographs, and histology reports were reviewed to establish the endoscopic and histologic appearance of the esophageal mucosa. intraepithelial cells were counted in a blind review of 42 randomly selected biopsies.","Maybe

Justification: The context does not directly discuss the use of Google as a diagnostic tool, but it does suggest that the internet can be a valuable resource for medical information (implied in the discussion of xanthogranulomat",0.0500
fixed_dense,fixed,dense,mistral,Uniformity of evidence-based treatments in practice?,yes,maybe,0,1,generation_failure,"this audit cycle measured epidural analgesia performance against 4 standards : ( 1 ) implementation of epidural analgesia for labor to all patients ; ( 2 ) acceptance and good satisfaction level reported by patients and caregivers. ( 3 ) effectiveness of labor analgesia ; ( 4 ) no maternal or fetal side effects. six completed pediatric clinical trials met the inclusion criteria. all of the pediatric trials found that prednisone is not superior to dexamethasone in treating mild to moderate asthma exacerbations. meta - analysis demonstrated homogeneity between the dexamethasone and prednisone groups when examining symptomatic return to baseline and unplanned physician revisits after the initial emergency department encounter. some studies found potential additional benefits of dexamethasone, including improved compliance and less vomiting. various factors contribute to the effective implementation of evidence - based treatments ( ebts ). in this study, cognitive processing therapy ( cpt ) was administered in a veterans affairs ( va ) posttraumatic stress disorder ( ptsd ) specialty clinic in which training and supervision were provided following va implementation guidelines. the aim was to ( a ) estimate the proportion of variability in outcome attributable to therapists and ( b ) identify characteristics of those therapists who produced better outcomes. little is known about the validity and reliability of expert assessments of the quality of antimicrobial prescribing, despite their importance in antimicrobial stewardship. we investigated how infectious disease doctors ' assessments compared with a reference standard ( modal expert opinion ) and with the assessments of their colleagues. an 18 - month retrospective review was performed on trauma patients > or = 15 years old who received therapeutic anticoagulation using unfractionated heparin ( uh ) and / or fractionated heparin ( fh ). forty different pre - treatment and treatment patient characteristics were recorded. complications of anticoagulation were documented and defined as any unanticipated discontinuation of the anticoagulant for bleeding or other adverse events.","Maybe

Justification: The context does not provide a clear answer on the uniformity of evidence-based treatments in practice, as it only discusses specific cases of treatments (prednisone vs dexamethasone, cognitive processing therapy",0.3636
fixed_dense,fixed,dense,mistral,Do approved doctors and medical referees in the UK agree when assessing a seafarer's fitness?,no,maybe,0,1,generation_failure,"the seafaring industry remains a hazardous occupation that requires sophisticated systems of risk and fitness assessment. this study aims to investigate the extent of agreement between approved doctors ( ads ) and medical referees ( mrs ) when they assess a seafarer ' s fitness. between 2003 and 2009 a total of 232, 878 seafarer medical examinations were carried out by ads, of which 465 were considered by the mrs because the seafarer appealed against the ad ' s decision. the extent of agreement between ads and mrs was studied. selection into general practice training is undertaken using a competency based approach. the clear advantage of this approach over traditional methods has been demonstrated through evaluation of its validity and reliability. however, the relationship between selection and performance in the royal college of general practitioner examinations ( mrcgp ) has yet to be explored. the mrcgp comprises of an applied knowledge test ( akt ), a clinical skills assessment ( csa ) and workplace - based assessments ( wpba ). aim : to explore the predictive validity of general practice selection scores using the akt and csa elements of the mrcgp as a final outcome measure. to understand the effect of past group a streptococcal infection on ms, antistreptolysin o ( aso ) and antideoxyribonuclease b ( adnase b ) were measured in 21 patients with relapsing - remitting ms and 21 healthy blood donors by nephelometric assay. little is known about the validity and reliability of expert assessments of the quality of antimicrobial prescribing, despite their importance in antimicrobial stewardship. we investigated how infectious disease doctors ' assessments compared with a reference standard ( modal expert opinion ) and with the assessments of their colleagues.","Maybe

Justification: The study in the context investigates the extent of agreement between approved doctors (ads) and medical referees (mrs) when they assess a seafarer's fitness, but it does not provide a",0.7273
fixed_dense,fixed,dense,mistral,Hepatorenal syndrome: are we missing some prognostic factors?,yes,maybe,0,1,generation_failure,"hepatorenal syndrome ( hrs ) is the functional renal failure associated with advanced cirrhosis and has also been described in fulminant hepatic failure. without liver transplantation its prognosis is dismal. our study included patients with type 1 hrs associated with cirrhosis, who were not liver transplant candidates. aim : to identify variables associated with improved survival. few studies have assessed whether the advantage chemotherapy has been shown to have in treating advanced non - small lung carcinoma in clinical trials is transferrable to normal health care activity. this could explain the skepticism of a large number of pneumologists towards this treatment. the objective of our study was to analyze prognostic factors related to survival and to see whether cytostatic treatment was an independent predictor. the aim of this prognostic factor analysis was to investigate if a patient ' s self - reported health - related quality of life ( hrqol ) provided independent prognostic information for survival in non - small cell lung cancer ( nsclc ) patients. sixty - eight patients fulfilled the revised ascites club criteria for type 1 hrs. none of them was suitable for liver transplantation. all the patients were treated with combinations of : albumin, midodrine and octreotide, pressors, and hemodialysis. little is known about whether a routinely inserted endoscopic nasobiliary drainage ( enbd ) tube improves the clinical course in patients with choledocholithiasis - induced acute cholangitis after clearance of choledocholithiasis.","Maybe

Justification: The context mentions that the study aims to identify variables associated with improved survival in patients with hepatorenal syndrome (HRs) ([1], [4]), but it does not explicitly state that all potential pro",0.5217
fixed_dense,fixed,dense,mistral,Vaginal dose assessment in image-guided brachytherapy for cervical cancer: Can we really rely on dose-point evaluation?,maybe,maybe,1,1,success,"although dose - volume parameters in image - guided brachytherapy have become a standard, the use of posterior - inferior border of the pubic symphysis ( pibs ) points has been recently proposed in the reporting of vaginal doses. the aim was to evaluate their pertinence. a retrospective analysis of 136 breasts of 134 patients, who received breast - conserving oncoplastic surgery for low - risk breast cancer between 2002 and 2010 in the universities of vienna and luebeck followed by adjuvant apbi applying total doses of pulse dose rate of 50. 4 gy or high - dose rate ( hdr ) of 32 gy over 4 days. target volume definition was performed by the use of surgical - free margin data, related to intraoperatively fixed clip positions, pre - and postoperative imaging, and palpation. to assess the outcomes of patients with nasopharyngeal carcinoma ( npc ) whose treatment was determined by computerized tomography ( ct ) and / or magnetic resonance imaging staging and to analyze the impact of induction chemotherapy and accelerated fractionated radiotherapy. forty - six patients with advanced primary rectal cancer referred for consideration of adjuvant preoperative therapy underwent position emission tomography scanning. the referring physicians prospectively recorded each patient ' s stage following conventional imaging and the proposed treatment plan prior to position emission tomography scanning. this was then compared with subsequent stage and actual management implemented, and the appropriateness of position emission tomography - induced changes was noted by subsequent clinical follow - up. nineteen patients who received image - guided brachytherapy after concurrent radiochemotherapy were included. per treatment, ct scans were performed at days 2 and 3, with reporting of the initial dwell positions and times. doses delivered to the pibs points were evaluated on each plan, considering that they were representative of one - third of the treatment. the movements of the applicator according to the pibs point were analysed.","Maybe

Justification: The provided context discusses the use of the posterior-inferior border of the pubic symphysis (PIBS) points in the assessment of vaginal doses in image-guided brachy",0.6316
fixed_dense,fixed,dense,mistral,Prescriptions as a proxy for asthma in children: a good choice?,no,maybe,0,1,generation_failure,"a medline search was conducted on the use of dexamethasone in the treatment of asthma exacerbations in children. the studies selected were clinical trials comparing the efficacy of dexamethasone with prednisone. meta - analysis was performed examining physician revisitation rates and symptomatic return to baseline. six completed pediatric clinical trials met the inclusion criteria. all of the pediatric trials found that prednisone is not superior to dexamethasone in treating mild to moderate asthma exacerbations. meta - analysis demonstrated homogeneity between the dexamethasone and prednisone groups when examining symptomatic return to baseline and unplanned physician revisits after the initial emergency department encounter. some studies found potential additional benefits of dexamethasone, including improved compliance and less vomiting. a short course of systemic corticosteroids is an important therapy in the treatment of pediatric asthma exacerbations. although a 5 - day course of oral prednisone or prednisolone has become the most commonly used regimen, dexamethasone has also been used for a shorter duration ( 1 - 2 days ) with potential for improvement in compliance and palatability. we reviewed the literature to determine if there is sufficient evidence that dexamethasone can be used as an effective alternative in the treatment of pediatric asthma exacerbations in the inpatient setting. stock et al. ( eur respir j 25 : 47 - 53, 2005 ) recently estimated asthma prevalence in germany using claims data on prescriptions and hospital diagnoses and found high prevalence peaks in infants. our objective was to critically assess and discuss various aspects of identifying children with asthma using prescription data. we conducted a cross - sectional survey among adult patients with asthma cared for in 15 managed care organizations in the united states. we collected physicians ' estimates of their patients ' asthma severity. physicians ' estimates of patients ' asthma as being less severe than patient - reported symptoms were classified as underestimates of severity.","Maybe

Justification: The context discusses the use of prescription data to estimate asthma prevalence in children ([4]), but it also mentions that physicians' estimates of patients' asthma severity may be underest",0.5500
fixed_dense,fixed,dense,mistral,Does the familial transmission of drinking patterns persist into young adulthood?,maybe,maybe,1,1,success,"to explore the long - term ( 10 - year ) transmission of familial drinking during adolescence to offspring drinking patterns in young adulthood. parental drinking has been shown to be associated with offspring drinking. however, the relationship appears to be more complex than often assumed and few studies have tracked it over longer time periods. swedish longitudinal study, assessing the relationship between familial drinking in 2000 and offspring drinking in 2010 using simultaneous quantile regression analysis ( n = 744 ). data : data on familial drinking was gathered from the swedish level - of - living surveys ( lnu ) and from partner lnu in 2000 while data on offspring drinking in young adulthood was gathered from lnu 2010. drinking among offspring, parents and potential stepparents was measured through identical quantity - frequency indices referring to the past 12 months in 2010 and 2000 respectively. young adults whose families were abstainers in 2000 drank substantially less across quintiles in 2010 than offspring of non - abstaining families. the difference, however, was not statistically significant between quintiles of the conditional distribution. actual drinking levels in drinking families were not at all or weakly associated with drinking in offspring. supplementary analyses confirmed these patterns. to examine family - based transmission of the number of 5 ' flanking arginine vasopressin v1a receptor ( avpr1a ) microsatellites, which include [ ( gata ) ( 14 ) ] and complex [ ( ct ) ( 4 ) - tt - ( ct ) ( 8 ) - ( gt ) ( 24 ) ] repeats, in probands with a prepubertal and early adolescent bipolar disorder phenotype ( pea - bp ). preferential transmission of the number of avpr1a microsatellite repeats to hypersexual and uninhibited people - seeking probands was hypothesized, based on reports from preclinical work in the literature.","Maybe

Justification: The study shows that young adults whose families were abstainers in 2000 drank substantially less across quintiles in 2010 than offspring of non-abstaining families, but",0.8500
fixed_dense,fixed,dense,mistral,Proof of concept study: does fenofibrate have a role in sleep apnoea syndrome?,yes,maybe,0,1,generation_failure,"to investigate the effect of fenofibrate on sleep apnoea indices. proof - of - concept study comprising a placebo run - in period ( 1 week, 5 weeks if fibrate washout was required ) and a 4 - week randomized, double - blind treatment period. thirty - four subjects ( mean age 55 years, body mass index 34 kg / m 2, fasting triglycerides 3. 5 mmol / l ) with diagnosed sleep apnoea syndrome not treated with continuous positive airways pressure were enrolled and randomized to once daily treatment with fenofibrate ( 145 mg nanocrystal ( r ) tablet ) or placebo. overnight polysomnography, computerized attention / vigilance tests and blood sampling for measurement of lipids, insulin, fasting plasma glucose and fibrinogen were performed at the end of each study period. exploratory study in patients with mild to moderate sleep apnoea, limited treatment duration ; concomitant hypnotic treatment ( 35 % ) ; lack of correction for multiplicity of testing. it is postulated that some aspects of methotrexate toxicity may be related to its action as an anti - folate. folic acid ( fa ) is often given as an adjunct to methotrexate therapy, but there is no conclusive proof that it decreases the toxicity of methotrexate and there is a theoretical risk that it may decrease the efficacy of methotrexate. as this was an exploratory study, a range of sleep variables were evaluated. the apnoea / hypopnoea index ( ahi ) and percentage of time spent with arterial oxygen saturation ( spo ( 2 ) ) < 90 % were relevant as they have been evaluated in other clinical trials. other variables included total apnoeas, hypopnoeas and oxygen desaturations, and non - cortical micro - awakenings related to respiratory events per hour.","Maybe

Justification: The study was designed to investigate the effect of fenofibrate on sleep apnoea indices, but it is labeled as an exploratory study, which means the results are not definitive ([3]). However",0.5000
fixed_dense,fixed,dense,mistral,Can mental imagery functional magnetic resonance imaging predict recovery in patients with disorders of consciousness?,yes,yes,1,1,success,"to determine the potential prognostic value of using functional magnetic resonance imaging ( fmri ) to identify patients with disorders of consciousness, who show potential for recovery. disorders of consciousness ( doc ) diagnosis relies on the presence or absence of purposeful motor responsiveness, which characterizes the minimally conscious state ( mcs ) and the unresponsive wakefulness syndrome ( uws ), respectively. functional neuroimaging studies have raised the question of possible residual conscious awareness also in clinically - defined uws patients. the aim of our study was to identify electrophysiological parameters, by means of a transcranial magnetic stimulation approach, which might potentially express the presence of residual networks sustaining fragmentary behavioral patterns, even when no conscious behavior can be observed. interference from irrelevant negative material might be a key mechanism underlying intrusive ruminative thoughts in depression. considering commonalities between depression and social anxiety and the presence of similar intrusive thoughts in social anxiety, the current study was designed to assess whether interference from irrelevant material in working memory is specific to depression or is also present in social anxiety disorder. seven individuals who have undergone left cerebral hemispherectomy to control intractable seizures associated with perinatal infarct have been recruited for this study. we examined if components of phonological processing that are shown to reliably separate average readers from struggling readers, i. e., phonological awareness, verbal memory, speed of retrieval, and size of vocabulary, show the same relationship to reading levels when they are mediated by the right hemisphere [ 2 ]. participants performed a mental imagery fmri paradigm. they were asked to alternately imagine playing tennis and navigating through their home. in 14 of the 22 examined patients ( vs, n = 5 ; mcs, n = 9 ), a significant activation of the regions of interest ( rois ) of the mental imagery paradigm could be found. all 5 patients with activation of a significant blood oxygen level dependent signal, who were in a vs at the time of the fmri examination, reached at least an mcs at the end of the observation period. in contrast, 5 participants in a vs who failed to show activation in rois, did not ( sensitivity 100 %, specificity 100 % ). six of 9 patients in an mcs with activation in rois emerged from an mcs. of 3 patients in an mcs who did not show activation, 2 patients stayed in an mcs and 1 patient emerged from the mcs ( sensitivity 85 %, specificity 40 % ).","Yes

Justification: The study shows that all patients with activation of a significant blood oxygen level dependent signal who were in a vegetative state at the time of the fMRI examination, reached at least a minimally conscious state at the end",0.8333
fixed_dense,fixed,dense,mistral,The nurse cystoscopist: a feasible option?,yes,yes,1,1,success,"to compare the accuracy achieved by a trained urology nurse practitioner ( unp ) and consultant urologist in detecting bladder tumours during flexible cystoscopy. to assess the feasibility and safety of diagnostic or therapeutic semirigid ureteroscopy without ureteral meatus dilatation. eighty - three patients underwent flexible cystoscopy by both the unp and consultant urologist, each unaware of the other ' s findings. before comparing the findings, each declared whether there was tumour or any suspicious lesion requiring biopsy. although the retroperitoneal approach has been the preferred choice for open urological procedures, retroperitoneoscopy is not the preferred approach for laparoscopy. this study aims to develop a training model for retroperitoneoscopy and to establish an experimental learning curve. a comparative, retrospective study was conducted of patients undergoing ureteroscopy from january 2000 to may 2008. for data analysis purposes, the population was divided into two groups based on whether ureteroscopy had been performed with ( group 1 ) or without ( group 2 ) ureteral meatus dilatation. variables recorded included age, sex, type of procedure, surgical diagnosis, passive or active dilatation, number of stones, stone location, stone diameter, peroperative and postoperative complications, internal urinary diversion after the procedure, therapeutic success rate, operating time, and hospital stay duration. a 8 - 9. 8 fr wolf semirigid ureteroscope was used. descriptive statistics of the population and cohorts were performed, providing medians, quartiles, and limit values for non - normally distributed interval variables, and absolute and relative frequencies for categorical variables. shapiro - wilk ' s, mann - whitney ' s u, chi - square, and fisher ' s exact tests were used for statistical analysis. a value of p 2 alpha < or = 0. 005 was considered statistically significant. arcus quickstat biomedical 1. 0 software was used.","Yes

Justification: The study in the context compares the accuracy of a trained urology nurse practitioner and a consultant urologist in detecting bladder tumours during flexible cystoscopy, suggesting that the nurse c",0.7000
fixed_dense,fixed,dense,mistral,Is cardiovascular evaluation necessary prior to and during beta-blocker therapy for infantile hemangiomas?,no,yes,0,1,generation_failure,"although consensus guidelines for pretreatment evaluation and monitoring of propranolol therapy in patients with infantile hemangiomas ( ih ) have been formulated, little is known about the cardiovascular side effects. we sought to analyze cardiovascular evaluations in patients with ih at baseline and during treatment with an oral beta - blocker. data from 109 patients with ih were retrospectively analyzed. patient and family history, pretreatment electrocardiogram ( ecg ), heart rate, and blood pressure were evaluated before initiation of beta - blocker therapy. blood pressure and standardized questionnaires addressing side effects were evaluated during treatment. we reviewed all cases of neonatal testicular torsion occurring at our institution between the years 1999 and 2006. age at presentation, physical examination, ultrasonographic and intraoperative findings were recorded. patients were followed after initial surgical intervention to determine the likelihood of developing a subsequent hydrocele or hernia. extracranial internal carotid artery stenosis is a risk factor for perioperative stroke in patients undergoing coronary artery bypass surgery ( cab ). although selective and non - selective methods of preoperative carotid screening have been advocated, it remains unclear if this screening is clinically relevant. aim : to test whether selective carotid screening is as effective as non - selective screening in detecting significant carotid disease.","Yes

Justification: The context states that cardiovascular evaluations were performed before initiation of beta-blocker therapy and blood pressure and standardized questionnaires addressing side effects were evaluated during treatment ([3]).",0.7391
fixed_dense,fixed,dense,mistral,Is specialty care associated with improved survival of patients with congestive heart failure?,yes,maybe,0,1,generation_failure,"implementation of the complex treatment strategies that have been shown to improve survival of patients with congestive heart failure ( chf ) may require certain expertise. we wanted to examine the association between pattern of outpatient care and survival of patients with chf. few studies have assessed whether the advantage chemotherapy has been shown to have in treating advanced non - small lung carcinoma in clinical trials is transferrable to normal health care activity. this could explain the skepticism of a large number of pneumologists towards this treatment. the objective of our study was to analyze prognostic factors related to survival and to see whether cytostatic treatment was an independent predictor. breathlessness is one of the most distressing symptoms experienced by patients with advanced cancer and noncancer diagnoses alike. often, severity of breathlessness increases quickly, calling for rapid symptom control. oral, buccal, and parenteral routes of provider - controlled drug administration have been described. it is unclear whether patient - controlled therapy ( pct ) systems would be an additional treatment option. the case records of patients consecutively undergoing cab were reviewed. patients were stratified retrospectively into high - or low - risk groups according to risk factors for significant carotid stenosis and perioperative stroke : peripheral vascular disease ( pvd ), carotid bruit, diabetes mellitus, age > 70 years and / or history of cerebrovascular disease. prevalence of carotid stenosis detected by ultrasonography, surgical management and perioperative stroke rates were determined in each group. myocardial damage that is associated with percutaneous coronary intervention ( pci ) partially affects the results of the procedure, and is related to medium - term cardiovascular death. remote postischemic conditioning might reduce the myocardial lesions that are associated with pci, but perhaps less so in diabetics. the aim of this study was to evaluate the protective effect of remote postischemic conditioning in patients undergoing elective pci for stable angina or non - st elevation acute coronary syndrome with troponin < 1 ng / ml at the time of randomization.","Maybe

Justification: The context discusses the implementation of complex treatment strategies for congestive heart failure (CHF) that may require certain expertise, but it does not directly state that specialty care is associated with improved survival of patients with",0.6400
fixed_dense,fixed,dense,mistral,Can the prognosis of polymyalgia rheumatica be predicted at disease onset?,yes,maybe,0,1,generation_failure,"polyarteritis nodosa ( pan ) is a systemic vasculitis involving mainly medium - sized arteries and, rarely, small - sized arteries. the diagnosis is principally based on clinical exams, biopsy of an affected organ, and / or arteriography of renal or mesenteric arteries. once diagnosed, immunosuppressive agents, such as glucocorticoids and cyclophosphamide, are generally introduced as soon as possible. whether spontaneous remission of pan occurs is therefore largely unknown. to understand the effect of past group a streptococcal infection on ms, antistreptolysin o ( aso ) and antideoxyribonuclease b ( adnase b ) were measured in 21 patients with relapsing - remitting ms and 21 healthy blood donors by nephelometric assay. breathlessness is one of the most distressing symptoms experienced by patients with advanced cancer and noncancer diagnoses alike. often, severity of breathlessness increases quickly, calling for rapid symptom control. oral, buccal, and parenteral routes of provider - controlled drug administration have been described. it is unclear whether patient - controlled therapy ( pct ) systems would be an additional treatment option. primary eosinophilic esophagitis, a chronic inflammatory disorder of the esophagus, evokes recurrent dysphagia. endoscopy is often unremarkable, and no consensus exists regarding management of resultant dysphagia. the response of a series of patients with primary eosinophilic esophagitis to dilation is reported together with a description of a possibly pathognomonic sign : fragile esophageal mucosa, for which the term "" crepe - paper "" mucosa is introduced. prospective cohort study of 176 patients with pmr, followed up for 5 years. baseline factors associated with the duration of steroids therapy were identified using cox regression. predictors of relapse and the late development of gca were identified using binary logistic regression.","Maybe

Justification: The context mentions a prospective cohort study of 176 patients with PMR, followed up for 5 years, and identifies baseline factors associated with the duration of steroids therapy using Cox",0.7826
