condition_id,chunker,retriever,model,question,gold,answer,correct,retrieval_hit,failure_type,retrieved_text,raw_output,grounding_score
fixed_bm25,fixed,bm25,mistral,Do mitochondria play a role in remodelling lace plant leaves during programmed cell death?,yes,yes,1,1,success,"programmed cell death ( pcd ) is the regulated death of cells within an organism. the lace plant ( aponogeton madagascariensis ) produces perforations in its leaves through pcd. the leaves of the plant consist of a latticework of longitudinal and transverse veins enclosing areoles. pcd occurs in the cells at the center of these areoles and progresses outwards, stopping approximately five cells from the vasculature. the role of mitochondria during pcd has been recognized in animals ; however, it has been less studied during pcd in plants. the following paper elucidates the role of mitochondrial dynamics during developmentally regulated pcd in vivo in a. madagascariensis. a single areole within a window stage leaf ( pcd is occurring ) was divided into three areas based on the progression of pcd ; cells that will not undergo pcd ( npcd ), cells in early stages of pcd ( epcd ), and cells in late stages of pcd ( lpcd ). window stage leaves were stained with the mitochondrial dye mitotracker red cmxros and examined. mitochondrial dynamics were delineated into four categories ( m1 - m4 ) based on characteristics including distribution, motility, and membrane potential ( δψm ). a tunel assay showed fragmented ndna in a gradient over these mitochondrial stages. chloroplasts and transvacuolar strands were also examined using live cell imaging. the possible importance of mitochondrial permeability transition pore ( ptp ) formation during pcd was indirectly examined via in vivo cyclosporine a ( csa ) treatment. this treatment resulted in lace plant leaves with a significantly lower number of perforations compared to controls, and that displayed mitochondrial dynamics similar to that of non - pcd cells. microbial contamination can be a marker for faulty process and is assumed to play an important role in the collection of hematopoietic progenitor cell ( hpc ) and infusion procedure. we aimed to determine the microbial contamination rates and evaluate the success of hematopoietic cell transplantation ( hct ) in patients who received contaminated products. patients - the etiology of hemodialysis ( hd ) - induced hypotension and hypertension remains speculative. there is mounting evidence that endothelin - 1 ( et - 1 ) may play a vital role in these hemodynamic changes. we examined the possible role of intradialytic changes of et - 1 in the pathogenesis of hypotension and rebound hypertension during hd. plant acclimation in the cold ( 2 degrees c ) brought about retardation of leaf expansion, concomitant with development of freezing resistance. these effects were associated with the increases in leaf tensile stiffness, cell wall and pectin contents, pectin methylesterase ( ec 3. 1. 1. 11 ) activity and the low - methylated pectin content, independently of the genotype studied. however, the cold - induced modifications in the cell wall properties were more pronounced in the leaves of the more pathogen - resistant genotype. de - acclimation promoted leaf expansion and reversed most of the cold - induced effects, with the exception of pectin methylesterase activity.","Yes

Justification: The paper elucidates the role of mitochondrial dynamics during developmentally regulated programmed cell death in the lace plant (Aponogeton madagascariensis). (context: [2",0.8421
fixed_bm25,fixed,bm25,mistral,Landolt C and snellen e acuity: differences in strabismus amblyopia?,no,yes,0,1,generation_failure,"differences between landolt c acuity ( lr ) and snellen e acuity ( se ) were small. the mean decimal values for lr and se were 0. 25 and 0. 29 in the entire group and 0. 14 and 0. 16 for the eyes with strabismus amblyopia. the mean difference between lr and se was 0. 55 lines in the entire group and 0. 55 lines for the eyes with strabismus amblyopia, with higher values of se in both groups. the results of the other groups were similar with only small differences between lr and se. 100 patients ( age 8 - 90 years, median 60. 5 years ) with various eye disorders, among them 39 with amblyopia due to strabismus, and 13 healthy volunteers were tested. charts with the snellen e and the landolt c ( precision vision ) which mimic the etdrs charts were used to assess visual acuity. three out of 5 optotypes per line had to be correctly identified, while wrong answers were monitored. in the group of patients, the eyes with the lower visual acuity, and the right eyes of the healthy subjects, were evaluated. assessment of visual acuity depends on the optotypes used for measurement. the ability to recognize different optotypes differs even if their critical details appear under the same visual angle. since optotypes are evaluated on individuals with good visual acuity and without eye disorders, differences in the lower visual acuity range cannot be excluded. in this study, visual acuity measured with the snellen e was compared to the landolt c acuity. 12 such cases were detected. in nine of these the eye showing improvement of acuity had a history of amblyopia. the mean improvement in distance and near acuity in amblyopic eyes by 12 months was 3. 3 and 1. 9 lines logmar respectively. the improvement in acuity generally occurred between 1 and 12 months from baseline and remained stable over the period of follow up. the records of 465 patients with an established diagnosis of age related macular degeneration who had attended a specialist macular clinic between 1990 and 1998 were scrutinised. a full clinical examination and standardised refraction had been carried out in 189 of these cases on a minimum of two occasions. cases were looked for where an improvement of one or more lines of either distance or near acuity was recorded in the eye unaffected by macular disease. in each one of these cases the improvement in visual acuity could not be attributed to treatment of other existing pathology.","Yes

Justification: The mean difference between Landolt C and Snellen E acuity was 0.55 lines in the eyes with strabismus amblyopia (context [1]).",0.8333
fixed_bm25,fixed,bm25,mistral,"Syncope during bathing in infants, a pediatric form of water-induced urticaria?",yes,maybe,0,1,generation_failure,"eight infants aged 2 to 15 months were admitted during a period of 6 years ; they suffered from similar maladies in the bath : on immersion, they became pale, hypotonic, still and unreactive ; recovery took a few seconds after withdrawal from the bath and stimulation. two diagnoses were initially considered : seizure or gastroesophageal reflux but this was doubtful. the hypothesis of an equivalent of aquagenic urticaria was then considered ; as for patients with this disease, each infant ' s family contained members suffering from dermographism, maladies or eruption after exposure to water or sun. all six infants had dermographism. we found an increase in blood histamine levels after a trial bath in the two infants tested. the evolution of these "" aquagenic maladies "" was favourable after a few weeks without baths. after a 2 - 7 year follow - up, three out of seven infants continue to suffer from troubles associated with sun or water. apparent life - threatening events in infants are a difficult and frequent problem in pediatric practice. the prognosis is uncertain because of risk of sudden infant death syndrome. radiological findings were concordant with the specimen in pathology in 8 cases of 19 in rectal form ( 42 % ), in 20 cases of 35 in rectosigmoid form ( 57 % ), in all 6 cases of long - segment form ( 100 % ), in the 2 cases of total colonic form ( 100 % ) with a global agreement of 58. 1 %, κ = 0. 39 ci [ 0. 24 ; 0. 57 ]. the etiology of hemodialysis ( hd ) - induced hypotension and hypertension remains speculative. there is mounting evidence that endothelin - 1 ( et - 1 ) may play a vital role in these hemodynamic changes. we examined the possible role of intradialytic changes of et - 1 in the pathogenesis of hypotension and rebound hypertension during hd. a short course of systemic corticosteroids is an important therapy in the treatment of pediatric asthma exacerbations. although a 5 - day course of oral prednisone or prednisolone has become the most commonly used regimen, dexamethasone has also been used for a shorter duration ( 1 - 2 days ) with potential for improvement in compliance and palatability. we reviewed the literature to determine if there is sufficient evidence that dexamethasone can be used as an effective alternative in the treatment of pediatric asthma exacerbations in the inpatient setting.","Maybe

Justification: The context mentions that the hypothesis of an equivalent of aquagenic urticaria was considered for the infants, and that some infants had dermographism, a symptom associated with aquagenic",0.6000
fixed_bm25,fixed,bm25,mistral,Are the long-term results of the transanal pull-through equal to those of the transabdominal pull-through?,no,maybe,0,1,generation_failure,"the transanal endorectal pull - through ( terpt ) is becoming the most popular procedure in the treatment of hirschsprung disease ( hd ), but overstretching of the anal sphincters remains a critical issue that may impact the continence. this study examined the long - term outcome of terpt versus conventional transabdominal ( abd ) pull - through for hd. records of 41 patients more than 3 years old who underwent a pull - through for hd ( terpt, n = 20 ; abd, n = 21 ) were reviewed, and their families were thoroughly interviewed and scored via a 15 - item post - pull - through long - term outcome questionnaire. patients were operated on between the years 1995 and 2003. during this time, our group transitioned from the abd to the terpt technique. total scoring ranged from 0 to 40 : 0 to 10, excellent ; 11 to 20 good ; 21 to 30 fair ; 31 to 40 poor. a 2 - tailed student t test, analysis of covariance, as well as logistic and linear regression were used to analyze the collected data with confidence interval higher than 95 %. we performed acute experiments on 50 - kg pigs. all animals were fed liquids for 3 days prior to procedure. the procedures were performed under general anesthesia with endotracheal intubation. the flexible endoscope was passed per orally into the stomach and puncture of the gastric wall was performed with a needle knife. the puncture was extended to create a 1. 5 - cm incision using a pull - type sphincterotome, and a double - channel endoscope was advanced into the peritoneal cavity. the peritoneal cavity was insufflated with air through the endoscope. the spleen was visualized. the splenic vessels were ligated with endoscopic loops and clips, and then mesentery was dissected using electrocautery. to explore the long - term ( 10 - year ) transmission of familial drinking during adolescence to offspring drinking patterns in young adulthood. treatment of neonatal testicular torsion has two objectives : salvage of the involved testicle ( which is rarely achieved ) and preservation of the contralateral gonad. the second goal universally involves contralateral testicular scrotal fixation to prevent the future occurrence of contralateral torsion. however, there is controversy with regards to management of a synchronous contralateral hydrocele. it has been our policy not to address the contralateral hydrocele through an inguinal incision to minimize potential injury to the spermatic cord. our objective in this study was to determine whether the decision to manage a contralateral hydrocele in cases of neonatal testicular torsion solely through a scrotal approach is safe and effective.","Maybe

Justification: The study compared the long-term outcomes of transanal pull-through (Terpt) and conventional transabdominal (Abd) pull-through for Hirschsprung disease (HD), but it did",0.7222
fixed_bm25,fixed,bm25,mistral,Can tailored interventions increase mammography use among HMO women?,yes,yes,1,1,success,"telephone counseling and tailored print communications have emerged as promising methods for promoting mammography screening. however, there has been little research testing, within the same randomized field trial, of the efficacy of these two methods compared to a high - quality usual care system for enhancing screening. this study addressed the question : compared to usual care, is tailored telephone counseling more effective than tailored print materials for promoting mammography screening? women were randomized to 1 of 3 groups : ( 1 ) usual care, ( 2 ) tailored print communications, and ( 3 ) tailored telephone counseling. compared to usual care alone, telephone counseling promoted a significantly higher proportion of women having mammograms on schedule ( 71 % vs 61 % ) than did tailored print ( 67 % vs 61 % ) but only after the first year of intervention ( during 1996 ). furthermore, compared to usual care, telephone counseling was more effective than tailored print materials at promoting being on schedule with screening during 1996 and 1997 among women who were off - schedule during the previous year. electronic health records have the potential to facilitate family history use by primary care physicians ( pcps ) to provide personalized care. the objective of this study was to determine whether automated, at - the - visit tailored prompts about family history risk change pcp behavior. adherence to mammography screening based on self - reports obtained during 1995, 1996, and 1997.","Yes

Justification: The study shows that tailored telephone counseling promoted a significantly higher proportion of women having mammograms on schedule compared to usual care (71% vs 61%) and tailored print (67% vs",0.8696
fixed_bm25,fixed,bm25,mistral,Double balloon enteroscopy: is it efficacious and safe in a community setting?,yes,maybe,0,0,retrieval_failure,"the use of a balloon expandable stent valve includes balloon predilatation of the aortic stenosis before valve deployment. the aim of the study was to see whether or not balloon predilatation is necessary in transcatheter aortic valve replacement ( tavi ). treatment of neonatal testicular torsion has two objectives : salvage of the involved testicle ( which is rarely achieved ) and preservation of the contralateral gonad. the second goal universally involves contralateral testicular scrotal fixation to prevent the future occurrence of contralateral torsion. however, there is controversy with regards to management of a synchronous contralateral hydrocele. it has been our policy not to address the contralateral hydrocele through an inguinal incision to minimize potential injury to the spermatic cord. our objective in this study was to determine whether the decision to manage a contralateral hydrocele in cases of neonatal testicular torsion solely through a scrotal approach is safe and effective. although record linkage of routinely collected health datasets is a valuable research resource, most datasets are established for administrative purposes and not for health outcomes research. in order for meaningful results to be extrapolated to specific populations, the limitations of the data and linkage methodology need to be investigated and clarified. it is the objective of this study to investigate the differences in ascertainment which may arise between a hospital admission dataset and a dispensing claims dataset, using major depression in pregnancy as an example. the safe use of antidepressants in pregnancy is an ongoing issue for clinicians with around 10 % of pregnant women suffer from depression. as the birth admission will be the first admission to hospital during their pregnancy for most women, their use of antidepressants, or their depressive condition, may not be revealed to the attending hospital clinicians. this may result in adverse outcomes for the mother and infant. a short course of systemic corticosteroids is an important therapy in the treatment of pediatric asthma exacerbations. although a 5 - day course of oral prednisone or prednisolone has become the most commonly used regimen, dexamethasone has also been used for a shorter duration ( 1 - 2 days ) with potential for improvement in compliance and palatability. we reviewed the literature to determine if there is sufficient evidence that dexamethasone can be used as an effective alternative in the treatment of pediatric asthma exacerbations in the inpatient setting. measurement of basal metabolic rate ( bmr ) is suggested as a tool to estimate energy requirements. therefore, bmr prediction equations have been developed in multiple populations because indirect calorimetry is not always feasible. however, there is a paucity of data on bmr measured in overweight and obese adults living in asia and equations developed for this group of interest. the aim of this study was to develop a new bmr prediction equation for chinese adults applicable for a large bmi range and compare it with commonly used prediction equations.","Maybe

Justification: The question is not directly addressed in the provided context. However, the context does mention the use of balloon expandable stent valve in a transcatheter aortic valve replacement (tavi)",0.5263
fixed_bm25,fixed,bm25,mistral,30-Day and 1-year mortality in emergency general surgery laparotomies: an area of concern and need for improvement?,maybe,yes,0,1,generation_failure,"emergency surgery is associated with poorer outcomes and higher mortality with recent studies suggesting the 30 - day mortality to be 14 - 15 %. the aim of this study was to analyse the 30 - day mortality, age - related 30 - day mortality and 1 - year mortality following emergency laparotomy. we hope this will encourage prospective data collection, improvement of care and initiate strategies to establish best practice in this area. this was a retrospective study of patients who underwent emergency laparotomy from june 2010 to may 2012. the primary end point of the study was 30 - day mortality, age - related 30 - day mortality and 1 - year all - cause mortality. 477 laparotomies were performed in 446 patients. 57 % were aged < 70 and 43 % aged > 70 years. 30 - day mortality was 12, 4 % in those aged < 70 years and 22 % in those > 70 years ( p < 0. 001 ). 1 - year mortality was 25, 15 % in those aged under 70 years and 38 % in those aged > 70 years ( p < 0. 001 ). the outcomes of interest were margins, lymph node yield, receipt of neoadjuvant chemoradiation, adjuvant chemotherapy, readmission within 30 days, 30 - day and 90 - day mortality, and 5 - year overall survival. was normal in 59 %. the relative risks of 30 day and 1 year mortality compared with patients with normal fb - glu was 1. 7 [ 95 % confidence interval ( ci ) : 0. 5 - 5. 5 ] and 2. 9 ( ci : 0. 8 - 11. 2 ) with ifg, 2. 8 ( ci : 1. 1 - 7. 2 ) and 1. 9 ( ci : 0. 5 - 6. 3 ) with sdm vs. 1. 8 ( ci : 0. 8 - 4. 0 ) and 1. 6 ( ci : 0. 6 - 4. 3 ) if cdm, respectively. the receiver operator characteristic area for the continuous variable fb - glu and 1 year mortality was 0. 65 ( p = 0. 002 ).","Yes

Justification: The study shows that 30-day mortality is 12.4% and 1-year mortality is 25.15% in those aged under 70 years, and ",0.8333
fixed_bm25,fixed,bm25,mistral,Is adjustment for reporting heterogeneity necessary in sleep disorders?,no,yes,0,1,generation_failure,"anchoring vignettes are brief texts describing a hypothetical character who illustrates a certain fixed level of a trait under evaluation. this research uses vignettes to elucidate factors associated with sleep disorders in adult japanese before and after adjustment for reporting heterogeneity in self - reports. this study also evaluates the need for adjusting for reporting heterogeneity in the management of sleep and energy related problems in japan. the prevalence of self - reported problems with sleep and energy was 53 %. without correction of cut - point shifts, age, sex, and the number of comorbidities were significantly associated with a greater severity of sleep - related problems. after correction, age, the number of comorbidities, and regular exercise were significantly associated with a greater severity of sleep - related problems ; sex was no longer a significant factor. compared to the ordered probit model, the chopit model provided two changes with a subtle difference in the magnitude of regression coefficients after correction for reporting heterogeneity. the precise correction of refractive error is especially important in young adults. it is unclear whether cycloplegic refraction is necessary in this age group. the purpose of this study was to compare the non - cycloplegic and cycloplegic spherical equivalent ( se ) refractive error measured in young adults. the use of a balloon expandable stent valve includes balloon predilatation of the aortic stenosis before valve deployment. the aim of the study was to see whether or not balloon predilatation is necessary in transcatheter aortic valve replacement ( tavi ). associations between blood pressure and chronic low back pain were explored in the cross - sectional hunt 2 survey of a norwegian county in 1995 - 1997, including 39, 872 individuals who never used antihypertensive medication. a prospective study, comprising 17, 209 initially back pain - free individuals and 5740 individuals reporting low back pain, was established by re - examinations in the hunt 3 survey in 2006 - 2008. associations were assessed by logistic regression with respect to systolic, diastolic and pulse pressure, with adjustment for education, work status, physical activity, smoking, body mass and lipid levels.","Yes

Justification: The study in the context shows that without correction of cut-point shifts, age, sex, and the number of comorbidities were significantly associated with a greater severity of sleep-related problems. However, after",0.7826
fixed_bm25,fixed,bm25,mistral,Do mutations causing low HDL-C promote increased carotid intima-media thickness?,no,maybe,0,1,generation_failure,"carotid intima - media thickness ( cimt ) measurements were obtained in cases comprising 10 different mutations in lcat, abca1 and apoa1 to further evaluate the relationship between low hdl resulting from genetic variation and early atherosclerosis. although observational data support an inverse relationship between high - density lipoprotein ( hdl ) cholesterol and coronary heart disease ( chd ), genetic hdl deficiency states often do not correlate with premature chd. overall, 205 consecutive patients underwent preoperative carotid screening. the prevalence of significant carotid stenosis was 5. 8 %. univariate analysis confirmed that pvd ( p = 0. 005 ), carotid bruit ( p = 0. 003 ) and diabetes mellitus ( p = 0. 05 ) were significant risk factors for stenosis. carotid stenosis was a risk factor for stroke ( p = 0. 03 ). prevalence of carotid stenosis was higher in the high - risk group ( 9. 1 % ) than the low - risk group ( 1. 2 % ) ( p < 0. 05 ). all concomitant or staged carotid endarterectomies / cab ( 5 / 205 ) and all patients who had perioperative strokes ( 5 / 205 ) were in the high - risk group ( p = 0. 01 ). the case records of patients consecutively undergoing cab were reviewed. patients were stratified retrospectively into high - or low - risk groups according to risk factors for significant carotid stenosis and perioperative stroke : peripheral vascular disease ( pvd ), carotid bruit, diabetes mellitus, age > 70 years and / or history of cerebrovascular disease. prevalence of carotid stenosis detected by ultrasonography, surgical management and perioperative stroke rates were determined in each group. at age 23 months, a male toddler sustained a low trauma fracture of his right femur. skeletal radiographs revealed generalised osteopenia with multiple vertebral body fractures. he was diagnosed with type iv osteogenesis imperfecta ; however, no mutations were found in col1a1 or col1a2 genes.","Maybe

Justification: The provided context discusses the relationship between low HDL-C resulting from genetic variation and early atherosclerosis, but it does not directly state that mutations causing low HDL-C promote increased car",0.4583
fixed_bm25,fixed,bm25,mistral,A short stay or 23-hour ward in a general and academic children's hospital: are they effective?,yes,yes,1,1,success,"we evaluated the usefulness of a short stay or 23 - hour ward in a pediatric unit of a large teaching hospital, westmead hospital, and an academic children ' s hospital, the new children ' s hospital, to determine if they are a useful addition to the emergency service. the short stay ward accounted for 10. 3 % ( westmead hospital ) and 14. 7 % ( new children ' s hospital ) of admissions, with 56 % medical in nature, 30 % surgical, and the remainder procedural or psychological. admission patterns were similar, with asthma, gastroenteritis, convulsion, pneumonia, and simple surgical conditions accounting for most short stay ward admissions. the short stay ward increased hospital efficiency with an average length of stay of 17. 5 hours ( westmead hospital ) compared to 20. 5 hours ( new children ' s hospital ). the users of the short stay ward were children of young age less than 2 years, with stay greater than 23 hours reported in only 1 % of all admissions to the short stay ward. the rate of patient admission to an in - hospital bed was low, ( 4 % [ westmead hospital ] compared to 6 % [ new children ' s hospital ] ), with the number of unscheduled visits within 72 hours of short stay ward discharge less than 1 %. there were no adverse events reported at either short stay ward, with parental satisfaction high. the short stay ward was developed through reallocation of resources from within the hospital to the short stay ward. this resulted in of young age less than 2 years, with stay greater than 23 hours reported in only 1 % of all admissions to the short stay ward. the rate of patient admission to an in - hospital bed was low, ( 4 % [ westmead hospital ] compared to 6 % [ new children ' s hospital ] ), with the number of unscheduled visits within 72 hours of short stay ward discharge less than 1 %. there were no adverse events reported at either short stay ward, with parental satisfaction high. the short stay ward was developed through reallocation of resources from within the hospital to the short stay ward. this resulted in estimated savings of $ 1 / 2 million ( westmead hospital ) to $ 2. 3 million ( new children ' s hospital ) to the hospital, due to more efficient bed usage. this is a descriptive comparison of prospectively collected data on all children admitted to the short stay ward at westmead hospital ( wh ) during 1994 and the short stay ward at the new children ' s hospital ( nch ) during 1997 - 98. these hospitals service an identical demographic area with the latter ( nch ) a tertiary referral center. the following outcome measures were used : length of stay, appropriateness of stay, rate of admission to an in - hospital bed, and rate of unscheduled visits within 72 hours of discharge. adverse events were reported and patient follow - up was attempted at 48 hours after discharge in all cases. there has never been a nationally representative survey of medical students ' personal health - related practices, although they are inherently of interest and may affect patient - counseling practices. this study evaluated the health practices and the vaccination status of first year residents working at the academic hospital hotel - dieu de france.","Yes

Justification: The short stay ward accounted for a significant percentage of admissions, had an average length of stay less than the regular ward, had a low rate of patient admission to an in-hospital bed, and had no",0.7273
fixed_bm25,fixed,bm25,mistral,Did Chile's traffic law reform push police enforcement?,yes,yes,1,1,success,"the objective of the current study is to determine to what extent the reduction of chile ' s traffic fatalities and injuries during 2000 - 2012 was related to the police traffic enforcement increment registered after the introduction of its 2005 traffic law reform. empirical estimates from instrumental variables suggest that the enactment of the traffic law reform in interaction with number of traffic tickets per police officer is significantly associated with a decrease of 8 % in traffic fatalities and 7 % in severe injuries. piecewise regression model results for the 2007 - 2012 period suggest that police traffic enforcement reduced traffic fatalities by 59 % and severe injuries by 37 %. a unique dataset with assembled information from public institutions and analyses based on ordinary least square and robust random effects models was carried out. dependent variables were traffic fatality and severe injury rates per population and vehicle fleet. independent variables were : ( 1 ) presence of new national traffic law ; ( 2 ) police officers per population ; ( 3 ) number of traffic tickets per police officer ; and ( 4 ) interaction effect of number of traffic tickets per police officer with traffic law reform. oil prices, alcohol consumption, proportion of male population 15 - 24 years old, unemployment, road infrastructure investment, years ' effects and regions ' effects represented control variables. using a 5 - point rating scale, safety ratings for vehicular gaps of different durations were measured along a two - lane street of one - way traffic without a traffic signal. safety ratings were collected from 12 normally sighted, 10 visually impaired, and 10 blind subjects for eight different gap times under three sensory conditions : ( 1 ) visual plus auditory information, ( 2 ) visual information only, and ( 3 ) auditory information only. accuracy and reliability in street crossing decision - making were calculated for each subject under each sensory condition. patients referred for pelvic exenteration from october 1994 to november 2012 were reviewed. patients who did and did not receive radiotherapy as part of their primary rectal cancer treatment were compared.","Yes

Justification: The context mentions that the enactment of the traffic law reform is used as an independent variable in the study, indicating that it was a deliberate action (the reform) that influenced the police enforcement (number of",0.4737
fixed_bm25,fixed,bm25,mistral,Therapeutic anticoagulation in the trauma patient: is it safe?,no,maybe,0,1,generation_failure,"trauma patients who require therapeutic anticoagulation pose a difficult treatment problem. the purpose of this study was to determine : ( 1 ) the incidence of complications using therapeutic anticoagulation in trauma patients, and ( 2 ) if any patient factors are associated with these complications. an 18 - month retrospective review was performed on trauma patients > or = 15 years old who received therapeutic anticoagulation using unfractionated heparin ( uh ) and / or fractionated heparin ( fh ). forty different pre - treatment and treatment patient characteristics were recorded. complications of anticoagulation were documented and defined as any unanticipated discontinuation of the anticoagulant for bleeding or other adverse events. one - hundred - fourteen trauma patients were initiated on therapeutic anticoagulation. the most common indication for anticoagulation was deep venous thrombosis ( 46 % ). twenty - four patients ( 21 % ) had at least 1 anticoagulation complication. the most common complication was a sudden drop in hemoglobin concentration requiring blood transfusion ( 11 patients ). five patients died ( 4 % ), 3 of whom had significant hemorrhage attributed to anticoagulation. bivariate followed by logistic regression analysis identified chronic obstructive pulmonary disease ( or = 9. 2, 95 % ci = 1. 5 - 54. 7 ), uh use ( or = 3. 8, 95 % ci = 1. 1 - 13. 0 ), and lower initial platelet count ( or = 1. 004, 95 % ci = 1. 000 - 1. 008 ) as being associated with complications. patients receiving uh vs. fh differed in several characteristics including laboratory values and anticoagulation indications. for patients with prior lobar ich, withholding anticoagulation therapy was strongly preferred, improving quality - adjusted life expectancy by 1. 9 qalys. for patients with prior deep hemispheric ich, withholding anticoagulation resulted in a smaller gain of 0. 3 qalys. in sensitivity analyses for patients with deep ich, anticoagulation could be preferred if the risk of thromboembolic stroke is particularly high. warfarin increases both the likelihood and the mortality of intracerebral hemorrhage ( ich ), particularly in patients with a history of prior ich. in light of this consideration, should a patient with both a history of ich and a clear indication for anticoagulation such as nonvalvular atrial fibrillation be anticoagulated? in the absence of data from a clinical trial, we used a decision - analysis model to compare the expected values of 2 treatment strategies - warfarin and no anticoagulation - for such patients.","Maybe

Justification: The study indicates that 21% of trauma patients had complications from therapeutic anticoagulation, suggesting it may not always be safe. However, the study does not definitively answer the question of whether",0.4091
fixed_bm25,fixed,bm25,mistral,Differentiation of nonalcoholic from alcoholic steatohepatitis: are routine laboratory markers useful?,yes,maybe,0,1,generation_failure,"specific markers for differentiation of nonalcoholic ( nash ) from alcoholic steatohepatitis ( ash ) are lacking. we investigated the role of routine laboratory parameters in distinguishing nash from ash. to determine current practice and to assess the value of routine follow - up procedures for endometrial cancer surveillance. to discuss whether such procedures are feasible and effective to identify asymptomatic recurrences and describe the pattern of relapse detected by procedures. we evaluated the usefulness of a short stay or 23 - hour ward in a pediatric unit of a large teaching hospital, westmead hospital, and an academic children ' s hospital, the new children ' s hospital, to determine if they are a useful addition to the emergency service. 405 tests were performed. comparison between results obtained in the practices and those in the reference hospital laboratory ( gold standard ), which used the same method of testing for inr, showed a correlation coefficient of 0. 96. correlation coefficients comparing the results with the various standard laboratory techniques ranged from 0. 86 to 0. 92. it was estimated that up to 53 % of tests would have resulted in clinically significant differences ( change in warfarin dose ) depending upon the site and method of testing. the practice derived results showed a positive bias ranging from 0. 28 to 1. 55, depending upon the site and method of testing. to investigate the cost - effectiveness of up to £400 worth of financial incentives for smoking cessation in pregnancy as an adjunct to routine health care.","Maybe

Justification: The context states that specific markers for differentiation of nonalcoholic (nash) from alcoholic steatohepatitis (ash) are lacking, but it is investigating the role of routine laboratory parameters",0.7368
fixed_bm25,fixed,bm25,mistral,Prompting Primary Care Providers about Increased Patient Risk As a Result of Family History: Does It Work?,no,maybe,0,1,generation_failure,"electronic health records have the potential to facilitate family history use by primary care physicians ( pcps ) to provide personalized care. the objective of this study was to determine whether automated, at - the - visit tailored prompts about family history risk change pcp behavior. automated, tailored prompts highlighting familial risk for heart disease, stroke, diabetes, and breast, colorectal, or ovarian cancer were implemented during 2011 to 2012. medical records of a cohort of community - based primary care patients, aged 35 to 65 years, who previously participated in our family healthware study and had a moderate or strong familial risk for any of the 6 diseases were subsequently reviewed. the main outcome measures were pcp response to the prompts, adding family history risk to problem summary lists, and patient screening status for each disease. the 492 eligible patients had 847 visits during the study period ; 152 visits had no documentation of response to a family history prompt. of the remaining 695 visits, physician responses were reviewed family history ( n = 372, 53. 5 % ), discussed family history ( n = 159, 22. 9 % ), not addressed ( n = 155, 22. 3 % ), and reviewed family history and ordered tests / referrals ( n = 5, 0. 7 % ). there was no significant change in problem summary list documentation of risk status or screening interventions for any of the 6 diseases. health care providers, which include house staff, nurses, and respiratory care practitioners who provide care to patients with asthma in the primary general medicine clinic or the pulmonary medicine clinic of a university - county hospital in which patients were referred, were surveyed and assigned a performance score regarding the knowledge base of the appropriate use of metered - dose inhalers. patients who attended the primary care general medicine and pulmonary subspecialty clinic were also assessed as to their proficiency in the use of metered - dose inhalers. three themes were identified : a ) supporting one ' s wife ; b ) marital needs and obligations ; c ) constrained by a culture of destiny and shame. the first theme was built on men ' s feelings of responsibility for the family ' s health and well - being, their experiences of encouraging their wives to seek health care and their providing counselling and instrumental support. the second theme emerged from men ' s views about other men ' s rejection of a wife inflicted by breast cancer, their own perceptions of diminished femininity due to mastectomy and their own concerns about protecting the family from the hereditary risk of breast cancer. the third theme was seen in men ' s perception of breast cancer as an inevitable act of god that is far away from one ' s own family, in associating breast cancer with improper behaviour and in their readiness to face the culture of eib ( shame ).","Maybe

Justification: The study shows that the automated, tailored prompts about family history risk did change the behavior of primary care providers (PCPs) in that they responded to the prompts in some way during 695",0.6667
fixed_bm25,fixed,bm25,mistral,Do emergency ultrasound fellowship programs impact emergency medicine residents' ultrasound education?,yes,yes,1,1,success,"recent years have seen a rapid proliferation of emergency ultrasound ( eus ) programs in the united states. to date, there is no evidence supporting that eus fellowships enhance residents ' ultrasound ( us ) educational experiences. the purpose of this study was to determine the impact of eus fellowships on emergency medicine ( em ) residents ' us education. we conducted a cross - sectional study at 9 academic medical centers. a questionnaire on us education and bedside us use was pilot tested and given to em residents. the primary outcomes included the number of us examinations performed, scope of bedside us applications, barriers to residents ' us education, and us use in the emergency department. the secondary outcomes were factors that would impact residents ' us education. the outcomes were compared between residency programs with and without eus fellowships. fourteen casualties were received. a first triage was carried out by the u s army level i group prior to evacuation. a second surgical triage was carried out with systematic ultrasound exam. four cases ( iss > 25 ) were re - categorized and underwent emergency surgical procedures. a total of 244 em residents participated in this study. thirty percent ( 95 % confidence interval, 24 % - 35 % ) reported they had performed more than 150 scans. residents in programs with eus fellowships reported performing more scans than those in programs without fellowships ( p =. 04 ). significant differences were noted in most applications of bedside us between residency programs with and without fellowships ( p <. 05 ). there were also significant differences in the barriers to us education between residency programs with and without fellowships ( p <. 05 ). to compare the effect of student examiners ( se ) to that of faculty examiners ( fe ) on examinee performance in an osce as well as on post - assessment evaluation in the area of emergency medicine management.","Yes

Justification: Residents in programs with emergency ultrasound fellowships reported performing more scans and using ultrasound in more applications than those in programs without fellowships (p =. 04, p <. 0",0.7895
fixed_bm25,fixed,bm25,mistral,Patient-Controlled Therapy of Breathlessness in Palliative Care: A New Therapeutic Concept for Opioid Administration?,yes,maybe,0,1,generation_failure,"breathlessness is one of the most distressing symptoms experienced by patients with advanced cancer and noncancer diagnoses alike. often, severity of breathlessness increases quickly, calling for rapid symptom control. oral, buccal, and parenteral routes of provider - controlled drug administration have been described. it is unclear whether patient - controlled therapy ( pct ) systems would be an additional treatment option. to investigate whether intravenous opioid pct can be an effective therapeutic method to reduce breathlessness in patients with advanced disease. secondary aims were to study the feasibility and acceptance of opioid pct in patients with refractory breathlessness. this was a pilot observational study with 18 inpatients with advanced disease and refractory breathlessness receiving opioid pct. breathlessness was measured on a self - reported numeric rating scale. richmond agitation sedation scale scores, palliative performance scale scores, vital signs, and a self - developed patient satisfaction questionnaire were used for measuring secondary outcomes. descriptive and interference analyses ( friedman test ) and post hoc analyses ( wilcoxon tests and bonferroni corrections ) were performed. trauma patients who require therapeutic anticoagulation pose a difficult treatment problem. the purpose of this study was to determine : ( 1 ) the incidence of complications using therapeutic anticoagulation in trauma patients, and ( 2 ) if any patient factors are associated with these complications. to examine the representativeness of a randomized controlled trial ( rct ) sample versus one obtained by consecutive new case ascertainment, for subjects with child bipolar i disorder.","Maybe

Justification: The study is investigating the feasibility and effectiveness of opioid patient-controlled therapy (PCT) in reducing breathlessness in patients with advanced disease, suggesting that it could potentially be a new therapeutic",0.6190
fixed_bm25,fixed,bm25,mistral,Is there still a need for living-related liver transplantation in children?,yes,maybe,0,1,generation_failure,"to assess and compare the value of split - liver transplantation ( slt ) and living - related liver transplantation ( lrt ). the concept of slt results from the development of reduced - size transplantation. a further development of slt, the in situ split technique, is derived from lrt, which itself marks the optimized outcome in terms of postoperative graft function and survival. the combination of slt and lrt has abolished deaths on the waiting list, thus raising the question whether living donor liver transplantation is still necessary. hepatorenal syndrome ( hrs ) is the functional renal failure associated with advanced cirrhosis and has also been described in fulminant hepatic failure. without liver transplantation its prognosis is dismal. our study included patients with type 1 hrs associated with cirrhosis, who were not liver transplant candidates. aim : to identify variables associated with improved survival. measurement of basal metabolic rate ( bmr ) is suggested as a tool to estimate energy requirements. therefore, bmr prediction equations have been developed in multiple populations because indirect calorimetry is not always feasible. however, there is a paucity of data on bmr measured in overweight and obese adults living in asia and equations developed for this group of interest. the aim of this study was to develop a new bmr prediction equation for chinese adults applicable for a large bmi range and compare it with commonly used prediction equations. anchoring vignettes are brief texts describing a hypothetical character who illustrates a certain fixed level of a trait under evaluation. this research uses vignettes to elucidate factors associated with sleep disorders in adult japanese before and after adjustment for reporting heterogeneity in self - reports. this study also evaluates the need for adjusting for reporting heterogeneity in the management of sleep and energy related problems in japan.","Maybe

Justification: The provided context does not directly discuss the need for living-related liver transplantation in children. However, it does mention the concept of living-related liver transplantation (LRT) and its development, but",0.5263
fixed_bm25,fixed,bm25,mistral,Do patterns of knowledge and attitudes exist among unvaccinated seniors?,yes,yes,1,1,success,"to examine patterns of knowledge and attitudes among adults aged > 65 years unvaccinated for influenza. surveyed medicare beneficiaries in 5 areas ; clustered unvaccinated seniors by their immunization related knowledge and attitudes. first, to establish whether a deprivation gradient in all - cause mortality exists for all ethnic groups within new zealand ; second, if such gradients do exist, whether their absolute slopes are the same ; and third, if such gradients exist, what impact the unequal deprivation distributions of the different ethnic groups have on the observed ethnic inequalities in life expectancy at birth. do preresidency selection factors serve as predictors of success in residency? specifically, we asked which preresidency selection factors are associated or correlated with ( 1 ) objective measures of resident knowledge and performance ; and ( 2 ) subjective ratings by faculty. to examine the attitudes of players and coaches to the use of protective headgear, particularly with respect to the prevention of concussion.","Yes

Justification: The context states that the study aimed to examine patterns of knowledge and attitudes among unvaccinated seniors ([1]).",0.5714
fixed_bm25,fixed,bm25,mistral,Is there a model to teach and practice retroperitoneoscopic nephrectomy?,yes,yes,1,1,success,"fifteen piglets were operated on to develop a standard retroperitoneoscopic nephrectomy ( rpn ) training model. all procedures were performed with three ports. intraoperative data ( side, operative time, blood loss, peritoneal opening ) were recorded. animals were divided into groups a, the first eight, and b, the last seven cases. data were statistically analyzed. rpn in a porcine model could simulate the whole procedure, from creating the space to nephrectomy completion. experimental learning curve was eight cases, after statistical data analysis. voluntary asphyxiation among children, preteens, and adolescents by hanging or other means of inducing hypoxia / anoxia to enhance sexual excitement is not uncommon and can lead to unintended death. this study addresses autoerotic asphyxiation ( aea ) with the intent of increasing pediatricians ' knowledge of the syndrome and awareness of its typical onset among young patients. aea is characteristically a clandestine and elusive practice. provided with relevant information, pediatricians can identify the syndrome, demonstrate a willingness to discuss concerns about it, ameliorate distress, and possibly prevent a tragedy. although the retroperitoneal approach has been the preferred choice for open urological procedures, retroperitoneoscopy is not the preferred approach for laparoscopy. this study aims to develop a training model for retroperitoneoscopy and to establish an experimental learning curve. selection into general practice training is undertaken using a competency based approach. the clear advantage of this approach over traditional methods has been demonstrated through evaluation of its validity and reliability. however, the relationship between selection and performance in the royal college of general practitioner examinations ( mrcgp ) has yet to be explored. the mrcgp comprises of an applied knowledge test ( akt ), a clinical skills assessment ( csa ) and workplace - based assessments ( wpba ). aim : to explore the predictive validity of general practice selection scores using the akt and csa elements of the mrcgp as a final outcome measure.","Yes

Justification: The context states that a standard retroperitoneoscopic nephrectomy training model was developed for fifteen piglets ([1]).",0.5385
fixed_bm25,fixed,bm25,mistral,Cardiovascular risk in a rural adult West African population: is resting heart rate also relevant?,yes,yes,1,1,success,"elevated resting heart rate ( rhr ) is a neglected marker in cardiovascular risk factor studies of sub - saharan african populations. this study aimed to determine the prevalence of elevated rhr and other risk factors for cardiovascular disease ( cvd ) and to investigate any associations between rhr and these risk factors in a rural population in ghana. rural mothers were more likely to be teenaged, indigenous, and to have had a previous premature birth, prolonged ruptured membrane, and antenatal corticosteroid. urban mothers were more likely to have had assisted conception and a caesarean section. more urban ( 93 % v 83 % ) infants were born in a tertiary obstetric hospital. infants of rural residence had a higher mortality ( adjusted odds ratio ( or ) 1. 26, 95 % confidence interval ( ci ) 1. 07 to 1. 48, p = 0. 005 ). this trend was consistently seen in all subgroups and significantly for the tertiary hospital born population and the 30 - 31 weeks gestation subgroup. regional birth data in this gestational age range also showed a higher stillbirth rate among rural infants ( or 1. 20, 95 % ci 1. 09 to 1. 32, p < 0. 001 ). a population based cross - sectional study of 4200 randomly selected adults registered with a general medical practice in north west, england. the study examined the association of chronic oro - facial pain with a variety of self - reported mechanical factors : teeth grinding, facial trauma, missing teeth and the feeling that the teeth did not fit together properly. information was also collected on demographic factors, psychological factors and the reporting of other frequently unexplained syndromes. extracranial internal carotid artery stenosis is a risk factor for perioperative stroke in patients undergoing coronary artery bypass surgery ( cab ). although selective and non - selective methods of preoperative carotid screening have been advocated, it remains unclear if this screening is clinically relevant. aim : to test whether selective carotid screening is as effective as non - selective screening in detecting significant carotid disease. this randomized single - blinded single - center clinical trial involved 320 patients undergoing elective pci who were randomized to either receive three 5 - min cycles of ischemia by inflation of a cuff on the non - dominant arm to 200 mm hg ( remote postischemic conditioning ) or to placebo ( uninflated cuff ). the primary outcome variable was the maximum increase in troponin in the first 24 h. the secondary outcome variable was readmission due to heart failure or cardiovascular mortality after 1 year of follow - up. in addition, a diabetic population was studied.","Yes

Justification: The study aimed to determine the prevalence of elevated RHR and other risk factors for cardiovascular disease (CVD) in a rural population in Ghana (context [1]).",0.8421
fixed_bm25,fixed,bm25,mistral,Israeli hospital preparedness for terrorism-related multiple casualty incidents: can the surge capacity and injury severity distribution be better predicted?,yes,maybe,0,1,generation_failure,"the incidence of large - scale urban attacks on civilian populations has significantly increased across the globe over the past decade. these incidents often result in hospital multiple casualty incidents ( hmci ), which are very challenging to hospital teams. 15 years ago the emergency and disaster medicine division in the israeli ministry of health defined a key of 20 percent of each hospital ' s bed capacity as its readiness for multiple casualties. half of those casualties are expected to require immediate medical treatment. this study was performed to evaluate the efficacy of the current readiness guidelines based on the epidemiology of encountered hmcis. a retrospective study of hmcis was recorded in the israeli defense force ( idf ) home front command and the israeli national trauma registry ( itr ) between november 2000 and june 2003. an hmci is defined by the emergency and disaster medicine division in the israeli ministry of health as > or = 10 casualties or > or = 4 suffering from injuries with an iss > or = 16 arriving to a single hospital. the study includes a total of 32 attacks, resulting in 62 hmcis and 1292 casualties. the mean number of arriving casualties to a single hospital was 20. 8 + / - 13. 3 ( range 4 - 56, median 16. 5 ). in 95 % of the hmcis the casualty load was < or = 52. based on severity scores and ed discharges 1022 ( 79. 2 % ) casualties did not necessitate immediate medical treatment. to determine the relationship between injury severity surrogates and other patient factors with the development and severity of heterotopic ossification ( ho ) following open reduction internal fixation of acetabular fractures treated with a posterior approach. traumatic aortic injury ( tai ) is a rare but life - threatening type of injury. we investigate whether the anatomy of the aortic arch influences the severity of aortic injury.","Maybe

Justification: The study provides data on the number of casualties and the severity of injuries in multiple casualty incidents in Israeli hospitals, but it does not explicitly address the predictability of surge capacity or injury severity distribution in terror",0.4783
fixed_bm25,fixed,bm25,mistral,Acute respiratory distress syndrome in children with malignancy--can we predict outcome?,yes,maybe,0,1,generation_failure,"the purpose of this study was to delineate early respiratory predictors of mortality in children with hemato - oncology malignancy who developed acute respiratory distress syndrome ( ards ). seventeen children with ards and malignancy aged 10. 5 + / - 5. 1 years were identified. six of the 17 children ( 35. 3 % ) survived. sepsis syndrome was present in 70. 6 % of all the children. peak inspiratory pressure, positive end - expiratory pressure ( peep ), and ventilation index values could distinguish outcome by day 3. a significant relationship between respiratory data and outcome related to efficiency of oxygenation, as determined by pao ( 2 ) / fio ( 2 ) and p ( a - a ) o ( 2 ), was present from day 8 after onset of mechanical ventilation. voluntary asphyxiation among children, preteens, and adolescents by hanging or other means of inducing hypoxia / anoxia to enhance sexual excitement is not uncommon and can lead to unintended death. this study addresses autoerotic asphyxiation ( aea ) with the intent of increasing pediatricians ' knowledge of the syndrome and awareness of its typical onset among young patients. aea is characteristically a clandestine and elusive practice. provided with relevant information, pediatricians can identify the syndrome, demonstrate a willingness to discuss concerns about it, ameliorate distress, and possibly prevent a tragedy. to investigate whether problems in instrumental activities of daily living ( iadl ) can add to conventionally used clinical measurements in helping to predict a diagnosis of dementia at 1 - and 2 - year follow - up. earlier studies have demonstrated low peak oxygen uptake ( (. ) vo ( 2 ) peak ) in children with spina bifida. low peak heart rate and low peak respiratory exchange ratio in these studies raised questions regarding the true maximal character of (. ) vo ( 2 ) peak values obtained with treadmill testing.","Maybe

Justification: The study identifies that peak inspiratory pressure, positive end-expiratory pressure (peep), and ventilation index values could distinguish outcome by day 3, and a significant relationship between respiratory data and",0.8750
fixed_bm25,fixed,bm25,mistral,Secondhand smoke risk in infants discharged from an NICU: potential for significant health disparities?,yes,maybe,0,1,generation_failure,"secondhand smoke exposure ( shse ) threatens fragile infants discharged from a neonatal intensive care unit ( nicu ). smoking practices were examined in families with a high respiratory risk infant ( born at very low birth weight ; ventilated > 12 hr ) in a houston, texas, nicu. socioeconomic status, race, and mental health status were hypothesized to be related to shse and household smoking bans. african - american and hispanic women generally experience higher mortality than white non - hispanics, and these differences are especially significant in the southeast metropolitan areas and southwest border of texas. the proportion and location of significant racial disparities however changed depending on the type of statistic ( rr versus rd ) and the geographic level. the largest proportion of significant results was observed for the rd statistic and census tract data. geographic regions with significant racial disparities for african - americans and hispanics frequently had a poverty rate above 10. 00 %. apparent life - threatening events in infants are a difficult and frequent problem in pediatric practice. the prognosis is uncertain because of risk of sudden infant death syndrome. eight infants aged 2 to 15 months were admitted during a period of 6 years ; they suffered from similar maladies in the bath : on immersion, they became pale, hypotonic, still and unreactive ; recovery took a few seconds after withdrawal from the bath and stimulation. two diagnoses were initially considered : seizure or gastroesophageal reflux but this was doubtful. the hypothesis of an equivalent of aquagenic urticaria was then considered ; as for patients with this disease, each infant ' s family contained members suffering from dermographism, maladies or eruption after exposure to water or sun. all six infants had dermographism. we found an increase in blood histamine levels after a trial bath in the two infants tested. the evolution of these "" aquagenic maladies "" was favourable after a few weeks without baths. after a 2 - 7 year follow - up, three out of seven infants continue to suffer from troubles associated with sun or water. we reviewed the incidence of clabsis in the nicu temporally to the implementation of new practice policies and procedures, from july 2008 to december 2013.","Maybe

Justification: The context does not provide specific data on secondhand smoke risk in infants discharged from an NICU, but it does mention that socioeconomic status, race, and mental health status are hypothesized",0.6667
fixed_bm25,fixed,bm25,mistral,Do nomograms designed to predict biochemical recurrence (BCR) do a better job of predicting more clinically relevant prostate cancer outcomes than BCR?,yes,yes,1,1,success,"to examine the ability of various postoperative nomograms to predict prostate cancer - specific mortality ( pcsm ) and to validate that they could predict aggressive biochemical recurrence ( bcr ). prostate - specific antigen ( psa ), grade, and stage are the classic triad used to predict bcr after radical prostatectomy ( rp ). multiple nomograms use these to predict risk of bcr. a previous study showed that several nomograms could predict aggressive bcr ( prostate - specific antigen doubling time [ psadt ] < 9 months ) more accurately than bcr. however, it remains unknown if they can predict more definitive endpoints, such as pcsm. we performed cox analyses to examine the ability of 4 postoperative nomograms, the duke prostate center ( dpc ) nomogram, the kattan postoperative nomogram, the johns hopkins hospital ( jhh ) nomogram, and the joint center for prostate disease research ( cpdr ) / cancer of the prostate strategic urologic research endeavor ( capsure ) nomogram to predict bcr and pcsm among 1778 men in the shared equal access regional cancer hospital ( search ) database who underwent rp between 1990 and 2009. we also compared their ability to predict bcr and aggressive bcr in a subset of men. we calculated the c - index for each nomogram to determine its predictive accuracy for estimating actual outcomes. we found that each nomogram could predict aggressive bcr and pcsm in a statistically significant manner and that they all predicted pcsm more accurately than they predicted bcr ( ie, with higher c - index values ). a moderate increase of quality was assessed, which, a low proportion of the employees perceived had decisively or largely to do with the merger. the majority perceives economical incentives as the drivers of change, but, at the same time, only 10 % of this group believes this target was reached completely or to a large extent. one hundred fifty patients with primary prostate cancer ( t ( 1 - 3 ) n ( 0 ) m ( 0 ) ) were informed by means of a decision aid of two treatment options : radiotherapy with 70 gy versus 74 gy. the latter treatment is associated with more cure and more toxicity. the patients were asked whether they wanted to choose, and if so which treatment they preferred. they also assigned importance weights to the probability of various outcomes, such as survival, cure and adverse effects. patients who wanted to choose their own treatment ( n = 119 ) are described here.","Yes

Justification: The context states that the nomograms could predict prostate cancer-specific mortality (pcsm) more accurately than bcr (c-index values for pcsm were higher than for bcr) ([3",0.8095
fixed_bm25,fixed,bm25,mistral,Are reports of mechanical dysfunction in chronic oro-facial pain related to somatisation?,yes,maybe,0,1,generation_failure,"( i ) to examine the association between self - reported mechanical factors and chronic oro - facial pain. ( ii ) to test the hypothesis that this relationship could be explained by : ( a ) reporting of psychological factors, ( b ) common association of self - reported mechanical factors with other unexplained syndromes. a population based cross - sectional study of 4200 randomly selected adults registered with a general medical practice in north west, england. the study examined the association of chronic oro - facial pain with a variety of self - reported mechanical factors : teeth grinding, facial trauma, missing teeth and the feeling that the teeth did not fit together properly. information was also collected on demographic factors, psychological factors and the reporting of other frequently unexplained syndromes. an adjusted response rate of 72 % was achieved. only two mechanical factors : teeth grinding ( odds ratio ( or ) 2. 0, 95 % ci 1. 3 - 3. 0 ) and facial trauma ( or 2. 0 ; 95 % ci 1. 3 - 2. 9 ) were independently associated with chronic oro - facial pain after adjusting for psychological factors. however, these factors were also commonly associated with the reporting of other frequently unexplained syndromes : teeth grinding ( odds ratio ( or ) 1. 8, 95 % ci 1. 5 - 2. 2 ), facial trauma ( or 2. 1 ; 95 % ci 1. 7 - 2. 6 ). to provide insight into the factors by which obesity in itself may directly lead to early arterial damage, we aimed to determine early sonographic markers of obesity - related vascular dysfunction in young obese males. the brain - dead donor supply has become one of the criteria limiting the performance of heart transplantation. conventional screening criteria are too limiting and exclude suitable heart donors. echocardiography is now widely available and is a reliable tool to assess left ventricular dysfunction in brain - dead donors. yet few data are available on the degree of left ventricular dysfunction where a transplantation is possible.","Maybe

Justification: The study found that teeth grinding and facial trauma, two mechanical factors, were independently associated with chronic oro-facial pain after adjusting for psychological factors. However, these mechanical factors were also commonly associated with the reporting",0.8750
fixed_bm25,fixed,bm25,mistral,Amblyopia: is visual loss permanent?,no,maybe,0,0,retrieval_failure,"100 patients ( age 8 - 90 years, median 60. 5 years ) with various eye disorders, among them 39 with amblyopia due to strabismus, and 13 healthy volunteers were tested. charts with the snellen e and the landolt c ( precision vision ) which mimic the etdrs charts were used to assess visual acuity. three out of 5 optotypes per line had to be correctly identified, while wrong answers were monitored. in the group of patients, the eyes with the lower visual acuity, and the right eyes of the healthy subjects, were evaluated. assessment of visual acuity depends on the optotypes used for measurement. the ability to recognize different optotypes differs even if their critical details appear under the same visual angle. since optotypes are evaluated on individuals with good visual acuity and without eye disorders, differences in the lower visual acuity range cannot be excluded. in this study, visual acuity measured with the snellen e was compared to the landolt c acuity. celiac disease ( cd ) is believed to be a permanent intolerance to gluten. a number of patients, however, discontinue the gluten - free diet ( gfd ) without developing symptoms or signs. the aim of our study was to investigate whether cd patients are capable of developing tolerance to gluten. the purpose of this study is to measure the accuracy and reliability of normally sighted, visually impaired, and blind pedestrians at making street crossing decisions using visual and / or auditory information. all patients ( 606 joints ) had successful tmj surgeries through the vmpa. all incisions healed favorably with an uneventful recovery. no patient developed permanent weakness of the facial nerve or other severe complications.","Maybe

Justification: The context mentions that the patients have amblyopia due to strabismus, but it does not explicitly state that the visual loss is permanent. However, amblyopia is often associated with permanent visual loss",0.4118
fixed_bm25,fixed,bm25,mistral,Implementation of epidural analgesia for labor: is the standard of effective analgesia reachable in all women?,yes,maybe,0,1,generation_failure,"this audit cycle measured epidural analgesia performance against 4 standards : ( 1 ) implementation of epidural analgesia for labor to all patients ; ( 2 ) acceptance and good satisfaction level reported by patients and caregivers. ( 3 ) effectiveness of labor analgesia ; ( 4 ) no maternal or fetal side effects. social and cultural factors combined with little information may prevent the diffusion of epidural analgesia for pain relief during childbirth. the present study was launched contemporarily to the implementation of analgesia for labor in our department in order to perform a 2 years audit on its use. the goal is to evaluate the epidural acceptance and penetration into hospital practice by women and care givers and safety and efficacy during childbirth. during the audit period epidural analgesia increased from 15. 5 % of all labors in the first trimester of the study to 51 % in the last trimester ( p < 0. 005 ). satisfaction levels reported by patients and care givers were good. a hierarchical clustering analysis identified two clusters based on vas ( visual analogue scale ) time course : in 226 patients ( cluster 1 ) vas decreased from 8. 5±1. 4 before to 4. 1±1. 3 after epidural analgesia ; in 1002 patients ( cluster 2 ) vas decreased from 8. 12±1. 7 before ( ns vs cluster 1 ), to 0. 76±0. 79 after ( p < 0. 001 vs before and vs cluster 2 after ). no other differences between clusters were observed. various factors contribute to the effective implementation of evidence - based treatments ( ebts ). in this study, cognitive processing therapy ( cpt ) was administered in a veterans affairs ( va ) posttraumatic stress disorder ( ptsd ) specialty clinic in which training and supervision were provided following va implementation guidelines. the aim was to ( a ) estimate the proportion of variability in outcome attributable to therapists and ( b ) identify characteristics of those therapists who produced better outcomes. adoption and implementation of evidence - based measures for catheter care leads to reductions in central line - associated bloodstream infection ( clabsi ) rates in the nicu. the purpose of this study is to evaluate whether this rate reduction is sustainable for at least 1 year and to identify key determinants of this sustainability at the nicu of the floating hospital for children at tufts medical center.","Maybe

Justification: The study shows an increase in the use of epidural analgesia from 15.5% to 51% over the course of the audit period, suggesting that it is becoming more widely used. However",0.5000
fixed_bm25,fixed,bm25,mistral,Does HER2 immunoreactivity provide prognostic information in locally advanced urothelial carcinoma patients receiving adjuvant M-VEC chemotherapy?,maybe,yes,0,1,generation_failure,"to evaluate the impact of her2 immunoreactivity on clinical outcome in locally advanced urothelial carcinoma patients who received surgery alone, or methotrexate, vinblastine, epirubicin, and cisplatin ( m - vec ) as adjuvant chemotherapy. we studied 114 formalin - fixed paraffin - embedded specimens obtained from locally advanced urothelial carcinoma patients receiving surgery alone or adjuvant m - vec. the authors evaluated her2 immunoreactivity using immunohistochemical staining and explored the influence of pathological parameters and her2 immunoreactivity on progression - free survival ( pfs ) and disease - specific overall survival ( os ) using univariate and multivariate cox ' s analyses. urothelial carcinoma of the bladder had a significantly higher frequency of her2 immunoreactivity than that of the upper urinary tract ( 60. 7 vs. 20. 7 %, p < 0. 0001 ). overall, nodal status was a strong and independent prognostic indicator for clinical outcome. the her2 immunoreactivity was significantly associated with pfs ( p = 0. 02 ) and disease - specific os ( p = 0. 005 ) in advanced urothelial carcinoma patients. as for patients with adjuvant m - vec, her2 immunoreactivity was a significant prognostic factor for pfs ( p = 0. 03 ) and disease - specific os ( p = 0. 02 ) using univariate analysis, but not multivariate analysis, and not for patients receiving watchful waiting. few studies have assessed whether the advantage chemotherapy has been shown to have in treating advanced non - small lung carcinoma in clinical trials is transferrable to normal health care activity. this could explain the skepticism of a large number of pneumologists towards this treatment. the objective of our study was to analyze prognostic factors related to survival and to see whether cytostatic treatment was an independent predictor. retrospective analysis of patients in an academic breast service, who underwent mastectomy, with or without reconstruction, and received adjuvant chemotherapy.","Yes

Justification: The text states that HER2 immunoreactivity was significantly associated with progression-free survival (p = 0.03) and disease-specific overall survival (p = 0.02)",0.7778
fixed_bm25,fixed,bm25,mistral,Is halofantrine ototoxic?,yes,yes,1,1,success,"thirty guinea pigs were divided into three groups : a control group, a halofantrine therapeutic dose group and a halofantrine double therapeutic dose group. one cochlea specimen from each animal was stained with haematoxylin and eosin and the other with toluidine blue. no changes were detected in the control group. the halofantrine therapeutic dose group showed loss and distortion of inner hair cells and inner phalangeal cells, and loss of spiral ganglia cells. in the halofantrine double therapeutic dose group, the inner and outer hair cells were distorted and there was loss of spiral ganglia cells. halofantrine is a newly developed antimalarial drug used for the treatment of plasmodium falciparum malaria. the introduction of this drug has been delayed because of its possible side effects, and due to insufficient studies on adverse reactions in humans. there have been no studies investigating its effect on hearing. it is postulated that some aspects of methotrexate toxicity may be related to its action as an anti - folate. folic acid ( fa ) is often given as an adjunct to methotrexate therapy, but there is no conclusive proof that it decreases the toxicity of methotrexate and there is a theoretical risk that it may decrease the efficacy of methotrexate. the purpose of this study is to examine whether or not well differentiated ( w - d ) hepatocellular carcinoma ( hcc ) is indeed clinically early cancer.","Yes

Justification: The halofantrine double therapeutic dose group showed distortion and loss of inner and outer hair cells, and loss of spiral ganglia cells ([2]).",0.8235
fixed_bm25,fixed,bm25,mistral,Visceral adipose tissue area measurement at a single level: can it represent visceral adipose tissue volume?,yes,maybe,0,1,generation_failure,"measurement of visceral adipose tissue ( vat ) needs to be accurate and sensitive to change for risk monitoring. the purpose of this study is to determine the ct slice location where vat area can best reflect changes in vat volume and body weight. the levels of bone formation and resorption can be assessed at the tissue level by bone histomorphometry on transiliac bone biopsies. systemic biochemical markers of bone turnover reflect the overall bone formation and resorption at the level of the entire skeleton but cannot discriminate the different skeletal compartments. to assess if the hawkins sign can predict whether or not astragalus fractures of the neck will develop avascular necrosis. it is also assessed whether the occurrence of this complication is related to the displacement of the fracture, soft tissue injury, or delay in the reduction or surgery. the results were compared with those found in the literature. to prospectively evaluate the amount of tissue removed at loop electrosurgical excision procedure ( leep ) vs. cold knife conization. atrial fibrillation, which occurs in 12 % of all major foregut surgeries, can prolong hospital stay and increase morbidity. minimally invasive techniques in foregut surgery have been suggested to cause less tissue trauma. we examined the factors associated with new - onset atrial fibrillation after foregut surgery at our institution.","Maybe

Justification: The study is investigating the optimal CT slice location for visceral adipose tissue (VAT) area to reflect changes in VAT volume and body weight, suggesting that VAT area at a single level may",0.6818
fixed_bm25,fixed,bm25,mistral,Necrotizing fasciitis: an indication for hyperbaric oxygenation therapy?,no,maybe,0,1,generation_failure,"the accepted treatment protocol for necrotizing fasciitis ( nf ) consists of extensive surgery and wide spectrum antibiotics. hyperbaric oxygenation ( hbo ) has been recommended as adjuvant therapy for nf, improving patient mortality and outcome. however, the beneficial effect of hbo for nf remains controversial. all patients received cervical physical therapy for 6 weeks ( 12 sessions ). patients were randomized in an immediate - start therapy group ( n = 19 ) and a 6 - week delayed - start therapy group ( n = 19 ). hypoglycaemia caused by glucose - lowering therapy has been linked to cardiovascular ( cv ) events. the origin trial provides an opportunity to further assess this relationship. we reviewed 500 consecutive cases with acute asah with surgical indication for aneurysm repair. inoperable cases such as dead - on - arrival and the cases with both pupils dilated were excluded. we compared the cases aged 80 or older that received clipping or coil embolization with the controls that the family selected conservative treatment. overall, individuals with osa had increased vo2max when compared to the normalized us air force data ( p <. 001 ). patients with an apnea - hypopnea index of greater than 20 demonstrated a decreased vo2max as compared to normalized values ( p <. 001 ). no differences in vo2max were observed after either medical or surgical therapy for osa.","Maybe

Justification: The context states that hyperbaric oxygenation (HBO) has been recommended as adjuvant therapy for necrotizing fasciitis (NF), but the beneficial effect of HBO for NF remains controversial",0.7778
fixed_bm25,fixed,bm25,mistral,Is the Hawkins sign able to predict necrosis in fractures of the neck of the astragalus?,maybe,maybe,1,1,success,"to assess if the hawkins sign can predict whether or not astragalus fractures of the neck will develop avascular necrosis. it is also assessed whether the occurrence of this complication is related to the displacement of the fracture, soft tissue injury, or delay in the reduction or surgery. the results were compared with those found in the literature. there were 7 type i hawkins fractures, 11 type ii, and 4 type iii and 1 type iv. four cases developed avascular necrosis ( 2 hawkins type ii and 2 type iii ). hawkins sign was observed in 12 cases, of which none developed necrosis. four cases with negative hawkins sign developed necrosis. no statistically significant differences were found when comparing the development of avascular necrosis with the displacement of the fracture, soft tissue injury, or delay in treatment. differences were found when comparing the development of avascular necrosis with the hawkins sign ( p =. 03 ). a retrospective study was conducted on 23 talar neck fractures recorded over a a period of thirteen years. the following variables were analysed : displacement of the fracture, soft tissue injury, delay and type of treatment, complications, observation of the hawkins sign, and functional outcome. the objectives of this study were to evaluate the ability of the young - burgess classification system to predict mortality, transfusion requirements, and nonorthopaedic injuries in patients with pelvic ring fractures and to determine whether mortality rates after pelvic fractures have changed over time. sternal fractures in childhood are rare. the aim of the study was to investigate the accident mechanism, the detection of radiological and sonographical criteria and consideration of associated injuries.","Maybe

Justification: In the provided context, the Hawkins sign was observed in 12 cases, none of which developed necrosis. However, four cases with negative hawkins sign developed necrosis, suggesting that",0.6471
fixed_bm25,fixed,bm25,mistral,Is a mandatory general surgery rotation necessary in the surgical clerkship?,no,maybe,0,1,generation_failure,"changes in the spectrum of general surgery and the delivery of surgical care have placed the requirement for a mandatory general surgery rotation in the surgical clerkship in question. we tested the hypothesis that equal mastery of surgical clerkship objectives can be obtained in a clerkship with and without general surgery. students chose any two surgical rotations and were assessed by written examination, objective structured clinical examination ( osce ), ward evaluations, self - assessment objectives questionnaire, and satisfaction survey. the use of a balloon expandable stent valve includes balloon predilatation of the aortic stenosis before valve deployment. the aim of the study was to see whether or not balloon predilatation is necessary in transcatheter aortic valve replacement ( tavi ). although the players tended to believe that the headgear could prevent concussion ( 62 % ), the coaches were less convinced ( 33 % ). despite the players ' belief that headgear offers protection against concussion, only a minority reported wearing headgear ( 27 % ) and few ( 24 % ) felt that its use should be made mandatory. common reasons for not wearing headgear were "" its use is not mandatory "", "" it is uncomfortable "", and "" it costs too much "". the precise correction of refractive error is especially important in young adults. it is unclear whether cycloplegic refraction is necessary in this age group. the purpose of this study was to compare the non - cycloplegic and cycloplegic spherical equivalent ( se ) refractive error measured in young adults.","Maybe

Justification: The study in the context tests the hypothesis that equal mastery of surgical clerkship objectives can be obtained in a clerkship with and without general surgery, suggesting that the requirement for a mandatory general surgery rotation may",0.7143
fixed_bm25,fixed,bm25,mistral,Is Acupuncture Efficacious for Treating Phonotraumatic Vocal Pathologies?,yes,yes,1,1,success,"to investigate the effectiveness of acupuncture in treating phonotraumatic vocal fold lesions. study design / a total of 123 dysphonic individuals with benign vocal pathologies were recruited. they were given either genuine acupuncture ( n = 40 ), sham acupuncture ( n = 44 ), or no treatment ( n = 39 ) for 6 weeks ( two 30 - minute sessions / wk ). the genuine acupuncture group received needles puncturing nine voice - related acupoints for 30 minutes, two times a week for 6 weeks, whereas the sham acupuncture group received blunted needles stimulating the skin surface of the nine acupoints for the same frequency and duration. the no - treatment group did not receive any intervention but attended just the assessment sessions. one - hundred seventeen subjects completed the study ( genuine acupuncture = 40 ; sham acupuncture = 43 ; and no treatment = 34 ), but only 84 of them had a complete set of vocal functions and quality of life measures ( genuine acupuncture = 29 ; sham acupuncture = 33 ; and no - treatment = 22 ) and 42 of them with a complete set of endoscopic data ( genuine acupuncture = 16 ; sham acupuncture = 15 ; and no treatment = 11 ). significant improvement in vocal function, as indicated by the maximum fundamental frequency produced, and also perceived quality of life, were found in both the genuine and sham acupuncture groups, but not in the no - treatment group. structural ( morphological ) improvements were, however, only noticed in the genuine acupuncture group, which demonstrated a significant reduction in the size of the vocal fold lesions. identified 4 clusters : potentials ( 45 % ) would receive influenza vaccine to prevent disease ; fearful uninformeds ( 9 % ) were unsure if influenza vaccine causes illness ; doubters ( 27 % ) were unsure if vaccine is efficacious ; misinformeds ( 19 % ) believed influenza vaccine causes illness. more potentials ( 75 % ) and misinformeds ( 70 % ) ever received influenza vaccine than did fearful uninformeds ( 18 % ) and doubters ( 29 % ). few studies have assessed whether the advantage chemotherapy has been shown to have in treating advanced non - small lung carcinoma in clinical trials is transferrable to normal health care activity. this could explain the skepticism of a large number of pneumologists towards this treatment. the objective of our study was to analyze prognostic factors related to survival and to see whether cytostatic treatment was an independent predictor.","Yes

Justification: The study found significant improvement in vocal function and perceived quality of life in both the genuine and sham acupuncture groups, but not in the no-treatment group ([3]). Additionally, the genuine",0.8095
fixed_bm25,fixed,bm25,mistral,Is aneurysm repair justified for the patients aged 80 or older after aneurysmal subarachnoid hemorrhage?,yes,yes,1,1,success,"with the advancement of an aging society in the world, an increasing number of elderly patients have been hospitalized due to aneurysmal subarachnoid hemorrhage ( asah ). there is no study that compares the elderly cases of asah who receive the definitive treatment with those who treated conservatively. the aim of this study was to investigate the feasibility of the definitive surgery for the acute subarachnoid cases aged 80 or older. we reviewed 500 consecutive cases with acute asah with surgical indication for aneurysm repair. inoperable cases such as dead - on - arrival and the cases with both pupils dilated were excluded. we compared the cases aged 80 or older that received clipping or coil embolization with the controls that the family selected conservative treatment. a case of spinal subdural hematoma ( ssdh ) following subarachnoid hemorrhage ( sah ) because of a ruptured internal carotid aneurysm is described. such a case has never been reported. 69 cases were included in this study ( ranged 80 - 98, male : female = 9 : 60 ). 56 cases ( 81. 2 % ) had an aneurysm in the anterior circulation. 23 cases received clipping, 20 cases coil embolization and 26 cases treated conservatively. the cases with aneurysm repair showed significantly better clinical outcome than the controls, while world federation of neurological surgeons ( wfns ) grade on admission and premorbid modified rankin scale showed no difference between them. the rate of aortic aneurysm rupture correlates with the aneurysm ' s diameter, and a higher rate of rupture is observed in patients with larger aneurysms. according to the literature, contradictory results concerning the relationship between atmospheric pressure and aneurysm size have been reported. aim : in this paper, we assessed the influence of changes in atmospheric pressure on abdominal aneurysm ruptures in relationship to the aneurysm ' s size.","Yes

Justification: The cases with aneurysm repair showed significantly better clinical outcome than the controls in the study (context [4]).",0.7333
fixed_bm25,fixed,bm25,mistral,Do general practice characteristics influence uptake of an information technology (IT) innovation in primary care?,no,yes,0,1,generation_failure,"recent evaluations of it innovations in primary care have highlighted variations between centres and practices in uptake and use. we evaluated whether structural characteristics of a general practice were associated with variations in use of a web - based clinical information system underpinning a managed clinical network in diabetes, between the years 2001 and 2003. as part of an mrc funded study into primary care oral anticoagulation management, inr measurements obtained in general practice were validated against values on the same samples obtained in hospital laboratories. a prospective comparative trial was undertaken between three hospital laboratories and nine general practices. all patients attending general practice based anticoagulant clinics had parallel inr estimations performed in general practice and in a hospital laboratory. using a computerised audit trail, we calculated the numbers of web - based operations that occurred in each practice, stratified by staff type and year, and adjusted for the numbers of registered diabetic patients. in regression analyses, we determined whether total use was associated with structural characteristics of the practice ( total list size, training status, numbers of gps ( general practitioners ), mean age of the gps, numbers of female gps, level of deprivation of the population and whether staff had received advanced training in diabetes care ). health care providers, which include house staff, nurses, and respiratory care practitioners who provide care to patients with asthma in the primary general medicine clinic or the pulmonary medicine clinic of a university - county hospital in which patients were referred, were surveyed and assigned a performance score regarding the knowledge base of the appropriate use of metered - dose inhalers. patients who attended the primary care general medicine and pulmonary subspecialty clinic were also assessed as to their proficiency in the use of metered - dose inhalers. to assess the extent to which the title and font of participant information sheets ( piss ) can influence pregnant women ' s and trainee midwives ' perceptions of an antenatal intervention.","Yes

Justification: The provided context states that the researchers determined whether total use of a web-based clinical information system was associated with structural characteristics of the practice (line 3). This implies that general practice characteristics do influence uptake of",0.6154
fixed_bm25,fixed,bm25,mistral,Prognosis of well differentiated small hepatocellular carcinoma--is well differentiated hepatocellular carcinoma clinically early cancer?,no,yes,0,1,generation_failure,"the purpose of this study is to examine whether or not well differentiated ( w - d ) hepatocellular carcinoma ( hcc ) is indeed clinically early cancer. the purpose of this paper is to evaluate the efficacy of ultrasonographic screening for primary hepatocellular carcinoma. a genetic component is well established in the etiology of breast cancer. it is not well known, however, whether genetic traits also influence prognostic features of the malignant phenotype. the analysis is based on 122 of 143 previously untreated patients with npc treated with radiation therapy at the university of texas m. d. anderson cancer center between 1983 and 1992. excluded were 4 patients treated with palliative intent, 4 children, 12 patients not staged with ct, and 1 patient who died of a cerebrovascular accident prior to completion of treatment. the stage distribution was as follows : ajcc stage i - 2, stage ii - 7, stage iii - 12, stage iv - 101 ; tl - 15, t2 - 33, t3 - 22, t4 - 52 ; n0 - 32, n1 - 10, n2 - 47, n3 - 32, nx - 1. fifty - nine ( 48 % ) patients had squamous cell carcinoma ; 63 ( 52 % ) had lymphoepitheliomas, undifferentiated npc or poorly differentiated carcinoma, nos ( unpc ). sixty - seven patients ( 65 with stage iv disease ) received induction chemotherapy. fifty - eight patients ( 24 of whom had induction chemotherapy ) were treated with the concomitant boost fractionation schedule. the median follow - up for surviving patients was 57 months. we review our results on surgical treatment of patients with stage i non - small cell lung carcinoma and we attempted to clarify the prognostic significance of some surgical - - pathologic variables.","Yes

Justification: The purpose of the study is to examine whether or not well differentiated hepatocellular carcinoma (hcc) is indeed clinically early cancer. (1)",0.8750
fixed_bm25,fixed,bm25,mistral,Do follow-up recommendations for abnormal Papanicolaou smears influence patient adherence?,no,yes,0,1,generation_failure,"to compare adherence to follow - up recommendations for colposcopy or repeated papanicolaou ( pap ) smears for women with previously abnormal pap smear results. documented adherence to follow - up within 8 months of an abnormal result. attempts to contact the patients for follow - up, adherence to follow - up recommendations, and patient characteristics were abstracted from medical records. the probability of adherence to follow - up vs the number of follow - up attempts was modeled with survival analysis. cox proportional hazards models were used to examine multivariate relationships related to adherence. the rate of overall adherence to follow - up recommendations was 56. 0 % ( 136 / 243 ). adherence to a second colposcopy was not significantly different from that to a repeated pap smear ( odds ratio, 1. 40 ; 95 % confidence interval, 0. 80 - 2. 46 ). the use of as many as 3 patient reminders substantially improved adherence to follow - up. women without insurance and women attending 1 of the 3 clinics were less likely to adhere to any follow - up recommendation ( hazard ratio for no insurance, 0. 43 [ 95 % confidence interval, 0. 20 - 0. 93 ], and for clinic, 0. 35 [ 95 % confidence interval, 0. 15 - 0. 73 ] ). all women with abnormal pap smear results referred for initial colposcopy and a random sample of those referred for repeated pap smear. medical records were located and reviewed for 90 of 107 women referred for colposcopy and 153 of 225 women referred for repeated pap smears. five hundred thirty - one participants had baseline and 1 - year follow - up assessments ; 69 ( 13. 0 % ) of these had developed dementia at 1 - year follow - up. at 2 - year follow - up, 481 participants were seen, of whom 100 ( 20. 8 % ) had developed dementia. participants with iadl disabilities at baseline had a higher conversion rate ( 24. 4 % ) than participants without iadl disabilities ( 16. 7 % ) ( chi - square = 4. 28, degrees of freedom = 1, p =. 04 ). sem showed that iadl disability could help predict dementia in addition to the measured variables at 1 - year follow - up ( odds ratio ( or ) = 2. 20, 95 % confidence interval ( ci ) = 1. 51 - 3. 13 ) and 2 - year follow - up ( or = 2. 11, 95 % ci = 1. 33 - 3. 33 ).","Yes

Justification: The rate of overall adherence to follow-up recommendations was 56.0% (136/243), indicating that patients do adhere to follow-up recommendations for abnormal Papan",0.7222
fixed_bm25,fixed,bm25,mistral,Biomolecular identification of allergenic pollen: a new perspective for aerobiological monitoring?,yes,yes,1,1,success,"accurate and updated information on airborne pollen in specific areas can help allergic patients. current monitoring systems are based on a morphologic identification approach, a time - consuming method that may represent a limiting factor for sampling network enhancement. to verify the feasibility of developing a real - time polymerase chain reaction ( pcr ) approach, an alternative to optical analysis, as a rapid, accurate, and automated tool for the detection and quantification of airborne allergenic pollen taxa. the setup of a modified dna extraction protocol allowed us to achieve good - quality pollen dna. taxon - specific nuclear gene fragments were identified and sequenced. designed primer pairs and probes identified selected pollen taxa, mostly at the required classification level. pollen was properly identified even when collected on routine aerobiological tape. preliminary quantification assays on pollen grains were successfully performed on test species and in mixes. the traditional cetyl trimethyl ammonium bromide - based method was modified for dna isolation from pollen. taxon - specific dna sequences were identified via bioinformatics or literature searches and were pcr amplified from the matching allergenic taxa ; based on the sequences of pcr products, complementary or degenerate taqman probes were developed. the accuracy of the quantitative real - time pcr assay was tested on 3 plant species. there was no significant difference between the asd and td - nh groups in identification of musical emotions or movements. however, the ci group was significantly less accurate than the other two groups in identification of both emotions and movements. mixed effects logistic regression revealed different patterns of accuracy for specific emotions as a function of group.","Yes

Justification: The provided context discusses the development of a real-time polymerase chain reaction (PCR) approach for the rapid, accurate, and automated detection and quantification of airborne allergenic pollen taxa",0.7273
fixed_bm25,fixed,bm25,mistral,Does diabetes mellitus influence the efficacy of FDG-PET in the diagnosis of cervical cancer?,no,maybe,0,1,generation_failure,"compared with computed tomography ( ct ) and magnetic resonance imaging ( mri ), positron emission tomography ( pet ) may have additional value in the assessment of primary and recurrent cervical cancer. however, the degree of tumour uptake of ( 18 ) f - 2 - fluoro - 2 - deoxy - d : - glucose ( fdg ) uptake is sometimes influenced by diabetes mellitus ( dm ). therefore, we conducted this prospective study to compare the diagnostic ability of fdg - pet in patients with cervical cancer complicated by dm and those without dm. mechanically ventilated patients experience profound stress. interventions are needed to ameliorate stress that does not cause adverse effects. the purpose of this study was to explore the influence of music on stress in a sample of patients over the duration of ventilatory support. research methodology / the influence of positron emission tomography in the management of recurrent rectal cancer is well established but its role in primary rectal cancer remains uncertain. this study therefore prospectively assesses the impact of position emission tomography scanning on the management of primary rectal cancer. this study was planned to evaluate whether increased nuchal translucency ( nt ) thickness in the first trimester of gestation can be related to onset of gestational diabetes mellitus ( gdm ) during pregnancy. one of the sites most frequently invaded by gastric cancer is the mesocolon ; however, the uicc does not mention this anatomical site as an adjacent structure involved in gastric cancer. the purpose of this study was to characterize and classify mesocolon invasion from gastric cancer.","Maybe

Justification: The context mentions that the degree of tumour uptake of FDG in cervical cancer patients with diabetes mellitus may be influenced, suggesting a potential impact, but it does not definitively",0.6500
fixed_bm25,fixed,bm25,mistral,Biomechanical and wound healing characteristics of corneas after excimer laser keratorefractive surgery: is there a difference between advanced surface ablation and sub-Bowman's keratomileusis?,yes,maybe,0,1,generation_failure,"to describe the biomechanical and wound healing characteristics of corneas after excimer laser keratorefractive surgery. histologic, ultrastructural, and cohesive tensile strength evaluations were performed on 25 normal human corneal specimens, 206 uncomplicated lasik specimens, 17 uncomplicated sub - bowman ' s keratomileusis ( sbk ) specimens, 4 uncomplicated photorefractive keratectomy ( prk ) specimens, 2 uncomplicated advanced surface ablation ( asa ) specimens, 5 keratoconus specimens, 12 postoperative lasik ectasia specimens, and 1 postoperative prk ectasia specimen and compared to previously published studies. histologic and ultrastructural studies of normal corneas showed significant differences in the direction of collagen fibrils and / or the degree of lamellar interweaving in bowman ' s layer, the anterior third of the corneal stroma, the posterior two - thirds of the corneal stroma, and descemet ' s membrane. cohesive tensile strength testing directly supported these morphologic findings as the stronger, more rigid regions of the cornea were located anteriorly and peripherally. this suggests that prk and asa, and secondarily sbk, should be biomechanically safer than conventional lasik with regard to risk for causing keratectasia after surgery. because adult human corneal stromal wounds heal slowly and incompletely, all excimer laser keratorefractive surgical techniques still have some distinct disadvantages due to inadequate reparative wound healing. despite reducing some of the risk for corneal haze compared to conventional prk, asa cases still can develop corneal haze or breakthrough haze from the hypercellular fibrotic stromal scarring. in contrast, similar to conventional lasik, sbk still has the short - and long - term potential for interface wound complications biomechanically safer than conventional lasik with regard to risk for causing keratectasia after surgery. because adult human corneal stromal wounds heal slowly and incompletely, all excimer laser keratorefractive surgical techniques still have some distinct disadvantages due to inadequate reparative wound healing. despite reducing some of the risk for corneal haze compared to conventional prk, asa cases still can develop corneal haze or breakthrough haze from the hypercellular fibrotic stromal scarring. in contrast, similar to conventional lasik, sbk still has the short - and long - term potential for interface wound complications from the hypocellular primitive stromal scar. srf ( 338 ± 150 points ) and cfae ( 418 ± 135 points ) regions comprised 29 % ± 14 % and 25 % ± 15 % of the left atrial surface area, respectively. there was no significant correlation between srf and cfae maps ( r =. 2 ; p = ns ). on comparing patients with af and controls, no significant difference was found in the distribution of srf between groups ( p =. 74 ). regions of srf overlapped areas of wave - front collision 75 % ± 13 % of the time.","Maybe

Justification: The text states that ""prk and asa, and secondarily sbk, should be biomechanically safer than conventional lasik with regard to risk for causing keratectasia after surgery."" This suggests a",0.8095
fixed_bm25,fixed,bm25,mistral,Does radiotherapy of the primary rectal cancer affect prognosis after pelvic exenteration for recurrent rectal cancer?,yes,maybe,0,1,generation_failure,this study examined the impact of radiotherapy for the primary rectal cancer on outcomes after pelvic exenteration for local recurrence. patients referred for pelvic exenteration from october 1994 to november 2012 were reviewed. patients who did and did not receive radiotherapy as part of their primary rectal cancer treatment were compared. the influence of positron emission tomography in the management of recurrent rectal cancer is well established but its role in primary rectal cancer remains uncertain. this study therefore prospectively assesses the impact of position emission tomography scanning on the management of primary rectal cancer. treatment delays in breast cancer are generally thought to affect prognosis but the impact on survival remains unclear. indicators for breast cancer care include time to primary treatment. the purpose of this study was to evaluate whether time to primary treatment ( tpt ) in breast cancer impacts survival. the national cancer database was queried for patients with rectal cancer.,"Maybe

Justification: The study examines the impact of radiotherapy for the primary rectal cancer on outcomes after pelvic exenteration for local recurrence, but it does not directly compare survival rates between patients who did and did not",0.6667
fixed_bm25,fixed,bm25,mistral,Can a practicing surgeon detect early lymphedema reliably?,maybe,maybe,1,1,success,"the purpose of this study was to determine whether the deformity angular ratio ( dar ) can reliably assess the neurological risks of patients undergoing deformity correction. ninety breast cancer patients were prospectively enrolled in an academic trial, and seven upper extremity circumferences were measured quarterly for 3 years. a 10 % volume increase or greater than 1 cm increase in arm circumference identified lymphedema with verification by a lymphedema specialist. sensitivity and specificity of several different criteria for detecting lymphedema were compared using the academic trial as the standard. thirty - nine cases of lymphedema were identified by the academic trial. using a 10 % increase in circumference at two sites as the criterion, half the lymphedema cases were detected ( sensitivity 37 % ). when using a 10 % increase in circumference at any site, 74. 4 % of cases were detected ( sensitivity 49 % ). detection by a 5 % increase in circumference at any site was 91 % sensitive. we lacked data regarding patient and physician decision making and surgeon - specific factors. lymphedema may be identified by simpler circumference changes as compared with changes in limb volume.","Maybe

Justification: The study suggests that a 5% increase in circumference at any site can detect 91% of lymphedema cases, indicating that a practicing surgeon might be able to detect early lymp",0.5238
fixed_bm25,fixed,bm25,mistral,Colorectal cancer with synchronous liver metastases: does global management at the same centre improve results?,no,maybe,0,1,generation_failure,"synchronous liver metastases ( slm ) occur in 20 % of colorectal cancers ( crc ). resection of slm and clc can be undertaken at different centres ( separate management, sm ) or at the same centre ( global management, gm ). the overall survival rate for the 369 patients was 75 % at 5 years and 45 % at 10 years. the overall survival rate of patients who never developed metastases was 90 % and 81 % at 5 and 10 years, respectively. however, among the 74 patients ( 20 % ) who developed metastases, the survival rate at both 5 and 10 years was significantly reduced ( p < 0. 0001 ). the overall survival rate for patients who developed bone metastases was 58 % and 27 % at 5 and 10 years, respectively, and patients with bone metastases to the pelvis fared worse compared with those with vertebral metastases. with regard to the metastatic number, patients with < or = 5 metastatic lesions had superior survival rates relative to those with > 5 lesions ( 73 % and 36 % at 5 and 10 years vs. 45 % and 18 % at 5 and 10 years, respectively ; p = 0. 02 ). in addition, both the metastasis - free survival rate and the interval measured from the date of the initial diagnosis of prostate cancer to the development of bone metastasis were statistically superior for patients with < or = 5 lesions compared with patients with > 5 lesions ( p = 0. regional and global apexes were at the same level in 18 ( 54. 5 % ) curves, and within half a level in another 15 ( 45. 4 % ), and the regional apex was one level higher in two curves ( 95 % confidence levels : - 0. 82, + 0. 88 ). comparison of the most rotated levels with regional and global apex levels revealed a higher variability, extending up to two levels for the global apex ( 95 % confidence levels : - 1. 19, + 1. 54 levels for the global and - 1. 0, + 1. 41 levels for the regional apexes ). the influence of positron emission tomography in the management of recurrent rectal cancer is well established but its role in primary rectal cancer remains uncertain. this study therefore prospectively assesses the impact of position emission tomography scanning on the management of primary rectal cancer. one of the sites most frequently invaded by gastric cancer is the mesocolon ; however, the uicc does not mention this anatomical site as an adjacent structure involved in gastric cancer. the purpose of this study was to characterize and classify mesocolon invasion from gastric cancer.","Maybe

Justification: The text does not provide information on the survival rates or outcomes of patients who underwent global management (GM) versus separate management (SM) of colorectal cancer (CRC) with synchronous liver met",0.6250
fixed_bm25,fixed,bm25,mistral,Is motion perception deficit in schizophrenia a consequence of eye-tracking abnormality?,yes,maybe,0,1,generation_failure,"studies have shown that schizophrenia patients have motion perception deficit, which was thought to cause eye - tracking abnormality in schizophrenia. however, eye movement closely interacts with motion perception. the known eye - tracking difficulties in schizophrenia patients may interact with their motion perception. at 150 msec, speed discrimination thresholds did not differ between schizophrenia patients ( n = 38 ) and control subjects ( n = 33 ). at 300 msec, patients had significantly higher thresholds than control subjects ( p =. 03 ). furthermore, frequencies of eye tracking during the 300 msec stimulus were significantly correlated with speed discrimination in control subjects ( p =. 01 ) but not in patients, suggesting that eye - tracking initiation may benefit control subjects but not patients. the frequency of eye tracking during speed discrimination was not significantly related to regular eye - tracking performance. two speed discrimination experiments were conducted in a within - subject design. in experiment 1, the stimulus duration was 150 msec to minimize the chance of eye - tracking occurrence. in experiment 2, the duration was increased to 300 msec, increasing the possibility of eye movement intrusion. regular eye - tracking performance was evaluated in a third experiment. irregular bleeding affects many users of combined menopausal hormone therapy ( ht ) and commonly leads to invasive and expensive investigations to exclude underlying malignancy. in most cases no abnormality is found. the national institutes of health stroke scale ( nihss ) is a valid, reproducible scale that measures neurological deficit. of 42 possible points, 7 points are directly related to measurement of language compared with only 2 points related to neglect.","Maybe

Justification: The text suggests that eye-tracking difficulties in schizophrenia patients may interact with their motion perception (context [1]), but it does not definitively establish a causal relationship between the two. The study",0.5417
fixed_bm25,fixed,bm25,mistral,Transgastric endoscopic splenectomy: is it possible?,yes,yes,1,1,success,"we have previously reported the feasibility of diagnostic and therapeutic peritoneoscopy including liver biopsy, gastrojejunostomy, and tubal ligation by an oral transgastric approach. we present results of per - oral transgastric splenectomy in a porcine model. the goal of this study was to determine the technical feasibility of per - oral transgastric splenectomy using a flexible endoscope. endoscopic splenectomy was performed on six pigs. there were no complications during gastric incision and entrance into the peritoneal cavity. visualization of the spleen and other intraperitoneal organs was very good. ligation of the splenic vessels and mobilization of the spleen were achieved using commercially available devices and endoscopic accessories. thirty two animals, with age and weight, respectively, from 3 to 5. 5 months old and 3000 to 4200 grams, were undergone different periods of pre - operative fasting, exclusive intramuscular anesthesia ( ketamine + xylazine ), laparotomy with total gastrectomy and total splenectomy. it was dosed the pre - operative ( initial ) and post - surgical ( end ) serum blood glucose, in addition to quantify the gastric content after the resection of the part. little is known about whether a routinely inserted endoscopic nasobiliary drainage ( enbd ) tube improves the clinical course in patients with choledocholithiasis - induced acute cholangitis after clearance of choledocholithiasis. it is postulated that some aspects of methotrexate toxicity may be related to its action as an anti - folate. folic acid ( fa ) is often given as an adjunct to methotrexate therapy, but there is no conclusive proof that it decreases the toxicity of methotrexate and there is a theoretical risk that it may decrease the efficacy of methotrexate.","Yes

Justification: The context states that endoscopic splenectomy was performed on six pigs using a flexible endoscope, indicating that it is possible. (Context: [2])",0.5333
fixed_bm25,fixed,bm25,mistral,It's Fournier's gangrene still dangerous?,yes,yes,1,1,success,"to assess the morbidity and mortality in the treatment of fournier ' s gangrene in our experience. fournier ' s gangrene is known to have an impact in the morbidity and despite antibiotics and aggressive debridement, the mortality rate remains high. the medical records of 14 patients with fournier ' s gangrene who presented at the university hospital center "" mother teresa "" from january 1997 to december 2006 were reviewed retrospectively to analyze the outcome and identify the risk factor and prognostic indicators of mortality. histologic and ultrastructural studies of normal corneas showed significant differences in the direction of collagen fibrils and / or the degree of lamellar interweaving in bowman ' s layer, the anterior third of the corneal stroma, the posterior two - thirds of the corneal stroma, and descemet ' s membrane. cohesive tensile strength testing directly supported these morphologic findings as the stronger, more rigid regions of the cornea were located anteriorly and peripherally. this suggests that prk and asa, and secondarily sbk, should be biomechanically safer than conventional lasik with regard to risk for causing keratectasia after surgery. because adult human corneal stromal wounds heal slowly and incompletely, all excimer laser keratorefractive surgical techniques still have some distinct disadvantages due to inadequate reparative wound healing. despite reducing some of the risk for corneal haze compared to conventional prk, asa cases still can develop corneal haze or breakthrough haze from the hypercellular fibrotic stromal scarring. in contrast, similar to conventional lasik, sbk still has the short - and long - term potential for interface wound complications to compare children ' s, parents ' and physicians ' perceptions of children ' s body size.","Yes

Justification: The text states that despite antibiotics and aggressive debridement, the mortality rate remains high (context [2]).",0.5714
fixed_bm25,fixed,bm25,mistral,Is it appropriate to implant kidneys from elderly donors in young recipients?,yes,maybe,0,1,generation_failure,"kidneys from elderly donors tend to be implanted in recipients who are also elderly. we present the results obtained after 10 years of evolution on transplanting elderly kidneys into young recipients. ninety - one consecutive transplants are studied, carried out in our center with kidneys from cadaver donors older than 60 years implanted in recipients younger than 60 years. the control group is made up of 91 transplants, matched with those from the study group, whose donor and recipient were younger than 60 years. of the 55 potential heart donors, 20 exhibited an fac of less than 50 %. forty hearts were harvested, 36 of which were successfully transplanted. nine patients had an fac below 50 % ( group h2 ) and 27 had an fac over 50 % ( group h1 ). four patients died : 2 from hemorrhage ( fac > 50 % in donors ) ; 1 from right and one from left ventricular dysfunction ( fac < 50 % in donors ). the fac increased significantly from 51 + / - 15 % to 57 + / - 11 % in 18 hearts that underwent tee in donors and afterwards in recipients. overall actuarial survival was 86. 2 % versus 64. 6 % at 1 and 2 years in group h1 and group h2, respectively ( p = ns ). the precise correction of refractive error is especially important in young adults. it is unclear whether cycloplegic refraction is necessary in this age group. the purpose of this study was to compare the non - cycloplegic and cycloplegic spherical equivalent ( se ) refractive error measured in young adults. racial differences in asthma care are not fully explained by socioeconomic status, care access, and insurance status. appropriate care requires accurate physician estimates of severity. it is unknown if accuracy of physician estimates differs between black and white patients, and how this relates to asthma care disparities.","Maybe

Justification: The context presents the results of 10 years of transplanting elderly kidneys into young recipients, showing that overall actuarial survival was 86.2% versus 64.6% at",0.7727
fixed_bm25,fixed,bm25,mistral,Do provider service networks result in lower expenditures compared with HMOs or primary care case management in Florida's Medicaid program?,yes,yes,1,1,success,"to determine the impact of florida ' s medicaid demonstration 4 years post - implementation on per member per month ( pmpm ) medicaid expenditures and whether receiving care through hmos versus provider service networks ( psns ) in the demonstration was associated with pmpm expenditures. data : florida medicaid claims from two fiscal years prior to implementation of the demonstration ( fy0405, fy0506 ) and the first four fiscal years after implementation ( fy0607 - fy0910 ) from two urban demonstration counties and two urban non - demonstration counties. among ssi enrollees, the demonstration resulted in lower increases in pmpm expenditures over time ( $ 40 ) compared with the non - demonstration counties ( $ 186 ), with demonstration psns lowering pmpm expenditures by $ 7 more than hmos. savings were also seen among tanf enrollees but to a lesser extent. a difference - in - difference approach was used to compare changes in enrollee expenditures before and after implementation of the demonstration overall and specifically for hmos and psns. driving distances and times from patient residence to primary care provider were calculated for 3, 917 breast, colorectal ( crc ) and lung cancer medicaid patients in washington state from 1997 to 2003 using mapquest. com. we fitted regression models of stage at diagnosis and time - to - treatment ( number of days between diagnosis and surgery ) to test the hypothesis that travel burden is associated with timely diagnosis and treatment of cancer. the surgical management of 36 of 46 patients ( 78 percent ) was unchanged as a result of position emission tomography, even though position emission tomography upstaged disease in 3 of 36 cases ( 8 percent ) and downstaged disease in 5 of 36 cases ( 14 percent ). in 8 of 46 cases ( 17 percent ), management was altered because of the position emission tomography scan findings, including 6 cases ( 13 percent ) in which surgery was cancelled and 2 other cases ( 4 percent ) in which the radiotherapy field was changed. where available, follow - up confirmed the appropriateness of position emission tomography - induced management change in each case. two patients had a change in therapy independent of the position emission tomography scan due to clinical circumstances. overall tumor stage was changed following position emission tomography in 18 of 46 patients ( 39 percent ).","Yes

Justification: The context states that among SSI enrollees, the demonstration resulted in lower increases in pmpm expenditures over time compared with the non-demonstration counties, with demonstration PS",0.7368
fixed_bm25,fixed,bm25,mistral,Assessment of carotid artery stenosis before coronary artery bypass surgery. Is it always necessary?,no,maybe,0,1,generation_failure,"extracranial internal carotid artery stenosis is a risk factor for perioperative stroke in patients undergoing coronary artery bypass surgery ( cab ). although selective and non - selective methods of preoperative carotid screening have been advocated, it remains unclear if this screening is clinically relevant. aim : to test whether selective carotid screening is as effective as non - selective screening in detecting significant carotid disease. impaired fasting glucose ( ifg ) below the diagnostic threshold for diabetes mellitus ( dm ) is associated with macrovascular pathology and increased mortality after percutaneous coronary interventions. the study goal was to determine whether pre - operative fasting blood glucose ( fb - glu ) is associated with an increased mortality after coronary artery bypass grafting ( cabg ). in 14 healthy pigs, blood flow was measured in the ascending aorta, left anterior descending ( lad ), circumflex ( cx ), right coronary artery ( rca ), right common carotid artery ( rcca ), and left internal mammary artery ( lima ), along with left - and right - ventricular pressures ( lvp and rvp ), aortic pressure ( aop ), and pulmonary artery pressure ( pap ). cardiac troponin ( ctn ), interleukin 6 and 10 ( il - 6 and il - 10 ), and tumor necrosis factor a ( tnf - a ) were measured in coronary sinus blood samples. the experimental ( ir ) group ( n = 10 ) underwent 60 min of lung ischemia followed by 60 min of reperfusion by clamping and releasing the left pulmonary hilum. simultaneous measurements of all parameters were made at baseline and during ir. the control group ( n = 4 ) had similar measurements without lung ir. the use of a balloon expandable stent valve includes balloon predilatation of the aortic stenosis before valve deployment. the aim of the study was to see whether or not balloon predilatation is necessary in transcatheter aortic valve replacement ( tavi ). thirty - five young obese males and 23 age - matched healthy male volunteers were recruited into the study. common carotid artery pulsatility index and resistance index were calculated from blood flow velocities curves obtained by pulsed doppler ultrasonography.","Maybe

Justification: The context suggests that the necessity of carotid artery stenosis assessment before coronary artery bypass surgery is unclear, as stated in [1]. However, it does not explicitly state that it is",0.4000
fixed_bm25,fixed,bm25,mistral,Should direct mesocolon invasion be included in T4 for the staging of gastric cancer?,maybe,maybe,1,1,success,"one of the sites most frequently invaded by gastric cancer is the mesocolon ; however, the uicc does not mention this anatomical site as an adjacent structure involved in gastric cancer. the purpose of this study was to characterize and classify mesocolon invasion from gastric cancer. we examined 806 patients who underwent surgery for advanced gastric carcinoma from 1992 to 2007 at the department of surgery, gangnam severance hospital, korea. among these, patients who showed macroscopically direct invasion into the mesocolon were compared to other patients with advanced gastric cancer. the curability, number and extent of nodal metastasis, and the survival of the mesocolon invasion group were significantly worse than these factors in the t3 group. however, the survival of the mesocolon invasion group after curative resection was much better than that of patients who had incurable factors. warfarin increases both the likelihood and the mortality of intracerebral hemorrhage ( ich ), particularly in patients with a history of prior ich. in light of this consideration, should a patient with both a history of ich and a clear indication for anticoagulation such as nonvalvular atrial fibrillation be anticoagulated? in the absence of data from a clinical trial, we used a decision - analysis model to compare the expected values of 2 treatment strategies - warfarin and no anticoagulation - for such patients. the histological analysis revealed that w - d hccs had lower incidences of fibrous capsule formation ( p < 0. 01 ), when compared to l - d hccs. there were no significant differences in the incidence of intrahepatic metastasis, or portal vein invasion. in a resected specimen of w - d hcc, barium sulfate and gelatin were injected into portal vein and a transparent specimen was made. the transparent specimen showed that the portal vein in the tumor seemed to be intact. microscopically, cancer cell infiltration into the fibrous frame of the portal tract was present. there were no significant differences in the disease free survival between the two groups. an analysis of tumor volume doubling time in recurrent foci suggested that minute cancerous foci had been present at the time of operation.","Maybe

Justification: The study suggests that direct mesocolon invasion from gastric cancer significantly worsens the curability, number and extent of nodal metastasis, and survival compared to T3 group. However, the survival",0.8182
fixed_bm25,fixed,bm25,mistral,Do Surrogates of Injury Severity Influence the Occurrence of Heterotopic Ossification in Fractures of the Acetabulum?,maybe,yes,0,1,generation_failure,"to determine the relationship between injury severity surrogates and other patient factors with the development and severity of heterotopic ossification ( ho ) following open reduction internal fixation of acetabular fractures treated with a posterior approach. to assess if the hawkins sign can predict whether or not astragalus fractures of the neck will develop avascular necrosis. it is also assessed whether the occurrence of this complication is related to the displacement of the fracture, soft tissue injury, or delay in the reduction or surgery. the results were compared with those found in the literature. traumatic aortic injury ( tai ) is a rare but life - threatening type of injury. we investigate whether the anatomy of the aortic arch influences the severity of aortic injury. the occurrence and severity ( brooker grade iii / iv ) of ho 6 months postsurgery. injury severity score ( iss ), glasgow coma score ( gcs ), and revised trauma score ( rts ) are the most frequently used methods to evaluate the severity of injury in blunt trauma patients. iss is too complicated to assess easily and gcs and rts are easy to assess but somewhat subjective. white blood cell count ( wbc ) is an easy, quick and objective test. this study was performed to evaluate the significance of the wbc count at presentation in the blunt trauma patients.","Yes

Justification: The context mentions that the study is conducted to determine the relationship between injury severity surrogates and the development and severity of heterotopic ossification following open reduction internal fixation of acetabular",0.7619
fixed_bm25,fixed,bm25,mistral,Does pretreatment with statins improve clinical outcome after stroke?,no,maybe,0,1,generation_failure,"in primary and secondary prevention trials, statins have been shown to reduce the risk of stroke. in addition to lipid lowering, statins have a number of antiatherothrombotic and neuroprotective properties. in a preliminary observational study, we explored whether clinical outcome is improved in patients who are on treatment with statins when stroke occurs. we conducted a population - based case - referent study of 25 - to 74 - year - old stroke patients with, for each case of a patient who was on statin treatment at the onset of stroke ( n = 125 ), 2 referent patients who were not treated with statins but were matched for age, gender, year of onset, and stroke subtype ( n = 250 ). the unadjusted odds ratio for early discharge to home ( versus late discharge or death ) was 1. 41 ( 95 % ci 0. 91 to 2. 17 ) when patients on statin treatment were compared with referent stroke patients not on statins. prognostic factors were, in general, more unfavorable among patients on statins. when this was adjusted for in a logistic regression model, the use of statins was a moderately strong but statistically nonsignificant predictor of discharge to home ( multiple - adjusted odds ratio 1. 42, 95 % ci 0. 90 to 2. 22 ). this clinical study investigated whether the vascular - guided multilayer preauricular approach ( vmpa ) to the temporomandibular joint ( tmj ) could improve access and decrease complications. this randomized single - blinded single - center clinical trial involved 320 patients undergoing elective pci who were randomized to either receive three 5 - min cycles of ischemia by inflation of a cuff on the non - dominant arm to 200 mm hg ( remote postischemic conditioning ) or to placebo ( uninflated cuff ). the primary outcome variable was the maximum increase in troponin in the first 24 h. the secondary outcome variable was readmission due to heart failure or cardiovascular mortality after 1 year of follow - up. in addition, a diabetic population was studied.","Maybe

Justification: The study shows that patients on statin treatment were more likely to be discharged to home, but this was a moderately strong but statistically nonsignificant predictor after adjusting for prognostic",0.6842
fixed_bm25,fixed,bm25,mistral,Processing fluency effects: can the content and presentation of participant information sheets influence recruitment and participation for an antenatal intervention?,yes,yes,1,1,success,"to assess the extent to which the title and font of participant information sheets ( piss ) can influence pregnant women ' s and trainee midwives ' perceptions of an antenatal intervention. students followed 621 cases, representing a sampling of 14. 1 % day surgery cases. categories of problems highlighted by students included inappropriate patient and procedure selection, inadequate pain management, discharge, communication and resource issues. students made a number of recommendations including the development of multilingual videotapes and patient information sheets for non - english speaking patients, avoidance of bilateral surgical procedures and improved links with local medical officers. they also developed new guidelines and protocols. we reviewed all cases of neonatal testicular torsion occurring at our institution between the years 1999 and 2006. age at presentation, physical examination, ultrasonographic and intraoperative findings were recorded. patients were followed after initial surgical intervention to determine the likelihood of developing a subsequent hydrocele or hernia. the anesthetical - surgical procedure presented a mortality rate of 3. 125 % ( 1 : 32 ) and a morbidity rate of 6. 25 % ( 2 : 32 ). it was evidenced an initial mean blood glucose = 199. 4 mg / dl and the end = 326. 1 mg / dl. in spite of extended fasting ( minimum of 2 hours for the absolute fasting and maximum of 8. 5 hours for liquids, and 20. 5 hours for solids ) all animals presented at the end of the surgical procedure any gastric content and a blood glucose increase. those with fasting for liquids and solids when compared to the quantity of solid gastric content, presented a moderate negative degree of correlation. plant acclimation in the cold ( 2 degrees c ) brought about retardation of leaf expansion, concomitant with development of freezing resistance. these effects were associated with the increases in leaf tensile stiffness, cell wall and pectin contents, pectin methylesterase ( ec 3. 1. 1. 11 ) activity and the low - methylated pectin content, independently of the genotype studied. however, the cold - induced modifications in the cell wall properties were more pronounced in the leaves of the more pathogen - resistant genotype. de - acclimation promoted leaf expansion and reversed most of the cold - induced effects, with the exception of pectin methylesterase activity.","Yes

Justification: The context [1] states that the title and font of participant information sheets can influence pregnant women's and trainee midwives' perceptions of an antenatal intervention, implying that the content and presentation of",0.7826
fixed_bm25,fixed,bm25,mistral,Sternal fracture in growing children : A rare and often overlooked fracture?,maybe,yes,0,1,generation_failure,"a total of 4 children aged 5 - 14 years with a sternal fracture were treated in 2 years, 2 children were hospitalized for pain management and 2 remained in outpatient care. sternal fractures in childhood are rare. the aim of the study was to investigate the accident mechanism, the detection of radiological and sonographical criteria and consideration of associated injuries. hip fracture in geriatric patients has a substantial economic impact and represents a major cause of morbidity and mortality in this population. at our institution, a regional anesthesia program was instituted for patients undergoing surgery for hip fracture. this retrospective cohort review examines the effects of regional anesthesia ( from mainly after july 2007 ) vs general anesthesia ( mainly prior to july 2007 ) on morbidity, mortality and hospitalization costs. of the 43 patients included in the study, 38 were male, 5 were female, and the average age was 24. 9. the average intervention time of the patients was 5. 44 days. twenty - eight ( 65 % ) of 43 patients were satisfied with the result, whereas 15 ( 35 % ) patients were not happy with their operation. in a comparison of patient satisfaction rates according to fracture type, the mild fracture group had a higher satisfaction rate compared to the severe fracture group. only patients with isolated nasal fractures were included in the study. patients with additional maxillofacial fractures and patients whose application time to our clinic was more than 10 days after the trauma were excluded. patients were classified into 5 types according to their fracture. all patients underwent closed reduction and external fixation under local anesthesia. patients were asked about their satisfaction in a survey at 28th day and sixth month after the surgery. patients were divided into groups according to fracture type and intervention time, and the results of the survey were evaluated.","Yes

Justification: The context states that sternal fractures in childhood are rare (context [2]).",0.5556
fixed_bm25,fixed,bm25,mistral,Is there a correlation between androgens and sexual desire in women?,yes,maybe,0,1,generation_failure,"for women, the correlation between circulating androgens and sexual desire is inconclusive. substitution with androgens at physiological levels improves sexual function in women who experience decreased sexual desire and androgen deficiency from surgical menopause, pituitary disease, and age - related decline in androgen production in the ovaries. measuring bioactive testosterone is difficult and new methods have been proposed, including measuring the primary androgen metabolite androsterone glucuronide ( adt - g ). aim : the aim of this study was to investigate a possible correlation between serum levels of androgens and sexual desire in women and whether the level of adt - g is better correlated than the level of circulating androgens with sexual desire. sexual desire correlated overall with ft and androstenedione in the total cohort of women. in a subgroup of women aged 25 - 44 years with no use of systemic hormonal contraception, sexual desire correlated with tt, ft, androstenedione, and dheas. in women aged 45 - 65 years, androstenedione correlated with sexual desire. no correlations between adt - g and sexual desire were identified. sexual desire was determined as the total score of the sexual desire domain of the female sexual function index. total testosterone ( tt ), calculated free testosterone ( ft ), androstenedione, dehydroepiandrosterone sulfate ( dheas ), and adt - g were analyzed using mass spectrometry. intergroup comparison showed lower levels of primary stability when the bmd of trabecular bone was lower and in the absence of cortical bone ( p≤. 05 ). the pearson correlation test showed correlation between trabecular number, trabecular thickness, bv / tv, trabecular bmd, total bmd, and it, ptv, and ps. there was correlation between cortical thickness and it and ps ( p≤. 05 ). to determine whether there is a relationship between vegf expression and renal vein and vena cava invasion in stage pt3 renal cell carcinoma and to evaluate the impact of vegf expression on survival in pt3 renal cell carcinoma.","Maybe

Justification: The context states that sexual desire correlated with androgens in some subgroups of women, but not in all cases, suggesting a possible correlation but not a definitive one.",0.3889
fixed_bm25,fixed,bm25,mistral,Does immediate breast reconstruction compromise the delivery of adjuvant chemotherapy?,no,maybe,0,1,generation_failure,"immediate breast reconstruction ( ibr ) provides psychological benefit to many early breast cancer patients however concerns persist regarding its potential impact on chemotherapy delivery. we investigated the association between ibr, complications and adjuvant chemotherapy delivery. retrospective analysis of patients in an academic breast service, who underwent mastectomy, with or without reconstruction, and received adjuvant chemotherapy. the outcomes of interest were margins, lymph node yield, receipt of neoadjuvant chemoradiation, adjuvant chemotherapy, readmission within 30 days, 30 - day and 90 - day mortality, and 5 - year overall survival. to evaluate the impact of her2 immunoreactivity on clinical outcome in locally advanced urothelial carcinoma patients who received surgery alone, or methotrexate, vinblastine, epirubicin, and cisplatin ( m - vec ) as adjuvant chemotherapy. a retrospective analysis of 136 breasts of 134 patients, who received breast - conserving oncoplastic surgery for low - risk breast cancer between 2002 and 2010 in the universities of vienna and luebeck followed by adjuvant apbi applying total doses of pulse dose rate of 50. 4 gy or high - dose rate ( hdr ) of 32 gy over 4 days. target volume definition was performed by the use of surgical - free margin data, related to intraoperatively fixed clip positions, pre - and postoperative imaging, and palpation.","Maybe

Justification: The context mentions that concerns persist regarding the potential impact of immediate breast reconstruction (ibr) on chemotherapy delivery, but it does not provide definitive evidence that ibr always compromises the delivery of adjuvant",0.5455
fixed_bm25,fixed,bm25,mistral,Human papillomavirus and pterygium. Is the virus a risk factor?,maybe,maybe,1,1,success,"pterygium is a disease of unknown origin and pathogenesis that might be vision threatening. it is characterised by a wing - like conjunctival overgrowth of the cornea. several studies have investigated human papillomavirus ( hpv ) as a risk factor for the development of pterygia, but the results are inconclusive. aim : to investigate a large sample of pterygia for the presence of hpv in order to clarify the putative association between pterygia and hpv. combining various antiretroviral agents into one single dosage form has been a strategy to reduce pill burden and enhance medication adherence among human immunodeficiency virus / aids ( hiv / aids ) patients. elevated resting heart rate ( rhr ) is a neglected marker in cardiovascular risk factor studies of sub - saharan african populations. this study aimed to determine the prevalence of elevated rhr and other risk factors for cardiovascular disease ( cvd ) and to investigate any associations between rhr and these risk factors in a rural population in ghana. to critically assess the evidence that appendiceal perforation is a risk factor for subsequent tubal infertility or ectopic pregnancy. it is commonly accepted that pathological gambling results from the interaction of multiple risk factors. among these, dopamine replacement therapy ( drt ) prescribed for parkinson disease can be cited. another dopamine agonist, aripiprazole, could be a new risk factor. we decided to explore this potential adverse drug reaction ( adr ).","Maybe

Justification: The context mentions that several studies have investigated human papillomavirus (HPV) as a risk factor for the development of pterygia, but the results are inconclusive.",0.7500
fixed_bm25,fixed,bm25,mistral,Can PRISM predict length of PICU stay?,no,yes,0,1,generation_failure,"prism is claimed to score disease severity which has attributed an impact on length of picu stay ( los ). retrospectively we performed correlation and regression analyses on routinely scored prism data of all consecutive admissions to our level - iii picu from 1994 to 1999 ( n > 2000 ) with individual los. in addition, an ann was trained on the chronologically first 75 % of those data ( inputs, prism items + age + sex ; output, los ). the ann ' s performance was tested on the remaining most recent 25 % of the data sets. recurrence of cholangitis and length of hospital stay after clearance of cbd stones. the short stay ward accounted for 10. 3 % ( westmead hospital ) and 14. 7 % ( new children ' s hospital ) of admissions, with 56 % medical in nature, 30 % surgical, and the remainder procedural or psychological. admission patterns were similar, with asthma, gastroenteritis, convulsion, pneumonia, and simple surgical conditions accounting for most short stay ward admissions. the short stay ward increased hospital efficiency with an average length of stay of 17. 5 hours ( westmead hospital ) compared to 20. 5 hours ( new children ' s hospital ). the users of the short stay ward were children of young age less than 2 years, with stay greater than 23 hours reported in only 1 % of all admissions to the short stay ward. the rate of patient admission to an in - hospital bed was low, ( 4 % [ westmead hospital ] compared to 6 % [ new children ' s hospital ] ), with the number of unscheduled visits within 72 hours of short stay ward discharge less than 1 %. there were no adverse events reported at either short stay ward, with parental satisfaction high. the short stay ward was developed through reallocation of resources from within the hospital to the short stay ward. this resulted in this is a descriptive comparison of prospectively collected data on all children admitted to the short stay ward at westmead hospital ( wh ) during 1994 and the short stay ward at the new children ' s hospital ( nch ) during 1997 - 98. these hospitals service an identical demographic area with the latter ( nch ) a tertiary referral center. the following outcome measures were used : length of stay, appropriateness of stay, rate of admission to an in - hospital bed, and rate of unscheduled visits within 72 hours of discharge. adverse events were reported and patient follow - up was attempted at 48 hours after discharge in all cases.","Yes

Justification: The context mentions that correlation and regression analyses were performed on PRISM data with individual length of PICU stay (LOS), and an artificial neural network (ANN) was trained on the PR",0.6190
fixed_bm25,fixed,bm25,mistral,Can predilatation in transcatheter aortic valve implantation be omitted?,yes,maybe,0,1,generation_failure,"the use of a balloon expandable stent valve includes balloon predilatation of the aortic stenosis before valve deployment. the aim of the study was to see whether or not balloon predilatation is necessary in transcatheter aortic valve replacement ( tavi ). sixty consecutive tavi patients were randomized to the standard procedure or to a protocol where balloon predilatation was omitted. the mean aortic arch index and mean aortic arch angle were 6. 8 cm and 58. 3°, respectively, in the type i injury group ; 4. 4 cm and 45. 9° in the type iii group ; 3. 3 cm and 37° in the type iv group. there were substantial differences in both the aortic arch index and the aortic arch angle of the type iii and iv groups. a multivariate analysis confirmed that the aortic arch angle was significantly associated with the occurrence of type iii damage ( or 1. 5 ; 95 % ci 1. 03 - 2. 2 ). this is a retrospective study of twenty - two cases treated with tevar for tai in our department from 2009 to 2014. aortic injury was assessed in accordance with the recommendations of the society of vascular surgery. we measured the aortic arch angle and the aortic arch index, based on the initial angio - ct scan, in each of the analyzed cases. six human cadaver knees were tested before implantation, after implantation with a bicruciate - retaining unicompartmental knee prosthesis, and after implantation with a posterior cruciate - retaining tricompartmental knee prosthesis. the unicompartmental prosthesis was initially implanted, and it was then revised to a total condylar knee replacement. the knee kinematics were measured with use of an electromagnetic tracking device while the knee was put through dynamic simulated stair - climbing under peak flexion moments of approximately 40 n - m. quadriceps tension was also measured for all three conditions.","Maybe

Justification: The study suggests that balloon predilatation may not be necessary in transcatheter aortic valve replacement (tavi), but the results are based on a specific protocol and a retrospective analysis",0.6842
fixed_bm25,fixed,bm25,mistral,Autoerotic asphyxiation: secret pleasure--lethal outcome?,yes,yes,1,1,success,"voluntary asphyxiation among children, preteens, and adolescents by hanging or other means of inducing hypoxia / anoxia to enhance sexual excitement is not uncommon and can lead to unintended death. this study addresses autoerotic asphyxiation ( aea ) with the intent of increasing pediatricians ' knowledge of the syndrome and awareness of its typical onset among young patients. aea is characteristically a clandestine and elusive practice. provided with relevant information, pediatricians can identify the syndrome, demonstrate a willingness to discuss concerns about it, ameliorate distress, and possibly prevent a tragedy. in a study in france, breaching confidentiality in 48 scenarios were accepted by 144 lay people, 10 psychologists and 7 physicians. the scenarios were all possible combinations of five factors : severity of the disease ( severe, lethal ) ; time taken to discuss this with ( little time, much time ) ; intent to inform the spouse about the disease ( none, one of these days, immediately ) ; intent to adopt protective behaviours ( no intent, intent ) ; and decision to consult an expert in stds ( yes, no ), 2 x 2 x 3 x 2 x 2. the importance and interactions of each factor were determined, at the group level, by performing analyses of variance and constructing graphs. to evaluate surgical outcome and survival benefit after quaternary cytoreduction ( qc ) in epithelial ovarian cancer ( eoc ) relapse. gp symptoms, healthcare resource utilization using investigator - derived independent outcome measure score ( idioms ) and total hospital ( inpatient and outpatient ) billing costs. the purpose of this study is to determine if baseline antral follicle assessment may serve as additional information in predicting in vitro fertilization outcome.","Yes

Justification: The context mentions that autoerotic asphyxiation (AEA) can lead to unintended death.",0.7273
fixed_bm25,fixed,bm25,mistral,Major depression and alcohol use disorder in adolescence: Does comorbidity lead to poorer outcomes of depression?,no,yes,0,1,generation_failure,"comorbid major depression ( md ) and alcohol use disorder ( aud ), particularly in adolescents, have been shown to be associated with poorer subsequent md outcomes. interference from irrelevant negative material might be a key mechanism underlying intrusive ruminative thoughts in depression. considering commonalities between depression and social anxiety and the presence of similar intrusive thoughts in social anxiety, the current study was designed to assess whether interference from irrelevant material in working memory is specific to depression or is also present in social anxiety disorder. although record linkage of routinely collected health datasets is a valuable research resource, most datasets are established for administrative purposes and not for health outcomes research. in order for meaningful results to be extrapolated to specific populations, the limitations of the data and linkage methodology need to be investigated and clarified. it is the objective of this study to investigate the differences in ascertainment which may arise between a hospital admission dataset and a dispensing claims dataset, using major depression in pregnancy as an example. the safe use of antidepressants in pregnancy is an ongoing issue for clinicians with around 10 % of pregnant women suffer from depression. as the birth admission will be the first admission to hospital during their pregnancy for most women, their use of antidepressants, or their depressive condition, may not be revealed to the attending hospital clinicians. this may result in adverse outcomes for the mother and infant. from 2002 to 2005, there were 96698 births in wa. at least one antidepressant was dispensed to 4485 ( 4. 6 % ) pregnant women. there were 3010 ( 3. 1 % ) women with a comorbidity related to depression recorded on their delivery admission, or other admission to hospital during pregnancy. there were a total of 7495 pregnancies identified by either set of records. using data linkage, we determined that these records represented 6596 individual pregnancies. only 899 pregnancies were found in both groups ( 13. 6 % of all cases ). 80 % of women dispensed an antidepressant did not have depression recorded as a comorbidity on their hospital records. a simple capture - recapture calculation suggests the prevalence of depression in this population of pregnant women to be around 16 %. population - based de - identified data were provided from the western australian data linkage system linking the administrative health records of women with a delivery to related records from the midwives ' notification system, the hospital morbidity data system and the national pharmaceutical benefits scheme dataset. the women with depression during their pregnancy were ascertained in two ways : women with dispensing records relating to dispensed antidepressant medicines with an who atc code to the 3rd level, pharmacological subgroup, ' n06a antidepressants ' ; and, women with any hospital admission during pregnancy, including the birth admission, if a comorbidity was recorded relating to depression.","Yes

Justification: The context states that comorbid major depression and alcohol use disorder in adolescents are associated with poorer subsequent depression outcomes ([1]).",0.7500
fixed_bm25,fixed,bm25,mistral,Cold preparation use in young children after FDA warnings: do concerns still exist?,yes,yes,1,1,success,"to characterize the use and delivery of cough and cold medicines in children younger than 6 presenting to an inner - city pediatric emergency department ( ped ) following 2007 fda warnings. first, to establish whether a deprivation gradient in all - cause mortality exists for all ethnic groups within new zealand ; second, if such gradients do exist, whether their absolute slopes are the same ; and third, if such gradients exist, what impact the unequal deprivation distributions of the different ethnic groups have on the observed ethnic inequalities in life expectancy at birth. despite surgical refinements, perioperative use of tracheobronchoscopy ( tbs ) as part of surgical approach to esophageal atresia ( ea ) is still controversial. the purpose of this study was to evaluate the influence of preoperative tbs in newborns with ea in preventing complications and improving diagnosis and surgical treatment. prior literature identified the use of performance measurement systems ( pms ) as crucial in addressing improved processes of care. moreover, a strategic use of pms has been found to enhance quality, compared to non - strategic use, although a clear understanding of this linkage is still to be achieved. this paper deals with the test of direct and indirect models related to the link between the strategic use of pms and the level of improved processes in health care organizations. indirect models were mediated by the degree of perceived managerial discretion. voluntary asphyxiation among children, preteens, and adolescents by hanging or other means of inducing hypoxia / anoxia to enhance sexual excitement is not uncommon and can lead to unintended death. this study addresses autoerotic asphyxiation ( aea ) with the intent of increasing pediatricians ' knowledge of the syndrome and awareness of its typical onset among young patients. aea is characteristically a clandestine and elusive practice. provided with relevant information, pediatricians can identify the syndrome, demonstrate a willingness to discuss concerns about it, ameliorate distress, and possibly prevent a tragedy.","Yes

Justification: The context mentions the characterization of the use and delivery of cough and cold medicines in children younger than 6 presenting to an inner-city pediatric emergency department following 2007 FDA warnings",0.7917
fixed_bm25,fixed,bm25,mistral,Does a 4 diagram manual enable laypersons to operate the Laryngeal Mask Supreme®?,yes,yes,1,1,success,"bystander resuscitation plays an important role in lifesaving cardiopulmonary resuscitation ( cpr ). a significant reduction in the "" no - flow - time "", quantitatively better chest compressions and an improved quality of ventilation can be demonstrated during cpr using supraglottic airway devices ( sads ). previous studies have demonstrated the ability of inexperienced persons to operate sads after brief instruction. the aim of this pilot study was to determine whether an instruction manual consisting of four diagrams enables laypersons to operate a laryngeal mask supreme® ( lmas ) in the manikin. an instruction manual of four illustrations with speech bubbles displaying the correct use of the lmas was designed. laypersons were handed a bag containing a lmas, a bag mask valve device ( bmv ), a syringe prefilled with air and the instruction sheet, and were asked to perform and ventilate the manikin as displayed. time to ventilation was recorded and degree of success evaluated. 114 individuals trained in basic life support and bag - valve - mask ventilation participated in this study. individual characteristics were obtained by the observer and the education and practice level were described by the subjects. ventilation was delivered with a manual resuscitator connected to a microspirometer and volumes were measured. subjects completed three procedures : one - handed, two - handed and two - handed half - compression. mechanically ventilated patients experience profound stress. interventions are needed to ameliorate stress that does not cause adverse effects. the purpose of this study was to explore the influence of music on stress in a sample of patients over the duration of ventilatory support. research methodology / epidemiologic studies investigating the relationship between appendectomy and infertility or ectopic pregnancy were identified by searching the medline database from 1966 to 1997. appropriate citations were also extracted from a manual search of the bibliographies of selected papers.","Yes

Justification: The study in the context demonstrates that laypersons were able to operate the Laryngeal Mask Supreme® after being handed a 4 diagram instruction manual ([2]).",0.5263
fixed_bm25,fixed,bm25,mistral,Can we measure mesopic pupil size with the cobalt blue light slit-lamp biomicroscopy method?,no,maybe,0,1,generation_failure,"the aim of this work is to assess a previously described slit - lamp biomicroscopy - based method ( slbm ) for measuring pupil diameter and compare it to colvard infrared pupillometry ( cip ). identifying high - risk patients and procedures can help ensure that appropriate measures are taken to minimize neurological complications during spinal deformity corrections. subjectively, surgeons look at radiographs and evaluate the riskiness of the procedure. however, 2 curves of similar magnitude and location can have significantly different risks of neurological deficit during surgery. whether the curve spans many levels or just a few can significantly influence surgical strategies. lenke et al have proposed the dar, which is a measure of curve magnitude per level of deformity. two examiners performed three repeated measurements with each instrument in 40 healthy eyes. we determined the agreement of slbm and cip, intraobserver and interobserver repeatabilities, and interobserver concordance ( kappa ) and slbm ability for detecting pupil sizes over 6. 0 mm. to investigate whether intravenous opioid pct can be an effective therapeutic method to reduce breathlessness in patients with advanced disease. secondary aims were to study the feasibility and acceptance of opioid pct in patients with refractory breathlessness. litt induces an opening of the bbb as demonstrated by locoregional extravasation of evans blue, c3c, fibrinogen, and igm. hplc proved the passage of paclitaxel across the disrupted bbb.","Maybe

Justification: The context does not explicitly state that the slit-lamp biomicroscopy method can measure mesopic pupil size, but it does mention that the method is used to measure pupil diameter, which could",0.4500
fixed_bm25,fixed,bm25,mistral,Should circumcision be performed in childhood?,no,maybe,0,1,generation_failure,"to evaluate prepuce development and retractibility in a group of boys. to point out the value of circumcision and prepucial forced dilation during childhood. warfarin increases both the likelihood and the mortality of intracerebral hemorrhage ( ich ), particularly in patients with a history of prior ich. in light of this consideration, should a patient with both a history of ich and a clear indication for anticoagulation such as nonvalvular atrial fibrillation be anticoagulated? in the absence of data from a clinical trial, we used a decision - analysis model to compare the expected values of 2 treatment strategies - warfarin and no anticoagulation - for such patients. sternal fractures in childhood are rare. the aim of the study was to investigate the accident mechanism, the detection of radiological and sonographical criteria and consideration of associated injuries. although the players tended to believe that the headgear could prevent concussion ( 62 % ), the coaches were less convinced ( 33 % ). despite the players ' belief that headgear offers protection against concussion, only a minority reported wearing headgear ( 27 % ) and few ( 24 % ) felt that its use should be made mandatory. common reasons for not wearing headgear were "" its use is not mandatory "", "" it is uncomfortable "", and "" it costs too much "". in boys under 1 year prepuce retractibility ( assessed only in children who did not undergo forced dilation previously ) was type i ( non retractile ) in 71. 5 % whereas type v ( completely retractile ) was only 5. 5 %. in adolescent boys type i prepuce was observed in 1 boy only, 1. 6 %, whereas type v was observed in 82. 3 %. furthermore, it was observed that at the time of examination for the study 106 boys who had undergone forced dilation at an earlier age had balano - prepucial adhesions again, which demonstrates that prepuce adheres again to glans penis in many boys after a forced dilation is performed. only 11 boys were considered in need for circumcision, three of them for prepucial orifice stenosis, which prevented normal micturition, causing a prepucial sac, one case due to a constrictive ring below the prepucial edge that would have prevented ulterior retractability, two cases with repetitive balanopostitis, and five cases secondary to xerosol balanitis, accounting for 2. 7 % of all examined boys.","Maybe

Justification: The text suggests that circumcision may be beneficial for prepuce development and retractibility in boys, but it also mentions that only a small percentage of boys (1.6%) were found to need circum",0.4286
fixed_bm25,fixed,bm25,mistral,Does a colonoscopy after acute diverticulitis affect its management?,no,maybe,0,1,generation_failure,"medical records of 220 patients hospitalized for acute diverticulitis between june 1, 2002 and september 1, 2009 were reviewed. acute diverticulitis was diagnosed by clinical criteria and characteristic ct findings. fifteen patients were excluded either because of questionable ct or hematochezia. mean age was 61. 8±14. 3 years ( 61 % females ). clinical parameters, laboratory results, imaging, endoscopic and histopathological reports, and long - term patients ' outcome were analyzed. one hundred patients ( aged 61. 8±13. 3 y, 54. 1 % females ), underwent an early ( 4 to 6 wk ) colonoscopy after hospital discharge. there were no significant differences in patients ' characteristics or survival between those with or without colonoscopy ( 4±1. 9 vs. 4. 2±2. 1 y, p = 0. 62 ). no colonic malignancy was detected. however, in 32 patients ( 32 % ) at least 1 polyp was found. only 1 was determined as an advanced adenoma. no new or different diagnosis was made after colonoscopy. an osce test - format ( seven stations : advanced cardiac life support ( acls ), basic life support ( bls ), trauma - management ( tm ), pediatric - emergencies ( pe ), acute - coronary - syndrome ( acs ), airway - management ( am ), and obstetrical - emergencies ( oe ) ) was administered to 207 medical students in their third year of training after they had received didactics in emergency medicine management. participants were randomly assigned to one of the two simultaneously run tracks : either with se ( n = 110 ) or with fe ( n = 98 ). students were asked to rate each osce station and to provide their overall osce perception by means of a standardized questionnaire. the independent samples t - test was used and effect sizes were calculated ( cohens d ). the influence of positron emission tomography in the management of recurrent rectal cancer is well established but its role in primary rectal cancer remains uncertain. this study therefore prospectively assesses the impact of position emission tomography scanning on the management of primary rectal cancer. little is known about whether a routinely inserted endoscopic nasobiliary drainage ( enbd ) tube improves the clinical course in patients with choledocholithiasis - induced acute cholangitis after clearance of choledocholithiasis.","Maybe

Justification: The study shows that colonoscopy after acute diverticulitis did not significantly affect the patients' characteristics or survival, but it did find polyps in 32% of the patients. This suggests that",0.5000
fixed_bm25,fixed,bm25,mistral,Do instrumental activities of daily living predict dementia at 1- and 2-year follow-up?,yes,yes,1,1,success,"to investigate whether problems in instrumental activities of daily living ( iadl ) can add to conventionally used clinical measurements in helping to predict a diagnosis of dementia at 1 - and 2 - year follow - up. five hundred thirty - one participants had baseline and 1 - year follow - up assessments ; 69 ( 13. 0 % ) of these had developed dementia at 1 - year follow - up. at 2 - year follow - up, 481 participants were seen, of whom 100 ( 20. 8 % ) had developed dementia. participants with iadl disabilities at baseline had a higher conversion rate ( 24. 4 % ) than participants without iadl disabilities ( 16. 7 % ) ( chi - square = 4. 28, degrees of freedom = 1, p =. 04 ). sem showed that iadl disability could help predict dementia in addition to the measured variables at 1 - year follow - up ( odds ratio ( or ) = 2. 20, 95 % confidence interval ( ci ) = 1. 51 - 3. 13 ) and 2 - year follow - up ( or = 2. 11, 95 % ci = 1. 33 - 3. 33 ). individual data from stroke patients in two randomised controlled trials of intra - muscular botulinum toxin were pooled. the modified ashworth scale ( elbow, wrist, fingers ) was used to calculate a "" composite spasticity index "". data from the arm section of the barthel activities of daily living index ( dressing, grooming, and feeding ) and three subjective measures ( putting arm through sleeve, cleaning palm, cutting fingernails ) were summed to give a "" composite functional index "". change scores and the time of maximum change were also calculated. after surgery, and the remaining 10 ( median age, 81 years ; range, 72 - 86 years ) were studied. of these, five were analyzed at 1 year and five were analyzed at 2 years. acetabular component migration was defined as acceptable if less than the limits for primary tha that predict later loosening ( 1. 76 mm of proximal migration and 2. 53° of sagittal rotation ). the contact surface between the acetabular component and ilium in direct continuity with the sacroiliac joint, and the ischium and pubis in direct continuity with the symphysis pubis, was measured on postoperative ct scans. at the time of data acquisition, 131 of 134 patients were alive. the median follow - up time was 39 months ( range, 4 - 106 months ). after high - dose rate treatment, 3 of 89 patients showed systemic progress after a mean follow - up of 47 months ( range, 19 - 75 months ) and 2 patients had a different quadrant in - breast tumor after 27 and 35 months. one patient died 7 months after treatment of unknown causes. after pulse dose rate treatment, 1 of 45 patients had a local recurrence after 42 months and 1 patient died because of another cause after 13 months. we observed mild fibrosis in 27 breasts, telangiectasia in 6, hyperpigmentation in 14 cases, and keloid formation in 1.","Yes

Justification: The text states that participants with instrumental activities of daily living (IADL) disabilities at baseline had a higher conversion rate to dementia than participants without IADL disabilities (chi-square = 4",0.8182
fixed_bm25,fixed,bm25,mistral,Does the Simultaneous Use of a Neuroendoscope Influence the Incidence of Ventriculoperitoneal Shunt Infection?,no,maybe,0,1,generation_failure,"the relationship between the use of an endoscope during ventriculoperitoneal shunt ( vps ) procedures and infection remains poorly defined. in this study, we sought to analyze whether the simultaneous use of an endoscope could in fact increase the infection rate associated with vps procedures. no significant difference was seen in the prevalence of serovars isolated following a repeat infection compared with those without repeat infections. the site of the initial infection did not appear to influence the subsequent serovar isolated. mechanically ventilated patients experience profound stress. interventions are needed to ameliorate stress that does not cause adverse effects. the purpose of this study was to explore the influence of music on stress in a sample of patients over the duration of ventilatory support. research methodology / this study included 438 vps procedures, 49 in which an endoscope was used ( 11. 2 % ) and 389 in which an endoscope was not used ( 88. 8 % ). the infection rates in these 2 main groups were calculated and compared. subsequently, 4 new groups were created, composed of patients with a shunt inserted for the first time ( groups 1a and 1b ) and patients with a shunt reviewed or inserted for a second time ( groups 2a and 2b ). groups 1a and 2a comprised patients in whom an endoscope was used simultaneously with vps surgery, and groups 1b and 2b comprised patients in whom an endoscope was not used. these groups were compared to determine the infection rate. recent suicide bombings pose the novel problem for trauma centers of the massive simultaneous arrival of many gravely wounded patients.","Maybe

Justification: The study shows a comparison between infection rates in patients where an endoscope was used and those where it was not, but no definitive conclusion can be drawn as the results do not show a significant difference between the two",0.4583
fixed_bm25,fixed,bm25,mistral,"Body perception: do parents, their children, and their children's physicians perceive body image differently?",yes,yes,1,1,success,"to compare children ' s, parents ' and physicians ' perceptions of children ' s body size. we administered a structured questionnaire of body size perception using a descriptive likert scale keyed to body image figures to children ages 12 to 18 years. the same scale was given to parents of children ages 5 to 18 years. the sample consisted of 91 children and their parents being seen in the pediatric gastroenterology clinic for concerns unrelated to overweight. weight and height of the children were measured, and body mass index ( bmi ) was calculated. the children ' s bmi percentiles were categorized as underweight ( < 15th ), normal ( 15th - 85th ), overweight ( 85th - 95th ), and obese ( 95th and above ). the attending physician independently completed the body image and description scale and indicated the figure that most accurately represented the patient without reference to bmi standards. accuracy of the patients ', parents ', and doctors ' estimates were statistically compared. the sample population consisted of 6. 4 % underweight, 70. 5 % normal weight, 7. 7 % overweight, and 15. 4 % obese. forty - four percent of parents underestimated children ' s body size using word descriptions and 47 % underestimated using figures. forty percent of the children underestimated their own body size using descriptions and 43 % underestimated using figures. the physicians in this study had a higher percentage of correct estimates ; however, they underestimated 33 % of the patients using both word descriptions and figures. some obese children were not recognized, and several average children were perceived as underweight. in a prospective study 218 preschool children were enrolled ( stratified in 2 training programs, one specialized for phonologic awareness in order to prevent dyslexia, the other consisting in training of general perception ) during the last year of kindergarten. after finishing the first grade 131 children were compared in their reading and writing abilities. three themes were identified : a ) supporting one ' s wife ; b ) marital needs and obligations ; c ) constrained by a culture of destiny and shame. the first theme was built on men ' s feelings of responsibility for the family ' s health and well - being, their experiences of encouraging their wives to seek health care and their providing counselling and instrumental support. the second theme emerged from men ' s views about other men ' s rejection of a wife inflicted by breast cancer, their own perceptions of diminished femininity due to mastectomy and their own concerns about protecting the family from the hereditary risk of breast cancer. the third theme was seen in men ' s perception of breast cancer as an inevitable act of god that is far away from one ' s own family, in associating breast cancer with improper behaviour and in their readiness to face the culture of eib ( shame ).","Yes

Justification: The study shows that parents, their children, and their children's physicians have different perceptions of children's body size, as indicated by the differences in their estimates using word descriptions and figures ([3]).",0.7143
fixed_bm25,fixed,bm25,mistral,Is a specialised training of phonological awareness indicated in every preschool child?,maybe,maybe,1,1,success,"in a prospective study 218 preschool children were enrolled ( stratified in 2 training programs, one specialized for phonologic awareness in order to prevent dyslexia, the other consisting in training of general perception ) during the last year of kindergarten. after finishing the first grade 131 children were compared in their reading and writing abilities. we found that about 60 % of our group developed both word reading and paragraph reading in the average range. phonological processing measured by both phonological awareness and nonword reading was unexpectedly spared in the majority of participants. phonological awareness levels strongly correlated with word reading. verbal memory, a component of phonological processing skills, together with receptive vocabulary size, positively correlated with reading levels similar to those reported in average readers. receptive vocabulary, a bilateral function, was preserved to a certain degree similar to that of strongly left - lateralized phonological skills [ 3 ]. later seizure onset was associated with better reading levels. seven individuals who have undergone left cerebral hemispherectomy to control intractable seizures associated with perinatal infarct have been recruited for this study. we examined if components of phonological processing that are shown to reliably separate average readers from struggling readers, i. e., phonological awareness, verbal memory, speed of retrieval, and size of vocabulary, show the same relationship to reading levels when they are mediated by the right hemisphere [ 2 ]. cerebral hemispherectomy, a surgical procedure undergone to control intractable seizures, is becoming a standard procedure with more cases identified and treated early in life [ 33 ]. while the effect of the dominant hemisphere resection on spoken language has been extensively researched, little is known about reading abilities in individuals after left - sided resection. left - lateralized phonological abilities are the key components of reading, i. e., grapheme - phoneme conversion skills [ 1 ]. these skills are critical for the acquisition of word - specific orthographic knowledge and have been shown to predict reading levels in average readers as well as in readers with mild cognitive disability [ 26 ]. furthermore, impaired phonological processing has been implicated as the cognitive basis in struggling readers. here, we explored the reading skills in participants who have undergone left cerebral hemispherectomy. cyclical pamidronate therapy in a 2 - year - old child with skeletal fragility resulted in remodelling of vertebral fractures and improvement in bone mineral density ( bmd ) at distal radial and spinal sites. the bmd at both sites decreased precipitously within 24 months of stopping treatment, raising the question as to whether bisphosphonates can be stopped in a growing child with skeletal fragility.","Maybe

Justification: The study suggests that phonological awareness training may help prevent dyslexia, but it is not explicitly stated that every preschool child requires this training.",0.4706
fixed_bm25,fixed,bm25,mistral,Is there any relationship between streptococcal infection and multiple sclerosis?,yes,maybe,0,1,generation_failure,"multiple sclerosis ( ms ) is an immune - mediated inflammatory demyelinating disease of uncertain etiology. although the mechanisms of inducting autoimmunity by some of the infectious agents have been investigated, there is not yet enough research on streptococcal infections. material / to understand the effect of past group a streptococcal infection on ms, antistreptolysin o ( aso ) and antideoxyribonuclease b ( adnase b ) were measured in 21 patients with relapsing - remitting ms and 21 healthy blood donors by nephelometric assay. the relationship between the use of an endoscope during ventriculoperitoneal shunt ( vps ) procedures and infection remains poorly defined. in this study, we sought to analyze whether the simultaneous use of an endoscope could in fact increase the infection rate associated with vps procedures. to determine whether there is a relationship between vegf expression and renal vein and vena cava invasion in stage pt3 renal cell carcinoma and to evaluate the impact of vegf expression on survival in pt3 renal cell carcinoma. separate cox proportional hazard regression models were formulated based on all patients to evaluate the effects of gender on mortality, multiple organ failure, and nosocomial infection, after controlling for all important confounders. these models were then used to characterize the effect of gender in young and old age groups. overall mortality, multiple organ failure, and nosocomial infection rates for the entire cohort ( n = 1, 036 ) were 20 %, 40 %, and 45 %, respectively. mean injury severity score was 32 + / - 14 ( mean + / - sd ). men ( n = 680 ) and women ( n = 356 ) were clinically similar except that men required higher crystalloid volumes, more often had a history of alcoholism and liver disease, and had greater ventilatory and intensive care unit requirements. female gender was independently associated with a 43 % and 23 % lower risk of multiple organ failure and nosocomial infection, respectively. gender remained an independent risk factor in young and old subgroup analysis, with the protection afforded by female gender remaining unchanged.","Maybe

Justification: The context mentions that there is not yet enough research on streptococcal infections and multiple sclerosis, but it does measure antistreptolysin o (aso) and ant",0.6111
fixed_bm25,fixed,bm25,mistral,Is the combination with 2-methoxyestradiol able to reduce the dosages of chemotherapeutices in the treatment of human ovarian cancer?,yes,maybe,0,1,generation_failure,"the endogenous estradiol metabolite, 2 - methoxyestradiol ( 2me ), has been shown to be a potent inhibitor of cell growth and a strong anti - angiogenic substance. we investigated for the first time whether in vitro combinations of 2me with various chemotherapeutic compounds may result in an additive inhibitory effect on the proliferation of human ovary cancer cells. there is increasing pressure on mental health providers to reduce the duration of treatments, while retaining level of quality and effectiveness. the risk is that the population is underserved and therefore needs new treatment episodes. the primary aim of this study was to investigate whether duration of treatment and return into mental health care were related. ovarian sections in the saline group revealed higher scores for follicular degeneration and edema ( p < 0. 0001 ) when compared with the sham group. administration of different doses of edaravone in rats significantly prevented degenerative changes in the ovary ( p < 0. 0001 ). caspase - 3 expression was only detected in the ovarian surface epithelium in all groups, and there was a significant difference between the treatment groups and the saline group ( p < 0. 0001 ). treatment of rats with edaravone reduced caspase - 3 expression in a dose - dependent manner. moreover, biochemical measurements of oxidative stress markers ( mda, gsh and tac ) revealed that prophylactic edaravone treatment attenuated oxidative stress induced by i / r injury. reconstructing the natural joint line in knee revision surgery improves clinical and functional outcome but may be challenging when both cartilage and bone were removed during previous operations. assessing joint lines ( jls ) by means of bony landmarks is inadvisable because of large variations in human anatomy. because of the inherent symmetry of the human body, we hypothesised that jls may be directly assessed by measuring the distances from the bony landmarks to the jl of the contralateral knee by means of radiographic images. the concept of slt results from the development of reduced - size transplantation. a further development of slt, the in situ split technique, is derived from lrt, which itself marks the optimized outcome in terms of postoperative graft function and survival. the combination of slt and lrt has abolished deaths on the waiting list, thus raising the question whether living donor liver transplantation is still necessary.","Maybe

Justification: The context mentions that the combination of 2-methoxyestradiol with various chemotherapeutic compounds may result in an additive inhibitory effect on the proliferation of human ovary",0.7778
fixed_bm25,fixed,bm25,mistral,Assessing joint line positions by means of the contralateral knee: a new approach for planning knee revision surgery?,yes,maybe,0,1,generation_failure,"reconstructing the natural joint line in knee revision surgery improves clinical and functional outcome but may be challenging when both cartilage and bone were removed during previous operations. assessing joint lines ( jls ) by means of bony landmarks is inadvisable because of large variations in human anatomy. because of the inherent symmetry of the human body, we hypothesised that jls may be directly assessed by measuring the distances from the bony landmarks to the jl of the contralateral knee by means of radiographic images. six human cadaver knees were tested before implantation, after implantation with a bicruciate - retaining unicompartmental knee prosthesis, and after implantation with a posterior cruciate - retaining tricompartmental knee prosthesis. the unicompartmental prosthesis was initially implanted, and it was then revised to a total condylar knee replacement. the knee kinematics were measured with use of an electromagnetic tracking device while the knee was put through dynamic simulated stair - climbing under peak flexion moments of approximately 40 n - m. quadriceps tension was also measured for all three conditions. this study aims to study femoral tunnel lengths drilled with a flexible reamer and the distance to important lateral structures obtained by flexing the knee at various angles and by drilling the guide pins arthroscopically to resemble clinical practice. the purpose of this cadaveric study was twofold : 1. to determine whether femoral tunnel lengths of greater than 20 mm can be created with a flexible reamer system at 90 ° of knee flexion and 2. to determine whether the lateral structures of the knee are safe with this technique. treatment of neonatal testicular torsion has two objectives : salvage of the involved testicle ( which is rarely achieved ) and preservation of the contralateral gonad. the second goal universally involves contralateral testicular scrotal fixation to prevent the future occurrence of contralateral torsion. however, there is controversy with regards to management of a synchronous contralateral hydrocele. it has been our policy not to address the contralateral hydrocele through an inguinal incision to minimize potential injury to the spermatic cord. our objective in this study was to determine whether the decision to manage a contralateral hydrocele in cases of neonatal testicular torsion solely through a scrotal approach is safe and effective. unicompartmental replacement can be an alternative to tibial osteotomy in younger, active patients with unicompartmental knee disease. in unicompartmental replacement, the other compartments and knee ligaments are largely untouched. therefore, it was hypothesized that the knee kinematics after unicompartmental replacement may also be unchanged. to test this hypothesis, knee kinematics and quadriceps tension were recorded before and after replacement with a unicompartmental design and then with a tricompartmental design.","Maybe

Justification: The study suggests that joint line positions may be assessed by measuring the distances from the bony landmarks to the joint line of the contralateral knee by means of radiographic images ([1]). However, the",0.8095
fixed_bm25,fixed,bm25,mistral,Does the type of tibial component affect mechanical alignment in unicompartmental knee replacement?,yes,yes,1,1,success,"unicompartmental replacement can be an alternative to tibial osteotomy in younger, active patients with unicompartmental knee disease. in unicompartmental replacement, the other compartments and knee ligaments are largely untouched. therefore, it was hypothesized that the knee kinematics after unicompartmental replacement may also be unchanged. to test this hypothesis, knee kinematics and quadriceps tension were recorded before and after replacement with a unicompartmental design and then with a tricompartmental design. there are a number of factors responsible for the longevity of unicompartmental knee replacements ( ukr ). these include the magnitude of postoperative alignment and the type of material used. the effect of component design and material on postoperative alignment, however, has not been explored. no significant differences in tibial axial rotation were noted between the intact and unicompartmental conditions. however, tricompartmental replacement significantly affected tibial axial rotation ( p = 0. 001 ). femoral rollback was not significantly affected by either unicompartmental or tricompartmental arthroplasty. quadriceps tension was also similar among all three conditions. mean postoperative mechanical alignment was significantly closer to neutral in the onlay group ( mean = 2. 8° ; 95 % ci = 2. 4°, 3. 2° ) compared to the inlay group ( mean = 3. 9° ; 95 % ci = 3. 4°, 4. 4° ) ( r2 = 0. 65 ; p = 0. 003 ), adjusting for gender, bmi, age, side and preoperative mechanical alignment ( fig. 2 ). further exploration revealed that the thickness of the tibial polyethyelene insert had a significant effect on postoperative alignment when added to the model ( r2 = 0. 68 ; p = 0. 01 ). six human cadaver knees were tested before implantation, after implantation with a bicruciate - retaining unicompartmental knee prosthesis, and after implantation with a posterior cruciate - retaining tricompartmental knee prosthesis. the unicompartmental prosthesis was initially implanted, and it was then revised to a total condylar knee replacement. the knee kinematics were measured with use of an electromagnetic tracking device while the knee was put through dynamic simulated stair - climbing under peak flexion moments of approximately 40 n - m. quadriceps tension was also measured for all three conditions.","Yes

Justification: The text states that the mean postoperative mechanical alignment was significantly closer to neutral in the onlay group compared to the inlay group, adjusting for gender, BMI, age, side, and preoperative",0.8095
fixed_bm25,fixed,bm25,mistral,Is tumour expression of VEGF associated with venous invasion and survival in pT3 renal cell carcinoma?,maybe,yes,0,1,generation_failure,"to determine whether there is a relationship between vegf expression and renal vein and vena cava invasion in stage pt3 renal cell carcinoma and to evaluate the impact of vegf expression on survival in pt3 renal cell carcinoma. only tumour size appeared to be significantly different between the 3 groups. on univariate analysis, invasion of the perirenal fat, lymph node involvement, distant metastases and vegf expression were significantly associated with survival ( p < 0. 01 ). on multivariate analysis, lymph node involvement, distant metastases and vegf expression ( or 6. 07 ) were identified as independent predictive factors of survival. 78 patients with a pt3a or pt3b tumour without vena cava invasion or pt3b tumour with vena cava invasion were compared for age, gender, fuhrman grade and immunohistochemical expression of vegf. all these variables were submitted to univariate and multivariate analysis to establish their impact on survival. overall 5 - year survival was 63 %. in both univariate and multivariate survival analysis, significant prognostic factors were histology ( adenocarcinoma 65 % vs squamous cell carcinoma 51 % ), tumour size ( < or = 3cm 67 % vs > 3cm 46 % ), and the presence of negative resection margin. five - year survival by general t status was 66 % in t1n0 vs 55 % in t2n0 disease ( p = 0. 19 ). the curability, number and extent of nodal metastasis, and the survival of the mesocolon invasion group were significantly worse than these factors in the t3 group. however, the survival of the mesocolon invasion group after curative resection was much better than that of patients who had incurable factors.","Yes

Justification: The text states that VEGF expression was significantly associated with survival (p < 0.01) and identified as an independent predictive factor of survival on multivariate analysis (or 6.0",0.7368
fixed_bm25,fixed,bm25,mistral,Injury and poisoning mortality among young men--are there any common factors amenable to prevention?,yes,maybe,0,1,generation_failure,"deaths from injury and poisoning ( suicide, accidents, undetermined deaths, and homicide ) are the major cause of death among young men aged 15 - 39 years in england and wales and have been increasing in recent years. aim : to describe common characteristics among young men who die from injury and poisoning. we employed a retrospective survey methodology to investigate factors associated with deaths by injury and poisoning among young men aged 15 - 39 years ( n = 268 ) in merseyside and cheshire during 1995. data were collected from coroner ' s inquest notes and general practitioner records. separate cox proportional hazard regression models were formulated based on all patients to evaluate the effects of gender on mortality, multiple organ failure, and nosocomial infection, after controlling for all important confounders. these models were then used to characterize the effect of gender in young and old age groups. overall mortality, multiple organ failure, and nosocomial infection rates for the entire cohort ( n = 1, 036 ) were 20 %, 40 %, and 45 %, respectively. mean injury severity score was 32 + / - 14 ( mean + / - sd ). men ( n = 680 ) and women ( n = 356 ) were clinically similar except that men required higher crystalloid volumes, more often had a history of alcoholism and liver disease, and had greater ventilatory and intensive care unit requirements. female gender was independently associated with a 43 % and 23 % lower risk of multiple organ failure and nosocomial infection, respectively. gender remained an independent risk factor in young and old subgroup analysis, with the protection afforded by female gender remaining unchanged. despite a relatively large sample size, the ability of the young - burgess system to predict mortality only approached statistical significance ( p = 0. 07, kruskal - wallis ). the young - burgess system differentiated transfusion requirements - - lateral compression type 3 ( lc3 ) and anteroposterior compression types 2 ( apc2 ) and 3 ( apc3 ) fractures had higher transfusion requirements than did lateral compression type 1 ( lc1 ), anteroposterior compression type 1 ( apc1 ), and vertical shear ( vs ) ( p < 0. 05 ) - - but was not as useful at predicting head, chest, or abdomen injuries. dividing fractures into stable and unstable types allowed the system to predict mortality rates, abdomen injury rates, and transfusion requirements. overall mortality in the study group was 9. 1 %, unchanged from original young - burgess studies 15 years previously ( p = 0. 3 ). the objectives of this study were to evaluate the ability of the young - burgess classification system to predict mortality, transfusion requirements, and nonorthopaedic injuries in patients with pelvic ring fractures and to determine whether mortality rates after pelvic fractures have changed over time.","Maybe

Justification: The context mentions that the study aimed to describe common characteristics among young men who die from injury and poisoning, but it does not provide specific common factors that are amenable to prevention. However, it does suggest that",0.5200
fixed_bm25,fixed,bm25,mistral,Continuation of pregnancy after antenatal corticosteroid administration: opportunity for rescue?,maybe,maybe,1,1,success,"to determine the duration of continuing pregnancy after antenatal corticosteroid ( ac ) administration and to evaluate the potential opportunity for rescue ac. among 109, 173 live singleton deliveries, 530 women had visited ed due to asthma during pregnancy. while having an ed visit for asthma was positively associated with teenage pregnancy, low income, and presence of pregnancy - induced hypertension, it was not associated with fetal gender ( or 1. 01, 95 % ci 0. 85 - 1. 19 ). fetal gender was not a significant predictor of adverse pregnancy outcomes among women who had an asthma ed visit during pregnancy. to assess the extent to which the title and font of participant information sheets ( piss ) can influence pregnant women ' s and trainee midwives ' perceptions of an antenatal intervention. to determine whether post - operative administration of topical ropivacaine hydrochloride decreases morbidity following adenotonsillectomy. to investigate if fetal gender ( 1 ) affects the risk of having an emergency department ( ed ) visit for asthma ; and ( 2 ) is associated with adverse pregnancy outcomes among women who had at least one visit to the ed for asthma during pregnancy.","Maybe

Justification: The context provides information about the study to determine the duration of continuing pregnancy after antenatal corticosteroid (ac) administration ([1]), but it does not explicitly state that there is an opportunity for rescue ac.",0.5652
fixed_bm25,fixed,bm25,mistral,Does either obesity or OSA severity influence the response of autotitrating CPAP machines in very obese subjects?,yes,yes,1,1,success,"the pressures delivered by autotitrating continuous positive airways pressure ( cpap ) devices not only treat obstructive sleep apnoea ( osa ) effectively but also give potentially interesting physiological information about the forces impinging on the pharynx. in earlier work from this unit, we used correlations between autocpap pressure and both osa severity and obesity, to construct an algorithm to estimate the fixed cpap pressure a patient required for subsequent clinical use. we wished to discover if these relationships could be reliably extended to a much more obese group. we performed a prospective cohort study in an obese population. measurements of obesity were made, osa severity was recorded, and the 95th centile autocpap pressure was recorded during 1 week of autocpap. spearman ' s rank correlation was performed between measurements of obesity and autocpap pressure, and between osa severity and autocpap pressure. to provide insight into the factors by which obesity in itself may directly lead to early arterial damage, we aimed to determine early sonographic markers of obesity - related vascular dysfunction in young obese males. mechanically ventilated patients experience profound stress. interventions are needed to ameliorate stress that does not cause adverse effects. the purpose of this study was to explore the influence of music on stress in a sample of patients over the duration of ventilatory support. research methodology / overall, individuals with osa had increased vo2max when compared to the normalized us air force data ( p <. 001 ). patients with an apnea - hypopnea index of greater than 20 demonstrated a decreased vo2max as compared to normalized values ( p <. 001 ). no differences in vo2max were observed after either medical or surgical therapy for osa.","Yes

Justification: The context mentions that the researchers used correlations between autocpap pressure and both obesity and OSA severity in their earlier work, and they performed similar correlations in the current study on a more",0.6087
fixed_bm25,fixed,bm25,mistral,Does the clinical presentation of a prior preterm birth predict risk in a subsequent pregnancy?,yes,maybe,0,1,generation_failure,"the objective of the study was to determine whether risk of recurrent preterm birth differs based on the clinical presentation of a prior spontaneous preterm birth ( sptb ) : advanced cervical dilatation ( acd ), preterm premature rupture of membranes ( pprom ), or preterm labor ( ptl ). this retrospective cohort study included singleton pregnancies from 2009 to 2014 complicated by a history of prior sptb. women were categorized based on the clinical presentation of their prior preterm delivery as having acd, pprom, or ptl. risks for sonographic short cervical length and recurrent sptb were compared between women based on the clinical presentation of their prior preterm birth. log - linear regression was used to control for confounders. to critically assess the evidence that appendiceal perforation is a risk factor for subsequent tubal infertility or ectopic pregnancy. we linked two provincial administrative databases containing records on in - patient deliveries and ed visits. the study sample included women who delivered a live singleton baby between april 2003 and march 2004. pregnant women who made at least one ed visit for asthma were counted as cases and the rest of the women as control subjects. we performed a multivariable analysis using logistic regression to model the risk of having an ed visit for asthma, with fetal gender being one of the predictors. in addition, a series of multivariable logistic regressions were also constructed separately for cases and controls for the following adverse delivery outcomes : low birth weight baby, preterm delivery, and delivery via caesarian section. warfarin increases both the likelihood and the mortality of intracerebral hemorrhage ( ich ), particularly in patients with a history of prior ich. in light of this consideration, should a patient with both a history of ich and a clear indication for anticoagulation such as nonvalvular atrial fibrillation be anticoagulated? in the absence of data from a clinical trial, we used a decision - analysis model to compare the expected values of 2 treatment strategies - warfarin and no anticoagulation - for such patients.","Maybe

Justification: The study was designed to determine if the clinical presentation of a prior preterm birth (advanced cervical dilatation, preterm premature rupture of membranes, or preterm labor) predicts",0.7368
fixed_bm25,fixed,bm25,mistral,Is the Distance Worth It?,yes,maybe,0,1,generation_failure,"a total of 18, 605 patients met inclusion criteria ; 2067 patients were in the long - distance / high - volume group and 1362 in the short - distance / low - volume group. the median travel distance was 62. 6 miles for the long - distance / high - volume group and 2. 3 miles for the short - distance / low - volume group. patients who were younger, white, privately insured, and stage iii were more likely to have traveled to a high - volume center. when controlled for patient factors, stage, and hospital factors, patients in the short - distance / low - volume group had lower odds of a lymph node yield ≥12 ( or = 0. 51 ) and neoadjuvant chemoradiation ( or = 0. 67 ) and higher 30 - day ( or = 3. 38 ) and 90 - day mortality ( or = 2. 07 ) compared with those in the long - distance / high - volume group. the short - distance / low - volume group had a 34 % high risk of overall mortality at 5 years compared with the long - distance / high - volume group. to investigate the cost - effectiveness of up to £400 worth of financial incentives for smoking cessation in pregnancy as an adjunct to routine health care. distance to provider might be an important barrier to timely diagnosis and treatment for cancer patients who qualify for medicaid coverage. whether driving time or driving distance is a better indicator of travel burden is also of interest. it is postulated that some aspects of methotrexate toxicity may be related to its action as an anti - folate. folic acid ( fa ) is often given as an adjunct to methotrexate therapy, but there is no conclusive proof that it decreases the toxicity of methotrexate and there is a theoretical risk that it may decrease the efficacy of methotrexate. the number of new diagnoses of hiv infection is rising in the northwestern hemisphere and it is becoming increasingly important to understand the mechanisms behind this trend.","Maybe

Justification: The study shows that patients in the long - distance / high - volume group had lower odds of a lymph node yield ≥12 and neoadjuvant chemoradiation, and higher 3",0.8095
fixed_bm25,fixed,bm25,mistral,Aripiprazole: a new risk factor for pathological gambling?,yes,yes,1,1,success,"it is commonly accepted that pathological gambling results from the interaction of multiple risk factors. among these, dopamine replacement therapy ( drt ) prescribed for parkinson disease can be cited. another dopamine agonist, aripiprazole, could be a new risk factor. we decided to explore this potential adverse drug reaction ( adr ). the patients involved were schizophrenic or bipolar, mostly young men with a history of addictive disorders and regular gambling prior to the prescription of aripiprazole. for each one of them, the causality of aripiprazole was considered, using an algorithm. the probability that pathological gambling is actually due to aripiprazole is "" possible "" in 7 cases out of 8, and "" doubtful "" in one. based on a cohort of 166 pathological gamblers starting treatment in our department, data of each of the 8 patients treated by aripiprazole at inclusion were analyzed. to critically assess the evidence that appendiceal perforation is a risk factor for subsequent tubal infertility or ectopic pregnancy. elevated resting heart rate ( rhr ) is a neglected marker in cardiovascular risk factor studies of sub - saharan african populations. this study aimed to determine the prevalence of elevated rhr and other risk factors for cardiovascular disease ( cvd ) and to investigate any associations between rhr and these risk factors in a rural population in ghana.","Yes

Justification: The context states that the probability that pathological gambling is actually due to aripiprazole is ""possible"" in 7 cases out of 8, and ""doubtful"" in one ([2]).",0.7222
fixed_bm25,fixed,bm25,mistral,Immune suppression by lysosomotropic amines and cyclosporine on T-cell responses to minor and major histocompatibility antigens: does synergy exist?,yes,yes,1,1,success,"using murine models, we have shown that the lysosomotropic amine, chloroquine, is effective in the prevention of graft - versus - host disease ( gvhd ) mediated by donor t cells reactive with recipient minor histocompatibility antigens ( mihcs ). because lysosomotropic amines can suppress major histocompatibility complex ( mhc ) class ii antigen presentation, their mechanism of action is potentially different from current immune suppressant drugs used to control gvhd such as cyclosporine. we found that similar concentrations of chloroquine and hydroxychloroquine suppress the t - cell response to mihc in mice ( c57bl / 6 anti - balb. b ) and that lysosomotropic amines in combination with cyclosporine result in synergistic suppression of a proliferative response to mihc. similar suppression and synergy appear to be present in an alloreactive response ( c57bl / 6 anti - balb / c ). direct inhibition by chloroquine of t - cell proliferative responses induced by anti - cd3epsilon in the absence of antigen - presenting cells is present at higher concentrations than that required to suppress responses to mihc or mhc. chloroquine appears to induce decreased t - cell viability at high concentrations. this effect does not appear to be due to decreased t - cell production of interleukin - 2 or interferon - gamma. at lower concentrations ( < 25 microg / ml ), chloroquine can also decrease the ability of antigen - presenting cells to stimulate an a c57bl / 6 anti - balb / c t - cell response and can inhibit mhc class we investigated the use of cyclosporine and the lysosomotropic amines chloroquine and hydroxychloroquine in combination for additive or synergistic immunosuppression on t - cell responses in vitro to mihc and mhc in mice. ##3epsilon in the absence of antigen - presenting cells is present at higher concentrations than that required to suppress responses to mihc or mhc. chloroquine appears to induce decreased t - cell viability at high concentrations. this effect does not appear to be due to decreased t - cell production of interleukin - 2 or interferon - gamma. at lower concentrations ( < 25 microg / ml ), chloroquine can also decrease the ability of antigen - presenting cells to stimulate an a c57bl / 6 anti - balb / c t - cell response and can inhibit mhc class ii expression after activation with lipopolysaccharide. to determine whether there is a relationship between vegf expression and renal vein and vena cava invasion in stage pt3 renal cell carcinoma and to evaluate the impact of vegf expression on survival in pt3 renal cell carcinoma.","Yes

Justification: The context states that ""similar concentrations of chloroquine and hydroxychloroquine suppress the t-cell response to mihc in mice (c57bl/6 anti",0.7647
fixed_bm25,fixed,bm25,mistral,Does induction chemotherapy have a role in the management of nasopharyngeal carcinoma?,yes,yes,1,1,success,"to assess the outcomes of patients with nasopharyngeal carcinoma ( npc ) whose treatment was determined by computerized tomography ( ct ) and / or magnetic resonance imaging staging and to analyze the impact of induction chemotherapy and accelerated fractionated radiotherapy. few studies have assessed whether the advantage chemotherapy has been shown to have in treating advanced non - small lung carcinoma in clinical trials is transferrable to normal health care activity. this could explain the skepticism of a large number of pneumologists towards this treatment. the objective of our study was to analyze prognostic factors related to survival and to see whether cytostatic treatment was an independent predictor. the influence of positron emission tomography in the management of recurrent rectal cancer is well established but its role in primary rectal cancer remains uncertain. this study therefore prospectively assesses the impact of position emission tomography scanning on the management of primary rectal cancer. the analysis is based on 122 of 143 previously untreated patients with npc treated with radiation therapy at the university of texas m. d. anderson cancer center between 1983 and 1992. excluded were 4 patients treated with palliative intent, 4 children, 12 patients not staged with ct, and 1 patient who died of a cerebrovascular accident prior to completion of treatment. the stage distribution was as follows : ajcc stage i - 2, stage ii - 7, stage iii - 12, stage iv - 101 ; tl - 15, t2 - 33, t3 - 22, t4 - 52 ; n0 - 32, n1 - 10, n2 - 47, n3 - 32, nx - 1. fifty - nine ( 48 % ) patients had squamous cell carcinoma ; 63 ( 52 % ) had lymphoepitheliomas, undifferentiated npc or poorly differentiated carcinoma, nos ( unpc ). sixty - seven patients ( 65 with stage iv disease ) received induction chemotherapy. fifty - eight patients ( 24 of whom had induction chemotherapy ) were treated with the concomitant boost fractionation schedule. the median follow - up for surviving patients was 57 months. to evaluate the impact of her2 immunoreactivity on clinical outcome in locally advanced urothelial carcinoma patients who received surgery alone, or methotrexate, vinblastine, epirubicin, and cisplatin ( m - vec ) as adjuvant chemotherapy.","Yes

Justification: The context states that 67 patients (65 with stage IV disease) received induction chemotherapy in the management of nasopharyngeal carcinoma.",0.6875
fixed_bm25,fixed,bm25,mistral,Treatment of contralateral hydrocele in neonatal testicular torsion: Is less more?,maybe,maybe,1,1,success,"treatment of neonatal testicular torsion has two objectives : salvage of the involved testicle ( which is rarely achieved ) and preservation of the contralateral gonad. the second goal universally involves contralateral testicular scrotal fixation to prevent the future occurrence of contralateral torsion. however, there is controversy with regards to management of a synchronous contralateral hydrocele. it has been our policy not to address the contralateral hydrocele through an inguinal incision to minimize potential injury to the spermatic cord. our objective in this study was to determine whether the decision to manage a contralateral hydrocele in cases of neonatal testicular torsion solely through a scrotal approach is safe and effective. we reviewed all cases of neonatal testicular torsion occurring at our institution between the years 1999 and 2006. age at presentation, physical examination, ultrasonographic and intraoperative findings were recorded. patients were followed after initial surgical intervention to determine the likelihood of developing a subsequent hydrocele or hernia. thirty - seven patients were identified as presenting with neonatal torsion. age of presentation averaged 3. 5 days ( range 1 - 14 days ). left - sided pathology was seen more commonly than the right, with a 25 : 12 distribution. all torsed testicles were nonviable. twenty - two patients were noted to have a contralateral hydrocele at presentation. all hydroceles were opened through a scrotal approach at the time of contralateral scrotal fixation. no patient underwent an inguinal exploration to examine for a patent process vaginalis. none of the patients who presented with a hydrocele have developed a clinical hydrocele or hernia after an average 7. 5 years ( range 4. 3 - 11. 2 ) follow - up. sulfasalazine is a widely used anti - inflammatory agent in the treatment of inflammatory bowel disease and several rheumatological disorders. although as many as 20 % of treated patients may experience reversible, dose - dependent side effects, less frequent but potentially severe, systemic reactions have also been reported. overall, 26 % of all families with a high - risk infant in the nicu reported a household smoker. almost half of the families with a smoker reported an annual income of less than $ 25, 000. 46. 2 % of families reported having a total smoking ban in place in both their homes and cars. only 27. 8 % families earning less than $ 25, 000 reported having a total smoking ban in place relative to almost 60 % of families earning more ( p <. 01 ). african american and caucasian families were less likely to have a smoking ban compared with hispanics ( p <. 05 ). mothers who reported no smoking ban were more depressed than those who had a household smoking ban ( p <. 02 ).","Maybe

Justification: The study shows that none of the patients who presented with a hydrocele have developed a clinical hydrocele or hernia after an average 7.5 years follow-up, suggesting that the decision to manage a",0.8182
fixed_bm25,fixed,bm25,mistral,"Are normally sighted, visually impaired, and blind pedestrians accurate and reliable at making street crossing decisions?",maybe,yes,0,1,generation_failure,"we found that normally sighted and visually impaired pedestrians were accurate and reliable in their street crossing decision - making ability when using either vision plus hearing or vision only ( p > 0. 05 ). under the hearing only condition, all subjects were reliable ( p > 0. 05 ) but inaccurate with their street crossing decisions ( p < 0. 05 ). compared to either the normally sighted ( p = 0. 018 ) or visually impaired subjects ( p = 0. 019 ), blind subjects were the least accurate with their street crossing decisions under the hearing only condition. the purpose of this study is to measure the accuracy and reliability of normally sighted, visually impaired, and blind pedestrians at making street crossing decisions using visual and / or auditory information. using a 5 - point rating scale, safety ratings for vehicular gaps of different durations were measured along a two - lane street of one - way traffic without a traffic signal. safety ratings were collected from 12 normally sighted, 10 visually impaired, and 10 blind subjects for eight different gap times under three sensory conditions : ( 1 ) visual plus auditory information, ( 2 ) visual information only, and ( 3 ) auditory information only. accuracy and reliability in street crossing decision - making were calculated for each subject under each sensory condition. we lacked data regarding patient and physician decision making and surgeon - specific factors. the 18 patients could be divided on the basis of their performance into three groups : three patients were demented and had impaired language function ( group 1 ) ; two non - demented patients had an aphasic syndrome characterised by word finding difficulties and anomia ( group 2 ). major cognitive deficits were therefore found in five of the 18 patients ( 28 % ). the remaining 13 performed normally on the test battery apart from decreased verbal fluency ( group 3 ).","Yes

Justification: The study found that both normally sighted and visually impaired pedestrians were accurate and reliable in their street crossing decision-making ability when using either vision plus hearing or vision only (p > 0.0",0.8889
fixed_bm25,fixed,bm25,mistral,Is it Crohn's disease?,maybe,no,0,0,retrieval_failure,"the morbidity and mortality associated with panton - valentine leucocidin ( pvl ) - positive staphylococcus aureus suggest that this toxin is a key marker of disease severity. nevertheless, the importance of pvl in the pathogenesis of primary bacteraemia caused by s. aureus is uncertain. we have determined the prevalence of pvl - encoding genes among isolates of s. aureus from bacteraemic patients. to evaluate the relationship between knee extensor strength, postural stability, functional ambulation, and disease severity in parkinson ' s disease ( pd ). extracranial internal carotid artery stenosis is a risk factor for perioperative stroke in patients undergoing coronary artery bypass surgery ( cab ). although selective and non - selective methods of preoperative carotid screening have been advocated, it remains unclear if this screening is clinically relevant. aim : to test whether selective carotid screening is as effective as non - selective screening in detecting significant carotid disease. it is postulated that some aspects of methotrexate toxicity may be related to its action as an anti - folate. folic acid ( fa ) is often given as an adjunct to methotrexate therapy, but there is no conclusive proof that it decreases the toxicity of methotrexate and there is a theoretical risk that it may decrease the efficacy of methotrexate. it is commonly accepted that pathological gambling results from the interaction of multiple risk factors. among these, dopamine replacement therapy ( drt ) prescribed for parkinson disease can be cited. another dopamine agonist, aripiprazole, could be a new risk factor. we decided to explore this potential adverse drug reaction ( adr ).","No, the provided context does not mention Crohn's disease.",0.3750
fixed_bm25,fixed,bm25,mistral,Is Chaalia/Pan Masala harmful for health?,yes,yes,1,1,success,"to determine the practices and knowledge of harmful effects regarding use of chaalia and pan masala in three schools of mahmoodabad and chanesar goth, jamshed town, karachi, pakistan. a total of 370 students were interviewed over a period of six weeks, of which 205 ( 55. 4 % ) were boys. the ages of the students were between 10 and 15 years. thirty one percent of the fathers and 62 % of the mothers were uneducated. the frequency of use of any brand of chaalia was found to be 94 % and that of pan masala was 73. 8 %. eighty five percent of them were regular users. a large majority ( 88 % ) procured the substances themselves from near their homes. ninety five percent of the children had friends with the same habits. eighty four percent were using the substances in full knowledge of their families. chaalia was considered harmful for health by 96 % and pan masala by 60 %. good taste was cited as a reason for continuing the habit by 88. 5 % of the children and use by friends by 57 %. knowledge about established harmful effects was variable. knowledge about harmful effects was high in both "" daily "" and "" less than daily users "". to achieve the objective a cross - sectional design was used in three government schools of mahmoodabad and chanesar goth, jamshed town, karachi. students of either gender drawn from these schools fulfilling the inclusion and exclusion criteria were interviewed using a pre - coded structured questionnaire. along with demographic data, questions regarding frequency of chaalia and pan masala use, practices of this habit in friends and family and place of procurement of these substances, were inquired. knowledge was assessed about harmful effects and its source of information. in addition, practices in relation to that knowledge were assessed. polyarteritis nodosa ( pan ) is a systemic vasculitis involving mainly medium - sized arteries and, rarely, small - sized arteries. the diagnosis is principally based on clinical exams, biopsy of an affected organ, and / or arteriography of renal or mesenteric arteries. once diagnosed, immunosuppressive agents, such as glucocorticoids and cyclophosphamide, are generally introduced as soon as possible. whether spontaneous remission of pan occurs is therefore largely unknown. health services often spend more on safety interventions than seems cost - effective. this study investigates whether the public value safety - related health care improvements more highly than the same improvements in contexts where the health care system is not responsible.","Yes

Justification: 96% of the students interviewed considered chaalia harmful for health and 60% of the students considered pan masala harmful for health.",0.8333
fixed_bm25,fixed,bm25,mistral,Does multi-modal cervical physical therapy improve tinnitus in patients with cervicogenic somatic tinnitus?,yes,yes,1,1,success,"tinnitus can be related to many different aetiologies such as hearing loss or a noise trauma, but it can also be related to the somatosensory system of the cervical spine, called cervicogenic somatic tinnitus ( cst ). case studies suggest a positive effect of cervical spine treatment on tinnitus complaints in patients with cst, but no experimental studies are available. to investigate the effect of a multimodal cervical physical therapy treatment on tinnitus complaints in patients with cst. patients with a combination of severe subjective tinnitus ( tinnitus functional index ( tfi ) : 25 - 90 points ) and neck complaints ( neck bournemouth questionnaire ( nbq ) > 14 points ). all patients received cervical physical therapy for 6 weeks ( 12 sessions ). patients were randomized in an immediate - start therapy group ( n = 19 ) and a 6 - week delayed - start therapy group ( n = 19 ). in all patients ( n = 38 ) tfi and nbq - scores decreased significantly after treatment ( p = 0. 04 and p < 0. 001 ). nbq - scores remained significantly lower after follow - up ( p = 0. 001 ). immediately after treatment, 53 % ( n = 38 ) experienced substantial improvement of tinnitus. this effect was maintained in 24 % of patients after follow - up at six weeks.","Yes

Justification: The study shows that after treatment, 53% of patients experienced substantial improvement of tinnitus, and this effect was maintained in 24% of patients after follow-up at six weeks. (5",0.7500
fixed_bm25,fixed,bm25,mistral,Detailed analysis of sputum and systemic inflammation in asthma phenotypes: are paucigranulocytic asthmatics really non-inflammatory?,maybe,no,0,1,generation_failure,"the technique of induced sputum has allowed to subdivide asthma patients into inflammatory phenotypes according to their level of granulocyte airway infiltration. there are very few studies which looked at detailed sputum and blood cell counts in a large cohort of asthmatics divided into inflammatory phenotypes. the purpose of this study was to analyze sputum cell counts, blood leukocytes and systemic inflammatory markers in these phenotypes, and investigate how those groups compared with healthy subjects. the total non - squamous cell count per gram of sputum was greater in mixed granulocytic and neutrophilic phenotypes as compared to eosinophilic, paucigranulocytic asthma and healthy subjects ( p < 0. 005 ). sputum eosinophils ( in absolute values and percentages ) were increased in all asthma phenotypes including paucigranulocytic asthma, compared to healthy subjects ( p < 0. 005 ). eosinophilic asthma showed higher absolute sputum neutrophil and lymphocyte counts than healthy subjects ( p < 0. 005 ), while neutrophilic asthmatics had a particularly low number of sputum macrophages and epithelial cells. all asthma phenotypes showed an increased blood leukocyte count compared to healthy subjects ( p < 0. 005 ), with paucigranulocytic asthmatics having also increased absolute blood eosinophils compared to healthy subjects ( p < 0. 005 ). neutrophilic asthma had raised crp and fibrinogen while eosinophilic asthma only showed ##ymphocyte counts than healthy subjects ( p < 0. 005 ), while neutrophilic asthmatics had a particularly low number of sputum macrophages and epithelial cells. all asthma phenotypes showed an increased blood leukocyte count compared to healthy subjects ( p < 0. 005 ), with paucigranulocytic asthmatics having also increased absolute blood eosinophils compared to healthy subjects ( p < 0. 005 ). neutrophilic asthma had raised crp and fibrinogen while eosinophilic asthma only showed raised fibrinogen compared to healthy subjects ( p < 0. 005 ). we conducted a retrospective cross - sectional study on 833 asthmatics recruited from the university asthma clinic of liege and compared them with 194 healthy subjects. asthmatics were classified into inflammatory phenotypes. sulfasalazine is a widely used anti - inflammatory agent in the treatment of inflammatory bowel disease and several rheumatological disorders. although as many as 20 % of treated patients may experience reversible, dose - dependent side effects, less frequent but potentially severe, systemic reactions have also been reported.","No, paucigranulocytic asthmatics are not non-inflammatory.

Justification: The provided context states that paucigranulocytic asthmatics have increased sputum",0.5455
fixed_bm25,fixed,bm25,mistral,Is HIV/STD control in Jamaica making a difference?,yes,maybe,0,1,generation_failure,"to assess the impact of the comprehensive hiv / std control program established in jamaica since the late 1980s on the hiv / aids epidemic. the annual aids incidence rate in jamaica increased only marginally in the past three years from 18. 5 per 100000 population to 21. 4 in 1997. hiv prevalence in the general population groups tested has been about 1 % or less. among those at high risk, hiv prevalence rates have risen to 6. 3 % ( 95 % confidence interval 5. 0 - 8. 0 ) in std clinic attenders, around 10 % and 21 % in female prostitutes in kingston and montego bay respectively and approximately 30 % among homosexuals. syphilis rates and congenital syphilis cases have declined. the proportion of men aged 15 - 49 years reporting sex with a non - regular partner declined from 35 % in 1994 to 26 % in 1996 ( p < 0. 001 ). women ever having used condoms increased from 51 % in 1988 to 62. 5 % in 1992 and 73 % in 1994 and 1996 ( p < 0. 001 ), while condom use with a non - regular partner increased from 37 % in 1992 to 73 % in 1996 ( p = 0. 006 ). condom use among men was high over the period : around 81 % had ever used condoms and 77 % used them with non - regular partners. gay men, inner - city adults and adolescents aged aids case reports, hiv testing of blood donors, antenatal clinic attenders ( anc ), food service workers, sexually transmitted disease ( std ) clinic attenders, female prostitutes, homosexuals and other groups were used to monitor the hiv / aids epidemic. primary and secondary syphilis and cases of congenital syphilis were also monitored. national knowledge, attitude and practice ( kap ) surveys were conducted in 1988, 1989, 1992, 1994 and 1996. in the whole group only a slight difference was found between both training modalities concerning their writing abilities. however, children with a history of hearing loss, actual hearing loss or pathologic middle ear findings profited most from the specialized training program compared to the control in their reading abilities. the number of new diagnoses of hiv infection is rising in the northwestern hemisphere and it is becoming increasingly important to understand the mechanisms behind this trend.","Maybe

Justification: The HIV prevalence in the general population groups tested has been about 1% or less, and the annual AIDS incidence rate has only increased marginally in the past three years. However, HIV prevalence rates",0.9167
fixed_bm25,fixed,bm25,mistral,Is Panton-Valentine leucocidin associated with the pathogenesis of Staphylococcus aureus bacteraemia in the UK?,maybe,maybe,1,1,success,"the morbidity and mortality associated with panton - valentine leucocidin ( pvl ) - positive staphylococcus aureus suggest that this toxin is a key marker of disease severity. nevertheless, the importance of pvl in the pathogenesis of primary bacteraemia caused by s. aureus is uncertain. we have determined the prevalence of pvl - encoding genes among isolates of s. aureus from bacteraemic patients. consecutive bacteraemia isolates of s. aureus ( n = 244 ) from patients hospitalized in 25 centres in the uk and ireland during 2005 were screened for pvl and meca genes. pvl - positive isolates were characterized by toxin gene profiling, pfge, spa - typing and mic determinations for a range of antimicrobials. the etiology of hemodialysis ( hd ) - induced hypotension and hypertension remains speculative. there is mounting evidence that endothelin - 1 ( et - 1 ) may play a vital role in these hemodynamic changes. we examined the possible role of intradialytic changes of et - 1 in the pathogenesis of hypotension and rebound hypertension during hd. pterygium is a disease of unknown origin and pathogenesis that might be vision threatening. it is characterised by a wing - like conjunctival overgrowth of the cornea. several studies have investigated human papillomavirus ( hpv ) as a risk factor for the development of pterygia, but the results are inconclusive. aim : to investigate a large sample of pterygia for the presence of hpv in order to clarify the putative association between pterygia and hpv. the rct was undertaken in glasgow, scotland. the economic analysis was undertaken from the uk national health service ( nhs ) perspective.","Maybe

Justification: The context mentions that the importance of Panton-Valentine leucocidin (PVL) in the pathogenesis of Staphylococcus aureus bacteraemia is",0.6923
fixed_bm25,fixed,bm25,mistral,Are even impaired fasting blood glucose levels preoperatively associated with increased mortality after CABG surgery?,yes,maybe,0,1,generation_failure,"impaired fasting glucose ( ifg ) below the diagnostic threshold for diabetes mellitus ( dm ) is associated with macrovascular pathology and increased mortality after percutaneous coronary interventions. the study goal was to determine whether pre - operative fasting blood glucose ( fb - glu ) is associated with an increased mortality after coronary artery bypass grafting ( cabg ). both fasting and 2 - hour plasma glucose levels were associated with higher framingham risk score ( fasting glucose : r ( 2 ) = 0. 21 ; 2 - hour glucose : r ( 2 ) = 0. 24 ; p < 0. 001 for both ), and insulin sensitivity with lower framingham risk score ( r ( 2 ) = 0. 36 ; p < 0. 001 ). however, adjustment for insulin sensitivity and 2 - hour glucose made the effect of fasting glucose non - significant ( p = 0. 060 ). likewise, when adjusting for insulin sensitivity and fasting glucose, the association between 2 - hour glucose and framingham risk score disappeared ( p = 0. 143 ). in contrast, insulin sensitivity was still associated with framingham risk score after adjusting for glucose levels ( p < 0. 001 ). body fat was not associated with framingham risk score when taking insulin sensitivity into account ( p = 0. 550 ). the anesthetical - surgical procedure presented a mortality rate of 3. 125 % ( 1 : 32 ) and a morbidity rate of 6. 25 % ( 2 : 32 ). it was evidenced an initial mean blood glucose = 199. 4 mg / dl and the end = 326. 1 mg / dl. in spite of extended fasting ( minimum of 2 hours for the absolute fasting and maximum of 8. 5 hours for liquids, and 20. 5 hours for solids ) all animals presented at the end of the surgical procedure any gastric content and a blood glucose increase. those with fasting for liquids and solids when compared to the quantity of solid gastric content, presented a moderate negative degree of correlation. the average cost of hospitalization in patients who received surgery for hip fracture was no different between patients who receive regional or general anesthesia ( $ 16, 789 + 631 vs $ 16, 815 + 643, respectively, p = 0. 9557 ). delay in surgery and intensive care unit ( icu ) admission resulted in significantly higher hospitalization costs. age, male gender, african american race and icu admission were associated with increased in - hospital mortality. in - hospital mortality and rates of readmission are not statistically different between the two anesthesia groups. from 2000 to 2007, 344 patients underwent pancreatoduodenectomy for pa. fifty - three patients ( elevated group ) had preoperatively elevated serum ca 19 - 9 levels ( > 400 iu / ml ) after resolution of obstructive jaundice. of these, 27 patients had high levels ( 400 - 899 iu / ml ( hl ) ) and 26 patients had very high levels > or = 900 iu / ml ( vhl ). fifty patients with normal preoperative serum ca 19 - 9 levels ( < 37 iu / ml ) comprised the control group.","Maybe

Justification: The study goal was to determine whether pre-operative fasting blood glucose (fb-glu) is associated with an increased mortality after coronary artery bypass grafting (CABG",0.9091
fixed_bm25,fixed,bm25,mistral,Does positron emission tomography change management in primary rectal cancer?,yes,yes,1,1,success,"the influence of positron emission tomography in the management of recurrent rectal cancer is well established but its role in primary rectal cancer remains uncertain. this study therefore prospectively assesses the impact of position emission tomography scanning on the management of primary rectal cancer. forty - six patients with advanced primary rectal cancer referred for consideration of adjuvant preoperative therapy underwent position emission tomography scanning. the referring physicians prospectively recorded each patient ' s stage following conventional imaging and the proposed treatment plan prior to position emission tomography scanning. this was then compared with subsequent stage and actual management implemented, and the appropriateness of position emission tomography - induced changes was noted by subsequent clinical follow - up. the surgical management of 36 of 46 patients ( 78 percent ) was unchanged as a result of position emission tomography, even though position emission tomography upstaged disease in 3 of 36 cases ( 8 percent ) and downstaged disease in 5 of 36 cases ( 14 percent ). in 8 of 46 cases ( 17 percent ), management was altered because of the position emission tomography scan findings, including 6 cases ( 13 percent ) in which surgery was cancelled and 2 other cases ( 4 percent ) in which the radiotherapy field was changed. where available, follow - up confirmed the appropriateness of position emission tomography - induced management change in each case. two patients had a change in therapy independent of the position emission tomography scan due to clinical circumstances. overall tumor stage was changed following position emission tomography in 18 of 46 patients ( 39 percent ). compared with computed tomography ( ct ) and magnetic resonance imaging ( mri ), positron emission tomography ( pet ) may have additional value in the assessment of primary and recurrent cervical cancer. however, the degree of tumour uptake of ( 18 ) f - 2 - fluoro - 2 - deoxy - d : - glucose ( fdg ) uptake is sometimes influenced by diabetes mellitus ( dm ). therefore, we conducted this prospective study to compare the diagnostic ability of fdg - pet in patients with cervical cancer complicated by dm and those without dm. this study examined the impact of radiotherapy for the primary rectal cancer on outcomes after pelvic exenteration for local recurrence.","Yes

Justification: The study shows that in 8 of 46 cases (17%), management was altered because of the positron emission tomography scan findings. ([3])",0.8235
fixed_bm25,fixed,bm25,mistral,Can you deliver accurate tidal volume by manual resuscitator?,no,maybe,0,1,generation_failure,"one of the problems with manual resuscitators is the difficulty in achieving accurate volume delivery. the volume delivered to the patient varies by the physical characteristics of the person and method. this study was designed to compare tidal volumes delivered by the squeezing method, physical characteristics and education and practice levels. the mean ( standard deviation ) volumes for the one - handed method were 592. 84 ml ( sd 117. 39 ), two - handed 644. 24 ml ( sd 144. 7 ) and two - handed half - compression 458. 31 ml ( sd 120. 91 ) ( p < 0. 01 ). tidal volume delivered by two hands was significantly greater than that delivered by one hand ( r = 0. 398, p < 0. 01 ). the physical aspects including hand size, volume and grip power had no correlation with the volume delivered. there were slight increases in tidal volume with education and practice, but correlation was weak ( r = 0. 213, r = 0. 281, r = 0. 131, p < 0. 01 ). measurement of visceral adipose tissue ( vat ) needs to be accurate and sensitive to change for risk monitoring. the purpose of this study is to determine the ct slice location where vat area can best reflect changes in vat volume and body weight. 114 individuals trained in basic life support and bag - valve - mask ventilation participated in this study. individual characteristics were obtained by the observer and the education and practice level were described by the subjects. ventilation was delivered with a manual resuscitator connected to a microspirometer and volumes were measured. subjects completed three procedures : one - handed, two - handed and two - handed half - compression. accurate and updated information on airborne pollen in specific areas can help allergic patients. current monitoring systems are based on a morphologic identification approach, a time - consuming method that may represent a limiting factor for sampling network enhancement.","Maybe

Justification: The study shows that there is a slight increase in tidal volume with education and practice, but the correlation is weak (r = 0.213, r = 0.281, r =",0.7647
fixed_bm25,fixed,bm25,mistral,Can increases in the cigarette tax rate be linked to cigarette retail prices?,no,no,1,1,success,"the 2009 excise tax increase on cigarettes in china has not translated into higher retail prices because the chinese stma used its policy authority to ensure that retail cigarette prices did not change. the government tax increase is being collected at both the producer and wholesale levels. as a result, the 2009 excise tax increase in china has resulted in higher tax revenue for the government and lower profits for the tobacco industry, with no increase in the retail price of cigarettes for consumers. to explain china ' s cigarette pricing mechanism and the role of the chinese state tobacco monopoly administration ( stma ) on cigarette pricing and taxation. published government tobacco tax documentation and statistics published by the chinese stma are used to analyse the interrelations among industry profits, taxes and retail price of cigarettes in china. tinnitus can be related to many different aetiologies such as hearing loss or a noise trauma, but it can also be related to the somatosensory system of the cervical spine, called cervicogenic somatic tinnitus ( cst ). case studies suggest a positive effect of cervical spine treatment on tinnitus complaints in patients with cst, but no experimental studies are available. to investigate whether intravenous opioid pct can be an effective therapeutic method to reduce breathlessness in patients with advanced disease. secondary aims were to study the feasibility and acceptance of opioid pct in patients with refractory breathlessness.","No, the provided context indicates that the Chinese State Tobacco Monopoly Administration (STMA) used its policy authority to ensure that retail cigarette prices did not change despite the 2009 excise tax increase in China.",0.8462
fixed_bm25,fixed,bm25,mistral,Vertical lines in distal esophageal mucosa (VLEM): a true endoscopic manifestation of esophagitis in children?,yes,yes,1,1,success,"we observed an endoscopic abnormally in a group of children with histological esophagitis. we termed this finding "" vertical lines in esophageal mucosa "" ( vlem ). we examined the relationship between the presence of vlem and significant histologic changes in esophageal mucosal biopsies. the esophageal mucosa had a normal appearance on 160 endoscopic studies ( group 1 ) and vlem were the only mucosal abnormalities in 41 endoscopies ( group 2 ). histology was normal in 92 of 160 biopsies ( 57. 5 % ) from group 1, and 1 of 41 biopsies ( 2. 4 % ) from group 2. most patients in group 2 had eosinophilic esophagitis ( 34 of 41, 83 %, specificity 0. 85, sensitivity 0. 5, p > 0. 001 ) which was of moderate to severe intensity ( 31 of 34, 91. 2 %, specificity 0. 88, sensitivity 0. 73, p < 0. 001 ). between january 1, 1992, and august 31, 1994, the senior author ( jff ) performed 255 esophageal biopsies. the procedure reports, available endoscopic photographs, and histology reports were reviewed to establish the endoscopic and histologic appearance of the esophageal mucosa. intraepithelial cells were counted in a blind review of 42 randomly selected biopsies. primary eosinophilic esophagitis, a chronic inflammatory disorder of the esophagus, evokes recurrent dysphagia. endoscopy is often unremarkable, and no consensus exists regarding management of resultant dysphagia. the response of a series of patients with primary eosinophilic esophagitis to dilation is reported together with a description of a possibly pathognomonic sign : fragile esophageal mucosa, for which the term "" crepe - paper "" mucosa is introduced. the aim of this study was to determine whether the vo ( 2 ) peak measured during an incremental treadmill test is a true reflection of the maximum oxygen uptake ( (. ) vo ( 2 ) max ) in children who have spina bifida and are ambulatory.","Yes

Justification: The study shows that the presence of VLEM (vertical lines in esophageal mucosa) is associated with significant histologic changes in esophageal mucosal biopsies, particularly",0.7059
fixed_bm25,fixed,bm25,mistral,Does hypoglycaemia increase the risk of cardiovascular events?,yes,maybe,0,1,generation_failure,"hypoglycaemia caused by glucose - lowering therapy has been linked to cardiovascular ( cv ) events. the origin trial provides an opportunity to further assess this relationship. several studies have shown associations between hyperglycemia and risk of cardiovascular disease ( cvd ) and mortality, yet glucose - lowering treatment does little to mitigate this risk. we examined whether associations between hyperglycemia and cvd risk were explained by underlying insulin resistance. elevated resting heart rate ( rhr ) is a neglected marker in cardiovascular risk factor studies of sub - saharan african populations. this study aimed to determine the prevalence of elevated rhr and other risk factors for cardiovascular disease ( cvd ) and to investigate any associations between rhr and these risk factors in a rural population in ghana. apparent life - threatening events in infants are a difficult and frequent problem in pediatric practice. the prognosis is uncertain because of risk of sudden infant death syndrome. a total of 12 537 participants with dysglycaemia and high cv - risk were randomized to basal insulin glargine titrated to a fasting glucose of ≤ 5. 3 mmol / l ( 95 mg / dl ) or standard glycaemic care. non - severe hypoglycaemia was defined as symptoms confirmed by glucose ≤ 54 mg / dl and severe hypoglycaemia as a requirement for assistance or glucose ≤ 36 mg / dl. outcomes were : ( i ) the composite of cv death, non - fatal myocardial infarction or stroke ; ( ii ) mortality ; ( iii ) cv mortality ; and ( iv ) arrhythmic death. hazards were estimated before and after adjustment for a hypoglycaemia propensity score. during a median of 6. 2 years ( iqr : 5. 8 - 6. 7 ), non - severe hypoglycaemic episodes occurred in 41. 7 and 14. 4 % glargine and standard group participants, respectively, while severe episodes occurred in 5. 7 and 1. 8 %, respectively. non - severe hypoglycaemia was not associated with any outcome following adjustment. conversely","Maybe

Justification: The context suggests that hypoglycaemia caused by glucose-lowering therapy has been linked to cardiovascular events (line 1), but the study presented in the context found no association between non",0.5909
fixed_bm25,fixed,bm25,mistral,Does the radiographic transition zone correlate with the level of aganglionosis on the specimen in Hirschsprung's disease?,no,maybe,0,1,generation_failure,"from 1998 to 2009, 79 patients were operated on for hirschsprung ' s disease. all available preoperative contrast enemas ( n = 61 ) had been single blind reviewed by the same radiologist who defined the radiographic transition zone when present in vertebral level. four groups were determined ( rectal, rectosigmoid, long segment, and absence of transition zone ) and by kappa coefficient of agreement correlated to the length of aganglionosis in the pathological report. the correlation between radiographic transition zone on contrast enema in hirschsprung ' s disease and the total length of aganglionosis is known to be inaccurate. the aim of our study was to analyse this correlation more precisely to improve preoperative planning of the corrective surgery. the histological analysis revealed that w - d hccs had lower incidences of fibrous capsule formation ( p < 0. 01 ), when compared to l - d hccs. there were no significant differences in the incidence of intrahepatic metastasis, or portal vein invasion. in a resected specimen of w - d hcc, barium sulfate and gelatin were injected into portal vein and a transparent specimen was made. the transparent specimen showed that the portal vein in the tumor seemed to be intact. microscopically, cancer cell infiltration into the fibrous frame of the portal tract was present. there were no significant differences in the disease free survival between the two groups. an analysis of tumor volume doubling time in recurrent foci suggested that minute cancerous foci had been present at the time of operation. the transanal endorectal pull - through ( terpt ) is becoming the most popular procedure in the treatment of hirschsprung disease ( hd ), but overstretching of the anal sphincters remains a critical issue that may impact the continence. this study examined the long - term outcome of terpt versus conventional transabdominal ( abd ) pull - through for hd. mechanically ventilated patients experience profound stress. interventions are needed to ameliorate stress that does not cause adverse effects. the purpose of this study was to explore the influence of music on stress in a sample of patients over the duration of ventilatory support. research methodology /","Maybe

Justification: The context mentions that the correlation between the radiographic transition zone and the total length of aganglionosis is known to be inaccurate ([2]), but it does not explicitly state that there is no",0.6500
fixed_bm25,fixed,bm25,mistral,Is dexamethasone an effective alternative to oral prednisone in the treatment of pediatric asthma exacerbations?,yes,yes,1,1,success,"a short course of systemic corticosteroids is an important therapy in the treatment of pediatric asthma exacerbations. although a 5 - day course of oral prednisone or prednisolone has become the most commonly used regimen, dexamethasone has also been used for a shorter duration ( 1 - 2 days ) with potential for improvement in compliance and palatability. we reviewed the literature to determine if there is sufficient evidence that dexamethasone can be used as an effective alternative in the treatment of pediatric asthma exacerbations in the inpatient setting. six completed pediatric clinical trials met the inclusion criteria. all of the pediatric trials found that prednisone is not superior to dexamethasone in treating mild to moderate asthma exacerbations. meta - analysis demonstrated homogeneity between the dexamethasone and prednisone groups when examining symptomatic return to baseline and unplanned physician revisits after the initial emergency department encounter. some studies found potential additional benefits of dexamethasone, including improved compliance and less vomiting. a medline search was conducted on the use of dexamethasone in the treatment of asthma exacerbations in children. the studies selected were clinical trials comparing the efficacy of dexamethasone with prednisone. meta - analysis was performed examining physician revisitation rates and symptomatic return to baseline. we have previously reported the feasibility of diagnostic and therapeutic peritoneoscopy including liver biopsy, gastrojejunostomy, and tubal ligation by an oral transgastric approach. we present results of per - oral transgastric splenectomy in a porcine model. the goal of this study was to determine the technical feasibility of per - oral transgastric splenectomy using a flexible endoscope. treatment of neonatal testicular torsion has two objectives : salvage of the involved testicle ( which is rarely achieved ) and preservation of the contralateral gonad. the second goal universally involves contralateral testicular scrotal fixation to prevent the future occurrence of contralateral torsion. however, there is controversy with regards to management of a synchronous contralateral hydrocele. it has been our policy not to address the contralateral hydrocele through an inguinal incision to minimize potential injury to the spermatic cord. our objective in this study was to determine whether the decision to manage a contralateral hydrocele in cases of neonatal testicular torsion solely through a scrotal approach is safe and effective.","Yes

Justification: The studies selected were clinical trials comparing the efficacy of dexamethasone with prednisone, and meta-analysis demonstrated homogeneity between the dexamethasone and prednisone groups",0.8750
fixed_bm25,fixed,bm25,mistral,Mammographic screening in Sami speaking municipalities and a control group. Are early outcome measures influenced by ethnicity?,yes,maybe,0,1,generation_failure,"female citizens of sami ( the indigenous people of norway ) municipalities in northern norway have a low risk of breast cancer. the objective of this study was to describe the attendance rate and outcome of the norwegian breast cancer screening program ( nbcsp ) in the sami - speaking municipalities and a control group. the 8 municipalities included in the administration area of the sami language law ( sami ) were matched with a control group of 11 municipalities ( non - sami ). population data were accessed from statistics norway. data regarding invitations and outcome in the nbcsp during the period 2001 - 2010 was derived from the cancer registry of norway ( crn ). the nbcsp targets women aged 50 - 69 years. rates and percentages were compared using chi - square test with a p - value < 0. 05 as statistical significant. the attendance rate in the nbcsp was 78 % in the sami and 75 % in the non - sami population ( p < 0. 01 ). the recall rates were 2. 4 and 3. 3 % in the sami and non - sami population, respectively ( p < 0. 01 ). the rate of invasive screen detected cancer was not significantly lower in the sami group ( p = 0. 14 ). the percentage of all breast cancers detected in the nbcsp among the sami ( 67 % ) was lower compared with the non - sami population ( 86 %, p = 0. 06 ). from january 2006 to august 2008, a group of 678 singleton pregnancies who had developed gdm has been selected as a study group among a total of 3966 pregnant women who had undergone first trimester screening for aneuploidies at 11 - 14 weeks of gestation. a group of 420 single pregnant women with physiological pregnancy were enrolled as control group. both fetal structural and karyotype ' s anomalies were excluded in the two groups. nt was mesured by a fetal medicine foundation certificated operator ; gdm was diagnosed at 24 - 28 weeks of gestation following carpenter and coustan criteria. in the analyses of continuos variables, study and control group were compared by student ' s t - test and anova test. breast cancer is the most common malignancy afflicting women, and the most common cancer overall in jordan. a woman ' s decision to go for screening is influenced by her social support network. this study aims to explore jordanian men ' s individual and contextual perspectives on women ' s breast cancer and their own role in the breast health of the females within their families.","Maybe

Justification: The attendance rate and recall rates were significantly different between the two groups, suggesting that ethnicity may influence early outcome measures. However, the rate of invasive screen-detected cancer was not significantly lower in the Sami",0.5600
fixed_bm25,fixed,bm25,mistral,Do Electrochemiluminescence Assays Improve Prediction of Time to Type 1 Diabetes in Autoantibody-Positive TrialNet Subjects?,yes,yes,1,1,success,"to explore whether electrochemiluminescence ( ecl ) assays can help improve prediction of time to type 1 diabetes in the trialnet autoantibody - positive population. trialnet subjects who were positive for one or more autoantibodies ( microinsulin autoantibody, gad65 autoantibody [ gada ], ia - 2a, and znt8a ) with available ecl - insulin autoantibody ( iaa ) and ecl - gada data at their initial visit were analyzed ; after a median follow - up of 24 months, 177 of these 1, 287 subjects developed diabetes. univariate analyses showed that autoantibodies by radioimmunoassays ( rias ), ecl - iaa, ecl - gada, age, sex, number of positive autoantibodies, presence of hla dr3 / 4 - dq8 genotype, hba1c, and oral glucose tolerance test ( ogtt ) measurements were all significantly associated with progression to diabetes. subjects who were ecl positive had a risk of progression to diabetes within 6 years of 58 % compared with 5 % for the ecl - negative subjects ( p < 0. 0001 ). multivariate cox proportional hazards models were compared, with the base model including age, sex, ogtt measurements, and number of positive autoantibodies by rias. the model with positivity for ecl - gada and / or ecl - iaa was the best, and factors that remained significantly associated with time to diabetes were area under the curve ( auc ) c - peptide, fasting c - peptide, auc glucose, number of positive autoantibodies by rias, and ecl positivity. adding ecl to the diabetes prevention trial risk score ( dptrs ) improved the receiver operating characteristic curves with au twenty - two subjects were classified as ftld - tdp type 1, 9 as type 2, and 11 as type 3. we identified different patterns of atrophy across the types with type 1 showing frontotemporal and parietal atrophy, type 2 predominantly anterior temporal lobe atrophy, and type 3 predominantly posterior frontal atrophy. within the ftld - tdp type 1 group, those with a progranulin mutation had significantly more lateral temporal lobe atrophy than those without. all type 2 subjects were diagnosed with semantic dementia. subjects with a pathologic diagnosis of ftld with motor neuron degeneration had a similar pattern of atrophy, regardless of whether they were type 1 or type 3. measurement of basal metabolic rate ( bmr ) is suggested as a tool to estimate energy requirements. therefore, bmr prediction equations have been developed in multiple populations because indirect calorimetry is not always feasible. however, there is a paucity of data on bmr measured in overweight and obese adults living in asia and equations developed for this group of interest. the aim of this study was to develop a new bmr prediction equation for chinese adults applicable for a large bmi range and compare it with commonly used prediction equations.","Yes

Justification: The context states that ""subjects who were ecl positive had a risk of progression to diabetes within 6 years of 58 % compared with 5 % for the ecl - negative subjects ( p <",0.8000
fixed_bm25,fixed,bm25,mistral,Assessment of appropriate antimicrobial prescribing: do experts agree?,yes,maybe,0,1,generation_failure,"little is known about the validity and reliability of expert assessments of the quality of antimicrobial prescribing, despite their importance in antimicrobial stewardship. we investigated how infectious disease doctors ' assessments compared with a reference standard ( modal expert opinion ) and with the assessments of their colleagues. twenty - four doctors specialized in infectious diseases or clinical microbiology ( 16 specialists and 8 residents ) from five hospitals were asked to assess the appropriateness of antimicrobial agents prescribed for a broad spectrum of indications in 56 paper cases. they were instructed how to handle guideline applicability and deviations. we created a reference standard of antimicrobial appropriateness using the modal assessment of 16 specialists. we calculated criterion validity and interrater and intrarater overall and specific agreement with an index expert ( senior infectious disease physician ) and analysed the influence of doctor characteristics on validity. we ascertained whether the obstetric history, syphilis testing, blood group testing, haemoglobin measurement and uterine growth assessment were performed during antenatal care along with whether appropriate action was taken. for intrapartum care, estimation of fetal weight, the performance of pelvimetry, blood pressure monitoring, urine testing, evaluation of head above pelvis, fetal heart rate monitoring, monitoring of contractions and plotting of cervical dilatation, and whether the appropriate actions were taken, were assessed. , with no difference before or after completion of the pep. where a problem in uterine growth was detected, an appropriate response occurred in 0 - 8 % of patients and no difference before or after completion of the pep was ascertained. in all groups, estimation of fetal weight and pelvimetry were seldom performed, the urine and fetal heart rate documentation were moderately well done and the blood pressure monitoring, assessment of head above pelvis, monitoring of contractions and plotting of cervical dilatation were usually performed. no differences before or after the pep were detected. where problems were detected, appropriate actions taken during labour improved, but not significantly. in a population - based cohort study using register data, we analysed the prescribing of new drugs by danish general practitioners. angiotensin - ii antagonists, triptans, selective cyclo - oxygenase - 2 antagonists and esomeprazol were used in the assessment. as indicators of new drug uptake, we used adoption time, cumulative incidence, preference proportion, incidence rate and prescription cost and volume. for each measure, we ranked the general practices. ranks were pair - wise plotted, and pearson ' s correlation coefficient ( r ) was calculated. next, we analysed the correlation between ranks across different drug classes.","Maybe

Justification: The study shows that there is some agreement among experts in their assessments of antimicrobial prescribing, but it also suggests that there is room for improvement in the consistency of these assessments (as indicated",0.3000
fixed_bm25,fixed,bm25,mistral,Is there a favorable subset of patients with prostate cancer who develop oligometastases?,yes,maybe,0,0,retrieval_failure,"prostate - specific antigen ( psa ) levels can show wide fluctuations when repeatedly measured. here we investigatewd if : ( a ) biopsy timing influences the prostate cancer ( pc ) detection rate in patients with fluctuating psa ( flu - psa ) in comparison with patients with steadily increasing psa ( si - psa ) ; ( b ) psa slope estimated in patients with flu - psa predicts a different risk of cancer detection ; ( c ) flu - psa and si - psa patients develop pc in topographically different sites ; ( d ) the behaviour of pre - operative psa is an expression of a disease with defferent characteristics to the following radical prostatectomy. we performed cox analyses to examine the ability of 4 postoperative nomograms, the duke prostate center ( dpc ) nomogram, the kattan postoperative nomogram, the johns hopkins hospital ( jhh ) nomogram, and the joint center for prostate disease research ( cpdr ) / cancer of the prostate strategic urologic research endeavor ( capsure ) nomogram to predict bcr and pcsm among 1778 men in the shared equal access regional cancer hospital ( search ) database who underwent rp between 1990 and 2009. we also compared their ability to predict bcr and aggressive bcr in a subset of men. we calculated the c - index for each nomogram to determine its predictive accuracy for estimating actual outcomes. examine whether patients with prostate cancer choose the more aggressive of two radiotherapeutic options, whether this choice is reasoned, and what the determinants of the choice are. in men without prostate cancer body mass index was not significantly associated with prostate specific antigen after adjusting for age ( p = 0. 06 ). a 10 - point body mass index increase was associated with a prostate specific antigen difference of - 0. 03 ng / ml ( 95 % ci - 0. 40 - 0. 49 ). results were similar when men with prostate cancer were included, when percent body fat was substituted for body mass index, and after adjusting for prostate volume. longitudinal weight changes also had no significant association with prostate specific antigen. measurement of basal metabolic rate ( bmr ) is suggested as a tool to estimate energy requirements. therefore, bmr prediction equations have been developed in multiple populations because indirect calorimetry is not always feasible. however, there is a paucity of data on bmr measured in overweight and obese adults living in asia and equations developed for this group of interest. the aim of this study was to develop a new bmr prediction equation for chinese adults applicable for a large bmi range and compare it with commonly used prediction equations.","Maybe

Justification: The question asks about the development of oligometastases in patients with prostate cancer, but the provided context does not directly discuss or provide evidence about this specific topic. However, the context does mention the investigation of",0.2273
fixed_bm25,fixed,bm25,mistral,Cycloplegic autorefraction in young adults: is it mandatory?,maybe,maybe,1,1,success,"the precise correction of refractive error is especially important in young adults. it is unclear whether cycloplegic refraction is necessary in this age group. the purpose of this study was to compare the non - cycloplegic and cycloplegic spherical equivalent ( se ) refractive error measured in young adults. although the players tended to believe that the headgear could prevent concussion ( 62 % ), the coaches were less convinced ( 33 % ). despite the players ' belief that headgear offers protection against concussion, only a minority reported wearing headgear ( 27 % ) and few ( 24 % ) felt that its use should be made mandatory. common reasons for not wearing headgear were "" its use is not mandatory "", "" it is uncomfortable "", and "" it costs too much "". measurement of basal metabolic rate ( bmr ) is suggested as a tool to estimate energy requirements. therefore, bmr prediction equations have been developed in multiple populations because indirect calorimetry is not always feasible. however, there is a paucity of data on bmr measured in overweight and obese adults living in asia and equations developed for this group of interest. the aim of this study was to develop a new bmr prediction equation for chinese adults applicable for a large bmi range and compare it with commonly used prediction equations. this was a prospective study of 1400 eyes ( n = 700 ) of enlisted soldiers aged 18 to 21 years who were consecutively evaluated in an outpatient army ophthalmology clinic. one drop of cyclopentolate 1 % was installed twice 10 min apart, and cycloplegic refraction was performed in both eyes 40 min later using an auto - refractor. the difference between non - cycloplegic and cycloplegic refractive measurements was analyzed. young adults whose families were abstainers in 2000 drank substantially less across quintiles in 2010 than offspring of non - abstaining families. the difference, however, was not statistically significant between quintiles of the conditional distribution. actual drinking levels in drinking families were not at all or weakly associated with drinking in offspring. supplementary analyses confirmed these patterns.","Maybe

Justification: The study in the context was conducted to compare the non-cycloplegic and cycloplegic spherical equivalent (SE) refractive error measured in young adults, suggesting that both methods might be used,",0.6667
fixed_bm25,fixed,bm25,mistral,Does screening or surveillance for primary hepatocellular carcinoma with ultrasonography improve the prognosis of patients?,yes,maybe,0,1,generation_failure,"the purpose of this paper is to evaluate the efficacy of ultrasonographic screening for primary hepatocellular carcinoma. the purpose of this study is to examine whether or not well differentiated ( w - d ) hepatocellular carcinoma ( hcc ) is indeed clinically early cancer. treatment delays in breast cancer are generally thought to affect prognosis but the impact on survival remains unclear. indicators for breast cancer care include time to primary treatment. the purpose of this study was to evaluate whether time to primary treatment ( tpt ) in breast cancer impacts survival. automated, tailored prompts highlighting familial risk for heart disease, stroke, diabetes, and breast, colorectal, or ovarian cancer were implemented during 2011 to 2012. medical records of a cohort of community - based primary care patients, aged 35 to 65 years, who previously participated in our family healthware study and had a moderate or strong familial risk for any of the 6 diseases were subsequently reviewed. the main outcome measures were pcp response to the prompts, adding family history risk to problem summary lists, and patient screening status for each disease. we examined 60 patients with benign cystic thyroid nodules confirmed by fine - needle aspiration biopsy and divided them into 2 groups according to nonaspiration ( group a, n = 30 ) or aspiration ( group b, n = 30 ) of ethanol - mixed fluid after intracystic ethanol injection. we evaluated in both groups the complete disappearance of the cystic portion of the thyroid nodule on follow - up ultrasonography ( first follow - up ultrasonography ; mean, 4. 6 months in group a ; mean, 4. 4 months in group b ) ( chi - square test ), side effects or complications during and after the procedure ( chi - square test ), and the total procedure time ( student t test ).","Maybe

Justification: The provided context discusses the efficacy of ultrasonographic screening for primary hepatocellular carcinoma, but it does not directly state whether or not this screening improves the prognosis of",0.4706
fixed_bm25,fixed,bm25,mistral,"""Would a man smell a rose then throw it away?",maybe,no,0,0,retrieval_failure,"we used a markov state transition decision model stratified by location of hemorrhage ( lobar or deep hemispheric ). effectiveness was measured in quality - adjusted life years ( qalys ). data sources included english language literature identified through medline searches and bibliographies from selected articles, along with empirical data from our own institution. the base case focused on a 69 - year - old man with a history of ich and newly diagnosed nonvalvular atrial fibrillation. unicompartmental replacement can be an alternative to tibial osteotomy in younger, active patients with unicompartmental knee disease. in unicompartmental replacement, the other compartments and knee ligaments are largely untouched. therefore, it was hypothesized that the knee kinematics after unicompartmental replacement may also be unchanged. to test this hypothesis, knee kinematics and quadriceps tension were recorded before and after replacement with a unicompartmental design and then with a tricompartmental design. it is unclear whether traveling long distances to high - volume centers would compensate for travel burden among patients undergoing rectal cancer resection. six human cadaver knees were tested before implantation, after implantation with a bicruciate - retaining unicompartmental knee prosthesis, and after implantation with a posterior cruciate - retaining tricompartmental knee prosthesis. the unicompartmental prosthesis was initially implanted, and it was then revised to a total condylar knee replacement. the knee kinematics were measured with use of an electromagnetic tracking device while the knee was put through dynamic simulated stair - climbing under peak flexion moments of approximately 40 n - m. quadriceps tension was also measured for all three conditions. a cross - sectional observational study was performed using a convenience sampling of ped patients during the fall of 2010. caregivers were presented with 6 commonly used cough medicine preparations and were asked to demonstrate if and how they would administer these to their children.","No

Justification: The context does not provide any information about a man smelling a rose or throwing it away.",0.0769
fixed_bm25,fixed,bm25,mistral,Department of Transportation vs self-reported data on motor vehicle collisions and driving convictions for stroke survivors: do they agree?,no,no,1,1,success,"research on stroke survivors ' driving safety has typically used either self - reports or government records, but the extent to which the 2 may differ is not known. we compared government records and self - reports of motor vehicle collisions and driving convictions in a sample of stroke survivors. the 56 participants were originally recruited for a prospective study on driving and community re - integration post - stroke ; the study population consisted of moderately impaired stroke survivors without severe communication disorders who had been referred for a driving assessment. the driving records of the 56 participants for the 5 years before study entry and the 1 - year study period were acquired with written consent from the ministry of transportation of ontario ( mto ), canada. self - reports of collisions and convictions were acquired via a semistructured interview and then compared with the mto records. forty - three participants completed the study. for 7 ( 13. 5 % ) the mto records did not match the self - reports regarding collision involvement, and for 9 ( 17. 3 % ) the mto records did not match self - reports regarding driving convictions. the kappa coefficient for the correlation between mto records and self - reports was 0. 52 for collisions and 0. 47 for convictions ( both in the moderate range of agreement ). when both sources of data were consulted, up to 56 percent more accidents and up to 46 percent more convictions were identified in the study population in the 5 years before study entry compared to when either source was used alone. ( i ) to examine the association between self - reported mechanical factors and chronic oro - facial pain. ( ii ) to test the hypothesis that this relationship could be explained by : ( a ) reporting of psychological factors, ( b ) common association of self - reported mechanical factors with other unexplained syndromes. subjects were adult non - hispanic white, non - hispanic black, and mexican american men ( n = 7422 ) and nonpregnant women ( n = 7999 ) who had complete demographic and anthropometric data. in addition to height, allometric models were developed for each measure that controlled for age, race, and self - reported health status.","No

Justification: The study found that for 13.5% of the participants, the Department of Transportation records did not match the self-reports regarding collision involvement, and for 17.3% of the participants",0.7895
fixed_bm25,fixed,bm25,mistral,"Neoadjuvant Imatinib in Locally Advanced Gastrointestinal stromal Tumours, Will Kit Mutation Analysis Be a Pathfinder?",yes,maybe,0,1,generation_failure,"longer duration of neoadjuvant ( na ) imatinib ( im ) used for locally advanced ( la ) gastrointestinal stromal tumours ( gist ) is not based on biology of the tumour reflected by kit mutation analysis. la or locally recurrent ( lr ) gist treated with na im from may 2008 to march 2015 from a prospective database were included in the analysis. archived formalin - fixed paraffin - embedded tissues ( ffpe ) were used for testing kit exons 9, 11, 13 and 17 by pcr. to evaluate the impact of her2 immunoreactivity on clinical outcome in locally advanced urothelial carcinoma patients who received surgery alone, or methotrexate, vinblastine, epirubicin, and cisplatin ( m - vec ) as adjuvant chemotherapy. thirty tumours, including carotid body, vagal body, jugulotympanic tumours and conglomerates of multiple tumours, were measured in duplicate, using linear dimensions, manual area tracing and an automated segmentation method. to compare the accuracy achieved by a trained urology nurse practitioner ( unp ) and consultant urologist in detecting bladder tumours during flexible cystoscopy.","Maybe

Justification: The context suggests that the duration of neoadjuvant imatinib is not based on the biology of the tumour reflected by kit mutation analysis, but it does not rule out the possibility that kit mut",0.5263
fixed_bm25,fixed,bm25,mistral,Does the lipid-lowering peroxisome proliferator-activated receptors ligand bezafibrate prevent colon cancer in patients with coronary artery disease?,yes,maybe,0,1,generation_failure,"epidemiologic studies have suggested that hypertriglyceridemia and insulin resistance are related to the development of colon cancer. nuclear peroxisome proliferator - activated receptors ( ppar ), which play a central role in lipid and glucose metabolism, had been hypothesized as being involved in colon cancerogenesis. in animal studies the lipid - lowering ppar ligand bezafibrate suppressed colonic tumors. however, the effect of bezafibrate on colon cancer development in humans is unknown. therefore, we proposed to investigate a possible preventive effect of bezafibrate on the development of colon cancer in patients with coronary artery disease during a 6 - year follow - up. development of new cancer ( all types ) was recorded in 177 patients : in 79 ( 5. 25 % ) patients from the bezafibrate group vs. 98 ( 6. 51 % ) from the placebo group. development of colon cancer was recorded in 25 patients : in 8 ( 0. 53 % ) patients from the bezafibrate group vs. 17 ( 1. 13 % ) from the placebo group, ( fisher ' s exact test : one side p = 0. 05 ; two side p = 0. 07 ). a difference in the incidence of cancer was only detectable after a 4 year lag and progressively increased with continued follow - up. on multivariable analysis the colon cancer risk in patients who received bezafibrate tended to be lower with a hazard ratio of 0. 47 and 95 % confidence interval 0. 2 - 1. 1. extracranial internal carotid artery stenosis is a risk factor for perioperative stroke in patients undergoing coronary artery bypass surgery ( cab ). although selective and non - selective methods of preoperative carotid screening have been advocated, it remains unclear if this screening is clinically relevant. aim : to test whether selective carotid screening is as effective as non - selective screening in detecting significant carotid disease. our population included 3011 patients without any cancer diagnosis who were enrolled in the randomized, double blind bezafibrate infarction prevention ( bip ) study. the patients received either 400 mg of bezafibrate retard ( 1506 patients ) or placebo ( 1505 patients ) once a day. cancer incidence data were obtained by matching a subject ' s identification numbers with the national cancer registry. each matched record was checked for correct identification. in 14 healthy pigs, blood flow was measured in the ascending aorta, left anterior descending ( lad ), circumflex ( cx ), right coronary artery ( rca ), right common carotid artery ( rcca ), and left internal mammary artery ( lima ), along with left - and right - ventricular pressures ( lvp and rvp ), aortic pressure ( aop ), and pulmonary artery pressure ( pap ). cardiac troponin ( ctn ), interleukin 6 and 10 ( il - 6 and il - 10 ), and tumor necrosis factor a ( tnf - a ) were measured in coronary sinus blood samples. the experimental ( ir ) group ( n = 10 ) underwent 60 min of lung ischemia followed by 60 min of reperfusion by clamping and releasing the left pulmonary hilum. simultaneous measurements of all parameters were made at baseline and during ir. the control group ( n = 4 ) had similar measurements without lung ir.","Maybe

Justification: The study shows a trend towards a lower risk of colon cancer in patients who received bezafibrate, but the difference is not statistically significant at the 95% confidence level (hazard ratio of ",0.6818
fixed_bm25,fixed,bm25,mistral,Does self-efficacy mediate the relationship between transformational leadership behaviours and healthcare workers' sleep quality?,maybe,no,0,1,generation_failure,"for all constructs, time 2 measures were influenced by the baseline level. direct relationships between transformational leadership and sleep quality were found. this relationship was negative cross - sectionally at both time points, but positive between baseline and follow - up. the relationship between leadership and employees ' sleep quality was not mediated by employees ' self - efficacy. a longitudinal design was used to collect data from danish healthcare workers at time 1 in 2005 ( n = 447 ) and 18 months later at time 2 in 2007 ( n = 274 ). structural equation modelling was used to investigate the relationships between transformational leadership, self - efficacy and sleep quality at both time points independently ( cross - sectionally ) and longitudinally. although there is evidence for the influential role of transformational leadership on health outcomes, researchers have used either attitude outcomes ( e. g. job satisfaction ) or softer health measures, such as general well - being. specific measures of well - being such as sleep quality have not been used, despite its association with working conditions. ( i ) to examine the association between self - reported mechanical factors and chronic oro - facial pain. ( ii ) to test the hypothesis that this relationship could be explained by : ( a ) reporting of psychological factors, ( b ) common association of self - reported mechanical factors with other unexplained syndromes. women residing in rural areas and in their 0 - 12 months after childbirth from 30 rural townships participated in a household survey. a structured questionnaire was used to evaluate women ' s socio - demographic characteristics, previous pregnant experiences, foetal characteristics and use of maternal health services. the scale for rural postnatal quality of life was adopted to assess postnatal quality of life from six dimensions : physical complaints and pain, sleep and energy, sex satisfaction, interpersonal communication, self - evaluated living stress and perceived life satisfaction.","No, the relationship between leadership and employees' sleep quality was not mediated by employees' self-efficacy.

Justification: The relationship between leadership and employees' sleep quality was explicitly stated not to be mediated by employees' self",0.6923
fixed_bm25,fixed,bm25,mistral,Does microbial contamination influence the success of the hematopoietic cell transplantation outcomes?,maybe,maybe,1,1,success,"microbial contamination can be a marker for faulty process and is assumed to play an important role in the collection of hematopoietic progenitor cell ( hpc ) and infusion procedure. we aimed to determine the microbial contamination rates and evaluate the success of hematopoietic cell transplantation ( hct ) in patients who received contaminated products. patients - we analyzed microbial contamination records of hpc grafts between 2012 and 2015, retrospectively. contamination rates of autologous donors were evaluated for at three steps : at the end of mobilization, following processing with dimethyl sulfoxide, and just before stem cell infusion. grafts of allogeneic donors were assessed only before hct. a total of 445 mobilization procedures were carried out on 333 ( 167 autologous and 166 allogeneic ) donors. the microbiological contamination of peripheral blood ( 323 / 333 donations ) and bone marrow ( 10 / 333 donations ) products were analyzed. bacterial contamination was detected in 18 of 1552 ( 1. 15 % ) culture bottles of 333 donors. during the study period 248 patients underwent hct and among these patients microbial contamination rate on sample basis was 1. 3 % ( 16 / 1212 ). microbial contamination detected in nine patients ( 7 autologous ; 2 allogeneic ). in 8 of 9 patients, a febrile neutropenic attack was observed. the median day for the neutropenic fever was 4 days ( 0 - 9 ). none of the patients died within the post - transplant 30 days who received contaminated products. mechanically ventilated patients experience profound stress. interventions are needed to ameliorate stress that does not cause adverse effects. the purpose of this study was to explore the influence of music on stress in a sample of patients over the duration of ventilatory support. research methodology / the concept of slt results from the development of reduced - size transplantation. a further development of slt, the in situ split technique, is derived from lrt, which itself marks the optimized outcome in terms of postoperative graft function and survival. the combination of slt and lrt has abolished deaths on the waiting list, thus raising the question whether living donor liver transplantation is still necessary.","Maybe

Justification: While the provided context does not definitively show a positive correlation between microbial contamination and the success of hematopoietic cell transplantation, it does indicate that microbial contamination was detected",0.4737
fixed_bm25,fixed,bm25,mistral,Very high serum CA 19-9 levels: a contraindication to pancreaticoduodenectomy?,no,no,1,1,success,"from 2000 to 2007, 344 patients underwent pancreatoduodenectomy for pa. fifty - three patients ( elevated group ) had preoperatively elevated serum ca 19 - 9 levels ( > 400 iu / ml ) after resolution of obstructive jaundice. of these, 27 patients had high levels ( 400 - 899 iu / ml ( hl ) ) and 26 patients had very high levels > or = 900 iu / ml ( vhl ). fifty patients with normal preoperative serum ca 19 - 9 levels ( < 37 iu / ml ) comprised the control group. median survival of the control group ( n = 50 ) versus elevated group ( n = 53 ) was 22 versus 15 months ( p = 0. 02 ) and overall 3 - year survival was 32 % versus 14 % ( p = 0. 03 ). there was no statistical difference in the median and 3 - year overall survival between patients with hl and vhl. patients in the elevated group who normalized their ca 19 - 9 levels after surgery ( n = 11 ) had a survival equivalent to patients in the control group. the serum leptin levels at diagnosis were significantly lower in lung cancer patients than those in control subjects ( 4. 75±4. 91 ng / ml, 9. 67±8. 02 ng / ml ; p < 0. 001 ). we did not find any significant difference in leptin values related to clinicopathological parameters such as ecog ps, weight loss, histological type, disease stage and tnm classification. nevertheless, we demonstrated a significant correlation between serum leptin levels and bmi in lung cancer patients ( correlation coefficient : 0. 303 ; p > 0. 010 ). the analysis of serum leptin values did not show any association with the overall survival of the patients. regional and global apexes were at the same level in 18 ( 54. 5 % ) curves, and within half a level in another 15 ( 45. 4 % ), and the regional apex was one level higher in two curves ( 95 % confidence levels : - 0. 82, + 0. 88 ). comparison of the most rotated levels with regional and global apex levels revealed a higher variability, extending up to two levels for the global apex ( 95 % confidence levels : - 1. 19, + 1. 54 levels for the global and - 1. 0, + 1. 41 levels for the regional apexes ). secondhand smoke exposure ( shse ) threatens fragile infants discharged from a neonatal intensive care unit ( nicu ). smoking practices were examined in families with a high respiratory risk infant ( born at very low birth weight ; ventilated > 12 hr ) in a houston, texas, nicu. socioeconomic status, race, and mental health status were hypothesized to be related to shse and household smoking bans.","No, the provided context does not indicate that very high serum CA 19-9 levels are a contraindication to pancreaticoduodenectomy. Instead, it shows that patients with very high levels had similar survival",0.5500
fixed_bm25,fixed,bm25,mistral,Perioperative care in an animal model for training in abdominal surgery: is it necessary a preoperative fasting?,no,maybe,0,1,generation_failure,"demonstrate that the rabbit may be used in the training of surgery, in addition to present its perioperative care. extracranial internal carotid artery stenosis is a risk factor for perioperative stroke in patients undergoing coronary artery bypass surgery ( cab ). although selective and non - selective methods of preoperative carotid screening have been advocated, it remains unclear if this screening is clinically relevant. aim : to test whether selective carotid screening is as effective as non - selective screening in detecting significant carotid disease. the precise correction of refractive error is especially important in young adults. it is unclear whether cycloplegic refraction is necessary in this age group. the purpose of this study was to compare the non - cycloplegic and cycloplegic spherical equivalent ( se ) refractive error measured in young adults. despite surgical refinements, perioperative use of tracheobronchoscopy ( tbs ) as part of surgical approach to esophageal atresia ( ea ) is still controversial. the purpose of this study was to evaluate the influence of preoperative tbs in newborns with ea in preventing complications and improving diagnosis and surgical treatment. changes in the spectrum of general surgery and the delivery of surgical care have placed the requirement for a mandatory general surgery rotation in the surgical clerkship in question.","Maybe

Justification: The context does not provide specific information about the perioperative care for the rabbit model in abdominal surgery, including whether preoperative fasting is necessary. However, it is common practice in human surgery",0.3043
fixed_bm25,fixed,bm25,mistral,Are physicians aware of the side effects of angiotensin-converting enzyme inhibitors?,no,maybe,0,1,generation_failure,"angiotensin - converting enzyme inhibitors ( ace - i ) are considered safe, but they are associated with characteristic side effects, namely cough and angioedema, usually requiring discontinuation. we perceived that referrals for these side effects have become more and more frequent ; therefore, we evaluated the degree of knowledge on the safety of ace - i in different medical categories. a questionnaire ( 13 questions ) on side effects of ace - i was posted to physicians. three hundred twelve physicians were contacted, and 154 returned questionnaires that could be analyzed. of the 154 physicians ( mean age, 45 years ) 48 were cardiologists, 52 were gps, and 54 were allergists. the percentage of correct answers was low : 31. 9 % for cardiologists, 40 % for gps, and 33 % for allergists. thus, gps provided a significantly higher percentage of correct answers with respect to the remaining categories ( p = 0. 05 ). the lower rate of correct answers ( 0 to 15. 9 % ) concerned the time of onset of cough and the action to take. cardiologists seemed to be less aware of the fact that angiotensin receptor blockers ( sartans ) can cross - react with ace - i. most patients showed complete disappearance of the cystic portion of the thyroid nodule ( group a, n = 29 ; group b, n = 28 ), and they revealed no recurrence on follow - up ultrasonography. there was no statistical difference in the success rates between group a and group b ( p >. 05 ). pain, the most common side effect, and other mild side effects or complications occurred in small numbers of patients in each group, but there was no significant difference in side effects or complications between the 2 groups ( p >. 05 ), except for intracystic hemorrhage ( p <. 05 ) and the complaint of all group b patients due to a double puncture ( p <. 001 ). the total procedure time was nearly double in group b than in group a because of the additional procedures, such as complete evacuation of the ethanol - mixed fluid and the 10 - minute compression. although consensus guidelines for pretreatment evaluation and monitoring of propranolol therapy in patients with infantile hemangiomas ( ih ) have been formulated, little is known about the cardiovascular side effects.","Maybe

Justification: The text states that the percentage of correct answers was low, indicating that physicians may not be fully aware of the side effects of angiotensin-converting enzyme inhibitors. However, it does",0.5714
fixed_bm25,fixed,bm25,mistral,Residual fundus or neofundus after laparoscopic sleeve gastrectomy: is fundectomy safe and effective as revision surgery?,maybe,maybe,1,1,success,"up to 30 % of patients who have undergone laparoscopic sleeve gastrectomy require revision surgery for inadequate weight loss, weight regain, and / or the development of severe upper gastrointestinal symptoms. the aim of this retrospective study was to evaluate the safety and efficacy of laparoscopic fundectomy ( lf ) in cases of a residual fundus / neofundus development regarding gerd symptoms. the study group comprised 19 patients ( 17 female ; mean bmi 35. 4 kg / m ( 2 ) ) divided into 2 groups. group a ( n = 10 ) patients with severe gerd and evidence of residual fundus / neofundus, hiatal hernia with good results in terms of weight loss. group b ( n = 9 ) patients with severe gerd, a residual fundus / neofundus, inadequate weight loss or weight regain. fundectomy was indicated when a residual fundus / neofundus was associated with severe gerd symptoms. the presence of a residual fundus / neofundus was assessed by a barium swallow and / or multislice computed tomography. laparoscopic sleeve gastrectomy ( lsg ) is currently being performed with increasing frequency worldwide. it offers an excellent weight loss and resolution of comorbidities in the short term with a very low incidence of complications. however, the ever present risk of a staple line leak is still a major concern. extracranial internal carotid artery stenosis is a risk factor for perioperative stroke in patients undergoing coronary artery bypass surgery ( cab ). although selective and non - selective methods of preoperative carotid screening have been advocated, it remains unclear if this screening is clinically relevant. aim : to test whether selective carotid screening is as effective as non - selective screening in detecting significant carotid disease. liters ) and had longer operations ( 370 + / - 103 min versus 362 + / - 142 min ), none of which were statistically significant. the average intensive care length of stay of patients was longer : 7. 5 + / - 6. 8 days versus 4. 0 + / - 7. 1 days ( p = 0. 004 ). multivariate analysis revealed an association of atrial fibrillation with age ( or 1. 08, 95 % ci 1. 02 - 1. 14, p = 0. 01 ), and laparoscopic surgery ( or 0. 09, 95 % ci 0. 01 - 0. 95, p = 0. 04 ) after adjusting for surgery type.","Maybe

Justification: The study suggests that fundectomy is indicated when a residual fundus or neofundus is associated with severe gastroesophageal reflux disease (GERD) symptoms, but the safety and",0.7222
fixed_bm25,fixed,bm25,mistral,Are physician estimates of asthma severity less accurate in black than in white patients?,yes,yes,1,1,success,"racial differences in asthma care are not fully explained by socioeconomic status, care access, and insurance status. appropriate care requires accurate physician estimates of severity. it is unknown if accuracy of physician estimates differs between black and white patients, and how this relates to asthma care disparities. three thousand four hundred and ninety - four patients participated ( 13 % were black ). blacks were significantly more likely than white patients to have their asthma severity underestimated ( or = 1. 39, 95 % ci 1. 08 - 1. 79 ). among black patients, underestimation was associated with less use of daily inhaled corticosteroids ( 13 % vs 20 %, p <. 05 ), less physician instruction on management of asthma flare - ups ( 33 % vs 41 %, p <. 0001 ), and lower ratings of asthma care ( p =. 01 ) and physician communication ( p =. 04 ). we conducted a cross - sectional survey among adult patients with asthma cared for in 15 managed care organizations in the united states. we collected physicians ' estimates of their patients ' asthma severity. physicians ' estimates of patients ' asthma as being less severe than patient - reported symptoms were classified as underestimates of severity. we hypothesized that : 1 ) physician underestimation of asthma severity is more frequent among black patients ; 2 ) among black patients, physician underestimation of severity is associated with poorer quality asthma care. injury severity score ( iss ), glasgow coma score ( gcs ), and revised trauma score ( rts ) are the most frequently used methods to evaluate the severity of injury in blunt trauma patients. iss is too complicated to assess easily and gcs and rts are easy to assess but somewhat subjective. white blood cell count ( wbc ) is an easy, quick and objective test. this study was performed to evaluate the significance of the wbc count at presentation in the blunt trauma patients.","Yes

Justification: The study found that black patients were significantly more likely than white patients to have their asthma severity underestimated (OR = 1.39, 95% CI 1.08",0.8500
fixed_bm25,fixed,bm25,mistral,Does laparoscopic surgery decrease the risk of atrial fibrillation after foregut surgery?,yes,yes,1,1,success,"atrial fibrillation, which occurs in 12 % of all major foregut surgeries, can prolong hospital stay and increase morbidity. minimally invasive techniques in foregut surgery have been suggested to cause less tissue trauma. we examined the factors associated with new - onset atrial fibrillation after foregut surgery at our institution. we retrospectively examined the records of 154 adult patients who underwent major foregut surgery which included esophagectomy, partial or total gastrectomy, redo heller myotomy, redo or transthoracic fundoplications. univariate and multivariate logistic regression analysis with standard modeling techniques were performed to determine risk factors for new - onset atrial fibrillation. of the 154 patients, 14 patients developed new - onset atrial fibrillation with a higher mean age of 67. 1 years ( + / - 8. 8 years ) versus 56. 4 years ( + / - 14. 1 years ) ( p = 0. 006 ). laparoscopic ( p = 0. 004 ) and nonthoracic surgeries ( p = 0. 01 ) were associated with lower risk of atrial fibrillation. patients with atrial fibrillation had received more fluid ( 6. 5 + / - 2. 8 liters versus 5. 3 + / - 2. 0 liters ) and had longer operations ( 370 + / - 103 min versus 362 + / - 142 min ), none of which were statistically significant. the average intensive care length of stay of patients was longer : 7. 5 + / - 6. 8 days versus 4. 0 + / - 7. 1 days ( p = 0. 004 ). multivariate analysis revealed an association of atrial fibrillation with age ( or 1. 08, 95 % ci 1. 02 - 1. 14, p = 0. 01 ), and laparoscopic surgery ( or 0. 09, 95 % ci 0 liters ) and had longer operations ( 370 + / - 103 min versus 362 + / - 142 min ), none of which were statistically significant. the average intensive care length of stay of patients was longer : 7. 5 + / - 6. 8 days versus 4. 0 + / - 7. 1 days ( p = 0. 004 ). multivariate analysis revealed an association of atrial fibrillation with age ( or 1. 08, 95 % ci 1. 02 - 1. 14, p = 0. 01 ), and laparoscopic surgery ( or 0. 09, 95 % ci 0. 01 - 0. 95, p = 0. 04 ) after adjusting for surgery type. up to 30 % of patients who have undergone laparoscopic sleeve gastrectomy require revision surgery for inadequate weight loss, weight regain, and / or the development of severe upper gastrointestinal symptoms. the aim of this retrospective study was to evaluate the safety and efficacy of laparoscopic fundectomy ( lf ) in cases of a residual fundus / neofundus development regarding gerd symptoms.","Yes

Justification: The study found that laparoscopic surgery was associated with a lower risk of atrial fibrillation after foregut surgery (p = 0.004) ([4]).",0.8235
fixed_bm25,fixed,bm25,mistral,"The Main Gate Syndrome: a new format in mass-casualty victim ""surge"" management?",yes,maybe,0,0,retrieval_failure,"an osce test - format ( seven stations : advanced cardiac life support ( acls ), basic life support ( bls ), trauma - management ( tm ), pediatric - emergencies ( pe ), acute - coronary - syndrome ( acs ), airway - management ( am ), and obstetrical - emergencies ( oe ) ) was administered to 207 medical students in their third year of training after they had received didactics in emergency medicine management. participants were randomly assigned to one of the two simultaneously run tracks : either with se ( n = 110 ) or with fe ( n = 98 ). students were asked to rate each osce station and to provide their overall osce perception by means of a standardized questionnaire. the independent samples t - test was used and effect sizes were calculated ( cohens d ). the study includes a total of 32 attacks, resulting in 62 hmcis and 1292 casualties. the mean number of arriving casualties to a single hospital was 20. 8 + / - 13. 3 ( range 4 - 56, median 16. 5 ). in 95 % of the hmcis the casualty load was < or = 52. based on severity scores and ed discharges 1022 ( 79. 2 % ) casualties did not necessitate immediate medical treatment. apparent life - threatening events in infants are a difficult and frequent problem in pediatric practice. the prognosis is uncertain because of risk of sudden infant death syndrome. this study included 438 vps procedures, 49 in which an endoscope was used ( 11. 2 % ) and 389 in which an endoscope was not used ( 88. 8 % ). the infection rates in these 2 main groups were calculated and compared. subsequently, 4 new groups were created, composed of patients with a shunt inserted for the first time ( groups 1a and 1b ) and patients with a shunt reviewed or inserted for a second time ( groups 2a and 2b ). groups 1a and 2a comprised patients in whom an endoscope was used simultaneously with vps surgery, and groups 1b and 2b comprised patients in whom an endoscope was not used. these groups were compared to determine the infection rate. obesity may be associated with lower prostate specific antigen through hemodilution. we examined the relationship between body mass index and prostate specific antigen by age in men without prostate cancer in a longitudinal aging study to determine whether prostate specific antigen must be adjusted for body mass index.","Maybe

Justification: The study discusses a total of 32 attacks, resulting in 62 hmcis and 1292 casualties, suggesting a new format for mass-casualty victim surge management might be",0.6667
fixed_bm25,fixed,bm25,mistral,Do communication disorders extend to musical messages?,yes,yes,1,1,success,"effective musical communication requires conveyance of the intended message in a manner perceptible to the receiver. communication disorders that impair transmitting or decoding of structural features of music ( e. g., pitch, timbre ) and / or symbolic representation may result in atypical musical communication, which can have a negative impact on music therapy interventions. participants listened to recorded musical excerpts conveying emotions or movements and matched them with labels. measures relevant to auditory and / or language function were also gathered. responses were obtained from 1030 people, reflecting the sociodemographic mix of the uk population. participants valued interventions preventing hospital - acquired infections ( 1. 31 ) more highly than genetic disorders ( 1. 0 ), although drug errors were valued similarly to genetic disorders ( 1. 07 ), and interventions to prevent injury to health care staff were given less weight than genetic disorders ( 0. 71 ). less weight was also given to interventions related to lifestyle ( 0. 65 ) and sports injuries ( 0. 41 ). after each seminary, an evaluation form concerning participants ' satisfaction with the course was filled in. furthermore, all course participants received a questionnaire at the beginning and at the end of the course, as well as 3 months afterwards. the participants were asked to assess their own sense of security in seven different communication settings on a visual analog scale, and to specify perceived changes in their communication behavior 3 months after the course. to determine the potential prognostic value of using functional magnetic resonance imaging ( fmri ) to identify patients with disorders of consciousness, who show potential for recovery.","Yes

Justification: The context states that communication disorders can impair the transmission or decoding of structural features of music, such as pitch and timbre ([1]).",0.6471
fixed_bm25,fixed,bm25,mistral,Do patients with rheumatoid arthritis established on methotrexate and folic acid 5 mg daily need to continue folic acid supplements long term?,yes,maybe,0,1,generation_failure,"to look at the effect of stopping fa supplementation in uk rheumatoid arthritis ( ra ) patients established on methotrexate < 20 mg weekly and fa 5 mg daily, to report all toxicity ( including absolute changes in haematological and liver enzyme indices ) and to report changes in the efficacy of methotrexate. it is postulated that some aspects of methotrexate toxicity may be related to its action as an anti - folate. folic acid ( fa ) is often given as an adjunct to methotrexate therapy, but there is no conclusive proof that it decreases the toxicity of methotrexate and there is a theoretical risk that it may decrease the efficacy of methotrexate. in a prospective, randomized, double - blind, placebo - controlled study, 75 patients who were established on methotrexate < 20 mg weekly and fa 5 mg daily were asked to stop their fa and were randomized to one of two groups : placebo or fa 5 mg daily. patients were evaluated for treatment toxicity and efficacy before entry and then at intervals of 3 months for 1 yr. several studies have suggested a protective effect of folic acid ( fa ) on congenital heart anomalies. down syndrome ( ds ) infants are known to have a high frequency of heart anomalies. not all children with ds suffer from heart anomalies, which raises the question whether maternal factors might affect the risk of these anomalies. our objectives were to investigate whether first - trimester fa use protects against heart anomalies among ds children. a severe systemic reaction to sulfasalazine developed in a 21 - year old female with rheumatoid arthritis characterized by eosinophilia, granulomatous enteritis and myelotoxicity, cholestatic hepatitis, and seizures. the clinical course and management of this patient are presented as well as a review of the incidence and outcome of severe systemic reactions to sulfasalazine.","Maybe

Justification: The provided context describes a study where patients were asked to stop their folic acid supplements and were then evaluated for treatment toxicity and efficacy. However, the study does not provide conclusive evidence that stopping fol",0.5385
fixed_bm25,fixed,bm25,mistral,Can infundibular height predict the clearance of lower pole calyceal stone after extracorporeal shockwave lithotripsy?,yes,yes,1,1,success,"to evaluate the efficacy of extracorporeal shock wave lithotripsy ( swl ) on lower calyceal calculi in relation to the renal anatomical factors and determine which of these factors can be used to select patients who will benefit from swl. we analyzed retrospectively 78 patients with single radiopaque lower calyceal stones treated with swl. the patients were evaluated 3 months after lithotripsy with a simple abdominal x - ray and a kidney ultrasound scan. the success of the treatment, removal of all fragments, was correlated with renal anatomical factors measured in the pre - treatment intravenous urography : infundibulopelvic angle, lower infundibulum width, lower infundibulum length, ratio length / width, infundibulum height, and number of minor calyces in the lower calyceal group. three months after swl treatment, 39 patients were stone - free ( nr group ) and 39 had residual fragments ( r group ). both groups presented no differences in relation to infundibulopelvic angle, width and length of the lower calyceal infundibulum, length / width ratio of the lower infundibulum or number of lower calyces. height of the infundibulum, described as the distance between the line passing through the lowest part of the calyx containing the calculus and the highest point of the lower lip of renal pelvis, was the only parameter in which significant differences ( p = 0. 002 ) were found between the nr and r groups. to examine the ability of various postoperative nomograms to predict prostate cancer - specific mortality ( pcsm ) and to validate that they could predict aggressive biochemical recurrence ( bcr ). prostate - specific antigen ( psa ), grade, and stage are the classic triad used to predict bcr after radical prostatectomy ( rp ). multiple nomograms use these to predict risk of bcr. a previous study showed that several nomograms could predict aggressive bcr ( prostate - specific antigen doubling time [ psadt ] < 9 months ) more accurately than bcr. however, it remains unknown if they can predict more definitive endpoints, such as pcsm. a series of 188 patients with 208 ureteral stones were treated with semirigid ureteroscopy and holmium : yag laser lithotripsy from january 2003 to december 2005. of the stones, 116 were lower ureteral, 37 middle ureteral, and 55 upper ureteral.","Yes

Justification: The infundibular height was the only parameter in which significant differences were found between the stone-free and residual fragment groups (p = 0.002) ([3]).",0.8000
fixed_bm25,fixed,bm25,mistral,Does lung ischemia and reperfusion have an impact on coronary flow?,yes,yes,1,1,success,"ischemia - reperfusion ( ir ) injury remains a major cause of early morbidity and mortality after lung transplantation with poorly documented extrapulmonary repercussions. to determine the hemodynamic effect due to lung ir injury, we performed a quantitative coronary blood - flow analysis in a swine model of in situ lung ischemia and reperfusion. in the ir group, total coronary flow ( tcf = lad + cx + rca blood - flow ) decreased precipitously and significantly from baseline ( 113±41 ml min "" 1 ) during ir ( p < 0. 05 ), with the lowest value observed at 60 min of reperfusion ( - 37. 1 %, p < 0. 003 ). baseline ctn ( 0. 08±0. 02 ng ml ( - 1 ) ) increased during ir and peaked at 45 min of reperfusion ( + 138 %, p < 0. 001 ). baseline il - 6 ( 9. 2±2. 17 pg ml ( - 1 ) ) increased during ir and peaked at 60 min of reperfusion ( + 228 %, p < 0. 0001 ). significant lvp drop at 5 min of ischemia ( p < 0. 05 ) was followed by a slow return to baseline at 45 min of ischemia. a second lvp drop occurred at reperfusion ( p < 0. 05 ) and persisted. conversely, rvp increased throughout ischemia ( p < 0. 05 ) and returned toward baseline during reperfusion. coronary blood flow and hemodynamic profile remained ##±2. 17 pg ml ( - 1 ) ) increased during ir and peaked at 60 min of reperfusion ( + 228 %, p < 0. 0001 ). significant lvp drop at 5 min of ischemia ( p < 0. 05 ) was followed by a slow return to baseline at 45 min of ischemia. a second lvp drop occurred at reperfusion ( p < 0. 05 ) and persisted. conversely, rvp increased throughout ischemia ( p < 0. 05 ) and returned toward baseline during reperfusion. coronary blood flow and hemodynamic profile remained unchanged in the control group. il - 10 and tnf - a remained below the measurable range for both the groups. in 14 healthy pigs, blood flow was measured in the ascending aorta, left anterior descending ( lad ), circumflex ( cx ), right coronary artery ( rca ), right common carotid artery ( rcca ), and left internal mammary artery ( lima ), along with left - and right - ventricular pressures ( lvp and rvp ), aortic pressure ( aop ), and pulmonary artery pressure ( pap ). cardiac troponin ( ctn ), interleukin 6 and 10 ( il - 6 and il - 10 ), and tumor necrosis factor a ( tnf - a ) were measured in coronary sinus blood samples. the experimental ( ir ) group ( n = 10 ) underwent 60 min of lung ischemia followed by 60 min of reperfusion by clamping and releasing the left pulmonary hilum. simultaneous measurements of all parameters were made at baseline and during ir. the control group ( n = 4 ) had similar measurements without lung ir. fournier ' s gangrene is known to have an impact in the morbidity and despite antibiotics and aggressive debridement, the mortality rate remains high.","Yes

Justification: The text states that during ischemia and reperfusion, total coronary flow (TCF) decreased significantly from baseline (p < 0.05), with the lowest value observed at 60",0.8182
fixed_bm25,fixed,bm25,mistral,Is a patient's self-reported health-related quality of life a prognostic factor for survival in non-small-cell lung cancer patients?,maybe,yes,0,1,generation_failure,"the aim of this prognostic factor analysis was to investigate if a patient ' s self - reported health - related quality of life ( hrqol ) provided independent prognostic information for survival in non - small cell lung cancer ( nsclc ) patients. few studies have assessed whether the advantage chemotherapy has been shown to have in treating advanced non - small lung carcinoma in clinical trials is transferrable to normal health care activity. this could explain the skepticism of a large number of pneumologists towards this treatment. the objective of our study was to analyze prognostic factors related to survival and to see whether cytostatic treatment was an independent predictor. as part of a prospective study on quality of life in newly diagnosed lung cancer patients an investigation was carried out to examine whether there were differences among patients ' quality of life scores and their socioeconomic status. we review our results on surgical treatment of patients with stage i non - small cell lung carcinoma and we attempted to clarify the prognostic significance of some surgical - - pathologic variables. women residing in rural areas and in their 0 - 12 months after childbirth from 30 rural townships participated in a household survey. a structured questionnaire was used to evaluate women ' s socio - demographic characteristics, previous pregnant experiences, foetal characteristics and use of maternal health services. the scale for rural postnatal quality of life was adopted to assess postnatal quality of life from six dimensions : physical complaints and pain, sleep and energy, sex satisfaction, interpersonal communication, self - evaluated living stress and perceived life satisfaction.","Yes

Justification: The context states that the aim of the prognostic factor analysis was to investigate if a patient's self-reported health-related quality of life provided independent prognostic information for survival in non-",0.8261
fixed_bm25,fixed,bm25,mistral,Transient tachypnea of the newborn (TTN): a role for polymorphisms in the beta-adrenergic receptor (ADRB) encoding genes?,yes,maybe,0,0,retrieval_failure,"this study sought to evaluate mutations in genes encoding the slow component of the cardiac delayed rectifier k + current ( i ( ks ) ) channel in familial atrial fibrillation ( af ). the morbidity and mortality associated with panton - valentine leucocidin ( pvl ) - positive staphylococcus aureus suggest that this toxin is a key marker of disease severity. nevertheless, the importance of pvl in the pathogenesis of primary bacteraemia caused by s. aureus is uncertain. we have determined the prevalence of pvl - encoding genes among isolates of s. aureus from bacteraemic patients. the etiology of hemodialysis ( hd ) - induced hypotension and hypertension remains speculative. there is mounting evidence that endothelin - 1 ( et - 1 ) may play a vital role in these hemodynamic changes. we examined the possible role of intradialytic changes of et - 1 in the pathogenesis of hypotension and rebound hypertension during hd. sections from paraffin - embedded blocks of surgically resected specimens of gbc ( 69 cases ), xgc ( 65 ), chronic cholecystitis ( 18 ) and control gallbladder ( 10 ) were stained with the monoclonal antibodies to p53 and pcna, and a polyclonal antibody to beta - catenin. p53 expression was scored as the percentage of nuclei stained. pcna expression was scored as the product of the percentage of nuclei stained and the intensity of the staining ( 1 - 3 ). a cut - off value of 80 for this score was taken as a positive result. beta - catenin expression was scored as type of expression - membranous, cytoplasmic or nuclear staining. microbial contamination can be a marker for faulty process and is assumed to play an important role in the collection of hematopoietic progenitor cell ( hpc ) and infusion procedure. we aimed to determine the microbial contamination rates and evaluate the success of hematopoietic cell transplantation ( hct ) in patients who received contaminated products. patients -","Maybe

Justification: The provided context does not directly discuss or evaluate polymorphisms in the beta-adrenergic receptor (ADRB) encoding genes in relation to transient tachypnea of the newborn (TT",0.2000
fixed_bm25,fixed,bm25,mistral,Is duration of psychological treatment for depression related to return into treatment?,yes,yes,1,1,success,"there is increasing pressure on mental health providers to reduce the duration of treatments, while retaining level of quality and effectiveness. the risk is that the population is underserved and therefore needs new treatment episodes. the primary aim of this study was to investigate whether duration of treatment and return into mental health care were related. the majority of patients did not return into mental health care ( 86 % ). patients with a shorter duration of treatment ( 5 - 250 min ; 251 - 500 min and 751 - 1000 min ) were slightly more likely to return ( reference group : > 1000 min ) ( hr 1. 19 95 % ci 1. 13 - 1. 26 ; hr 1. 11 95 % ci 1. 06 - 1. 17 ; hr 1. 18 95 % ci 1. 11 - 1. 25 ), adjusted for demographic and clinical variables. this study examined dutch patients with an initial treatment episode in 2009 or 2010 in specialized mental health settings for depressive disorder ( n = 85, 754 ). follow - up data about treatment episodes were available up until 2013. the data set included demographic ( age, gender ), and clinical factors ( comorbidity with other dsm - iv axis ; scores on the ' global assessment of functioning ' ). cox regression analyses were used to assess whether duration of treatment and relapse into mental health care were related. exploratory study in patients with mild to moderate sleep apnoea, limited treatment duration ; concomitant hypnotic treatment ( 35 % ) ; lack of correction for multiplicity of testing. few studies have assessed whether the advantage chemotherapy has been shown to have in treating advanced non - small lung carcinoma in clinical trials is transferrable to normal health care activity. this could explain the skepticism of a large number of pneumologists towards this treatment. the objective of our study was to analyze prognostic factors related to survival and to see whether cytostatic treatment was an independent predictor.","Yes

Justification: The study found that patients with a shorter duration of treatment were slightly more likely to return into mental health care compared to those with a duration of treatment greater than 1000 minutes, adjusted for demographic and clinical",0.6800
fixed_bm25,fixed,bm25,mistral,Does shaving the incision site increase the infection rate after spinal surgery?,maybe,maybe,1,1,success,"to determine whether shaving the incision site before spinal surgery causes postsurgical infection. spine surgeons usually shave the skin of the incision site immediately before surgery is performed. however, evidence from some surgical series suggests that presurgical shaving may increase the postsurgical infection rate. to our knowledge, no previously published studies have addressed this issue. a total of 789 patients scheduled to undergo spinal surgery were randomly allocated into 2 groups : those in whom the site of operation was shaved immediately before surgery ( shaved group ; 371 patients ) and the patients in whom presurgical shaving was not performed ( unshaved group ; 418 patients ). the mean duration of anesthesia and the infection rates in both groups were recorded and compared. the relationship between the use of an endoscope during ventriculoperitoneal shunt ( vps ) procedures and infection remains poorly defined. in this study, we sought to analyze whether the simultaneous use of an endoscope could in fact increase the infection rate associated with vps procedures. no significant difference was seen in the prevalence of serovars isolated following a repeat infection compared with those without repeat infections. the site of the initial infection did not appear to influence the subsequent serovar isolated.","Maybe

Justification: The study shows that no significant difference was seen in the infection rates between the shaved and unshaved groups, but it does not definitively prove that shaving the incision site does not increase the infection rate.",0.7273
fixed_bm25,fixed,bm25,mistral,The influence of atmospheric pressure on aortic aneurysm rupture--is the diameter of the aneurysm important?,maybe,maybe,1,1,success,"the rate of aortic aneurysm rupture correlates with the aneurysm ' s diameter, and a higher rate of rupture is observed in patients with larger aneurysms. according to the literature, contradictory results concerning the relationship between atmospheric pressure and aneurysm size have been reported. aim : in this paper, we assessed the influence of changes in atmospheric pressure on abdominal aneurysm ruptures in relationship to the aneurysm ' s size. there were no statistically significant differences in pressure between the days of rupture and the remainder of the days within an analysed period. the highest frequency of the admission of patients with a ruptured aortic aneurysm was observed during periods of winter and spring, when the highest mean values of atmospheric pressure were observed ; however, this observation was not statistically confirmed. a statistically non - significant trend towards the higher rupture of large aneurysms ( > 7 cm ) was observed in the cases where the pressure increased between the day before the rupture and the day of the rupture. this trend was particularly pronounced in patients suffering from hypertension ( p = 0. 1 ). the records of 223 patients with ruptured abdominal aneurysms were evaluated. all of the patients had been admitted to the department in the period 1997 - 2007 from the silesia region. the atmospheric pressures on the day of the rupture and on the days both before the rupture and between the rupture events were compared. the size of the aneurysm was also considered in the analysis. traumatic aortic injury ( tai ) is a rare but life - threatening type of injury. we investigate whether the anatomy of the aortic arch influences the severity of aortic injury. this is a retrospective study of twenty - two cases treated with tevar for tai in our department from 2009 to 2014. aortic injury was assessed in accordance with the recommendations of the society of vascular surgery. we measured the aortic arch angle and the aortic arch index, based on the initial angio - ct scan, in each of the analyzed cases.","Maybe

Justification: The text mentions a statistically non-significant trend towards the higher rupture of large aneurysms (>7 cm) when the pressure increased between the day before the rupture and the",0.8095
fixed_bm25,fixed,bm25,mistral,Do French lay people and health professionals find it acceptable to breach confidentiality to protect a patient's wife from a sexually transmitted disease?,maybe,yes,0,1,generation_failure,"to determine under what conditions lay people and health professionals find it acceptable for a physician to breach confidentiality to protect the wife of a patient with a sexually transmitted disease ( std ). the concept of breaching confidentiality to protect a wife from her husband ' s std was favoured much more by lay people and psychologists than by physicians ( mean ratings 11. 76, 9. 28 and 2. 90, respectively, on a scale of 0 - 22 ). the patient ' s stated intentions to protect his wife and to inform her of the disease had the greatest impact on acceptability. a cluster analysis showed groups of lay participants who found breaching confidentiality "" always acceptable "" ( n = 14 ), "" depending on the many circumstances "" ( n = 87 ), requiring "" consultation with an expert "" ( n = 30 ) and "" never acceptable ( n = 13 ) "". three themes were identified : a ) supporting one ' s wife ; b ) marital needs and obligations ; c ) constrained by a culture of destiny and shame. the first theme was built on men ' s feelings of responsibility for the family ' s health and well - being, their experiences of encouraging their wives to seek health care and their providing counselling and instrumental support. the second theme emerged from men ' s views about other men ' s rejection of a wife inflicted by breast cancer, their own perceptions of diminished femininity due to mastectomy and their own concerns about protecting the family from the hereditary risk of breast cancer. the third theme was seen in men ' s perception of breast cancer as an inevitable act of god that is far away from one ' s own family, in associating breast cancer with improper behaviour and in their readiness to face the culture of eib ( shame ). in a study in france, breaching confidentiality in 48 scenarios were accepted by 144 lay people, 10 psychologists and 7 physicians. the scenarios were all possible combinations of five factors : severity of the disease ( severe, lethal ) ; time taken to discuss this with ( little time, much time ) ; intent to inform the spouse about the disease ( none, one of these days, immediately ) ; intent to adopt protective behaviours ( no intent, intent ) ; and decision to consult an expert in stds ( yes, no ), 2 x 2 x 3 x 2 x 2. the importance and interactions of each factor were determined, at the group level, by performing analyses of variance and constructing graphs. aids case reports, hiv testing of blood donors, antenatal clinic attenders ( anc ), food service workers, sexually transmitted disease ( std ) clinic attenders, female prostitutes, homosexuals and other groups were used to monitor the hiv / aids epidemic. primary and secondary syphilis and cases of congenital syphilis were also monitored. national knowledge, attitude and practice ( kap ) surveys were conducted in 1988, 1989, 1992, 1994 and 1996.","Yes

Justification: The context mentions that in a study in France, breaching confidentiality was accepted by 144 lay people ([4]).",0.6923
fixed_bm25,fixed,bm25,mistral,Do somatic complaints predict subsequent symptoms of depression?,maybe,yes,0,1,generation_failure,"evidence suggests substantial comorbidity between symptoms of somatization and depression in clinical as well as nonclinical populations. however, as most existing research has been retrospective or cross - sectional in design, very little is known about the specific nature of this relationship. in particular, it is unclear whether somatic complaints may heighten the risk for the subsequent development of depressive symptoms. gender - stratified multiple regression analyses revealed that baseline ces - d scores were the best predictors of subsequent depressive symptoms for men and women. baseline scores on the scl - 90 - r somatization subscale significantly predicted subsequent self - reported symptoms of depressed mood 5 years later, but only in women. however, somatic complaints were a somewhat less powerful predictor than income and age. to identify distinctive features in patients with chronic functional somatic symptoms, and to determine whether these symptoms support the hypothesis of the existence of specific somatic syndromes. in the 10 years before the diagnosis of chronic functional somatic symptoms, significantly more patients than controls presented functional somatic symptoms in at least two body systems, and used more somatic and psychotropic drugs. they visited the gp twice as much, statistically had significantly more psychiatric morbidity, and were referred more often to mental health workers and somatic specialists. the number of patients undergoing diagnostic tests was higher for patients with chronic functional somatic symptoms than for controls, but hospital admissions rates were equal. reliable longitudinal data of patients with functional somatic symptoms in general practice are lacking.","Yes

Justification: The context states that ""baseline scores on the scl-90-r somatization subscale significantly predicted subsequent self-reported symptoms of depressed mood 5 years later, but only in women"" (",0.8333
fixed_bm25,fixed,bm25,mistral,Are women with major depression in pregnancy identifiable in population health data?,no,yes,0,1,generation_failure,"population - based de - identified data were provided from the western australian data linkage system linking the administrative health records of women with a delivery to related records from the midwives ' notification system, the hospital morbidity data system and the national pharmaceutical benefits scheme dataset. the women with depression during their pregnancy were ascertained in two ways : women with dispensing records relating to dispensed antidepressant medicines with an who atc code to the 3rd level, pharmacological subgroup, ' n06a antidepressants ' ; and, women with any hospital admission during pregnancy, including the birth admission, if a comorbidity was recorded relating to depression. although record linkage of routinely collected health datasets is a valuable research resource, most datasets are established for administrative purposes and not for health outcomes research. in order for meaningful results to be extrapolated to specific populations, the limitations of the data and linkage methodology need to be investigated and clarified. it is the objective of this study to investigate the differences in ascertainment which may arise between a hospital admission dataset and a dispensing claims dataset, using major depression in pregnancy as an example. the safe use of antidepressants in pregnancy is an ongoing issue for clinicians with around 10 % of pregnant women suffer from depression. as the birth admission will be the first admission to hospital during their pregnancy for most women, their use of antidepressants, or their depressive condition, may not be revealed to the attending hospital clinicians. this may result in adverse outcomes for the mother and infant. from 2002 to 2005, there were 96698 births in wa. at least one antidepressant was dispensed to 4485 ( 4. 6 % ) pregnant women. there were 3010 ( 3. 1 % ) women with a comorbidity related to depression recorded on their delivery admission, or other admission to hospital during pregnancy. there were a total of 7495 pregnancies identified by either set of records. using data linkage, we determined that these records represented 6596 individual pregnancies. only 899 pregnancies were found in both groups ( 13. 6 % of all cases ). 80 % of women dispensed an antidepressant did not have depression recorded as a comorbidity on their hospital records. a simple capture - recapture calculation suggests the prevalence of depression in this population of pregnant women to be around 16 %. comorbid major depression ( md ) and alcohol use disorder ( aud ), particularly in adolescents, have been shown to be associated with poorer subsequent md outcomes. there are three main service delivery channels : clinical services, outreach, and family and community. to determine which delivery channels are associated with the greatest reductions in under - 5 mortality rates ( u5mr ), we used data from sequential population - based surveys to examine the correlation between changes in coverage of clinical, outreach, and family and community services and in u5mr for 27 high - burden countries.","Yes

Justification: The study found that at least 16% of pregnant women were identifiable in population health data as having major depression in pregnancy ([3]).",0.7647
fixed_bm25,fixed,bm25,mistral,Remote ischemic postconditioning: does it protect against ischemic damage in percutaneous coronary revascularization?,yes,maybe,0,1,generation_failure,"myocardial damage that is associated with percutaneous coronary intervention ( pci ) partially affects the results of the procedure, and is related to medium - term cardiovascular death. remote postischemic conditioning might reduce the myocardial lesions that are associated with pci, but perhaps less so in diabetics. the aim of this study was to evaluate the protective effect of remote postischemic conditioning in patients undergoing elective pci for stable angina or non - st elevation acute coronary syndrome with troponin < 1 ng / ml at the time of randomization. medicare part a beneficiaries had more chronic conditions on average in 2010 than in 2008. the percentage increase in the average number of chronic conditions was larger for dual - eligible beneficiaries ( 2. 8 % ) than for nondual - eligible beneficiaries ( 1. 2 % ). the prevalence of some chronic conditions, such as congestive heart failure, ischemic heart disease, and stroke / transient ischemic attack, decreased. the deterioration of average health was due to other chronic conditions : chronic kidney disease, depression, diabetes, osteoporosis, rheumatoid arthritis / osteoarthritis. trends in alzheimer ' s disease, cancer, and chronic obstructive pulmonary disease showed differences by sex or dual eligibility or both. impaired fasting glucose ( ifg ) below the diagnostic threshold for diabetes mellitus ( dm ) is associated with macrovascular pathology and increased mortality after percutaneous coronary interventions. the study goal was to determine whether pre - operative fasting blood glucose ( fb - glu ) is associated with an increased mortality after coronary artery bypass grafting ( cabg ). patients presenting with transient ischemic attack or stroke may have symptom - related lesions on acute computed tomography angiography ( cta ) such as free - floating intraluminal thrombus ( fft ). it is difficult to distinguish fft from carotid plaque, but the distinction is critical as management differs. by contouring the shape of these vascular lesions ( "" virtual endarterectomy "" ), advanced morphometric analysis can be performed. the objective of our study is to determine whether quantitative shape analysis can accurately differentiate fft from atherosclerotic plaque. to determine under what conditions lay people and health professionals find it acceptable for a physician to breach confidentiality to protect the wife of a patient with a sexually transmitted disease ( std ).","Maybe

Justification: The context mentions that remote postischemic conditioning might reduce myocardial lesions associated with percutaneous coronary intervention (PCI), but it is not definitively stated that it protects against ische",0.5714
fixed_bm25,fixed,bm25,mistral,Does combining antiretroviral agents in a single dosage form enhance quality of life of HIV/AIDS patients?,no,maybe,0,1,generation_failure,"combining various antiretroviral agents into one single dosage form has been a strategy to reduce pill burden and enhance medication adherence among human immunodeficiency virus / aids ( hiv / aids ) patients. nine fxd antiretroviral formulations approved by the u. s. food and drug administration by 2005 was included in this study. one hundred seventy hiv / aids patients with ≥2 antiretroviral agents were identified from the meps database, of which 53 % ( n = 92 ) were on fxd formulation. on matching, 70 patients from fxd had a match from the frc group. no differences in sociodemographic and health status variables were observed between the matched groups. the mean annual cost was $ 15, 766. 15 for fxd patients and $ 11, 875. 21 for frc patients. the mean utility gained by using fxd over frc was 0. 085 ; however, this difference was not statistically significant. the icur for the fxd treatment over frc treatment was $ 45, 540. 49 / quality - adjusted life years ( qalys ). probabilistic sensitivity analysis showed fxd to dominate frc ( > 50 % probability of being cost - effective ) above the $ 40, 000 threshold. as part of a prospective study on quality of life in newly diagnosed lung cancer patients an investigation was carried out to examine whether there were differences among patients ' quality of life scores and their socioeconomic status. to assess the impact of the comprehensive hiv / std control program established in jamaica since the late 1980s on the hiv / aids epidemic. to explore the impact of delivery mode on women ' s postpartum quality of life in rural china and probe factors influencing postnatal quality of life.","Maybe

Justification: The study shows that the mean utility gained by using fxd over frc was 0.085, but this difference was not statistically significant, suggesting a potential enhancement of quality of life, but the evidence",0.6818
fixed_bm25,fixed,bm25,mistral,The inverse equity hypothesis: does it apply to coverage of cancer screening in middle-income countries?,yes,maybe,0,1,generation_failure,"it is uncertain whether the inverse equity hypothesis - the idea that new health interventions are initially primarily accessed by the rich, but that inequalities narrow with diffusion to the poor - holds true for cancer screening in low and middle income countries ( lmics ). this study examines the relationship between overall coverage and economic inequalities in coverage of cancer screening in four middle - income countries. coverage for breast cancer screening was 10. 5 % in south africa, 19. 3 % in china, 33. 8 % in russia and 43 % in mexico, and coverage for cervical cancer screening was 24 % in south africa, 27. 2 % in china, 63. 7 % in mexico and 81. 5 % in russia. economic inequalities in screening participation were substantially lower or non - existent in countries with higher aggregate coverage, for both breast cancer screening ( rii : 14. 57 in south africa, 4. 90 in china, 2. 01 in mexico, 1. 04 in russia ) and cervical cancer screening ( rii : 3. 60 in china, 2. 47 in south africa, 1. 39 in mexico, 1. 12 in russia ). one of the sites most frequently invaded by gastric cancer is the mesocolon ; however, the uicc does not mention this anatomical site as an adjacent structure involved in gastric cancer. the purpose of this study was to characterize and classify mesocolon invasion from gastric cancer. there are three main service delivery channels : clinical services, outreach, and family and community. to determine which delivery channels are associated with the greatest reductions in under - 5 mortality rates ( u5mr ), we used data from sequential population - based surveys to examine the correlation between changes in coverage of clinical, outreach, and family and community services and in u5mr for 27 high - burden countries. female citizens of sami ( the indigenous people of norway ) municipalities in northern norway have a low risk of breast cancer. the objective of this study was to describe the attendance rate and outcome of the norwegian breast cancer screening program ( nbcsp ) in the sami - speaking municipalities and a control group.","Maybe

Justification: The study shows that economic inequalities in screening participation were substantially lower or non-existent in countries with higher aggregate coverage, but it does not definitively prove that the inverse equity hypothesis holds true for cancer screening",0.8000
fixed_bm25,fixed,bm25,mistral,Identification of racial disparities in breast cancer mortality: does scale matter?,yes,yes,1,1,success,"this paper investigates the impact of geographic scale ( census tract, zip code, and county ) on the detection of disparities in breast cancer mortality among three ethnic groups in texas ( period 1995 - 2005 ). racial disparities were quantified using both relative ( rr ) and absolute ( rd ) statistics that account for the population size and correct for unreliable rates typically observed for minority groups and smaller geographic units. results were then correlated with socio - economic status measured by the percentage of habitants living below the poverty level. african - american and hispanic women generally experience higher mortality than white non - hispanics, and these differences are especially significant in the southeast metropolitan areas and southwest border of texas. the proportion and location of significant racial disparities however changed depending on the type of statistic ( rr versus rd ) and the geographic level. the largest proportion of significant results was observed for the rd statistic and census tract data. geographic regions with significant racial disparities for african - americans and hispanics frequently had a poverty rate above 10. 00 %. racial differences in asthma care are not fully explained by socioeconomic status, care access, and insurance status. appropriate care requires accurate physician estimates of severity. it is unknown if accuracy of physician estimates differs between black and white patients, and how this relates to asthma care disparities. treatment delays in breast cancer are generally thought to affect prognosis but the impact on survival remains unclear. indicators for breast cancer care include time to primary treatment. the purpose of this study was to evaluate whether time to primary treatment ( tpt ) in breast cancer impacts survival. one of the sites most frequently invaded by gastric cancer is the mesocolon ; however, the uicc does not mention this anatomical site as an adjacent structure involved in gastric cancer. the purpose of this study was to characterize and classify mesocolon invasion from gastric cancer.","Yes

Justification: The context mentions that the results of the study on racial disparities in breast cancer mortality were correlated with geographic scale (census tract, zip code, and county) and that significant racial disparities were",0.8000
fixed_bm25,fixed,bm25,mistral,Does the leukocyte count correlate with the severity of injury?,yes,yes,1,1,success,"injury severity score ( iss ), glasgow coma score ( gcs ), and revised trauma score ( rts ) are the most frequently used methods to evaluate the severity of injury in blunt trauma patients. iss is too complicated to assess easily and gcs and rts are easy to assess but somewhat subjective. white blood cell count ( wbc ) is an easy, quick and objective test. this study was performed to evaluate the significance of the wbc count at presentation in the blunt trauma patients. traumatic aortic injury ( tai ) is a rare but life - threatening type of injury. we investigate whether the anatomy of the aortic arch influences the severity of aortic injury. to determine the relationship between injury severity surrogates and other patient factors with the development and severity of heterotopic ossification ( ho ) following open reduction internal fixation of acetabular fractures treated with a posterior approach. of the 14 patients, 5 died and 9 survived. mean age was 54 years ( range from 41 - 61 ) : it was 53 years in the group of survivors and 62 years in deceased group. there was a significant difference in leukocyte count between patients who survived ( range 4900 - 17000 / mm ) and those died ( range 20. 300 - 31000 / mm3 ). mean hospital stay was about 19 days ( range 2 - 57 days ). some studies suggest that open access articles are more often cited than non - open access articles. however, the relationship between open access and citations count in a discipline such as intensive care medicine has not been studied to date. the present article analyzes the effect of open access publishing of scientific articles in intensive care medicine journals in terms of citations count.","Yes

Justification: The mean leukocyte count was significantly higher in the deceased group compared to the survivors (4900 - 17000 / mm3 vs 20.300 - ",0.6471
fixed_bm25,fixed,bm25,mistral,Can transcranial direct current stimulation be useful in differentiating unresponsive wakefulness syndrome from minimally conscious state patients?,yes,yes,1,1,success,"disorders of consciousness ( doc ) diagnosis relies on the presence or absence of purposeful motor responsiveness, which characterizes the minimally conscious state ( mcs ) and the unresponsive wakefulness syndrome ( uws ), respectively. functional neuroimaging studies have raised the question of possible residual conscious awareness also in clinically - defined uws patients. the aim of our study was to identify electrophysiological parameters, by means of a transcranial magnetic stimulation approach, which might potentially express the presence of residual networks sustaining fragmentary behavioral patterns, even when no conscious behavior can be observed. patients ( n = 22 ) in a vegetative state ( vs ; n = 10 ) and minimally conscious state ( mcs ; n = 12 ) during the first 200 days after the initial incident. we enrolled 25 severe doc patients, following post - anoxic or traumatic brain injury and 20 healthy individuals ( hc ) as control group. baseline electrophysiological evaluation evidenced, in comparison to hc, a partial preservation of cortical effective connectivity and excitability in clinically defined mcs, whereas these components were absent in clinically defined uws. then, we applied an anodal transcranial direct current stimulation ( a - tdcs ) protocol over the orbitofrontal cortex. atrial fibrillation, which occurs in 12 % of all major foregut surgeries, can prolong hospital stay and increase morbidity. minimally invasive techniques in foregut surgery have been suggested to cause less tissue trauma. we examined the factors associated with new - onset atrial fibrillation after foregut surgery at our institution. accurate and updated information on airborne pollen in specific areas can help allergic patients. current monitoring systems are based on a morphologic identification approach, a time - consuming method that may represent a limiting factor for sampling network enhancement.","Yes

Justification: The text states that electrophysiological parameters were partially preserved in clinically defined minimally conscious state patients, whereas these components were absent in clinically defined unresponsive wakefulness syndrome patients ([3]). This suggests",0.6522
fixed_bm25,fixed,bm25,mistral,Aromatase inhibitor-related musculoskeletal symptoms: is preventing osteoporosis the key to eliminating these symptoms?,yes,maybe,0,1,generation_failure,"aromatase inhibitors ( ais ) are an effective treatment for postmenopausal women with hormone receptor - positive breast cancer. however, patients receiving ais report a higher incidence of musculoskeletal symptoms and bone fractures ; the mechanism and risk factors for this correlation are not well studied. the aim of this study was to correlate these musculoskeletal symptoms and bone fractures in patients receiving ais with bone mineral density ( bmd ), previous tamoxifen use, and administration of calcium / bisphosphonate ( ca / bis ). to identify distinctive features in patients with chronic functional somatic symptoms, and to determine whether these symptoms support the hypothesis of the existence of specific somatic syndromes. our study demonstrates a significant association between symptoms and dexa - bmd results ( p <. 001 ). similarly, the group receiving tamoxifen before ais had fewer patients with arthralgia or generalized bone pain / myalgia or bone fracture ( p <. 001 ). furthermore, the group receiving ais plus ca / bis had more patients without musculoskeletal symptoms and had fewer fractures. finally, the group receiving steroidal ais compared with nonsteroidal ais had more patients with arthralgia or generalized bone pain and / or myalgia, and bone fractures ( p <. 001 ). report of symptoms, smoking history, and spirometric data were collected from subjects screened for a work - related medical evaluation ( n = 3, 955 ). prevalence of airflow obstruction and respiratory symptoms were assessed. sensitivity, specificity, positive and negative predictive values, and relative risks of predicting symptoms and smoking history for copd were calculated. evidence suggests substantial comorbidity between symptoms of somatization and depression in clinical as well as nonclinical populations. however, as most existing research has been retrospective or cross - sectional in design, very little is known about the specific nature of this relationship. in particular, it is unclear whether somatic complaints may heighten the risk for the subsequent development of depressive symptoms.","Maybe

Justification: The study shows that administration of calcium/bisphosphonate (Ca/Bis) with aromatase inhibitors (AIs) is associated with fewer patients having musculoskeletal symptoms",0.7222
fixed_bm25,fixed,bm25,mistral,Could different follow-up modalities play a role in the diagnosis of asymptomatic endometrial cancer relapses?,maybe,yes,0,1,generation_failure,"to determine current practice and to assess the value of routine follow - up procedures for endometrial cancer surveillance. to discuss whether such procedures are feasible and effective to identify asymptomatic recurrences and describe the pattern of relapse detected by procedures. epidemiologic studies have suggested that hypertriglyceridemia and insulin resistance are related to the development of colon cancer. nuclear peroxisome proliferator - activated receptors ( ppar ), which play a central role in lipid and glucose metabolism, had been hypothesized as being involved in colon cancerogenesis. in animal studies the lipid - lowering ppar ligand bezafibrate suppressed colonic tumors. however, the effect of bezafibrate on colon cancer development in humans is unknown. therefore, we proposed to investigate a possible preventive effect of bezafibrate on the development of colon cancer in patients with coronary artery disease during a 6 - year follow - up. the etiology of hemodialysis ( hd ) - induced hypotension and hypertension remains speculative. there is mounting evidence that endothelin - 1 ( et - 1 ) may play a vital role in these hemodynamic changes. we examined the possible role of intradialytic changes of et - 1 in the pathogenesis of hypotension and rebound hypertension during hd. the first three courses were attended by 31 participants. course evaluation revealed high satisfaction scores with methods as well as with clarity and relevance of the contents. self - assessment of participants showed a growing sense of security in different communication settings. important increases could be demonstrated for communicating a diagnosis of cancer with good or less good prognosis, recurrence of cancer or a far progressive cancer disease without curative approach. 3 months after the course, participants described multiple changes indicating increased sensibility and professionalism in communication behavior. a total of 648 breast cancer patients treated in the university malaya medical center ( ummc ), malaysia between 2004 and 2005 were included in the study. tpt was calculated from the date of pathological diagnosis to the date of primary treatment. mortality data was obtained from the national registry of births and deaths. last date of follow - up was november 2010.","Yes

Justification: The context discusses the purpose of a study to determine the value of routine follow-up procedures for endometrial cancer surveillance, suggesting that these procedures could potentially identify asymptomatic recurrences ([1]).",0.6957
fixed_bm25,fixed,bm25,mistral,Locoregional opening of the rodent blood-brain barrier for paclitaxel using Nd:YAG laser-induced thermo therapy: a new concept of adjuvant glioma therapy?,yes,yes,1,1,success,"nd : yag laser - induced thermo therapy ( litt ) of rat brains is associated with blood - brain barrier ( bbb ) permeability changes. we address the question of whether litt - induced locoregional disruption of the bbb could possibly allow a locoregional passage of chemotherapeutic agents into brain tissue to treat malignant glioma. study design / litt induces an opening of the bbb as demonstrated by locoregional extravasation of evans blue, c3c, fibrinogen, and igm. hplc proved the passage of paclitaxel across the disrupted bbb. cd fischer rats were subject to litt of the left forebrain. disruption of the bbb was analyzed using evans blue and immunohistochemistry ( ih ). animals were perfused with paclitaxel, and high - pressure liquid chromatography ( hplc ) was employed to analyze the content of paclitaxel in brain and plasma samples. to study the efficiency and safety of holmium : yag laser lithotripsy for ureteral stones. forty - six patients with advanced primary rectal cancer referred for consideration of adjuvant preoperative therapy underwent position emission tomography scanning. the referring physicians prospectively recorded each patient ' s stage following conventional imaging and the proposed treatment plan prior to position emission tomography scanning. this was then compared with subsequent stage and actual management implemented, and the appropriateness of position emission tomography - induced changes was noted by subsequent clinical follow - up.","Yes

Justification: The passage of paclitaxel across the disrupted blood-brain barrier in the rat brain is demonstrated by high-pressure liquid chromatography (HPLC) in the context ([2] and",0.7778
fixed_bm25,fixed,bm25,mistral,Preoperative tracheobronchoscopy in newborns with esophageal atresia: does it matter?,yes,maybe,0,1,generation_failure,"despite surgical refinements, perioperative use of tracheobronchoscopy ( tbs ) as part of surgical approach to esophageal atresia ( ea ) is still controversial. the purpose of this study was to evaluate the influence of preoperative tbs in newborns with ea in preventing complications and improving diagnosis and surgical treatment. we observed an endoscopic abnormally in a group of children with histological esophagitis. we termed this finding "" vertical lines in esophageal mucosa "" ( vlem ). we examined the relationship between the presence of vlem and significant histologic changes in esophageal mucosal biopsies. fifty - five patients ( 29 male, 26 female ), with a median gestational age and birth weight of 36 weeks and 2025 g, respectively, were reviewed. care was withdrawn for 2 patients before repair. for the remaining 53 patients, sba were duodenal atresia in 18, jejunoileal atresia in 32, and multiple atresia in 3. of 53, 24 ( 45 % ) patients developed cholestasis postoperatively ( direct / total bilirubin > 20 % ). all patients with short bowel ( 4 ) and 60 % ( 6 / 10 ) of patients with a delay of enteral feeding more than 14 days postoperatively had cholestasis. ten patients ( 36 % ) proceeded with in - depth evaluations for cholestasis, with 8 ( 28 % ) undergoing liver biopsy. no patient had biliary atresia. no deaths were related to isolated cholestasis / cirrhosis. cholestasis resolved spontaneously in all the survivors. between january 1, 1992, and august 31, 1994, the senior author ( jff ) performed 255 esophageal biopsies. the procedure reports, available endoscopic photographs, and histology reports were reviewed to establish the endoscopic and histologic appearance of the esophageal mucosa. intraepithelial cells were counted in a blind review of 42 randomly selected biopsies. extracranial internal carotid artery stenosis is a risk factor for perioperative stroke in patients undergoing coronary artery bypass surgery ( cab ). although selective and non - selective methods of preoperative carotid screening have been advocated, it remains unclear if this screening is clinically relevant. aim : to test whether selective carotid screening is as effective as non - selective screening in detecting significant carotid disease.","Maybe

Justification: The study suggests that preoperative tracheobronchoscopy may help in preventing complications and improving diagnosis and surgical treatment, but it also mentions that its use is still controversial (context [1]). The",0.5909
fixed_bm25,fixed,bm25,mistral,Is horizontal semicircular canal ocular reflex influenced by otolith organs input?,yes,yes,1,1,success,"to clarify whether horizontal canal ocular reflex is influenced by otolith organs input. breast cancer is the most common malignancy afflicting women, and the most common cancer overall in jordan. a woman ' s decision to go for screening is influenced by her social support network. this study aims to explore jordanian men ' s individual and contextual perspectives on women ' s breast cancer and their own role in the breast health of the females within their families. compared with computed tomography ( ct ) and magnetic resonance imaging ( mri ), positron emission tomography ( pet ) may have additional value in the assessment of primary and recurrent cervical cancer. however, the degree of tumour uptake of ( 18 ) f - 2 - fluoro - 2 - deoxy - d : - glucose ( fdg ) uptake is sometimes influenced by diabetes mellitus ( dm ). therefore, we conducted this prospective study to compare the diagnostic ability of fdg - pet in patients with cervical cancer complicated by dm and those without dm. for all constructs, time 2 measures were influenced by the baseline level. direct relationships between transformational leadership and sleep quality were found. this relationship was negative cross - sectionally at both time points, but positive between baseline and follow - up. the relationship between leadership and employees ' sleep quality was not mediated by employees ' self - efficacy. at 24 months, the survival rate without any complementary treatment was estimated to be 82 %. two of the 17 treated teeth required root canal treatment for pain control and one for prosthetic reasons.","Yes

Justification: The question asks about the horizontal canal ocular reflex, which is a reflex that involves the vestibular system, specifically the semicircular canals and otolith organs. The context does not",0.3000
fixed_bm25,fixed,bm25,mistral,Is perforation of the appendix a risk factor for tubal infertility and ectopic pregnancy?,maybe,maybe,1,1,success,"to critically assess the evidence that appendiceal perforation is a risk factor for subsequent tubal infertility or ectopic pregnancy. articles were assessed according to the criteria of the evidence - based medicine working group for evaluating articles on harm. review of the literature yielded estimates of the risk of adverse fertility outcomes ranging from 1. 6 ( 95 % confidence interval [ ci ] 1. 1 to 2. 5 ) for ectopic pregnancy after an appendectomy to 4. 8 ( 95 % ci 1. 5 to 14. 9 ) for tubal infertility from perforation of the appendix. recall bias, and poor adjustment for confounding variables in some reports, weakened the validity of the studies. epidemiologic studies investigating the relationship between appendectomy and infertility or ectopic pregnancy were identified by searching the medline database from 1966 to 1997. appropriate citations were also extracted from a manual search of the bibliographies of selected papers. elevated resting heart rate ( rhr ) is a neglected marker in cardiovascular risk factor studies of sub - saharan african populations. this study aimed to determine the prevalence of elevated rhr and other risk factors for cardiovascular disease ( cvd ) and to investigate any associations between rhr and these risk factors in a rural population in ghana. pterygium is a disease of unknown origin and pathogenesis that might be vision threatening. it is characterised by a wing - like conjunctival overgrowth of the cornea. several studies have investigated human papillomavirus ( hpv ) as a risk factor for the development of pterygia, but the results are inconclusive. aim : to investigate a large sample of pterygia for the presence of hpv in order to clarify the putative association between pterygia and hpv.","Maybe

Justification: The context mentions that the risk of tubal infertility from perforation of the appendix is 4.8 (95% confidence interval 1.5 to 14.9) and",0.7895
fixed_bm25,fixed,bm25,mistral,Serovar specific immunity to Neisseria gonorrhoeae: does it exist?,no,maybe,0,1,generation_failure,"to determine whether the host immune response to gonorrhoea provides limited serovar specific protection from reinfection. first, to establish whether a deprivation gradient in all - cause mortality exists for all ethnic groups within new zealand ; second, if such gradients do exist, whether their absolute slopes are the same ; and third, if such gradients exist, what impact the unequal deprivation distributions of the different ethnic groups have on the observed ethnic inequalities in life expectancy at birth. to examine the ability of various postoperative nomograms to predict prostate cancer - specific mortality ( pcsm ) and to validate that they could predict aggressive biochemical recurrence ( bcr ). prostate - specific antigen ( psa ), grade, and stage are the classic triad used to predict bcr after radical prostatectomy ( rp ). multiple nomograms use these to predict risk of bcr. a previous study showed that several nomograms could predict aggressive bcr ( prostate - specific antigen doubling time [ psadt ] < 9 months ) more accurately than bcr. however, it remains unknown if they can predict more definitive endpoints, such as pcsm. no significant difference was seen in the prevalence of serovars isolated following a repeat infection compared with those without repeat infections. the site of the initial infection did not appear to influence the subsequent serovar isolated. mechanically ventilated patients experience profound stress. interventions are needed to ameliorate stress that does not cause adverse effects. the purpose of this study was to explore the influence of music on stress in a sample of patients over the duration of ventilatory support. research methodology /","Maybe

Justification: The context states that the study aims to determine whether the host immune response to gonorrhoea provides limited serovar specific protection from reinfection, but it does not provide conclusive evidence that serovar specific",0.6522
fixed_bm25,fixed,bm25,mistral,May student examiners be reasonable substitute examiners for faculty in an undergraduate OSCE on medical emergencies?,yes,maybe,0,1,generation_failure,"to compare the effect of student examiners ( se ) to that of faculty examiners ( fe ) on examinee performance in an osce as well as on post - assessment evaluation in the area of emergency medicine management. an osce test - format ( seven stations : advanced cardiac life support ( acls ), basic life support ( bls ), trauma - management ( tm ), pediatric - emergencies ( pe ), acute - coronary - syndrome ( acs ), airway - management ( am ), and obstetrical - emergencies ( oe ) ) was administered to 207 medical students in their third year of training after they had received didactics in emergency medicine management. participants were randomly assigned to one of the two simultaneously run tracks : either with se ( n = 110 ) or with fe ( n = 98 ). students were asked to rate each osce station and to provide their overall osce perception by means of a standardized questionnaire. the independent samples t - test was used and effect sizes were calculated ( cohens d ). health care delivery has undertaken a major shift from inpatient management to ambulatory surgical care with increasing emphasis on quality assurance ( qa ) processes. educational opportunities for medical undergraduate programmes are being sought in the day surgery environment. our study was undertaken to explore ways in which senior medical students can actively contribute to qa processes as part of an undergraduate day surgery educational programme. health care delivery has undertaken a major shift from inpatient management to ambulatory surgical care with increasing emphasis on quality assurance ( qa ) processes. educational opportunities for medical undergraduate programmes are being sought in the day surgery environment. our study was undertaken to explore ways in which senior medical students can actively contribute to the qa processes as part of an undergraduate day surgery educational programme. two examiners performed three repeated measurements with each instrument in 40 healthy eyes. we determined the agreement of slbm and cip, intraobserver and interobserver repeatabilities, and interobserver concordance ( kappa ) and slbm ability for detecting pupil sizes over 6. 0 mm.","Maybe

Justification: The study suggests that student examiners (se) can be used in an OSCE on medical emergencies, as there is no significant difference in examinee performance between se and faculty examiners (fe)",0.6190
fixed_bm25,fixed,bm25,mistral,Are endothelial cell patterns of astrocytomas indicative of grade?,yes,yes,1,1,success,"the most common primary brain tumors in children and adults are of astrocytic origin. classic histologic grading schemes for astrocytomas have included evaluating the presence or absence of nuclear abnormalities, mitoses, vascular endothelial proliferation, and tumor necrosis. all tumor cases showed cells positive for gfap. control tissues showed a few, widely separated vessels. pilocytic astrocytomas ( four cases ) showed lacy clusters of small - to - medium sized vessels, with intact vessel wall integrity. diffuse, low grade astrocytoma ( three cases ) showed a staining pattern similar to control tissue ; intermediate grade ( one case ), anaplastic astrocytoma ( three cases ) and gliobastoma multiforme ( six cases ) showed an increased vessel density with multiple small vessels ( glomeruloid clusters ), some with prominent intimal hyperplasia, loss of vessel wall integrity, and with numerous vwf - positive single cells / microvessels within the tumor substance. the relationship between endometrial unk cells ( cd56 + ) and bleeding patterns was measured. we also addressed the impact of ht exposure on unk cell populations, the relationship between endometrial il - 15 expression and unk cell populations, and killer ig like receptor genotype in subjects with irregular bleeding. the technique of induced sputum has allowed to subdivide asthma patients into inflammatory phenotypes according to their level of granulocyte airway infiltration. there are very few studies which looked at detailed sputum and blood cell counts in a large cohort of asthmatics divided into inflammatory phenotypes. the purpose of this study was to analyze sputum cell counts, blood leukocytes and systemic inflammatory markers in these phenotypes, and investigate how those groups compared with healthy subjects. a retrospective study to identify patients with vaginal lesions and synchronous cervical lesions through biopsy. the rate of mild cervical lesions ( koilocytosis, warts, cin i with and without koilocytosis ) was compared with the rate of severe cervical lesions ( cin ii and iii, cervical carcinoma ) in patients with mild vaginal lesions ( warts and koilocytosis, and low - grade vain ) and in patients with severe vaginal lesions ( high - grade vain ). using koilocytosis as a marker, the rate of "" active "" cervical lesions was compared with the rate of "" non active "" cervical lesions in patients with "" active "" versus "" non active "" vaginal lesions. finally, the rates of mild and severe cervical lesions were compared among each group of vain ( low - grade, high - grade, with or without koilocytosis ).","Yes

Justification: The text states that ""an increased vessel density with multiple small vessels ( glomeruloid clusters ), some with prominent intimal hyperplasia, loss of vessel wall integrity, and with numerous vwf - positive single",0.8261
fixed_bm25,fixed,bm25,mistral,Do healthier lifestyles lead to less utilization of healthcare resources?,no,maybe,0,1,generation_failure,"governments are urged to determine methods to control the use of medical resources and curb the rise of healthcare costs. the question is, do health behaviors have an impact on the use of medical resources? this study aims to identify and understand the difference in the number of outpatient visits and health examinations based on various health behaviors and to determine whether patients seek medical care for illness from the same physicians. to estimate healthcare costs and utilization of aaps compared to other second - line agents. to compare symptoms, healthcare resource utilization and costs in two groups of patients with the symptoms of gp : those treated via gastric electrical stimulation ( ges ) and those treated with traditional pharmacological agents in an intensive outpatient program ( med ). gp symptoms, healthcare resource utilization using investigator - derived independent outcome measure score ( idioms ) and total hospital ( inpatient and outpatient ) billing costs. of young age less than 2 years, with stay greater than 23 hours reported in only 1 % of all admissions to the short stay ward. the rate of patient admission to an in - hospital bed was low, ( 4 % [ westmead hospital ] compared to 6 % [ new children ' s hospital ] ), with the number of unscheduled visits within 72 hours of short stay ward discharge less than 1 %. there were no adverse events reported at either short stay ward, with parental satisfaction high. the short stay ward was developed through reallocation of resources from within the hospital to the short stay ward. this resulted in estimated savings of $ 1 / 2 million ( westmead hospital ) to $ 2. 3 million ( new children ' s hospital ) to the hospital, due to more efficient bed usage.","Maybe

Justification: The context suggests that health behaviors may impact the use of medical resources, but it does not provide direct evidence that healthier lifestyles lead to less utilization of healthcare resources. The study aims to identify the difference in",0.5200
fixed_bm25,fixed,bm25,mistral,Antral follicle assessment as a tool for predicting outcome in IVF--is it a better predictor than age and FSH?,maybe,yes,0,1,generation_failure,"the purpose of this study is to determine if baseline antral follicle assessment may serve as additional information in predicting in vitro fertilization outcome. prospective, descriptive preliminary study of in vitro fertilization outcome. from july 1998 to july 1999, 224 patients underwent antral follicle assessment ( follicle 2 - 6 mm in diameter ) on baseline of the planned, stimulated in vitro fertilization cycle. the outcomes were analyzed with respect to antral follicle assessment ( < or = 6 or > 6 ), basal cycle day 3 follicle stimulated hormone ( < or = 10 or > 10 iu / l ) and maternal age ( < or = 35 or > 35 years ). the clinical pregnancy rate was significantly higher in the group with baseline antral follicle > 6 compared to that in the group with antral follicle < or = 6 ( 51 % vs. 19 %, respectively ). controlling for patient age, and basal follicle stimulated hormone, the pregnancy rate was significantly higher in the group with antral follicle > 6 compared to that in the group with antral follicle < or = 6. the cancellation rate was significantly increased with advancing maternal age, elevated basal follicle stimulated hormone levels, and baseline antral follicle < or = 6. the cancellation rate was significantly higher in the group with antral follicle < or = 6 compared to that in the group with antral follicle > or = 6 ( 33 % vs. 1 %, respectively ). overall scores were similar. however, continence score was significantly better in the abd group, and the stool pattern score was better in the terpt group. a significant difference in age at interview between the 2 groups was noted ; we therefore reanalyzed the data controlling for age, and this showed that age did not significantly affect the long - term scoring outcome between groups. measurement of basal metabolic rate ( bmr ) is suggested as a tool to estimate energy requirements. therefore, bmr prediction equations have been developed in multiple populations because indirect calorimetry is not always feasible. however, there is a paucity of data on bmr measured in overweight and obese adults living in asia and equations developed for this group of interest. the aim of this study was to develop a new bmr prediction equation for chinese adults applicable for a large bmi range and compare it with commonly used prediction equations.","Yes

Justification: The clinical pregnancy rate was significantly higher in the group with antral follicle > 6 compared to that in the group with antral follicle < or = 6, even after controlling for patient",0.7500
fixed_bm25,fixed,bm25,mistral,Do all ethnic groups in New Zealand exhibit socio-economic mortality gradients?,yes,yes,1,1,success,"first, to establish whether a deprivation gradient in all - cause mortality exists for all ethnic groups within new zealand ; second, if such gradients do exist, whether their absolute slopes are the same ; and third, if such gradients exist, what impact the unequal deprivation distributions of the different ethnic groups have on the observed ethnic inequalities in life expectancy at birth. all four ethnic groups exhibit deprivation gradients in all - cause mortality ( life expectancy ). maori show the steepest gradients, with slopes approximately 25 % steeper than those of europeans for both males and females. by contrast, gradients among asian and pacific peoples are shallower than those of their european counterparts. this paper investigates the impact of geographic scale ( census tract, zip code, and county ) on the detection of disparities in breast cancer mortality among three ethnic groups in texas ( period 1995 - 2005 ). racial disparities were quantified using both relative ( rr ) and absolute ( rd ) statistics that account for the population size and correct for unreliable rates typically observed for minority groups and smaller geographic units. results were then correlated with socio - economic status measured by the percentage of habitants living below the poverty level. abridged lifetables for the period 1999 - 2003 were constructed using standard demographic methods for each of four ethnic groups ( asian, pacific, maori and european ) by nzdep2001 quintile and sex. gradients were estimated by fitting generalised linear models to the quintile - specific life expectancy estimates for each ethnic group ( by sex ). the contribution of variation in deprivation distributions to inter - ethnic inequalities in life expectancy was estimated by re - weighting the quintile - specific mortality rates for each ethnic group using weights derived from the european deprivation distribution and recalculating the lifetable. it is uncertain whether the inverse equity hypothesis - the idea that new health interventions are initially primarily accessed by the rich, but that inequalities narrow with diffusion to the poor - holds true for cancer screening in low and middle income countries ( lmics ). this study examines the relationship between overall coverage and economic inequalities in coverage of cancer screening in four middle - income countries.","Yes

Justification: The context states that all four ethnic groups in New Zealand exhibit deprivation gradients in all-cause mortality (life expectancy) ([2]).",0.7222
fixed_bm25,fixed,bm25,mistral,Can normal knee kinematics be restored with unicompartmental knee replacement?,no,maybe,0,1,generation_failure,"unicompartmental replacement can be an alternative to tibial osteotomy in younger, active patients with unicompartmental knee disease. in unicompartmental replacement, the other compartments and knee ligaments are largely untouched. therefore, it was hypothesized that the knee kinematics after unicompartmental replacement may also be unchanged. to test this hypothesis, knee kinematics and quadriceps tension were recorded before and after replacement with a unicompartmental design and then with a tricompartmental design. six human cadaver knees were tested before implantation, after implantation with a bicruciate - retaining unicompartmental knee prosthesis, and after implantation with a posterior cruciate - retaining tricompartmental knee prosthesis. the unicompartmental prosthesis was initially implanted, and it was then revised to a total condylar knee replacement. the knee kinematics were measured with use of an electromagnetic tracking device while the knee was put through dynamic simulated stair - climbing under peak flexion moments of approximately 40 n - m. quadriceps tension was also measured for all three conditions. this study aims to study femoral tunnel lengths drilled with a flexible reamer and the distance to important lateral structures obtained by flexing the knee at various angles and by drilling the guide pins arthroscopically to resemble clinical practice. the purpose of this cadaveric study was twofold : 1. to determine whether femoral tunnel lengths of greater than 20 mm can be created with a flexible reamer system at 90 ° of knee flexion and 2. to determine whether the lateral structures of the knee are safe with this technique. there are a number of factors responsible for the longevity of unicompartmental knee replacements ( ukr ). these include the magnitude of postoperative alignment and the type of material used. the effect of component design and material on postoperative alignment, however, has not been explored. ten fresh cadaveric knees were utilized. the intra - osseous length can be measured with a specially de - signed flexible guide pin. flexible pins were inserted with the knee at 70°, 90°, and 120° of flexion. the intra - osseous length was measured with the measuring device. each speci - men was dissected around the lateral aspect of the knee to identify the critical structures, the common peroneal nerve, and the lcl. the distance from the guide pins to the com - mon peroneal nerve and femoral attachment of the lcl were measured with a standard flexible paper ruler to the nearest millimeter.","Maybe

Justification: The study in the context aims to test the hypothesis that the knee kinematics after unicompartmental replacement may also be unchanged. However, the study does not provide conclusive evidence that normal knee kin",0.5909
fixed_bm25,fixed,bm25,mistral,Are serum leptin levels a prognostic factor in advanced lung cancer?,no,no,1,1,success,"the serum leptin levels at diagnosis were significantly lower in lung cancer patients than those in control subjects ( 4. 75±4. 91 ng / ml, 9. 67±8. 02 ng / ml ; p < 0. 001 ). we did not find any significant difference in leptin values related to clinicopathological parameters such as ecog ps, weight loss, histological type, disease stage and tnm classification. nevertheless, we demonstrated a significant correlation between serum leptin levels and bmi in lung cancer patients ( correlation coefficient : 0. 303 ; p > 0. 010 ). the analysis of serum leptin values did not show any association with the overall survival of the patients. there are 71 previously untreated patients with cytological or histological evidence of primary lung cancer who were admitted to the oncology department between november 2013 and august 2014. forty - five healthy individuals with age, sex and bmi matching the lung cancer patients, were recruited to take part in the study as a control group. leptin levels were measured quantitatively by using a microelisa kit. the aim of this prognostic factor analysis was to investigate if a patient ' s self - reported health - related quality of life ( hrqol ) provided independent prognostic information for survival in non - small cell lung cancer ( nsclc ) patients. few studies have assessed whether the advantage chemotherapy has been shown to have in treating advanced non - small lung carcinoma in clinical trials is transferrable to normal health care activity. this could explain the skepticism of a large number of pneumologists towards this treatment. the objective of our study was to analyze prognostic factors related to survival and to see whether cytostatic treatment was an independent predictor. pretreatment hrqol was measured in 391 advanced nsclc patients using the eortc qlq - c30 and the eortc lung cancer module ( qlq - lc13 ). the cox proportional hazards regression model was used for both univariate and multivariate analyses of survival. in addition, a bootstrap validation technique was used to assess the stability of the outcomes.","No, the analysis of serum leptin values did not show any association with the overall survival of the patients.",0.9167
fixed_bm25,fixed,bm25,mistral,Is fetal gender associated with emergency department visits for asthma during pregnancy?,no,no,1,1,success,"to investigate if fetal gender ( 1 ) affects the risk of having an emergency department ( ed ) visit for asthma ; and ( 2 ) is associated with adverse pregnancy outcomes among women who had at least one visit to the ed for asthma during pregnancy. among 109, 173 live singleton deliveries, 530 women had visited ed due to asthma during pregnancy. while having an ed visit for asthma was positively associated with teenage pregnancy, low income, and presence of pregnancy - induced hypertension, it was not associated with fetal gender ( or 1. 01, 95 % ci 0. 85 - 1. 19 ). fetal gender was not a significant predictor of adverse pregnancy outcomes among women who had an asthma ed visit during pregnancy. we linked two provincial administrative databases containing records on in - patient deliveries and ed visits. the study sample included women who delivered a live singleton baby between april 2003 and march 2004. pregnant women who made at least one ed visit for asthma were counted as cases and the rest of the women as control subjects. we performed a multivariable analysis using logistic regression to model the risk of having an ed visit for asthma, with fetal gender being one of the predictors. in addition, a series of multivariable logistic regressions were also constructed separately for cases and controls for the following adverse delivery outcomes : low birth weight baby, preterm delivery, and delivery via caesarian section. six completed pediatric clinical trials met the inclusion criteria. all of the pediatric trials found that prednisone is not superior to dexamethasone in treating mild to moderate asthma exacerbations. meta - analysis demonstrated homogeneity between the dexamethasone and prednisone groups when examining symptomatic return to baseline and unplanned physician revisits after the initial emergency department encounter. some studies found potential additional benefits of dexamethasone, including improved compliance and less vomiting. we hypothesized that : 1 ) physician underestimation of asthma severity is more frequent among black patients ; 2 ) among black patients, physician underestimation of severity is associated with poorer quality asthma care.","No

Justification: The study found that fetal gender was not a significant predictor of emergency department visits for asthma during pregnancy (context [2]).",0.8125
fixed_bm25,fixed,bm25,mistral,Stretch-sensitive KCNQ1 mutation A link between genetic and environmental factors in the pathogenesis of atrial fibrillation?,yes,maybe,0,1,generation_failure,"one missense kcnq1 mutation, r14c, was identified in 1 family with a high prevalence of hypertension. atrial fibrillation was present only in older individuals who had developed atrial dilation and who were genotype positive. patch - clamp studies of wild - type or r14c kcnq1 expressed with kcne1 in cho cells showed no statistically significant differences between wild - type and mutant channel kinetics at baseline, or after activation of adenylate cyclase with forskolin. after exposure to hypotonic solution to elicit cell swelling / stretch, mutant channels showed a marked increase in current, a leftward shift in the voltage dependence of activation, altered channel kinetics, and shortening of the modeled atrial action potential duration. although af can have a genetic etiology, links between inherited gene defects and acquired factors such as atrial stretch have not been explored. mutation screening of the kcnq1, kcne1, kcne2, and kcne3 genes was performed in 50 families with af. the effects of mutant protein on cardiac i ( ks ) activation were evaluated using electrophysiological studies and human atrial action potential modeling. atrial fibrillation, which occurs in 12 % of all major foregut surgeries, can prolong hospital stay and increase morbidity. minimally invasive techniques in foregut surgery have been suggested to cause less tissue trauma. we examined the factors associated with new - onset atrial fibrillation after foregut surgery at our institution. warfarin increases both the likelihood and the mortality of intracerebral hemorrhage ( ich ), particularly in patients with a history of prior ich. in light of this consideration, should a patient with both a history of ich and a clear indication for anticoagulation such as nonvalvular atrial fibrillation be anticoagulated? in the absence of data from a clinical trial, we used a decision - analysis model to compare the expected values of 2 treatment strategies - warfarin and no anticoagulation - for such patients.","Maybe

Justification: The provided context mentions that a stretch-sensitive KCNQ1 mutation was identified in a family with a high prevalence of hypertension, and that this mutation showed altered channel kinetics and",0.6667
fixed_bm25,fixed,bm25,mistral,Are adult body circumferences associated with height?,yes,yes,1,1,success,"weight scales as height squared, which is an observation that forms the basis of body mass index ( weight / height ( 2 ) ). if, and how, circumferences, including waist circumference ( wc ) and hip circumference ( hc ), scale to height remains unclear, but this is an important consideration when developing normative ranges or applying wc / height and hc / height as risk indexes. after adjustment for age and race, weight scaled to height in men and women with mean ( ±see ) powers of 2. 29 ± 0. 11 and 1. 80 ± 0. 07, respectively ( both p < 0. 001 ). although univariate circumference - height models were weak or nonsignificant, when adjusted for age and race wc and hc scaled to height with powers of 0. 76 ± 0. 08 and 0. 45 ± 0. 05, respectively, in men and 0. 80 ± 0. 05 and 0. 53 ± 0. 04, respectively, in women ( all p < 0. 001 ). age - and race - adjusted incremental increases in circumferences ranged from 0. 2 to 0. 5 cm per centimeter increase in height. both wc / height and hc / height scaled negatively to height in men and women, and wc / hc scaled negatively to height in women only ( all p < 0. 001 ). health status - adjusted models were similar. subjects were adult non - hispanic white, non - hispanic black, and mexican american men ( n = 7422 ) and nonpregnant women ( n = 7999 ) who had complete demographic and anthropometric data. in addition to height, allometric models were developed for each measure that controlled for age, race, and self - reported health status. in men without prostate cancer body mass index was not significantly associated with prostate specific antigen after adjusting for age ( p = 0. 06 ). a 10 - point body mass index increase was associated with a prostate specific antigen difference of - 0. 03 ng / ml ( 95 % ci - 0. 40 - 0. 49 ). results were similar when men with prostate cancer were included, when percent body fat was substituted for body mass index, and after adjusting for prostate volume. longitudinal weight changes also had no significant association with prostate specific antigen. anchoring vignettes are brief texts describing a hypothetical character who illustrates a certain fixed level of a trait under evaluation. this research uses vignettes to elucidate factors associated with sleep disorders in adult japanese before and after adjustment for reporting heterogeneity in self - reports. this study also evaluates the need for adjusting for reporting heterogeneity in the management of sleep and energy related problems in japan.","Yes

Justification: The provided context states that, after adjusting for age and race, waist circumference (wc) and hip circumference (hc) scaled to height with powers of 0.76 ± 0.0",0.7368
fixed_bm25,fixed,bm25,mistral,Would corrected QT dispersion predict left ventricular hypertrophy in hypertensive patients?,yes,yes,1,1,success,"we explored whether qt corrected dispersion ( qtcd ) can identify left ventricular hypertrophy ( lvh ) in hypertensives. we enrolled 100 hypertensive patients ( study group ) and 30 normotensive subjects ( control group ). echocardiography was performed to measure left ventricular mass and left ventricular mass index. electrocardiogram was performed to measure qtcd. the brain - dead donor supply has become one of the criteria limiting the performance of heart transplantation. conventional screening criteria are too limiting and exclude suitable heart donors. echocardiography is now widely available and is a reliable tool to assess left ventricular dysfunction in brain - dead donors. yet few data are available on the degree of left ventricular dysfunction where a transplantation is possible. lvh was present in 42 patients ( 42 % ) of the study group, none among controls. hypertensive patients had significantly greater indices of lvh and qtcd compared with controls ( p < 0. 001 for all ). similarly, among hypertensive patients, those with lvh had a significantly greater qtcd compared with those without ( p < 0. 001 ). pearson ' s correlation coefficient test demonstrated strongly positive correlations between qtcd and the indices of lvh ( p < 0. 001 for all ). analysis of the receiver operating characteristic curves identified 60 ms as the optimal cut - off value of qtcd that best predicts lvh in hypertensives. using this value, qtcd was able to predict lvh with a sensitivity of 92. 9 % and specificity 98. 2 %. we examined the placebo arm of the ninds t - pa stroke trial to test the hypothesis that the total volume of cerebral infarction in patients with right hemisphere strokes would be greater than the volume of cerebral infarction in patients with left hemisphere strokes who have similar nihss scores. the volume of stroke was determined by computerized image analysis of ct films and ct images stored on computer tape and optical disks. cube - root transformation of lesion volume was performed for each ct. transformed lesion volume was analyzed in a logistic regression model to predict volume of stroke by nihss score for each hemisphere. spearman rank correlation was used to determine the relation between the nihss score and lesion volume.","Yes

Justification: The study shows that hypertensive patients with left ventricular hypertrophy had a significantly greater corrected QT dispersion compared with those without (p < 0.001). Additionally, the analysis",0.8261
fixed_bm25,fixed,bm25,mistral,Traumatic aortic injury: does the anatomy of the aortic arch influence aortic trauma severity?,yes,yes,1,1,success,"traumatic aortic injury ( tai ) is a rare but life - threatening type of injury. we investigate whether the anatomy of the aortic arch influences the severity of aortic injury. the mean aortic arch index and mean aortic arch angle were 6. 8 cm and 58. 3°, respectively, in the type i injury group ; 4. 4 cm and 45. 9° in the type iii group ; 3. 3 cm and 37° in the type iv group. there were substantial differences in both the aortic arch index and the aortic arch angle of the type iii and iv groups. a multivariate analysis confirmed that the aortic arch angle was significantly associated with the occurrence of type iii damage ( or 1. 5 ; 95 % ci 1. 03 - 2. 2 ). this is a retrospective study of twenty - two cases treated with tevar for tai in our department from 2009 to 2014. aortic injury was assessed in accordance with the recommendations of the society of vascular surgery. we measured the aortic arch angle and the aortic arch index, based on the initial angio - ct scan, in each of the analyzed cases. the use of a balloon expandable stent valve includes balloon predilatation of the aortic stenosis before valve deployment. the aim of the study was to see whether or not balloon predilatation is necessary in transcatheter aortic valve replacement ( tavi ). the rate of aortic aneurysm rupture correlates with the aneurysm ' s diameter, and a higher rate of rupture is observed in patients with larger aneurysms. according to the literature, contradictory results concerning the relationship between atmospheric pressure and aneurysm size have been reported. aim : in this paper, we assessed the influence of changes in atmospheric pressure on abdominal aneurysm ruptures in relationship to the aneurysm ' s size.","Yes

Justification: The mean aortic arch angle was significantly associated with the occurrence of type iii damage (line 2).",0.7857
fixed_bm25,fixed,bm25,mistral,Inpatient versus outpatient management of neutropenic fever in gynecologic oncology patients: is risk stratification useful?,yes,yes,1,1,success,"this study aimed to evaluate the utility of risk stratification of gynecologic oncology patients with neutropenic fever ( nf ). , multiple severe complications ( 3 % versus 20 %, p = 0. 0278 ), icu admission ( 2 % versus 40 %, p < 0. 0001 ), overall mortality ( 2 % versus 15 %, p = 0. 0417 ), and death due to neutropenic fever ( 0 % versus 15 %, p = 0. 0124 ). mascc had a positive predictive value of 50 % and negative predictive value of 90 %. the median mascc score for all patients was 22 ( range, 11 - 26 ), but the median mascc score for those with death or a severe complication was 17 ( range, 11 - 24 ). eighty - three patients met the study criteria. most ( 92 % ) were caucasian and had advanced stage disease ( 71 % ). primary tumors were 58 % ovary, 35 % endometrium, and 6 % cervix. all patients were receiving chemotherapy on admission ( 72 % for primary, 28 % for recurrent disease ). forty - eight percent had a positive culture, and most ( 58 % ) positive cultures were urine. seventy - six percent of patients were considered low risk. high - risk patients were more likely to have a severe complication ( 10 % versus 50 %, p = 0. 0003 ), multiple severe complications ( 3 % versus 20 %, p = 0. 0278 ), icu admission ( 2 % versus 40 %, p < 0. 0001 ), overall mortality ( 2 % versus 15 %, p = 0. 0417 ), and death due to neutropenic fever ( 0 % versus 15 %, p = 0. 0124 ). mascc had a positive predictive value of 50 % and negative predictive value of 90 %. the median mascc score for all patients was 22 ( range, 11 - 26 ), but the median mascc score for those with death a total of 4 children aged 5 - 14 years with a sternal fracture were treated in 2 years, 2 children were hospitalized for pain management and 2 remained in outpatient care. a total of 445 mobilization procedures were carried out on 333 ( 167 autologous and 166 allogeneic ) donors. the microbiological contamination of peripheral blood ( 323 / 333 donations ) and bone marrow ( 10 / 333 donations ) products were analyzed. bacterial contamination was detected in 18 of 1552 ( 1. 15 % ) culture bottles of 333 donors. during the study period 248 patients underwent hct and among these patients microbial contamination rate on sample basis was 1. 3 % ( 16 / 1212 ). microbial contamination detected in nine patients ( 7 autologous ; 2 allogeneic ). in 8 of 9 patients, a febrile neutropenic attack was observed. the median day for the neutropenic fever was 4 days ( 0 - 9 ). none of the patients died within the post - transplant 30 days who received contaminated products.","Yes

Justification: The study shows that high-risk patients are more likely to have severe complications, ICU admission, overall mortality, and death due to neutropenic fever compared to low-risk patients ([",0.8095
fixed_bm25,fixed,bm25,mistral,Should chest wall irradiation be included after mastectomy and negative node breast cancer?,maybe,maybe,1,1,success,"retrospective analysis of 92 internal or central - breast node - negative tumours with mastectomy and external irradiation of the internal mammary chain at the dose of 50 gy, from 1994 to 1998. this study aims to evaluate local failure patterns in node negative breast cancer patients treated with post - mastectomy radiotherapy including internal mammary chain only. to evaluate accelerated partial breast irradiation ( apbi ) in patients after oncoplastic surgery for early breast cancer. local recurrence rate was 5 % ( five cases ). recurrence sites were the operative scare and chest wall. factors associated with increased risk of local failure were age < or = 40 years and tumour size greater than 20mm, without statistical significance. retrospective analysis of patients in an academic breast service, who underwent mastectomy, with or without reconstruction, and received adjuvant chemotherapy.","Maybe

Justification: The study shows local recurrence in the chest wall ([4]), suggesting a potential need for chest wall irradiation. However, the association with increased risk of local failure was not statistically significant ([4]).",0.4500
fixed_bm25,fixed,bm25,mistral,Can bisphosphonate treatment be stopped in a growing child with skeletal fragility?,maybe,maybe,1,1,success,"cyclical pamidronate therapy in a 2 - year - old child with skeletal fragility resulted in remodelling of vertebral fractures and improvement in bone mineral density ( bmd ) at distal radial and spinal sites. the bmd at both sites decreased precipitously within 24 months of stopping treatment, raising the question as to whether bisphosphonates can be stopped in a growing child with skeletal fragility. tinnitus can be related to many different aetiologies such as hearing loss or a noise trauma, but it can also be related to the somatosensory system of the cervical spine, called cervicogenic somatic tinnitus ( cst ). case studies suggest a positive effect of cervical spine treatment on tinnitus complaints in patients with cst, but no experimental studies are available. several atypical antipsychotics ( aaps ) are used as second - line agents for treatment resistant depression. aaps can be expensive compared to other treatment options and can cause several side effects. the levels of bone formation and resorption can be assessed at the tissue level by bone histomorphometry on transiliac bone biopsies. systemic biochemical markers of bone turnover reflect the overall bone formation and resorption at the level of the entire skeleton but cannot discriminate the different skeletal compartments. a short course of systemic corticosteroids is an important therapy in the treatment of pediatric asthma exacerbations. although a 5 - day course of oral prednisone or prednisolone has become the most commonly used regimen, dexamethasone has also been used for a shorter duration ( 1 - 2 days ) with potential for improvement in compliance and palatability. we reviewed the literature to determine if there is sufficient evidence that dexamethasone can be used as an effective alternative in the treatment of pediatric asthma exacerbations in the inpatient setting.","Maybe

Justification: The context indicates that stopping bisphosphonate treatment in a growing child with skeletal fragility may lead to a decrease in bone mineral density (BMD) at both distal radial and spinal sites within",0.6667
fixed_bm25,fixed,bm25,mistral,"Regional anesthesia as compared with general anesthesia for surgery in geriatric patients with hip fracture: does it decrease morbidity, mortality, and health care costs?",no,maybe,0,1,generation_failure,"hip fracture in geriatric patients has a substantial economic impact and represents a major cause of morbidity and mortality in this population. at our institution, a regional anesthesia program was instituted for patients undergoing surgery for hip fracture. this retrospective cohort review examines the effects of regional anesthesia ( from mainly after july 2007 ) vs general anesthesia ( mainly prior to july 2007 ) on morbidity, mortality and hospitalization costs. this retrospective cohort study involved data collection from electronic and paper charts of 308 patients who underwent surgery for hip fracture from september 2006 to december 2008. data on postoperative morbidity, in - patient mortality, and cost of hospitalization ( as estimated from data on hospital charges ) were collected and analyzed. seventy - three patients received regional anesthesia and 235 patients received general anesthesia. during july 2007, approximately halfway through the study period, a regional anesthesia and analgesia program was introduced. the average cost of hospitalization in patients who received surgery for hip fracture was no different between patients who receive regional or general anesthesia ( $ 16, 789 + 631 vs $ 16, 815 + 643, respectively, p = 0. 9557 ). delay in surgery and intensive care unit ( icu ) admission resulted in significantly higher hospitalization costs. age, male gender, african american race and icu admission were associated with increased in - hospital mortality. in - hospital mortality and rates of readmission are not statistically different between the two anesthesia groups. adult patients undergoing general anesthesia ( n = 240 ). a total of 789 patients scheduled to undergo spinal surgery were randomly allocated into 2 groups : those in whom the site of operation was shaved immediately before surgery ( shaved group ; 371 patients ) and the patients in whom presurgical shaving was not performed ( unshaved group ; 418 patients ). the mean duration of anesthesia and the infection rates in both groups were recorded and compared.","Maybe

Justification: The study shows no significant difference in hospitalization costs between regional and general anesthesia (p = 0.9557). However, it does not provide information on morbidity and mortality rates",0.6087
fixed_bm25,fixed,bm25,mistral,Does blood pressure change in treated hypertensive patients depending on whether it is measured by a physician or a nurse?,yes,maybe,0,1,generation_failure,"to determine whether there are differences between blood pressure ( bp ) measured by the nurse ( nbp ), bp measured by the physician ( pbp ) and self - measured bp in treated hypertensive patients and, if found, to evaluate their clinical importance. epidemiological studies have suggested inverse relationships between blood pressure and prevalence of conditions such as migraine and headache. it is not yet clear whether similar relationships can be established for back pain in particular in prospective studies. the regression model for the frequency of doctor visits, health examinations, and whether the same physician is sought for medical care has demonstrated significant correlations with gender, age and education - level variables. four health behaviors ( i. e., exercise habits, dietary habits, regular blood pressure measurement, drinking habits ) exhibited a significant correlation with healthcare utilization ( p < 0. 05 ). an observational study is carried out with hypertensive patients recruited from two village - based community health centres in catalonia ( spain ) serving an area with a total population of 2800 inhabitants. all patients treated for hypertension visiting the health centre on a specific day of the week and during the same timetable between october 2000 and may 2001 were included. 405 tests were performed. comparison between results obtained in the practices and those in the reference hospital laboratory ( gold standard ), which used the same method of testing for inr, showed a correlation coefficient of 0. 96. correlation coefficients comparing the results with the various standard laboratory techniques ranged from 0. 86 to 0. 92. it was estimated that up to 53 % of tests would have resulted in clinically significant differences ( change in warfarin dose ) depending upon the site and method of testing. the practice derived results showed a positive bias ranging from 0. 28 to 1. 55, depending upon the site and method of testing.","Maybe

Justification: The provided context does not directly compare blood pressure measurements between physicians and nurses, but it does suggest that blood pressure measurements can vary depending on the site and method of testing ([5]). Therefore, it is possible that",0.3478
fixed_bm25,fixed,bm25,mistral,Treadmill testing of children who have spina bifida and are ambulatory: does peak oxygen uptake reflect maximum oxygen uptake?,yes,maybe,0,1,generation_failure,"the aim of this study was to determine whether the vo ( 2 ) peak measured during an incremental treadmill test is a true reflection of the maximum oxygen uptake ( (. ) vo ( 2 ) max ) in children who have spina bifida and are ambulatory. earlier studies have demonstrated low peak oxygen uptake ( (. ) vo ( 2 ) peak ) in children with spina bifida. low peak heart rate and low peak respiratory exchange ratio in these studies raised questions regarding the true maximal character of (. ) vo ( 2 ) peak values obtained with treadmill testing. twenty children who had spina bifida and were ambulatory participated. the (. ) vo ( 2 ) peak was measured during a graded treadmill exercise test. the validity of (. ) vo ( 2 ) peak measurements was evaluated by use of previously described guidelines for maximum exercise testing in children who are healthy, as well as differences between vo ( 2 ) peak and (. ) vo ( 2 ) during a supramaximal protocol ( (. ) vo ( 2 ) supramaximal ). these results apply to children who have spina bifida and are at least community ambulatory. as this was an exploratory study, a range of sleep variables were evaluated. the apnoea / hypopnoea index ( ahi ) and percentage of time spent with arterial oxygen saturation ( spo ( 2 ) ) < 90 % were relevant as they have been evaluated in other clinical trials. other variables included total apnoeas, hypopnoeas and oxygen desaturations, and non - cortical micro - awakenings related to respiratory events per hour.","Maybe

Justification: The study aims to determine whether the peak oxygen uptake during an incremental treadmill test is a true reflection of the maximum oxygen uptake in children with spina bifida who are ambulatory",0.8571
fixed_bm25,fixed,bm25,mistral,Is the probability of prenatal diagnosis or termination of pregnancy different for fetuses with congenital anomalies conceived following assisted reproductive techniques?,no,maybe,0,1,generation_failure,"to compare the probability of prenatal diagnosis ( pnd ) and termination of pregnancy for fetal anomaly ( topfa ) between fetuses conceived by assisted reproductive techniques ( art ) and spontaneously - conceived fetuses with congenital heart defects ( chd ). the probability of pnd ( 28. 1 % versus 34. 6 %, p = 0. 077 ) and topfa ( 36. 2 % versus 39. 2 %, p = 0. 677 ) were not statistically different between art - conceived ( n = 171 ) and spontaneously conceived ( n = 4620 ) fetuses. estimates were similar after adjustment for potential confounders. gestational age at pnd tended to be earlier for art fetuses ( 23. 1 versus 24. 8 weeks, p = 0. 05 ) but no statistical difference was found after adjustment for confounders. gestational age at topfa was comparable between art - conceived and spontaneously conceived fetuses. probability and gestational age at pnd and topfa for art - conceived versus spontaneously conceived fetuses. comparison of art - conceived and spontaneously conceived fetuses taking into account potential confounders ( maternal characteristics, multiplicity and year of birth or topfa ). fetuses with chd in the paris registry of congenital malformations and cohort of children with chd ( epicard ).","Maybe

Justification: The probability of prenatal diagnosis and termination of pregnancy were not statistically different between art-conceived and spontaneously conceived fetuses, but the difference was not definitively ruled out (p > ",0.7368
fixed_bm25,fixed,bm25,mistral,Is there a relationship between complex fractionated atrial electrograms recorded during atrial fibrillation and sinus rhythm fractionation?,no,maybe,0,1,generation_failure,"ablation of persistent atrial fibrillation ( af ) may require adjunctive methods of substrate modification. both ablation - targeting complex fractionated atrial electrograms ( cfaes ) recorded during af and fractionated electrograms recorded during sinus rhythm ( sinus rhythm fractionation [ srf ] ) have been described. however, the relationship of cfaes with srf is unclear. atrial fibrillation, which occurs in 12 % of all major foregut surgeries, can prolong hospital stay and increase morbidity. minimally invasive techniques in foregut surgery have been suggested to cause less tissue trauma. we examined the factors associated with new - onset atrial fibrillation after foregut surgery at our institution. of the 154 patients, 14 patients developed new - onset atrial fibrillation with a higher mean age of 67. 1 years ( + / - 8. 8 years ) versus 56. 4 years ( + / - 14. 1 years ) ( p = 0. 006 ). laparoscopic ( p = 0. 004 ) and nonthoracic surgeries ( p = 0. 01 ) were associated with lower risk of atrial fibrillation. patients with atrial fibrillation had received more fluid ( 6. 5 + / - 2. 8 liters versus 5. 3 + / - 2. 0 liters ) and had longer operations ( 370 + / - 103 min versus 362 + / - 142 min ), none of which were statistically significant. the average intensive care length of stay of patients was longer : 7. 5 + / - 6. 8 days versus 4. 0 + / - 7. 1 days ( p = 0. 004 ). multivariate analysis revealed an association of atrial fibrillation with age ( or 1. 08, 95 % ci 1. 02 - 1. 14, p = 0. 01 ), and laparoscopic surgery ( or 0. 09, 95 % ci 0 one missense kcnq1 mutation, r14c, was identified in 1 family with a high prevalence of hypertension. atrial fibrillation was present only in older individuals who had developed atrial dilation and who were genotype positive. patch - clamp studies of wild - type or r14c kcnq1 expressed with kcne1 in cho cells showed no statistically significant differences between wild - type and mutant channel kinetics at baseline, or after activation of adenylate cyclase with forskolin. after exposure to hypotonic solution to elicit cell swelling / stretch, mutant channels showed a marked increase in current, a leftward shift in the voltage dependence of activation, altered channel kinetics, and shortening of the modeled atrial action potential duration. twenty patients ( age 62 ± 9 years, 13 males ) with persistent af and 9 control subjects without organic heart disease or af ( age 36 ± 6 years, 4 males ) underwent detailed cfae and srf left atrial electroanatomic maps. the overlap in left atrial regions with cfaes and srf was compared in the af population, and the distribution of srf was compared among patients with af and normal controls. propagation maps were analyzed to identify the activation patterns associated with sr fractionation.","Maybe

Justification: The context mentions that the relationship between complex fractionated atrial electrograms recorded during atrial fibrillation (cfaes) and sinus rhythm fractionation (srf) is unclear ([",0.7895
fixed_bm25,fixed,bm25,mistral,Does rural or urban residence make a difference to neonatal outcome in premature birth?,yes,yes,1,1,success,""" rural "" or "" urban "" status was based on the location of maternal residence. perinatal characteristics, major morbidity and case mix adjusted mortality were compared between 1879 rural and 6775 urban infants < 32 weeks gestational age, born in 1992 - 2002 and admitted to all 10 neonatal intensive care units in nsw and act. rural mothers were more likely to be teenaged, indigenous, and to have had a previous premature birth, prolonged ruptured membrane, and antenatal corticosteroid. urban mothers were more likely to have had assisted conception and a caesarean section. more urban ( 93 % v 83 % ) infants were born in a tertiary obstetric hospital. infants of rural residence had a higher mortality ( adjusted odds ratio ( or ) 1. 26, 95 % confidence interval ( ci ) 1. 07 to 1. 48, p = 0. 005 ). this trend was consistently seen in all subgroups and significantly for the tertiary hospital born population and the 30 - 31 weeks gestation subgroup. regional birth data in this gestational age range also showed a higher stillbirth rate among rural infants ( or 1. 20, 95 % ci 1. 09 to 1. 32, p < 0. 001 ). patients living in rural areas may be at a disadvantage in accessing tertiary health care. aim : to test the hypothesis that very premature infants born to mothers residing in rural areas have poorer outcomes than those residing in urban areas in the state of new south wales ( nsw ) and the australian capital territory ( act ) despite a coordinated referral and transport system. the objective of the study was to determine whether risk of recurrent preterm birth differs based on the clinical presentation of a prior spontaneous preterm birth ( sptb ) : advanced cervical dilatation ( acd ), preterm premature rupture of membranes ( pprom ), or preterm labor ( ptl ). secondhand smoke exposure ( shse ) threatens fragile infants discharged from a neonatal intensive care unit ( nicu ). smoking practices were examined in families with a high respiratory risk infant ( born at very low birth weight ; ventilated > 12 hr ) in a houston, texas, nicu. socioeconomic status, race, and mental health status were hypothesized to be related to shse and household smoking bans.","Yes

Justification: The study shows that infants of rural residence had a higher mortality rate compared to urban infants (adjusted odds ratio (or) 1.26, 95% confidence interval (ci) ",0.8636
fixed_bm25,fixed,bm25,mistral,Is the use of cyanoacrylate in intestinal anastomosis a good and reliable alternative?,yes,maybe,0,1,generation_failure,"ninety - six sprague - dawley rats were divided into 2 ( groups e and l ). each group was further subdivided into 6 subgroups ( ea1, ea2, ea3, eb1, eb2, eb3, la1, la2, la3, lb1, lb2, lb3 ), each containing 8 rats. intestinal anastomosis was performed by polyglactin 910 sutures in a subgroups and with ethyl - 2 - cyanoacrylate in b subgroups. the anastomosis was end to end in a1 and b1, side to side in a2 and b2, and end to side in a3 and b3. time for anastomosis performance ( at ) was recorded. in group e, bursting pressures and hydroxyproline levels were determined on the second postoperative day, whereas in group l, the same measurements were made on the sixth postoperative day. one - way analysis of variance was used for analyses of variance in the groups. quantitative data were analyzed with student ' s t test. p value was considered significant at less than. 05. the present study aims to compare strength, healing, and operation time of experimental intestinal anastomoses performed by polyglactin 910 ( vicryl ; ethicon, edinburgh, united kingdom ) sutures with ethyl - 2 - cyanoacrylate glue ( pattex ; henkel, dusseldorf, germany ). the brain - dead donor supply has become one of the criteria limiting the performance of heart transplantation. conventional screening criteria are too limiting and exclude suitable heart donors. echocardiography is now widely available and is a reliable tool to assess left ventricular dysfunction in brain - dead donors. yet few data are available on the degree of left ventricular dysfunction where a transplantation is possible. a short course of systemic corticosteroids is an important therapy in the treatment of pediatric asthma exacerbations. although a 5 - day course of oral prednisone or prednisolone has become the most commonly used regimen, dexamethasone has also been used for a shorter duration ( 1 - 2 days ) with potential for improvement in compliance and palatability. we reviewed the literature to determine if there is sufficient evidence that dexamethasone can be used as an effective alternative in the treatment of pediatric asthma exacerbations in the inpatient setting. prior literature identified the use of performance measurement systems ( pms ) as crucial in addressing improved processes of care. moreover, a strategic use of pms has been found to enhance quality, compared to non - strategic use, although a clear understanding of this linkage is still to be achieved. this paper deals with the test of direct and indirect models related to the link between the strategic use of pms and the level of improved processes in health care organizations. indirect models were mediated by the degree of perceived managerial discretion.","Maybe

Justification: The study compares the strength, healing, and operation time of intestinal anastomoses performed by polyglactin 910 sutures with ethyl - 2 - cyanoacry",0.7647
fixed_bm25,fixed,bm25,mistral,Is trabecular bone related to primary stability of miniscrews?,yes,yes,1,1,success,"to compare the primary stability of miniscrews inserted into bone blocks of different bone mineral densities ( bmds ) with and without cortical bone, and investigate whether some trabecular properties could influence primary stability. fifty - two bone blocks were extracted from fresh bovine pelvic bone. four groups were created based on bone type ( iliac or pubic region ) and presence or absence of cortical bone. specimens were micro - computed tomography imaged to evaluate trabecular thickness, trabecular number, trabecular separation, bone volume density ( bv / tv ), bmd, and cortical thickness. miniscrews 1. 4 mm in diameter and 6 mm long were inserted into the bone blocks, and primary stability was evaluated by insertion torque ( it ), mini - implant mobility ( ptv ), and pull - out strength ( ps ). intergroup comparison showed lower levels of primary stability when the bmd of trabecular bone was lower and in the absence of cortical bone ( p≤. 05 ). the pearson correlation test showed correlation between trabecular number, trabecular thickness, bv / tv, trabecular bmd, total bmd, and it, ptv, and ps. there was correlation between cortical thickness and it and ps ( p≤. 05 ). there is increasing pressure on mental health providers to reduce the duration of treatments, while retaining level of quality and effectiveness. the risk is that the population is underserved and therefore needs new treatment episodes. the primary aim of this study was to investigate whether duration of treatment and return into mental health care were related. qct confirmed that he had low spinal trabecular volumetric bmd ( z - score - 2. 4 ). after 4 years of treatment his vertebral fractures had been remodelled and all bone densitometry values ( qct, dxa and pqct ) were within normal range and therefore treatment was discontinued. shortly after this he suffered stress fractures of his left mid tibia and at the sclerotic metaphyseal line corresponding to his first apd treatment. he had marked reduction in spinal trabecular and distal radial vbmd ; change in bmad was less marked.","Yes

Justification: The Pearson correlation test in the context shows a correlation between trabecular number, trabecular thickness, bone volume density (bv/tv), trabecular BMD, total BMD, and primary stability",0.8000
fixed_bm25,fixed,bm25,mistral,"Is there any evidence of a ""July effect"" in patients undergoing major cancer surgery?",no,maybe,0,1,generation_failure,"the "" july effect "" refers to the phenomenon of adverse impacts on patient care arising from the changeover in medical staff that takes place during this month at academic medical centres in north america. there has been some evidence supporting the presence of the july effect, including data from surgical specialties. uniformity of care, regardless of time of year, is required for patients undergoing major cancer surgery. we therefore sought to perform a population - level assessment for the presence of a july effect in this field. hip fracture in geriatric patients has a substantial economic impact and represents a major cause of morbidity and mortality in this population. at our institution, a regional anesthesia program was instituted for patients undergoing surgery for hip fracture. this retrospective cohort review examines the effects of regional anesthesia ( from mainly after july 2007 ) vs general anesthesia ( mainly prior to july 2007 ) on morbidity, mortality and hospitalization costs. we used the nationwide inpatient sample to abstract data on patients undergoing 1 of 8 major cancer surgeries at academic medical centres between jan. 1, 1999, and dec. 30, 2009. the primary outcomes examined were postoperative complications and in - hospital mortality. univariate analyses and subsequently multivariate analyses, controlling for patient and hospital characteristics, were performed to identify whether the time of surgery was an independent predictor of outcome after major cancer surgery. epidemiologic studies have suggested that hypertriglyceridemia and insulin resistance are related to the development of colon cancer. nuclear peroxisome proliferator - activated receptors ( ppar ), which play a central role in lipid and glucose metabolism, had been hypothesized as being involved in colon cancerogenesis. in animal studies the lipid - lowering ppar ligand bezafibrate suppressed colonic tumors. however, the effect of bezafibrate on colon cancer development in humans is unknown. therefore, we proposed to investigate a possible preventive effect of bezafibrate on the development of colon cancer in patients with coronary artery disease during a 6 - year follow - up. suicide is a leading cause of death and has been strongly associated with affective disorders. the influence of affective disorder polarity on subsequent suicide attempts or completions and any differential effect of suicide risk factors by polarity were assessed in a prospective cohort.","Maybe

Justification: The study was conducted to assess the presence of a July effect in patients undergoing major cancer surgery, but the results were not explicitly stated in the provided context.",0.4444
fixed_bm25,fixed,bm25,mistral,Is it necessary to insert a nasobiliary drainage tube routinely after endoscopic clearance of the common bile duct in patients with choledocholithiasis-induced cholangitis?,no,maybe,0,1,generation_failure,little is known about whether a routinely inserted endoscopic nasobiliary drainage ( enbd ) tube improves the clinical course in patients with choledocholithiasis - induced acute cholangitis after clearance of choledocholithiasis. the aim of this study was to investigate the need for enbd on the clinical outcomes of patients with acute cholangitis undergoing endoscopic clearance of common bile duct ( cbd ) stones. a total of 104 patients with choledocholithiasis - induced acute cholangitis who underwent primary endoscopic treatment were compared according to insertion of an enbd tube ( 51 in the enbd group and 53 in the no - enbd group ). insertion of an enbd tube after clearance of cbd stones. recurrence of cholangitis and length of hospital stay after clearance of cbd stones.,"Maybe

Justification: The study aims to investigate the need for an endoscopic nasobiliary drainage (enbd) tube on the clinical outcomes of patients with acute cholangitis undergoing endoscopic clearance",0.8333
fixed_bm25,fixed,bm25,mistral,Storage of vaccines in the community: weak link in the cold chain?,maybe,yes,0,1,generation_failure,"to assess quality of storage of vaccines in the community. of the 40 respondents, only 16 were aware of the appropriate storage conditions for the vaccines ; eight had minimum and maximum thermometers but only one of these was monitored daily. in six of the eight practices selected for monitoring of refrigeration temperatures the vaccines were exposed to either subzero temperatures ( three fridges ) or temperatures up to 16 degrees c ( three ). two of these were specialised drug storage refrigerators with an incorporated thermostat and external temperature gauges. we report findings on the link between symptoms of somatization ( assessed using the scl - 90 - r ) and depression 5 years later ( assessed using the ces - d ) in an initially healthy cohort of community adults, based on prospective data from the reno diet - heart study. plant acclimation in the cold ( 2 degrees c ) brought about retardation of leaf expansion, concomitant with development of freezing resistance. these effects were associated with the increases in leaf tensile stiffness, cell wall and pectin contents, pectin methylesterase ( ec 3. 1. 1. 11 ) activity and the low - methylated pectin content, independently of the genotype studied. however, the cold - induced modifications in the cell wall properties were more pronounced in the leaves of the more pathogen - resistant genotype. de - acclimation promoted leaf expansion and reversed most of the cold - induced effects, with the exception of pectin methylesterase activity. adherence to department of health guidelines for vaccine storage, temperature range to which vaccines were exposed over two weeks.","Yes

Justification: The context states that only 16 out of 40 respondents were aware of the appropriate storage conditions for vaccines, and that in six of the eight practices selected for monitoring of refrigeration temperatures, the vacc",0.7273
fixed_bm25,fixed,bm25,mistral,Is the clinically positive axilla in breast cancer really a contraindication to sentinel lymph node biopsy?,no,maybe,0,1,generation_failure,"clinically positive axillary nodes are widely considered a contraindication to sentinel lymph node ( sln ) biopsy in breast cancer, yet no data support this mandate. in fact, data from the era of axillary lymph node dissection ( alnd ) suggest that clinical examination of the axilla is falsely positive in as many as 30 % of cases. here we report the results of sln biopsy in a selected group of breast cancer patients with palpable axillary nodes classified as either moderately or highly suspicious for metastasis. breast cancer is the most common malignancy afflicting women, and the most common cancer overall in jordan. a woman ' s decision to go for screening is influenced by her social support network. this study aims to explore jordanian men ' s individual and contextual perspectives on women ' s breast cancer and their own role in the breast health of the females within their families. this study aims to evaluate local failure patterns in node negative breast cancer patients treated with post - mastectomy radiotherapy including internal mammary chain only. in an attempt to improve the care they provide for their patients with breast cancer, the authors ' institution developed a multidisciplinary breast cancer clinic ( mdbcc ) to offer "" one - stop shopping "" consultation and support for newly diagnosed breast cancer patients. a total of 360 core needle biopsies was obtained from 169 breast lesions in 146 patients. additional open breast biopsy was performed in 111 women ( 127 / 169 breast lesions ) ; the remaining 42 lesions were followed up for at least 24 months. 3d ultrasound visualization of the needle in the postfiring position was used to classify the biopsy as central, marginal or outside the lesion. based on this classification it was decided whether another sample had to be obtained.","Maybe

Justification: The context states that no data support the mandate that clinically positive axilla is a contraindication to sentinel lymph node biopsy in breast cancer, but it does not definitively state",0.6667
fixed_bm25,fixed,bm25,mistral,Convulsions and retinal haemorrhage: should we look further?,yes,yes,1,1,success,"the prevalence of retinal haemorrhages after convulsions is not well established. as these haemorrhages are considered characteristic of child abuse, we investigated their occurrence after convulsive episodes to see whether the finding of haemorrhage should prompt further investigation. prospective study of 153 children ( aged 2 months to 2 years ), seen in the emergency department after a convulsive episode. after a thorough history and physical examination, a retinal examination was performed by an ophthalmologist. if findings were positive, further investigation was undertaken to rule out systemic disorder or child abuse. to look at the effect of stopping fa supplementation in uk rheumatoid arthritis ( ra ) patients established on methotrexate < 20 mg weekly and fa 5 mg daily, to report all toxicity ( including absolute changes in haematological and liver enzyme indices ) and to report changes in the efficacy of methotrexate. warfarin increases both the likelihood and the mortality of intracerebral hemorrhage ( ich ), particularly in patients with a history of prior ich. in light of this consideration, should a patient with both a history of ich and a clear indication for anticoagulation such as nonvalvular atrial fibrillation be anticoagulated? in the absence of data from a clinical trial, we used a decision - analysis model to compare the expected values of 2 treatment strategies - warfarin and no anticoagulation - for such patients. carotid intima - media thickness ( cimt ) measurements were obtained in cases comprising 10 different mutations in lcat, abca1 and apoa1 to further evaluate the relationship between low hdl resulting from genetic variation and early atherosclerosis.","Yes

Justification: The study ([2]) was conducted to investigate the occurrence of retinal haemorrhage after convulsive episodes, and if found, further investigation was undertaken to rule out systemic disorder or child",0.7727
fixed_bm25,fixed,bm25,mistral,Are patients willing participants in the new wave of community-based medical education in regional and rural Australia?,yes,yes,1,1,success,"community - based medical education is growing to meet the increased demand for quality clinical education in expanded settings, and its sustainability relies on patient participation. this study investigated patients ' views on being used as an educational resource for teaching medical students. patients attending six rural and 11 regional general practices in new south wales over 18 teaching sessions in november 2008, who consented to student involvement in their consultation. there are three main service delivery channels : clinical services, outreach, and family and community. to determine which delivery channels are associated with the greatest reductions in under - 5 mortality rates ( u5mr ), we used data from sequential population - based surveys to examine the correlation between changes in coverage of clinical, outreach, and family and community services and in u5mr for 27 high - burden countries. patients living in rural areas may be at a disadvantage in accessing tertiary health care. aim : to test the hypothesis that very premature infants born to mothers residing in rural areas have poorer outcomes than those residing in urban areas in the state of new south wales ( nsw ) and the australian capital territory ( act ) despite a coordinated referral and transport system. governments are urged to determine methods to control the use of medical resources and curb the rise of healthcare costs. the question is, do health behaviors have an impact on the use of medical resources? this study aims to identify and understand the difference in the number of outpatient visits and health examinations based on various health behaviors and to determine whether patients seek medical care for illness from the same physicians.","Yes

Justification: The study in the context specifically investigated patients' views on being used as an educational resource for teaching medical students in regional and rural Australia ([1]).",0.6842
fixed_bm25,fixed,bm25,mistral,Can Flexible Instruments Create Adequate Femoral Tunnel Lengths at 90° of Knee Flexion in Anterior Cruciate Ligament Reconstruction?,yes,yes,1,1,success,"this study aims to study femoral tunnel lengths drilled with a flexible reamer and the distance to important lateral structures obtained by flexing the knee at various angles and by drilling the guide pins arthroscopically to resemble clinical practice. the purpose of this cadaveric study was twofold : 1. to determine whether femoral tunnel lengths of greater than 20 mm can be created with a flexible reamer system at 90 ° of knee flexion and 2. to determine whether the lateral structures of the knee are safe with this technique. ten fresh cadaveric knees were utilized. the intra - osseous length can be measured with a specially de - signed flexible guide pin. flexible pins were inserted with the knee at 70°, 90°, and 120° of flexion. the intra - osseous length was measured with the measuring device. each speci - men was dissected around the lateral aspect of the knee to identify the critical structures, the common peroneal nerve, and the lcl. the distance from the guide pins to the com - mon peroneal nerve and femoral attachment of the lcl were measured with a standard flexible paper ruler to the nearest millimeter. there is a trend for progressively increasing mean intra - osseous length associated with increased flexion of the knee. the mean intra - osseous length for 70° flexion was 25. 2 mm ( 20 mm to 32 mm ), which was statistically significant when compared to mean intra - osseous lengths of 32. 1 mm ( 22 mm to 45 mm ) and 38. 0 mm ( 34 mm to 45 mm ) in the 90° and 120° flexion groups, respectively ( p < 0. 05 ). there were no significant differences among the groups with respect to distance to the lcl. there is a trend toward longer distances to the common peroneal nerve with increased flexion. there was a statistically significant dif - ference when comparing 120° versus 70° ( p < 0. 05 ). six human cadaver knees were tested before implantation, after implantation with a bicruciate - retaining unicompartmental knee prosthesis, and after implantation with a posterior cruciate - retaining tricompartmental knee prosthesis. the unicompartmental prosthesis was initially implanted, and it was then revised to a total condylar knee replacement. the knee kinematics were measured with use of an electromagnetic tracking device while the knee was put through dynamic simulated stair - climbing under peak flexion moments of approximately 40 n - m. quadriceps tension was also measured for all three conditions. unicompartmental replacement can be an alternative to tibial osteotomy in younger, active patients with unicompartmental knee disease. in unicompartmental replacement, the other compartments and knee ligaments are largely untouched. therefore, it was hypothesized that the knee kinematics after unicompartmental replacement may also be unchanged. to test this hypothesis, knee kinematics and quadriceps tension were recorded before and after replacement with a unicompartmental design and then with a tricompartmental design.","Yes

Justification: The study shows that the mean intra-osseous length for 90° flexion was 32.1 mm (22 mm to 45 mm), which is greater than 20",0.8421
fixed_bm25,fixed,bm25,mistral,Quality of life in lung cancer patients: does socioeconomic status matter?,yes,yes,1,1,success,"as part of a prospective study on quality of life in newly diagnosed lung cancer patients an investigation was carried out to examine whether there were differences among patients ' quality of life scores and their socioeconomic status. quality of life was measured at two points in time ( baseline and three months after initial treatment ) using three standard instruments ; the nottingham health profile ( nhp ), the european organization for research and cancer treatment quality of life questionnaire ( eortc qlq - c30 ) and its lung cancer supplement ( qlq - lc13 ). socioeconomic status for each individual patient was derived using carstairs and morris deprivation category ranging from 1 ( least deprived ) to 7 ( most deprived ) on the basis of the postcode sector of their address. the aim of this prognostic factor analysis was to investigate if a patient ' s self - reported health - related quality of life ( hrqol ) provided independent prognostic information for survival in non - small cell lung cancer ( nsclc ) patients. to explore the impact of delivery mode on women ' s postpartum quality of life in rural china and probe factors influencing postnatal quality of life. in all, 129 lung cancer patients entered into the study. of these data for 82 patients were complete ( at baseline and follow - up ). 57 % of patients were of lower socioeconomic status and they had more health problems, less functioning, and more symptoms as compared to affluent patients. of these, physical mobility ( p = 0. 05 ), energy ( p = 0. 01 ), role functioning ( p = 0. 04 ), physical functioning ( p = 0. 03 ), and breathlessness ( p = 0. 02 ) were significant at baseline. however, at follow - up assessment there was no significant difference between patient groups nor did any consistent pattern emerge.","Yes

Justification: At baseline, patients of lower socioeconomic status had more health problems, less functioning, and more symptoms compared to affluent patients (p < 0.05 for physical mobility, energy, role functioning",0.9130
fixed_bm25,fixed,bm25,mistral,Are Biochemical Markers of Bone Turnover Representative of Bone Histomorphometry in 370 Postmenopausal Women?,maybe,maybe,1,1,success,"the levels of bone formation and resorption can be assessed at the tissue level by bone histomorphometry on transiliac bone biopsies. systemic biochemical markers of bone turnover reflect the overall bone formation and resorption at the level of the entire skeleton but cannot discriminate the different skeletal compartments. the static and dynamic parameters of formation and bone resorption were measured by histomorphometry. serum biochemical markers of formation ( bone alkaline phosphatase [ alp ] ; procollagen type i n - terminal propeptide [ pinp ] ) and resorption ( c - terminal crosslinking telopeptide of collagen type 1 [ sctx ] ) were assessed. aromatase inhibitors ( ais ) are an effective treatment for postmenopausal women with hormone receptor - positive breast cancer. however, patients receiving ais report a higher incidence of musculoskeletal symptoms and bone fractures ; the mechanism and risk factors for this correlation are not well studied. the aim of this study was to correlate these musculoskeletal symptoms and bone fractures in patients receiving ais with bone mineral density ( bmd ), previous tamoxifen use, and administration of calcium / bisphosphonate ( ca / bis ). the mean values of biochemical markers were : bone alp, 15. 0 ± 5. 2 ng / ml ; pinp, 56. 2 ± 21. 9 μg / ml ; and sctx, 0. 58 ± 0. 26 ng / ml. bone alp and pinp were significantly correlated with both the static and dynamic parameters of formation ( 0. 21 ≤ r ' ≤ 0. 36 ; 0. 01 ≥ p ≥. 0001 ). sctx was significantly correlated with all resorption parameters ( 0. 18 ≤ r ' ≤ 0. 24 ; 0. 02 ≥ p ≥. 0001 ). to compare the primary stability of miniscrews inserted into bone blocks of different bone mineral densities ( bmds ) with and without cortical bone, and investigate whether some trabecular properties could influence primary stability.","Maybe

Justification: The provided context shows that both biochemical markers of bone turnover and bone histomorphometry are used to assess bone formation and resorption, but the markers reflect the overall bone formation and resor",0.5556
fixed_bm25,fixed,bm25,mistral,Should early extubation be the goal for children after congenital cardiac surgery?,yes,yes,1,1,success,"we sought to determine the feasibility and assess the clinical outcomes associated with an early extubation strategy for all children undergoing congenital heart surgery, including neonates ( age, < 30 days ). we performed a linked database analysis of all patients undergoing congenital heart surgery from july 1, 2010 to december 31, 2012. we collected data on the cardiac diagnoses, preoperative status, procedure, and postoperative course, including the duration of invasive and noninvasive ventilation, failure of extubation, hemodynamic data, length of stay, complications, and mortality. a multivariable model was used to assess the independent factors associated with an inability to extubate within the operating room and with delayed extubation ( > 24 hours ). we operated on 613 children, including 97 neonates. intraoperative extubation was achieved in 71 % of the cases and early extubation ( ≤ 24 hours ) was achieved in 89 % of the cases. the overall mortality was 1. 5 % ( 9 of 613 patients ). early extubation was associated with lower mortality ( 1 % vs 9 %, p <. 001 ) and a lower rate of reintubation ( 4 % vs 23 %, p <. 001 ) compared with delayed extubation. notably, 63 % of the neonates were extubated within 24 hours, including 67 % of arterial switch operations and 54 % of total anomalous pulmonary venous return repairs. norwood operations were the only procedure in which no patient was extubated within the first 24 hours. multivariable logistic regression demonstrated that the predictors of delayed extubation included preoperative mechanical ventilation, weight < 5 kg, a longer procedure time, and the need for postoperative inotrope support. implementation of an early extubation strategy was associated with low rates of complications ( 5. 1 per 10 procedures ), short lengths of intensive care unit stay ( median, 1 day ; interquartile range, 1 fetuses with chd in the paris registry of congenital malformations and cohort of children with chd ( epicard ). to evaluate accelerated partial breast irradiation ( apbi ) in patients after oncoplastic surgery for early breast cancer.","Yes

Justification: The study shows that early extubation (≤24 hours) was associated with lower mortality and a lower rate of reintubation compared with delayed extubation (>24 hours) in children under",0.7059
fixed_bm25,fixed,bm25,mistral,Does delivery mode affect women's postpartum quality of life in rural China?,no,maybe,0,1,generation_failure,"to explore the impact of delivery mode on women ' s postpartum quality of life in rural china and probe factors influencing postnatal quality of life. childbirth significantly affects puerpera ' s physical, psychological and social domains of quality of life. under the circumstance of increasing high caesarean section rate in rural china, the impact of delivery mode on postnatal quality of life remains unclear. women residing in rural areas and in their 0 - 12 months after childbirth from 30 rural townships participated in a household survey. a structured questionnaire was used to evaluate women ' s socio - demographic characteristics, previous pregnant experiences, foetal characteristics and use of maternal health services. the scale for rural postnatal quality of life was adopted to assess postnatal quality of life from six dimensions : physical complaints and pain, sleep and energy, sex satisfaction, interpersonal communication, self - evaluated living stress and perceived life satisfaction. the overall caeserean section rate was 70 · 0 % ( 962 / 1375 ), and most of them ( 59 · 7 % ) were selected by maternal request. none of six dimensions and total score of quality of life displayed significant difference between women with normal delivery and cesaerean section. it was found that postnatal home visit related to good postnatal quality of life and lower husband education level, male gender of infant were associated with poor quality of life. as part of a prospective study on quality of life in newly diagnosed lung cancer patients an investigation was carried out to examine whether there were differences among patients ' quality of life scores and their socioeconomic status.","Maybe

Justification: While the study found no significant difference between women with normal delivery and cesarean section in terms of postnatal quality of life, it does not definitively rule out the possibility that delivery mode may have an impact.",0.5769
fixed_bm25,fixed,bm25,mistral,Menopausal hormone therapy and irregular endometrial bleeding: a potential role for uterine natural killer cells?,yes,yes,1,1,success,"the main objective of this study was to explore the role of uterine natural killer ( unk ) cells and their regulatory cytokine il - 15 in irregular bleeding in ht users. the relationship between endometrial unk cells ( cd56 + ) and bleeding patterns was measured. we also addressed the impact of ht exposure on unk cell populations, the relationship between endometrial il - 15 expression and unk cell populations, and killer ig like receptor genotype in subjects with irregular bleeding. irregular bleeding affects many users of combined menopausal hormone therapy ( ht ) and commonly leads to invasive and expensive investigations to exclude underlying malignancy. in most cases no abnormality is found. endometrial cd56 + unk cells were significantly increased in biopsies obtained during bleeding episodes ( p < 0. 001 ), compared with ht users with no bleeding. the highest level of il - 15 expression was also seen in biopsies taken during bleeding. no clear relationship between killer ig like receptor genotype and bleeding on ht was observed. outpatient endometrial biopsies were taken during and outside bleeding episodes.","Yes

Justification: The study explores the role of uterine natural killer (UNK) cells and their regulatory cytokine IL-15 in irregular bleeding in HT users (context [1]). The relationship between endomet",0.7500
fixed_bm25,fixed,bm25,mistral,Percutaneous ethanol injection for benign cystic thyroid nodules: is aspiration of ethanol-mixed fluid advantageous?,no,maybe,0,1,generation_failure,"we evaluated the differences between percutaneous ethanol injection with and without aspiration of ethanol - mixed fluid for treatment of benign cystic thyroid nodules. we examined 60 patients with benign cystic thyroid nodules confirmed by fine - needle aspiration biopsy and divided them into 2 groups according to nonaspiration ( group a, n = 30 ) or aspiration ( group b, n = 30 ) of ethanol - mixed fluid after intracystic ethanol injection. we evaluated in both groups the complete disappearance of the cystic portion of the thyroid nodule on follow - up ultrasonography ( first follow - up ultrasonography ; mean, 4. 6 months in group a ; mean, 4. 4 months in group b ) ( chi - square test ), side effects or complications during and after the procedure ( chi - square test ), and the total procedure time ( student t test ). most patients showed complete disappearance of the cystic portion of the thyroid nodule ( group a, n = 29 ; group b, n = 28 ), and they revealed no recurrence on follow - up ultrasonography. there was no statistical difference in the success rates between group a and group b ( p >. 05 ). pain, the most common side effect, and other mild side effects or complications occurred in small numbers of patients in each group, but there was no significant difference in side effects or complications between the 2 groups ( p >. 05 ), except for intracystic hemorrhage ( p <. 05 ) and the complaint of all group b patients due to a double puncture ( p <. 001 ). the total procedure time was nearly double in group b than in group a because of the additional procedures, such as complete evacuation of the ethanol - mixed fluid and the 10 - minute compression. myocardial damage that is associated with percutaneous coronary intervention ( pci ) partially affects the results of the procedure, and is related to medium - term cardiovascular death. remote postischemic conditioning might reduce the myocardial lesions that are associated with pci, but perhaps less so in diabetics. the aim of this study was to evaluate the protective effect of remote postischemic conditioning in patients undergoing elective pci for stable angina or non - st elevation acute coronary syndrome with troponin < 1 ng / ml at the time of randomization. impaired fasting glucose ( ifg ) below the diagnostic threshold for diabetes mellitus ( dm ) is associated with macrovascular pathology and increased mortality after percutaneous coronary interventions. the study goal was to determine whether pre - operative fasting blood glucose ( fb - glu ) is associated with an increased mortality after coronary artery bypass grafting ( cabg ).","Maybe

Justification: The study shows no statistical difference in the success rates between the 2 groups (aspiration and non-aspiration), but there were significant differences in side effects or complications between the 2 groups, except for intr",0.8182
fixed_bm25,fixed,bm25,mistral,Can the growth rate of a gallbladder polyp predict a neoplastic polyp?,no,no,1,1,success,"the median age of the patients was 48 years ( range : 25 to 75 ). one hundred twenty - five non - neoplastic polyps and 20 neoplastic polyps were found. neoplastic polyps were more frequently found in patients older than 60 years, those with hypertension, a polyp size greater than 10 mm, and a rapid growth rate greater than 0. 6 mm / mo. on multivariate analysis, however, the growth rate was not related to the neoplastic nature of a polyp, but older age ( > 60 y ) and large size ( > 10 mm ) were significantly associated with neoplastic polyps. the aim of this study was to assess the reproducibility of different measurement methods and define the most workable technique for measuring head and neck paragangliomas, to determine the best method for evaluating tumour growth. the evaluation of tumour growth is vital for a ' wait - and - scan ' policy, a management strategy that became increasingly important. xanthogranulomatous cholecystitis ( xgc ) is an uncommon variant of chronic cholecystitis, characterized by marked thickening of the gallbladder wall and dense local adhesions. it often mimics a gallbladder carcinoma ( gbc ), and may coexist with gbc, leading to a diagnostic dilemma. furthermore, the premalignant nature of this entity is not known. this study was undertaken to assess the p53, pcna and beta - catenin expression in xgc in comparison to gbc and chronic inflammation. to examine the ability of various postoperative nomograms to predict prostate cancer - specific mortality ( pcsm ) and to validate that they could predict aggressive biochemical recurrence ( bcr ). prostate - specific antigen ( psa ), grade, and stage are the classic triad used to predict bcr after radical prostatectomy ( rp ). multiple nomograms use these to predict risk of bcr. a previous study showed that several nomograms could predict aggressive bcr ( prostate - specific antigen doubling time [ psadt ] < 9 months ) more accurately than bcr. however, it remains unknown if they can predict more definitive endpoints, such as pcsm. to investigate whether problems in instrumental activities of daily living ( iadl ) can add to conventionally used clinical measurements in helping to predict a diagnosis of dementia at 1 - and 2 - year follow - up.","No.

Justification: In the context, the growth rate was not related to the neoplastic nature of a polyp (context [1]).",0.7000
fixed_bm25,fixed,bm25,mistral,Are performance measurement systems useful?,yes,yes,1,1,success,"prior literature identified the use of performance measurement systems ( pms ) as crucial in addressing improved processes of care. moreover, a strategic use of pms has been found to enhance quality, compared to non - strategic use, although a clear understanding of this linkage is still to be achieved. this paper deals with the test of direct and indirect models related to the link between the strategic use of pms and the level of improved processes in health care organizations. indirect models were mediated by the degree of perceived managerial discretion. accurate and updated information on airborne pollen in specific areas can help allergic patients. current monitoring systems are based on a morphologic identification approach, a time - consuming method that may represent a limiting factor for sampling network enhancement. we evaluated the usefulness of a short stay or 23 - hour ward in a pediatric unit of a large teaching hospital, westmead hospital, and an academic children ' s hospital, the new children ' s hospital, to determine if they are a useful addition to the emergency service. the national institutes of health stroke scale ( nihss ) is a valid, reproducible scale that measures neurological deficit. of 42 possible points, 7 points are directly related to measurement of language compared with only 2 points related to neglect. do preresidency selection factors serve as predictors of success in residency? specifically, we asked which preresidency selection factors are associated or correlated with ( 1 ) objective measures of resident knowledge and performance ; and ( 2 ) subjective ratings by faculty.","Yes

Justification: The provided context states that performance measurement systems (PMS) are crucial in addressing improved processes of care ([1]).",0.6667
fixed_bm25,fixed,bm25,mistral,Does para-cervical block offer additional advantages in abortion induction with gemeprost in the 2nd trimester?,yes,maybe,0,1,generation_failure,"a median of 3 gemeprost applications were administered in both groups. in the group without paracervical anaesthesia the median induction to abortion interval was 20 hours ( range : 8 - 44 hours ), 13 hours ( range : 8 - 36 hours, ns ) resulting for the paracervical anaesthesia group. the intervals from the last application of prostaglandin until abortion and from 3 cm cervical dilatation to abortion were slightly, but not significantly shorter in the paracervical anaesthesia group. the requirement of butylscopolamine was higher in the latter group ( p < 0. 05 ). the requirement of pethidin and the intensity of pain ( measured by pain scale according to huskisson ) especially in the late first stage of labour were not statistically different between both groups. side effects of paracervical anaesthesia did not occur. uterus - specific synthetic prostaglandin analogues ( gemeprost, sulproston etc. ) have been widely employed for termination of pregnancy in the second trimester. since paracervical anaesthesia may be useful during this procedure, we investigated in this prospective randomised study its impact on the clinical course of abortion and pain especially in the late first and second stage of labour. 20 women scheduled for elective abortion ( fetal reasons ) between the 16th and 23rd week of gestation were to be given 1 mg gemeprost vaginally every 6 hours. they were allocated at random : 10 women received only pethidin intravenously and butylscopolamine rectally, another 10 women were additionally treated by paracervical anaesthesia ( 2 x 10 ml 0. 5 % bupivacain solution ) at a cervical dilatation of 2 - 3 cm. compared with computed tomography ( ct ) and magnetic resonance imaging ( mri ), positron emission tomography ( pet ) may have additional value in the assessment of primary and recurrent cervical cancer. however, the degree of tumour uptake of ( 18 ) f - 2 - fluoro - 2 - deoxy - d : - glucose ( fdg ) uptake is sometimes influenced by diabetes mellitus ( dm ). therefore, we conducted this prospective study to compare the diagnostic ability of fdg - pet in patients with cervical cancer complicated by dm and those without dm. in patients with mild vaginal lesions, mild cervical lesions were significantly more frequent than severe cervical lesions. in patients with "" active "" vaginal lesions the rate of "" active "" cervical lesions was significantly higher than "" non active "" cervical lesions. the differences in rates of mild cervical lesions and severe cervical lesions among patients with high - grade vain and low - grade vain ( with and without koilocytosis ) were not significant.","Maybe

Justification: The study shows that the median induction to abortion interval was slightly shorter in the paracervical anaesthesia group, but the difference was not statistically significant. However, the requirement of butylsc",0.7368
fixed_bm25,fixed,bm25,mistral,Does insulin resistance drive the association between hyperglycemia and cardiovascular risk?,yes,maybe,0,1,generation_failure,"several studies have shown associations between hyperglycemia and risk of cardiovascular disease ( cvd ) and mortality, yet glucose - lowering treatment does little to mitigate this risk. we examined whether associations between hyperglycemia and cvd risk were explained by underlying insulin resistance. both fasting and 2 - hour plasma glucose levels were associated with higher framingham risk score ( fasting glucose : r ( 2 ) = 0. 21 ; 2 - hour glucose : r ( 2 ) = 0. 24 ; p < 0. 001 for both ), and insulin sensitivity with lower framingham risk score ( r ( 2 ) = 0. 36 ; p < 0. 001 ). however, adjustment for insulin sensitivity and 2 - hour glucose made the effect of fasting glucose non - significant ( p = 0. 060 ). likewise, when adjusting for insulin sensitivity and fasting glucose, the association between 2 - hour glucose and framingham risk score disappeared ( p = 0. 143 ). in contrast, insulin sensitivity was still associated with framingham risk score after adjusting for glucose levels ( p < 0. 001 ). body fat was not associated with framingham risk score when taking insulin sensitivity into account ( p = 0. 550 ). the mean pulsatility index, resistance index, body mass index, waist circumference, systolic and diastolic blood pressure, homeostasis model assessment for insulin resistance, plasma fasting glucose, insulin, c - peptide, triglycerides, low - density lipoprotein cholesterol, and high - sensitivity c - reactive protein were statistically higher in obese subjects than in healthy controls. elevated resting heart rate ( rhr ) is a neglected marker in cardiovascular risk factor studies of sub - saharan african populations. this study aimed to determine the prevalence of elevated rhr and other risk factors for cardiovascular disease ( cvd ) and to investigate any associations between rhr and these risk factors in a rural population in ghana. in 60 middle - aged individuals without diabetes we studied the associations of fasting plasma glucose, 2 - hour post oral glucose tolerance test plasma glucose, insulin sensitivity as well as body fat percentage with cvd risk. insulin sensitivity was measured as the glucose infusion rate during a euglycemic hyperinsulinemic clamp, body fat percentage was measured by dual x - ray absorptiometry, and cvd risk was estimated using the framingham risk score. associations of fasting plasma glucose, 2 - hour plasma glucose, insulin sensitivity and body fat percentage with the framingham risk score were assessed in linear regression models.","Maybe

Justification: The provided context shows that adjusting for insulin sensitivity and glucose levels affects the significance of the association between hyperglycemia and cardiovascular risk, suggesting that insulin resistance may contribute to this association",0.5238
fixed_bm25,fixed,bm25,mistral,Are there risk factors that increase the rate of staple line leakage in patients undergoing primary sleeve gastrectomy for morbid obesity?,yes,yes,1,1,success,"since 2005, data from obese patients that undergo bariatric procedures in germany are prospectively registered in an online database and analyzed at the institute of quality assurance in surgical medicine. for the current analysis, all patients that had undergone primary sleeve gastrectomy for morbid obesity within a 7 - year period were considered. laparoscopic sleeve gastrectomy ( lsg ) is currently being performed with increasing frequency worldwide. it offers an excellent weight loss and resolution of comorbidities in the short term with a very low incidence of complications. however, the ever present risk of a staple line leak is still a major concern. using the gbsr, data from 5. 400 lsgs were considered for analysis. staple line leak rate decreased during the study period from 6. 5 to 1. 4 %. male gender, higher bmi, concomitant sleep apnea, conversion to laparotomy, longer operation time, use of both buttresses and oversewing, and the occurrence of intraoperative complications were associated with a significantly higher leakage rate. on multivariate analysis, operation time and year of procedure only had a significant impact on staple line leak rate. adoption of standardized care practices, including bundles and checklists, was associated with a significant reduction of the clabsi rate to zero for > 370 consecutive days in our nicu in 2012. overall, our clabsi rates decreased from 4. 1 per 1000 line days in 2009 ( 13 infections ; 3163 line days ) to 0. 94 in 2013 ( 2 infections ; 2115 line days ), which represents a 77 % reduction over a 5 - year period. in the first quarter of 2013, there was a brief increase in clabsi rate to 3. 3 per 1000 line days ; after a series of interventions, the clabsi rate was maintained at zero for > 600 days. ongoing training, surveillance, and vigilance with catheter insertion and maintenance practices and improved documentation were identified as key drivers for success. up to 30 % of patients who have undergone laparoscopic sleeve gastrectomy require revision surgery for inadequate weight loss, weight regain, and / or the development of severe upper gastrointestinal symptoms. the aim of this retrospective study was to evaluate the safety and efficacy of laparoscopic fundectomy ( lf ) in cases of a residual fundus / neofundus development regarding gerd symptoms.","Yes

Justification: The provided context mentions that male gender, higher BMI, concomitant sleep apnea, conversion to laparotomy, longer operation time, use of both buttresses and oversewing, and the",0.7619
fixed_bm25,fixed,bm25,mistral,Chronic functional somatic symptoms: a single syndrome?,no,maybe,0,1,generation_failure,"in the 10 years before the diagnosis of chronic functional somatic symptoms, significantly more patients than controls presented functional somatic symptoms in at least two body systems, and used more somatic and psychotropic drugs. they visited the gp twice as much, statistically had significantly more psychiatric morbidity, and were referred more often to mental health workers and somatic specialists. the number of patients undergoing diagnostic tests was higher for patients with chronic functional somatic symptoms than for controls, but hospital admissions rates were equal. to identify distinctive features in patients with chronic functional somatic symptoms, and to determine whether these symptoms support the hypothesis of the existence of specific somatic syndromes. reliable longitudinal data of patients with functional somatic symptoms in general practice are lacking. one hundred and eighty - two patients diagnosed between 1998 and 2002 as having chronic functional somatic symptoms and 182 controls matched by age, sex, socioeconomic status, and practice were included. data on comorbidity, referrals, diagnostic tests, and hospital admissions over a period of 10 years prior to the diagnosis were collected. medication use and number of visits to the general practitioner ( gp ) were extracted from the moment computerised registration was started. gender - stratified multiple regression analyses revealed that baseline ces - d scores were the best predictors of subsequent depressive symptoms for men and women. baseline scores on the scl - 90 - r somatization subscale significantly predicted subsequent self - reported symptoms of depressed mood 5 years later, but only in women. however, somatic complaints were a somewhat less powerful predictor than income and age.","Maybe

Justification: The context suggests that chronic functional somatic symptoms may present in multiple body systems and are associated with increased psychiatric morbidity, medication use, and visits to healthcare providers. However, it does not definitively state that",0.5000
fixed_bm25,fixed,bm25,mistral,"Actinobaculum schaalii, a cause of urinary tract infections in children?",maybe,yes,0,1,generation_failure,"in 5 of the 29 screened urines, a. schaalii was found only by real - time pcr in quantities equivalent to ≥ 10 ( 4 ) - 10 ( 5 ) cfu / ml. in addition, a. schaalii was found in quantities equivalent to ≥ 10 ( 6 ) cfu / ml by both culture and pcr in two children with a urinary tract infection and large numbers of leucocytes in the urine. urothelial carcinoma of the bladder had a significantly higher frequency of her2 immunoreactivity than that of the upper urinary tract ( 60. 7 vs. 20. 7 %, p < 0. 0001 ). overall, nodal status was a strong and independent prognostic indicator for clinical outcome. the her2 immunoreactivity was significantly associated with pfs ( p = 0. 02 ) and disease - specific os ( p = 0. 005 ) in advanced urothelial carcinoma patients. as for patients with adjuvant m - vec, her2 immunoreactivity was a significant prognostic factor for pfs ( p = 0. 03 ) and disease - specific os ( p = 0. 02 ) using univariate analysis, but not multivariate analysis, and not for patients receiving watchful waiting. adoption of standardized care practices, including bundles and checklists, was associated with a significant reduction of the clabsi rate to zero for > 370 consecutive days in our nicu in 2012. overall, our clabsi rates decreased from 4. 1 per 1000 line days in 2009 ( 13 infections ; 3163 line days ) to 0. 94 in 2013 ( 2 infections ; 2115 line days ), which represents a 77 % reduction over a 5 - year period. in the first quarter of 2013, there was a brief increase in clabsi rate to 3. 3 per 1000 line days ; after a series of interventions, the clabsi rate was maintained at zero for > 600 days. ongoing training, surveillance, and vigilance with catheter insertion and maintenance practices and improved documentation were identified as key drivers for success. no significant difference was seen in the prevalence of serovars isolated following a repeat infection compared with those without repeat infections. the site of the initial infection did not appear to influence the subsequent serovar isolated. infantile hypertrophic pyloric stenosis ( ihps ) is a common condition which presents in infants at 2 - 12 weeks of postnatal life, and whose cause remains obscure. multiple associated abnormalities have been recognized within the external hypertrophied pyloric muscle layer, but the internal component of the pyloric mucosa has received scant attention in the literature to date. our purpose in this study was to show that pyloric mucosal redundancy is a constant finding in infants with ihps, to discuss its possible cause, and to explore the hypothesis of a relationship between pyloric mucosal redundancy and the development of ihps.","Yes

Justification: The context states that Actinobaculum schaalii was found in quantities equivalent to ≥ 10 ( 6 ) cfu / ml by both culture and PCR in two children with a urinary",0.7368
fixed_bm25,fixed,bm25,mistral,Prevalence of chronic conditions among Medicare Part A beneficiaries in 2008 and 2010: are Medicare beneficiaries getting sicker?,yes,yes,1,1,success,"medicare beneficiaries who have chronic conditions are responsible for a disproportionate share of medicare fee - for - service expenditures. the objective of this study was to analyze the change in the health of medicare beneficiaries enrolled in part a ( hospital insurance ) between 2008 and 2010 by comparing the prevalence of 11 chronic conditions. medicare part a beneficiaries had more chronic conditions on average in 2010 than in 2008. the percentage increase in the average number of chronic conditions was larger for dual - eligible beneficiaries ( 2. 8 % ) than for nondual - eligible beneficiaries ( 1. 2 % ). the prevalence of some chronic conditions, such as congestive heart failure, ischemic heart disease, and stroke / transient ischemic attack, decreased. the deterioration of average health was due to other chronic conditions : chronic kidney disease, depression, diabetes, osteoporosis, rheumatoid arthritis / osteoarthritis. trends in alzheimer ' s disease, cancer, and chronic obstructive pulmonary disease showed differences by sex or dual eligibility or both. we conducted descriptive analyses using the 2008 and 2010 chronic conditions public use files, which are newly available from the centers for medicare and medicaid services and have administrative ( claims ) data on 100 % of the medicare fee - for - service population. we examined the data by age, sex, and dual eligibility ( eligibility for both medicare and medicaid ). surveyed medicare beneficiaries in 5 areas ; clustered unvaccinated seniors by their immunization related knowledge and attitudes. high managed care penetration in the community is associated with a lower likelihood of having a usual source of care for uninsured persons ( 54. 8 % vs. 62. 2 % in low penetration areas ) as well as a lower likelihood of having a usual physician ( 60 % vs. 72. 8 % ). managed care has only marginal effects on the likelihood of having a usual source of care for privately insured and medicaid beneficiaries. having a usual physician substantially reduces unmet medical needs for the insured but less so for the uninsured.","Yes

Justification: The prevalence of chronic conditions among Medicare Part A beneficiaries increased from 2008 to 2010, as stated in the context ([2]).",0.6250
fixed_bm25,fixed,bm25,mistral,Does successful completion of the Perinatal Education Programme result in improved obstetric practice?,no,maybe,0,1,generation_failure,"to determine whether successful completion of the perinatal education programme ( pep ) improves obstetric practice. the three midwife obstetric units ( mous ) in a health district of mpumalanga were included in the study. two mous enrolled in the pep and the third did not. a ' before - and - after ' study design was used to assess any changes in practice, and to monitor whether any changes occurred in the district during the time of the study ; data were also collected at the third mou. data were collected by scoring of the obstetric files after the patient had delivered. eight of the 13 midwives at the two mous completed the pep and all demonstrated an improvement in knowledge. case notes of 303 patients from the various clinics were studied. there was no change in the referral patterns of any of the clinics during the study period. the obstetric history was well documented, but in no group was there a satisfactory response to a detected problem ; appropriate action was taken in between 0 % and 12 % of cases. syphilis testing was performed in 56 - 82 % of cases, with no difference between the groups. the haemoglobin level was measured in only 4 - 15 % of patients, with no difference before or after completion of the pep. where a problem in uterine growth was detected, an appropriate response occurred in 0 - 8 % of patients and no difference before or after completion of the pep was ascertained. in all groups, estimation of fetal weight and pelvimetry were seldom performed, the urine and fetal heart rate documentation were moderately well done and the blood pressure monitoring, assessment of head above pelvis, monitoring of contractions and plotting of cervical dilatation were usually performed. no differences before or after the pep were detected. where problems were detected, appropriate actions taken during labour improved, but not , with no difference before or after completion of the pep. where a problem in uterine growth was detected, an appropriate response occurred in 0 - 8 % of patients and no difference before or after completion of the pep was ascertained. in all groups, estimation of fetal weight and pelvimetry were seldom performed, the urine and fetal heart rate documentation were moderately well done and the blood pressure monitoring, assessment of head above pelvis, monitoring of contractions and plotting of cervical dilatation were usually performed. no differences before or after the pep were detected. where problems were detected, appropriate actions taken during labour improved, but not significantly. one of the problems with manual resuscitators is the difficulty in achieving accurate volume delivery. the volume delivered to the patient varies by the physical characteristics of the person and method. this study was designed to compare tidal volumes delivered by the squeezing method, physical characteristics and education and practice levels.","Maybe

Justification: The study shows an improvement in knowledge among the midwives who completed the Perinatal Education Programme (PEP), but there is no clear evidence that this led to a significant improvement in obstetric practice as measured",0.6087
fixed_bm25,fixed,bm25,mistral,Do patients with localized prostate cancer treatment really want more aggressive treatment?,no,maybe,0,1,generation_failure,"examine whether patients with prostate cancer choose the more aggressive of two radiotherapeutic options, whether this choice is reasoned, and what the determinants of the choice are. to examine the ability of various postoperative nomograms to predict prostate cancer - specific mortality ( pcsm ) and to validate that they could predict aggressive biochemical recurrence ( bcr ). prostate - specific antigen ( psa ), grade, and stage are the classic triad used to predict bcr after radical prostatectomy ( rp ). multiple nomograms use these to predict risk of bcr. a previous study showed that several nomograms could predict aggressive bcr ( prostate - specific antigen doubling time [ psadt ] < 9 months ) more accurately than bcr. however, it remains unknown if they can predict more definitive endpoints, such as pcsm. one hundred fifty patients with primary prostate cancer ( t ( 1 - 3 ) n ( 0 ) m ( 0 ) ) were informed by means of a decision aid of two treatment options : radiotherapy with 70 gy versus 74 gy. the latter treatment is associated with more cure and more toxicity. the patients were asked whether they wanted to choose, and if so which treatment they preferred. they also assigned importance weights to the probability of various outcomes, such as survival, cure and adverse effects. patients who wanted to choose their own treatment ( n = 119 ) are described here. we performed cox analyses to examine the ability of 4 postoperative nomograms, the duke prostate center ( dpc ) nomogram, the kattan postoperative nomogram, the johns hopkins hospital ( jhh ) nomogram, and the joint center for prostate disease research ( cpdr ) / cancer of the prostate strategic urologic research endeavor ( capsure ) nomogram to predict bcr and pcsm among 1778 men in the shared equal access regional cancer hospital ( search ) database who underwent rp between 1990 and 2009. we also compared their ability to predict bcr and aggressive bcr in a subset of men. we calculated the c - index for each nomogram to determine its predictive accuracy for estimating actual outcomes. treatment delays in breast cancer are generally thought to affect prognosis but the impact on survival remains unclear. indicators for breast cancer care include time to primary treatment. the purpose of this study was to evaluate whether time to primary treatment ( tpt ) in breast cancer impacts survival.","Maybe

Justification: The context describes a study where patients with primary prostate cancer were informed of two treatment options, one more aggressive than the other, and were asked whether they wanted to choose and if so, which treatment they preferred ([",0.7857
fixed_bm25,fixed,bm25,mistral,Does music influence stress in mechanically ventilated patients?,no,yes,0,1,generation_failure,"mechanically ventilated patients experience profound stress. interventions are needed to ameliorate stress that does not cause adverse effects. the purpose of this study was to explore the influence of music on stress in a sample of patients over the duration of ventilatory support. research methodology / randomised controlled trial ; randomised patients ( 56. 8 + 16. 9 years, 61 % male, apache iii 57. 2 + 18. 3 ) receiving ventilatory support to : ( 1 ) patient - directed music ( pdm ) where patients self - initiated music listening whenever desired from a preferred collection, ( 2 ) headphones only to block icu noise, or ( 3 ) usual icu care. twenty - four hour urinary cortisol samples were collected from a sub - set of subjects with intact renal function and not receiving medications known to influence cortisol levels ( n = 65 ). effective musical communication requires conveyance of the intended message in a manner perceptible to the receiver. communication disorders that impair transmitting or decoding of structural features of music ( e. g., pitch, timbre ) and / or symbolic representation may result in atypical musical communication, which can have a negative impact on music therapy interventions. in the period ranging from 1997 to 2003, 62 patients with ea underwent preoperative tbs. the procedure was carried out with flexible bronchoscope maintaining spontaneous breathing. when a wide carinal fistula was found, this was mechanically occluded by fogarty catheter and cannulated with rigid bronchoscopy. type of ea, surgical procedure variations caused by tbs, and associated anomalies not easily detectable were recorded. ovarian sections in the saline group revealed higher scores for follicular degeneration and edema ( p < 0. 0001 ) when compared with the sham group. administration of different doses of edaravone in rats significantly prevented degenerative changes in the ovary ( p < 0. 0001 ). caspase - 3 expression was only detected in the ovarian surface epithelium in all groups, and there was a significant difference between the treatment groups and the saline group ( p < 0. 0001 ). treatment of rats with edaravone reduced caspase - 3 expression in a dose - dependent manner. moreover, biochemical measurements of oxidative stress markers ( mda, gsh and tac ) revealed that prophylactic edaravone treatment attenuated oxidative stress induced by i / r injury.","Yes

Justification: The purpose of the study was to explore the influence of music on stress in mechanically ventilated patients ([1]). The study design was a randomized controlled trial where patients were randomized to patient-directed",0.7895
fixed_bm25,fixed,bm25,mistral,Does reducing spasticity translate into functional benefit?,yes,yes,1,1,success,"spasticity and loss of function in an affected arm are common after stroke. although botulinum toxin is used to reduce spasticity, its functional benefits are less easily demonstrated. this paper reports an exploratory meta - analysis to investigate the relationship between reduced arm spasticity and improved arm function. individual data from stroke patients in two randomised controlled trials of intra - muscular botulinum toxin were pooled. the modified ashworth scale ( elbow, wrist, fingers ) was used to calculate a "" composite spasticity index "". data from the arm section of the barthel activities of daily living index ( dressing, grooming, and feeding ) and three subjective measures ( putting arm through sleeve, cleaning palm, cutting fingernails ) were summed to give a "" composite functional index "". change scores and the time of maximum change were also calculated. maximum changes in both composite measures occurred concurrently in 47 patients. in 26 patients the improvement in spasticity preceded the improvement in function with 18 showing the reverse. there was a definite relationship between the maximum change in spasticity and the maximum change in arm function, independent of treatment ( rho = - 0. 2822, p = 0. 0008, n = 137 ). there was a clear relationship between the changes in spasticity and in arm function in patients treated with botulinum toxin ( dysport ) at 500 or 1000 units ( rho = - 0. 5679, p = 0. 0090, n = 22 ; rho = - 0. 4430, p = 0. 0018, n = 47 ), but not in those treated with placebo or 1500 units. to evaluate surgical outcome and survival benefit after quaternary cytoreduction ( qc ) in epithelial ovarian cancer ( eoc ) relapse. immediate breast reconstruction ( ibr ) provides psychological benefit to many early breast cancer patients however concerns persist regarding its potential impact on chemotherapy delivery. we investigated the association between ibr, complications and adjuvant chemotherapy delivery.","Yes

Justification: The study reports a definite relationship between the maximum change in spasticity and the maximum change in arm function (rho = - 0.2822, p = 0.0008,",0.8235
fixed_bm25,fixed,bm25,mistral,Is the holmium:YAG laser the best intracorporeal lithotripter for the ureter?,yes,maybe,0,1,generation_failure,"to study the efficiency and safety of holmium : yag laser lithotripsy for ureteral stones. a series of 188 patients with 208 ureteral stones were treated with semirigid ureteroscopy and holmium : yag laser lithotripsy from january 2003 to december 2005. of the stones, 116 were lower ureteral, 37 middle ureteral, and 55 upper ureteral. nd : yag laser - induced thermo therapy ( litt ) of rat brains is associated with blood - brain barrier ( bbb ) permeability changes. we address the question of whether litt - induced locoregional disruption of the bbb could possibly allow a locoregional passage of chemotherapeutic agents into brain tissue to treat malignant glioma. study design / the aim of this study was to assess the reproducibility of different measurement methods and define the most workable technique for measuring head and neck paragangliomas, to determine the best method for evaluating tumour growth. the evaluation of tumour growth is vital for a ' wait - and - scan ' policy, a management strategy that became increasingly important. among the 306 ureteroscopies studied, 286 performed in 256 patients were analyzed. median age was 50 years ( 16 - 83 ), 59 % of patients were male, and elective ureteroscopy was performed in 183 patients ( 64 % ). group 1 : 191 ureteroscopies, group 2 : 95 ureteroscopies. stone location : 149 in distal ureter, 60 in middle ureter, and 35 in proximal ureter. sixty - nine percent of stones had sizes ranging from 5 and 10 mm. the overall success rate was 86. 5 %. there were 5 peroperative and 22 postoperative complications, with no statistically significant differences between the groups.","Maybe

Justification: The provided context does not directly compare the holmium:YAG laser with other intracorporeal lithotripters for the ureter, so it is not definitively stated that it is the",0.2353
fixed_bm25,fixed,bm25,mistral,Metered-dose inhalers. Do health care providers know what to teach?,no,maybe,0,1,generation_failure,"the specific aim of this investigation was to evaluate the proficiency of health care providers and patients in the proper use of metered - dose inhalers. health care providers, which include house staff, nurses, and respiratory care practitioners who provide care to patients with asthma in the primary general medicine clinic or the pulmonary medicine clinic of a university - county hospital in which patients were referred, were surveyed and assigned a performance score regarding the knowledge base of the appropriate use of metered - dose inhalers. patients who attended the primary care general medicine and pulmonary subspecialty clinic were also assessed as to their proficiency in the use of metered - dose inhalers. a significant percentage of patients had a poor understanding of the technique used with the metered - dose inhaler. house staff and nursing staff were also less proficient in the proper use of the metered - dose inhaler. the respiratory care practitioners were the most knowledgeable of the health care providers. there is increasing pressure on mental health providers to reduce the duration of treatments, while retaining level of quality and effectiveness. the risk is that the population is underserved and therefore needs new treatment episodes. the primary aim of this study was to investigate whether duration of treatment and return into mental health care were related. governments are urged to determine methods to control the use of medical resources and curb the rise of healthcare costs. the question is, do health behaviors have an impact on the use of medical resources? this study aims to identify and understand the difference in the number of outpatient visits and health examinations based on various health behaviors and to determine whether patients seek medical care for illness from the same physicians.","Maybe

Justification: The text indicates that while some health care providers (respiratory care practitioners) were knowledgeable about the proper use of metered-dose inhalers, others (house staff and nursing staff) were less",0.6957
fixed_bm25,fixed,bm25,mistral,Does the bracket-ligature combination affect the amount of orthodontic space closure over three months?,no,maybe,0,1,generation_failure,"to investigate the effect of bracket - ligature combination on the amount of orthodontic space closure over three months. a one - way anova was undertaken [ dependent variable : mean space closure ( mm ) ; independent variable : group allocation ]. the amount of space closure was very similar between the three groups ( 1 mm per 28 days ) ; however, there was a wide variation in the rate of space closure between individuals. the differences in the amount of space closure over three months between the three groups was very small and non - significant ( p = 0 · 718 ). informed consent was obtained and participants were randomly allocated into one of three groups : ( 1 ) conventional pre - adjusted edgewise brackets and elastomeric ligatures ; ( 2 ) conventional pre - adjusted edgewise brackets and super slick ( ® ) low friction elastomeric ligatures ; ( 3 ) damon 3mx ( ® ) passive self - ligating brackets. space closure was undertaken on 0 · 019×0 · 025 - inch stainless steel archwires with nickel - titanium coil springs. participants were recalled at four weekly intervals. upper alginate impressions were taken at each visit ( maximum three ). the primary outcome measure was the mean amount of space closure in a 3 - month period. mechanically ventilated patients experience profound stress. interventions are needed to ameliorate stress that does not cause adverse effects. the purpose of this study was to explore the influence of music on stress in a sample of patients over the duration of ventilatory support. research methodology / the hypothesis was tested that pectin content and methylation degree participate in regulation of cell wall mechanical properties and in this way may affect tissue growth and freezing resistance over the course of plant cold acclimation and de - acclimation.","Maybe

Justification: The differences in the amount of space closure over three months between the three groups were small and non-significant, indicating that the bracket-ligature combination may not have a significant effect on the amount of orth",0.8095
fixed_bm25,fixed,bm25,mistral,Health habits and vaccination status of Lebanese residents: are future doctors applying the rules of prevention?,no,no,1,1,success,"there has never been a nationally representative survey of medical students ' personal health - related practices, although they are inherently of interest and may affect patient - counseling practices. this study evaluated the health practices and the vaccination status of first year residents working at the academic hospital hotel - dieu de france. the regression model for the frequency of doctor visits, health examinations, and whether the same physician is sought for medical care has demonstrated significant correlations with gender, age and education - level variables. four health behaviors ( i. e., exercise habits, dietary habits, regular blood pressure measurement, drinking habits ) exhibited a significant correlation with healthcare utilization ( p < 0. 05 ). the medical files of all medicine and surgery residents in their first year of specialization between the years 2005 and 2008 were reviewed. these residents were required to go through a preventive medical visit at the university center of family and community health. to assess the acceptability to patients of the use of patients ' first names by doctors and doctors ' first names by patients in general practice. fisher test, p - value = 0. 001 ). twenty - eight residents ( 25. 69 % ) were smokers with a male predominance. fourteen residents of both genders ( 12. 84 % ) drank alcohol regularly ( > 3 times a week ) and 71 ( 65. 14 % ) had a drink occasionally ( once a month or less ). only 25 residents ( 23 % ) of the cohort had a complete and up - to - date immunization status. the immunization gap was basically against measles, mumps, rubella ( mmr ) and diphtheria, tetanus, poliomyelitis ( dt polio ). ninety - nine residents ( 90. 83 % ) had full immunization against hepatitis b with an adequate response in 78 residents ( 71. 56 % ).","No

Justification: The provided context shows that only 25 residents had a complete and up-to-date immunization status, indicating that they are not fully applying the rules of prevention.",0.5000
fixed_bm25,fixed,bm25,mistral,Does vaginal intraepithelial neoplasia have the same evolution as cervical intraepithelial neoplasia?,maybe,maybe,1,1,success,"vaginal intraepithelial neoplasia is a little known disease which could be related to risk factors different from simple hpv infections. a retrospective study to identify patients with vaginal lesions and synchronous cervical lesions through biopsy. the rate of mild cervical lesions ( koilocytosis, warts, cin i with and without koilocytosis ) was compared with the rate of severe cervical lesions ( cin ii and iii, cervical carcinoma ) in patients with mild vaginal lesions ( warts and koilocytosis, and low - grade vain ) and in patients with severe vaginal lesions ( high - grade vain ). using koilocytosis as a marker, the rate of "" active "" cervical lesions was compared with the rate of "" non active "" cervical lesions in patients with "" active "" versus "" non active "" vaginal lesions. finally, the rates of mild and severe cervical lesions were compared among each group of vain ( low - grade, high - grade, with or without koilocytosis ). to ascertain wheter vaginal lesions have a natural history similar to cervical lesions. materials & in patients with mild vaginal lesions, mild cervical lesions were significantly more frequent than severe cervical lesions. in patients with "" active "" vaginal lesions the rate of "" active "" cervical lesions was significantly higher than "" non active "" cervical lesions. the differences in rates of mild cervical lesions and severe cervical lesions among patients with high - grade vain and low - grade vain ( with and without koilocytosis ) were not significant. between january 1, 1992, and august 31, 1994, the senior author ( jff ) performed 255 esophageal biopsies. the procedure reports, available endoscopic photographs, and histology reports were reviewed to establish the endoscopic and histologic appearance of the esophageal mucosa. intraepithelial cells were counted in a blind review of 42 randomly selected biopsies.","Maybe

Justification: The study shows that in patients with mild vaginal lesions, mild cervical lesions are significantly more frequent than severe cervical lesions, and in patients with ""active"" vaginal lesions, the",0.8000
fixed_bm25,fixed,bm25,mistral,Should general practitioners call patients by their first names?,yes,maybe,0,1,generation_failure,"most of the patients either liked ( 223 ) or did not mind ( 175 ) being called by their first names. only 77 disliked it, most of whom were aged over 65. most patients ( 324 ) did not, however, want to call the doctor by his or her first name. to assess the acceptability to patients of the use of patients ' first names by doctors and doctors ' first names by patients in general practice. response by patients to questionnaire on attitude to use of first names. 475 patients consulting 30 general practitioners. cardiologists, allergists, and general practitioners ( gps ) from the national healthcare system.","Maybe

Justification: While most patients did not want to call the doctor by his or her first name, a significant number (223) liked being called by their first names, and only a minority (77) disliked",0.7600
fixed_bm25,fixed,bm25,mistral,Transesophageal echocardiographic assessment of left ventricular function in brain-dead patients: are marginally acceptable hearts suitable for transplantation?,yes,yes,1,1,success,"the brain - dead donor supply has become one of the criteria limiting the performance of heart transplantation. conventional screening criteria are too limiting and exclude suitable heart donors. echocardiography is now widely available and is a reliable tool to assess left ventricular dysfunction in brain - dead donors. yet few data are available on the degree of left ventricular dysfunction where a transplantation is possible. fifty - five potential brain - dead heart donors ( age 38 + / - 11 years ) were prospectively evaluated by transesophageal echocardiography ( tee ) before harvesting. fractional area change ( fac ) was used to assess left ventricular function in potential brain - dead donors. transplanted hearts were evaluated on the fifth postoperative day. the transplantation was considered a success if the recipient was alive, not retransplanted, without an assistance device or an epinephrine infusion of more than 1 mg / h and showed an ejection fraction above 40 %. of the 55 potential heart donors, 20 exhibited an fac of less than 50 %. forty hearts were harvested, 36 of which were successfully transplanted. nine patients had an fac below 50 % ( group h2 ) and 27 had an fac over 50 % ( group h1 ). four patients died : 2 from hemorrhage ( fac > 50 % in donors ) ; 1 from right and one from left ventricular dysfunction ( fac < 50 % in donors ). the fac increased significantly from 51 + / - 15 % to 57 + / - 11 % in 18 hearts that underwent tee in donors and afterwards in recipients. overall actuarial survival was 86. 2 % versus 64. 6 % at 1 and 2 years in group h1 and group h2, respectively ( p = ns ). sixty - eight patients fulfilled the revised ascites club criteria for type 1 hrs. none of them was suitable for liver transplantation. all the patients were treated with combinations of : albumin, midodrine and octreotide, pressors, and hemodialysis. the purpose of this study is to evaluate right ventricular ( rv ) volume and function after pulmonary valve replacement ( pvr ) and to address the issue of optimal surgical timing in these patients.","Yes

Justification: In the study, 36 out of 40 hearts harvested from brain-dead donors with an fractional area change (fac) of less than 50% were successfully transplanted, indicating",0.8182
fixed_bm25,fixed,bm25,mistral,Attenuation of ischemia/reperfusion-induced ovarian damage in rats: does edaravone offer protection?,yes,yes,1,1,success,"ovarian sections in the saline group revealed higher scores for follicular degeneration and edema ( p < 0. 0001 ) when compared with the sham group. administration of different doses of edaravone in rats significantly prevented degenerative changes in the ovary ( p < 0. 0001 ). caspase - 3 expression was only detected in the ovarian surface epithelium in all groups, and there was a significant difference between the treatment groups and the saline group ( p < 0. 0001 ). treatment of rats with edaravone reduced caspase - 3 expression in a dose - dependent manner. moreover, biochemical measurements of oxidative stress markers ( mda, gsh and tac ) revealed that prophylactic edaravone treatment attenuated oxidative stress induced by i / r injury. ischemia - reperfusion ( ir ) injury remains a major cause of early morbidity and mortality after lung transplantation with poorly documented extrapulmonary repercussions. to determine the hemodynamic effect due to lung ir injury, we performed a quantitative coronary blood - flow analysis in a swine model of in situ lung ischemia and reperfusion. ##±2. 17 pg ml ( - 1 ) ) increased during ir and peaked at 60 min of reperfusion ( + 228 %, p < 0. 0001 ). significant lvp drop at 5 min of ischemia ( p < 0. 05 ) was followed by a slow return to baseline at 45 min of ischemia. a second lvp drop occurred at reperfusion ( p < 0. 05 ) and persisted. conversely, rvp increased throughout ischemia ( p < 0. 05 ) and returned toward baseline during reperfusion. coronary blood flow and hemodynamic profile remained unchanged in the control group. il - 10 and tnf - a remained below the measurable range for both the groups. in the ir group, total coronary flow ( tcf = lad + cx + rca blood - flow ) decreased precipitously and significantly from baseline ( 113±41 ml min "" 1 ) during ir ( p < 0. 05 ), with the lowest value observed at 60 min of reperfusion ( - 37. 1 %, p < 0. 003 ). baseline ctn ( 0. 08±0. 02 ng ml ( - 1 ) ) increased during ir and peaked at 45 min of reperfusion ( + 138 %, p < 0. 001 ). baseline il - 6 ( 9. 2±2. 17 pg ml ( - 1 ) ) increased during ir and peaked at 60 min of reperfusion ( + 228 %, p < 0. 0001 ). significant lvp drop at 5 min of ischemia ( p < 0. 05 ) was followed by a slow return to baseline at 45 min of ischemia. a second lvp drop occurred at reperfusion ( p < 0. 05 ) and persisted. conversely, rvp increased throughout ischemia ( p < 0. 05 ) and returned toward baseline during reperfusion. coronary blood flow and hemodynamic profile remained twenty - eight female sprague dawley rats were allocated randomly to 4 groups. the sham group ( group 1 ) was only subjected to catheter insertion, not to pneumoperitoneum. group 2 received a 1 mg / kg dose of 0. 9 % sodium chloride by the intraperitoneal route for 10 min before pneumoperitoneum. groups 3 and 4 received 6 and 12 mg / kg edaravone, respectively, by the intraperitoneal route for 10 min before pneumoperitoneum. after 60 min of pneumoperitoneum, the gas was deflated. immediately after the reperfusion period, both ovaries were excised for histological scoring, caspase - 3 immunohistochemistry and biochemical evaluation including glutathione ( gsh ) and malondialdehyde ( mda ) levels. also, total antioxidant capacity ( tac ) was measured in plasma samples to evaluate the antioxidant effect of edaravone.","Yes

Justification: The provided context states that administration of different doses of edaravone in rats significantly prevented degenerative changes in the ovary (p < 0.0001) and reduced caspase -",0.7500
fixed_bm25,fixed,bm25,mistral,Does the National Institutes of Health Stroke Scale favor left hemisphere strokes?,yes,no,0,1,generation_failure,"the volume for right hemisphere stroke was statistically greater than the volume for left hemisphere strokes, adjusting for the baseline nihss ( p < 0. 001 ). for each 5 - point category of the nihss score < 20, the median volume of right hemisphere strokes was approximately double the median volume of left hemisphere strokes. for example, for patients with a left hemisphere stroke and a 24 - hour nihss score of 16 to 20, the median volume of cerebral infarction was 48 ml ( interquartile range 14 to 111 ml ) as compared with 133 ml ( interquartile range 81 to 208 ml ) for patients with a right hemisphere stroke ( p < 0. 001 ). the median volume of a right hemisphere stroke was roughly equal to the median volume of a left hemisphere stroke in the next highest 5 - point category of the nihss. the spearman rank correlation between the 24 - hour nihss score and 3 - month lesion volume was 0. 72 for patients with left hemisphere stroke and 0. 71 for patients with right hemisphere stroke. the national institutes of health stroke scale ( nihss ) is a valid, reproducible scale that measures neurological deficit. of 42 possible points, 7 points are directly related to measurement of language compared with only 2 points related to neglect. we examined the placebo arm of the ninds t - pa stroke trial to test the hypothesis that the total volume of cerebral infarction in patients with right hemisphere strokes would be greater than the volume of cerebral infarction in patients with left hemisphere strokes who have similar nihss scores. the volume of stroke was determined by computerized image analysis of ct films and ct images stored on computer tape and optical disks. cube - root transformation of lesion volume was performed for each ct. transformed lesion volume was analyzed in a logistic regression model to predict volume of stroke by nihss score for each hemisphere. spearman rank correlation was used to determine the relation between the nihss score and lesion volume. the study aim was to examine the scaling of weight, wc, and hc to height in nhanes ( national health and nutrition examination survey ) iii participants. seven individuals who have undergone left cerebral hemispherectomy to control intractable seizures associated with perinatal infarct have been recruited for this study. we examined if components of phonological processing that are shown to reliably separate average readers from struggling readers, i. e., phonological awareness, verbal memory, speed of retrieval, and size of vocabulary, show the same relationship to reading levels when they are mediated by the right hemisphere [ 2 ].","No, the provided context shows that the volume for right hemisphere stroke is statistically greater than the volume for left hemisphere strokes, adjusting for the baseline nihss score.",0.7647
fixed_bm25,fixed,bm25,mistral,Can a Novel Surgical Approach to the Temporomandibular Joint Improve Access and Reduce Complications?,yes,maybe,0,1,generation_failure,"this clinical study investigated whether the vascular - guided multilayer preauricular approach ( vmpa ) to the temporomandibular joint ( tmj ) could improve access and decrease complications. despite surgical refinements, perioperative use of tracheobronchoscopy ( tbs ) as part of surgical approach to esophageal atresia ( ea ) is still controversial. the purpose of this study was to evaluate the influence of preoperative tbs in newborns with ea in preventing complications and improving diagnosis and surgical treatment. before tbs, the gross classification of the 62 patients was as follows : type a, 9 patients ; type b, none ; type c, 51 patients. at tbs, however, 3 of 9 type a patients had an unsuspected proximal fistula ( type b ). these 3 patients, plus the 2 with h - type fistula, were repaired through a cervical approach. in 4 patients, previously undetected malformations of the respiratory tree ( 2 aberrant right upper bronchus and 2 hypoplastic bronchi ) were found at tbs. carinal fistulas in 14 type c patients were occluded by fogarty catheter to improve ventilation during repair. no complications were observed. overall, tbs was clinically useful in 28 ( 45. 2 % ) of 62 patients, including 15 ( 24. 2 % ) of 62 infants in whom it was crucial in modifying the surgical approach. identifying high - risk patients and procedures can help ensure that appropriate measures are taken to minimize neurological complications during spinal deformity corrections. subjectively, surgeons look at radiographs and evaluate the riskiness of the procedure. however, 2 curves of similar magnitude and location can have significantly different risks of neurological deficit during surgery. whether the curve spans many levels or just a few can significantly influence surgical strategies. lenke et al have proposed the dar, which is a measure of curve magnitude per level of deformity. by requiring or encouraging enrollees to obtain a usual source of care, managed care programs hope to improve access to care without incurring higher costs.","Maybe

Justification: The context discusses a clinical study investigating the vascular - guided multilayer preauricular approach ( vmpa ) to the temporomandibular joint ( tmj ), but it does not provide specific",0.5789
fixed_bm25,fixed,bm25,mistral,"Young-Burgess classification of pelvic ring fractures: does it predict mortality, transfusion requirements, and non-orthopaedic injuries?",maybe,maybe,1,1,success,"the objectives of this study were to evaluate the ability of the young - burgess classification system to predict mortality, transfusion requirements, and nonorthopaedic injuries in patients with pelvic ring fractures and to determine whether mortality rates after pelvic fractures have changed over time. mortality at index admission, transfusion requirement during first 24 hours, and presence of nonorthopaedic injuries as a function of young - burgess pelvic classification type. mortality compared with historic controls. despite a relatively large sample size, the ability of the young - burgess system to predict mortality only approached statistical significance ( p = 0. 07, kruskal - wallis ). the young - burgess system differentiated transfusion requirements - - lateral compression type 3 ( lc3 ) and anteroposterior compression types 2 ( apc2 ) and 3 ( apc3 ) fractures had higher transfusion requirements than did lateral compression type 1 ( lc1 ), anteroposterior compression type 1 ( apc1 ), and vertical shear ( vs ) ( p < 0. 05 ) - - but was not as useful at predicting head, chest, or abdomen injuries. dividing fractures into stable and unstable types allowed the system to predict mortality rates, abdomen injury rates, and transfusion requirements. overall mortality in the study group was 9. 1 %, unchanged from original young - burgess studies 15 years previously ( p = 0. 3 ). sternal fractures in childhood are rare. the aim of the study was to investigate the accident mechanism, the detection of radiological and sonographical criteria and consideration of associated injuries. the precise correction of refractive error is especially important in young adults. it is unclear whether cycloplegic refraction is necessary in this age group. the purpose of this study was to compare the non - cycloplegic and cycloplegic spherical equivalent ( se ) refractive error measured in young adults.","Maybe

Justification: The Young-Burgess classification system can predict mortality, transfusion requirements, and non-orthopaedic injuries, but only approached statistical significance for mortality (p = 0.07",0.8095
fixed_bm25,fixed,bm25,mistral,Is vitamin D deficiency a feature of pediatric celiac disease?,no,yes,0,1,generation_failure,"celiac disease ( cd ) is an autoimmune enteropathy characterized by villus atrophy and malabsorption of essential nutrients. vitamin d deficiency has been described in autoimmune diseases, but its status in prepubertal children with cd has not been adequately studied. a retrospective study of prepubertal children aged 3 - 12 years with cd ( n = 24 ) who were compared to prepubertal, non - cd children of the same age ( n = 50 ). children were included in the study if they had a diagnosis of cd by intestinal biopsy, and were not on a gluten - free diet ( gfd ). patients were excluded if they had diseases of calcium or vitamin d metabolism, or were receiving calcium or vitamin d supplementation or had other autoimmune diseases. all subjects had their serum 25 - hydroxyvitamin d [ 25 ( oh ) d ] level measured. to determine the vitamin d status of prepubertal children with cd. celiac disease ( cd ) is believed to be a permanent intolerance to gluten. a number of patients, however, discontinue the gluten - free diet ( gfd ) without developing symptoms or signs. the aim of our study was to investigate whether cd patients are capable of developing tolerance to gluten. apparent life - threatening events in infants are a difficult and frequent problem in pediatric practice. the prognosis is uncertain because of risk of sudden infant death syndrome.","Yes

Justification: The study in the context compares the vitamin D levels in children with celiac disease to those without, and finds that children with celiac disease have lower levels of 25-hydroxyvitamin",0.5294
fixed_bm25,fixed,bm25,mistral,Is unsafe sexual behaviour increasing among HIV-infected individuals?,no,no,1,1,success,"to evaluate whether reported unsafe sexual behaviour among hiv - infected individuals is changing over time. at least one sexual behaviour questionnaire was obtained for 6545 hiv - infected individuals and the median number of questionnaires completed per individual was five. there was no evidence of an increase in reported unsafe sex over time in this population [ odds ratio ( or ), 1. 0 ; 95 % confidence interval ( ci ), 0. 96 - 1. 05 ]. females ( or, 1. 38 ; 95 % ci, 1. 19 - 1. 60 ), 15 - 30 year olds ( or, 1. 26 ; 95 % ci, 1. 09 - 1. 47 ), those with hiv - positive partners ( or, 12. 58 ; 95 % ci, 10. 84 - 14. 07 ) and those with occasional partners ( or, 3. 25 ; 95 % ci, 2. 87 - 3. 67 ) were more likely to report unsafe sex. there was no evidence of a response bias over time, but individuals were less willing to leave questions about their sexual behaviour unanswered or ambiguous ( or, 0. 93 ; 95 % ci, 0. 90 - 0. 97 ). voluntary asphyxiation among children, preteens, and adolescents by hanging or other means of inducing hypoxia / anoxia to enhance sexual excitement is not uncommon and can lead to unintended death. this study addresses autoerotic asphyxiation ( aea ) with the intent of increasing pediatricians ' knowledge of the syndrome and awareness of its typical onset among young patients. aea is characteristically a clandestine and elusive practice. provided with relevant information, pediatricians can identify the syndrome, demonstrate a willingness to discuss concerns about it, ameliorate distress, and possibly prevent a tragedy. participants in the swiss hiv cohort study were asked about their sexual practices every 6 months for 3 years during regular follow - up of the cohort beginning on 1 april 2000. for women, the correlation between circulating androgens and sexual desire is inconclusive. substitution with androgens at physiological levels improves sexual function in women who experience decreased sexual desire and androgen deficiency from surgical menopause, pituitary disease, and age - related decline in androgen production in the ovaries. measuring bioactive testosterone is difficult and new methods have been proposed, including measuring the primary androgen metabolite androsterone glucuronide ( adt - g ). aim : the aim of this study was to investigate a possible correlation between serum levels of androgens and sexual desire in women and whether the level of adt - g is better correlated than the level of circulating androgens with sexual desire.","No

Justification: The study provides no evidence of an increase in reported unsafe sex over time in the population of HIV-infected individuals (OR, 1.0; 95% CI, 0.96",0.9000
fixed_bm25,fixed,bm25,mistral,Cholestasis associated with small bowel atresia: do we always need to investigate?,no,maybe,0,1,generation_failure,"cholestasis occurs frequently in patients with small bowel atresia ( sba ) and is often attributed to prolonged parental nutrition. when severe or prolonged, patients may undergo unnecessary intensive or invasive investigation. we characterized cholestasis and analyzed the pertinence of investigating this patient population. fifty - five patients ( 29 male, 26 female ), with a median gestational age and birth weight of 36 weeks and 2025 g, respectively, were reviewed. care was withdrawn for 2 patients before repair. for the remaining 53 patients, sba were duodenal atresia in 18, jejunoileal atresia in 32, and multiple atresia in 3. of 53, 24 ( 45 % ) patients developed cholestasis postoperatively ( direct / total bilirubin > 20 % ). all patients with short bowel ( 4 ) and 60 % ( 6 / 10 ) of patients with a delay of enteral feeding more than 14 days postoperatively had cholestasis. ten patients ( 36 % ) proceeded with in - depth evaluations for cholestasis, with 8 ( 28 % ) undergoing liver biopsy. no patient had biliary atresia. no deaths were related to isolated cholestasis / cirrhosis. cholestasis resolved spontaneously in all the survivors. all 77 adult patients from our hospital known to have biopsy - proven cd for more than 10 years were invited to participate. we investigated symptoms, gluten consumption, antibodies for cd and other autoimmunity, human leukocyte antigen ( hla ) - typing, bone mineral density, and performed small bowel biopsies. tolerance was defined as no immunological or histological signs of cd while consuming gluten. the aim of this study was to investigate the need for enbd on the clinical outcomes of patients with acute cholangitis undergoing endoscopic clearance of common bile duct ( cbd ) stones. with research ethics board approval, patients with sba between 1996 and 2005 were retrospectively reviewed. demographics, location of atresia, operative findings, complications, investigations, resumption of feeding, duration of prolonged parental nutrition, and follow - up information were examined. cholestasis was evaluated for incidence, severity, and evolution.","Maybe

Justification: While the study shows that cholestasis is common in patients with small bowel atresia and can resolve spontaneously, it also indicates that some patients may require in-depth evaluations, with 3",0.5909
fixed_bm25,fixed,bm25,mistral,Are financial incentives cost-effective to support smoking cessation during pregnancy?,yes,maybe,0,1,generation_failure,"to investigate the cost - effectiveness of up to £400 worth of financial incentives for smoking cessation in pregnancy as an adjunct to routine health care. a total of 612 pregnant women randomized to receive usual cessation support plus or minus financial incentives of up to £400 vouchers ( us $ 609 ), contingent upon smoking cessation. the incremental cost per quitter at 34 - 38 weeks pregnant was £1127 ( $ 1716 ). this is similar to the standard look - up value derived from stapleton & west ' s published icer tables, £1390 per quitter, by looking up the cessation in pregnancy incentives trial ( cipt ) incremental cost ( £157 ) and incremental 6 - month quit outcome ( 0. 14 ). the life - time model resulted in an incremental cost of £17 [ 95 % confidence interval ( ci ) = - £93, £107 ] and a gain of 0. 04 qalys ( 95 % ci = - 0. 058, 0. 145 ), giving an icer of £482 / qaly ( $ 734 / qaly ). probabilistic sensitivity analysis indicates uncertainty in these results, particularly regarding relapse after birth. the expected value of perfect information was £30 million ( at a willingness to pay of £30 000 / qaly ), so given current uncertainty, additional research is potentially worthwhile. among 109, 173 live singleton deliveries, 530 women had visited ed due to asthma during pregnancy. while having an ed visit for asthma was positively associated with teenage pregnancy, low income, and presence of pregnancy - induced hypertension, it was not associated with fetal gender ( or 1. 01, 95 % ci 0. 85 - 1. 19 ). fetal gender was not a significant predictor of adverse pregnancy outcomes among women who had an asthma ed visit during pregnancy. to investigate if fetal gender ( 1 ) affects the risk of having an emergency department ( ed ) visit for asthma ; and ( 2 ) is associated with adverse pregnancy outcomes among women who had at least one visit to the ed for asthma during pregnancy.","Maybe

Justification: The study shows that the incremental cost per quitter at 34 - 38 weeks pregnant was £1127, which is similar to the standard look-up value, but there is uncertainty in",0.7143
fixed_bm25,fixed,bm25,mistral,Can medical students contribute to quality assurance programmes in day surgery?,yes,yes,1,1,success,"health care delivery has undertaken a major shift from inpatient management to ambulatory surgical care with increasing emphasis on quality assurance ( qa ) processes. educational opportunities for medical undergraduate programmes are being sought in the day surgery environment. our study was undertaken to explore ways in which senior medical students can actively contribute to qa processes as part of an undergraduate day surgery educational programme. health care delivery has undertaken a major shift from inpatient management to ambulatory surgical care with increasing emphasis on quality assurance ( qa ) processes. educational opportunities for medical undergraduate programmes are being sought in the day surgery environment. our study was undertaken to explore ways in which senior medical students can actively contribute to the qa processes as part of an undergraduate day surgery educational programme. fifty - nine final year medical students followed allocated patients with common surgical conditions through all phases of the day surgery process. students kept records about each case in a log book and also presented their cases at weekly problem based learning tutorials. an audit of student log books and review of tutorial records was conducted for the 1996 and 1997 academic years, in order to evaluate student contribution to qa. community - based medical education is growing to meet the increased demand for quality clinical education in expanded settings, and its sustainability relies on patient participation. this study investigated patients ' views on being used as an educational resource for teaching medical students. students followed 621 cases, representing a sampling of 14. 1 % day surgery cases. categories of problems highlighted by students included inappropriate patient and procedure selection, inadequate pain management, discharge, communication and resource issues. students made a number of recommendations including the development of multilingual videotapes and patient information sheets for non - english speaking patients, avoidance of bilateral surgical procedures and improved links with local medical officers. they also developed new guidelines and protocols.","Yes

Justification: The study in the context shows that medical students followed cases, kept records, presented their cases, made recommendations, and developed new guidelines and protocols, all of which contribute to quality assurance programmes in day surgery.",0.8519
fixed_bm25,fixed,bm25,mistral,Measurement of head and neck paragangliomas: is volumetric analysis worth the effort?,yes,yes,1,1,success,"the aim of this study was to assess the reproducibility of different measurement methods and define the most workable technique for measuring head and neck paragangliomas, to determine the best method for evaluating tumour growth. the evaluation of tumour growth is vital for a ' wait - and - scan ' policy, a management strategy that became increasingly important. we ascertained whether the obstetric history, syphilis testing, blood group testing, haemoglobin measurement and uterine growth assessment were performed during antenatal care along with whether appropriate action was taken. for intrapartum care, estimation of fetal weight, the performance of pelvimetry, blood pressure monitoring, urine testing, evaluation of head above pelvis, fetal heart rate monitoring, monitoring of contractions and plotting of cervical dilatation, and whether the appropriate actions were taken, were assessed. in this case - control study, we identified all subjects with a pathologic diagnosis of ftld with tdp - 43 immunoreactive inclusions ( ftld - tdp ) and at least one volumetric head mri scan ( n = 42 ). in each case we applied published criteria for subclassification of ftld - tdp into ftld - tdp types 1 - 3. voxel - based morphometry was used to compare subjects with each of the different ftld - tdp types to age - and gender - matched normal controls ( n = 30 ). we also assessed different pathologic and genetic variants within, and across, the different types. measurement of visceral adipose tissue ( vat ) needs to be accurate and sensitive to change for risk monitoring. the purpose of this study is to determine the ct slice location where vat area can best reflect changes in vat volume and body weight. to investigate the cost - effectiveness of up to £400 worth of financial incentives for smoking cessation in pregnancy as an adjunct to routine health care.","Yes

Justification: The study aims to assess the reproducibility of different measurement methods and define the most workable technique for measuring head and neck paragangliomas, suggesting that volumetric analysis is considered important for evaluating",0.7391
fixed_bm25,fixed,bm25,mistral,Three-dimensional ultrasound-validated large-core needle biopsy: is it a reliable method for the histological assessment of breast lesions?,yes,yes,1,1,success,"the use of three - dimensional ( 3d ) ultrasound may help to determine the exact position of the needle during breast biopsy, thereby reducing the number of core samples that are needed to achieve a reliable histological diagnosis. the aim of this study was to demonstrate the efficacy of 3d ultrasound - validated large - core needle biopsy ( lcnb ) of the breast. a total of 360 core needle biopsies was obtained from 169 breast lesions in 146 patients. additional open breast biopsy was performed in 111 women ( 127 / 169 breast lesions ) ; the remaining 42 lesions were followed up for at least 24 months. 3d ultrasound visualization of the needle in the postfiring position was used to classify the biopsy as central, marginal or outside the lesion. based on this classification it was decided whether another sample had to be obtained. a median of two core samples per lesion provided for all the lesions a sensitivity for malignancy of 96. 9 %, specificity of 100 %, false - positive rate of 0 % and false - negative rate of 3. 1 %, and for the excised lesions a sensitivity of 96. 5 %, specificity of 100 %, false - positive rate of 0 %, false - negative rate of 3. 5 % and an underestimation rate of 3. 4 %. a genetic component is well established in the etiology of breast cancer. it is not well known, however, whether genetic traits also influence prognostic features of the malignant phenotype. clinically positive axillary nodes are widely considered a contraindication to sentinel lymph node ( sln ) biopsy in breast cancer, yet no data support this mandate. in fact, data from the era of axillary lymph node dissection ( alnd ) suggest that clinical examination of the axilla is falsely positive in as many as 30 % of cases. here we report the results of sln biopsy in a selected group of breast cancer patients with palpable axillary nodes classified as either moderately or highly suspicious for metastasis.","Yes

Justification: The study shows a sensitivity for malignancy of 96.9% and specificity of 100% for the method, with a false-negative rate of 3.1% ([3",0.7500
fixed_bm25,fixed,bm25,mistral,Can bone thickness and inter-radicular space affect miniscrew placement in posterior mandibular sites?,no,yes,0,1,generation_failure,"the proper angle of miniscrew insertion is important for cortical anchorage, patient safety, and biomechanical control. the purposes of this study are to report the alveolar process thickness and inter - radicular space in the posterior region of the mandible, to assess the impact of different miniscrew insertion angle protocols, and to identify differences between the genders or types of malocclusion. in this retrospective study, 100 individuals were selected for orthodontic treatment at a radiology clinic. cone - beam computed tomography data were imported into 3 - dimensional software. the predictor variable was the location in the mandible and insertion angle. the demographic variables collected included age, gender, and malocclusion ( angle classes i and ii ). the primary outcome variables were bone thickness and inter - radicular space. the inter - radicular spaces were evaluated 5 mm from the cement - enamel junction. the bone thicknesses were taken at 45°, 60°, and 90° in relation to the alveolar ridge, simulating a miniscrew insertion. these factors were evaluated for sexual dimorphism and malocclusion ( angle classes i and ii ). sexual dimorphism and malocclusion were evaluated with t tests. to compare the inter - radicular space and the thickness of bone between areas, an analysis of variance for repeated measures was used. the sample was composed of 100 patients with a mean age of 17. 4 ± 6. 74 years. there were 61 female and 39 male patients and 60 class i and 40 class ii molar relationships. the inter - radicular space ranged from 2. 46 to 3. 31 mm, and alveolar bone thickness ranged from 8. 01 to 13. 77 mm. the thickness tended to decrease with the increase in insertion angle from 45° to 90°. no significant differences between the genders or types of malocclusion were found. cyclical pamidronate therapy in a 2 - year - old child with skeletal fragility resulted in remodelling of vertebral fractures and improvement in bone mineral density ( bmd ) at distal radial and spinal sites. the bmd at both sites decreased precipitously within 24 months of stopping treatment, raising the question as to whether bisphosphonates can be stopped in a growing child with skeletal fragility. fifty - two bone blocks were extracted from fresh bovine pelvic bone. four groups were created based on bone type ( iliac or pubic region ) and presence or absence of cortical bone. specimens were micro - computed tomography imaged to evaluate trabecular thickness, trabecular number, trabecular separation, bone volume density ( bv / tv ), bmd, and cortical thickness. miniscrews 1. 4 mm in diameter and 6 mm long were inserted into the bone blocks, and primary stability was evaluated by insertion torque ( it ), mini - implant mobility ( ptv ), and pull - out strength ( ps ).","Yes

Justification: The study ([1], [2], [3]) reports that the bone thickness and inter-radicular space were primary outcome variables, indicating that they can affect miniscrew placement in posterior mandibular sites",0.6667
fixed_bm25,fixed,bm25,mistral,Do general practice selection scores predict success at MRCGP?,yes,maybe,0,1,generation_failure,"selection into general practice training is undertaken using a competency based approach. the clear advantage of this approach over traditional methods has been demonstrated through evaluation of its validity and reliability. however, the relationship between selection and performance in the royal college of general practitioner examinations ( mrcgp ) has yet to be explored. the mrcgp comprises of an applied knowledge test ( akt ), a clinical skills assessment ( csa ) and workplace - based assessments ( wpba ). aim : to explore the predictive validity of general practice selection scores using the akt and csa elements of the mrcgp as a final outcome measure. this study carried out a retrospective analysis of 101 trainees from the wales deanery who were successfully selected on to general practice training in 2007. selection data consisted of an overall selection score as well as scores from each individual stage of selection. correlation was used to explore associations between selection scores and examination scores. do preresidency selection factors serve as predictors of success in residency? specifically, we asked which preresidency selection factors are associated or correlated with ( 1 ) objective measures of resident knowledge and performance ; and ( 2 ) subjective ratings by faculty. as part of an mrc funded study into primary care oral anticoagulation management, inr measurements obtained in general practice were validated against values on the same samples obtained in hospital laboratories. a prospective comparative trial was undertaken between three hospital laboratories and nine general practices. all patients attending general practice based anticoagulant clinics had parallel inr estimations performed in general practice and in a hospital laboratory. reliable longitudinal data of patients with functional somatic symptoms in general practice are lacking.","Maybe

Justification: The study in the context explores the predictive validity of general practice selection scores using the akt and csa elements of the mrcgp as a final outcome measure, but it does not definitively conclude that the",0.6818
fixed_bm25,fixed,bm25,mistral,The Deformity Angular Ratio: Does It Correlate With High-Risk Cases for Potential Spinal Cord Monitoring Alerts in Pediatric 3-Column Thoracic Spinal Deformity Corrective Surgery?,yes,maybe,0,1,generation_failure,"the data from 35 pediatric spinal deformity correction procedures with thoracic 3 - column osteotomies were reviewed. measurements from preoperative radiographs were used to calculate the dar. binary logistic regression was used to model the relationship between dars ( independent variables ) and presence or absence of an intraoperative alert ( dependent variable ). the purpose of this study was to determine whether the deformity angular ratio ( dar ) can reliably assess the neurological risks of patients undergoing deformity correction. identifying high - risk patients and procedures can help ensure that appropriate measures are taken to minimize neurological complications during spinal deformity corrections. subjectively, surgeons look at radiographs and evaluate the riskiness of the procedure. however, 2 curves of similar magnitude and location can have significantly different risks of neurological deficit during surgery. whether the curve spans many levels or just a few can significantly influence surgical strategies. lenke et al have proposed the dar, which is a measure of curve magnitude per level of deformity. the terminology regarding the terms and definitions had been arbitrary until being refined and standardized by the scoliosis research society working group on three - dimensional terminology of spinal deformity. apical vertebra or disc is defined as the most laterally deviated vertebra or disc in a scoliosis curve, but the most rotated vertebra ( or disc ) has not been included in this terminology. one study suggested that the most rotated vertebral level was always located at the apex. to determine whether shaving the incision site before spinal surgery causes postsurgical infection.","Maybe

Justification: The study aims to determine if the Deformity Angular Ratio (DAR) can reliably assess the neurological risks of patients undergoing deformity correction (context [2]). Binary logistic",0.7727
fixed_bm25,fixed,bm25,mistral,Does age moderate the effect of personality disorder on coping style in psychiatric inpatients?,yes,maybe,0,1,generation_failure,"to examine age - related differences in the relationship between personality and coping strategies in an australian population of psychiatric inpatients. older adults reported less symptomatology than younger patients and younger patients described more personality dysfunction than older patients. as assessed by the cope, older adults reported lower levels of dysfunctional coping strategies than younger adults. personality traits, social supports, gender, and age predicted coping strategies, while axis i diagnosis, education, personality disorder, and symptom severity were not significant predictors of coping strategies. using a questionnaire we investigated in a cross - sectional study the prevalence of pain, duration of pain, impairment and unfitness for work due to pain in 106 patients primarily diagnosed with a psychiatric disorder in the field of general adult psychiatry. potential risk factors were explored. studies examining predictors of survival among the oldest - old have primarily focused on objective measures, such as physical function and health status. only a few studies have examined the effect of personality traits on survival, such as optimism. the aim of this study was to examine whether an optimistic outlook predicts survival among the oldest - old. to study the prevalence of pain and risk factors for pain in psychiatric patients in a psychiatric hospital.","Maybe

Justification: The provided context does not directly state whether age moderates the effect of personality disorder on coping style. However, it does show that age and personality traits predict coping strategies, suggesting that age may have an indirect effect",0.3478
fixed_bm25,fixed,bm25,mistral,Autoxidation products of both carbohydrates and lipids are increased in uremic plasma: is there oxidative stress in uremia?,yes,yes,1,1,success,"advanced glycation end products ( ages ), formed by non - enzymatic glycation and oxidation ( glycoxidation ) reactions, have been implicated in the pathogenesis of several diseases, including normoglycemic uremia. age research in uremia has focused on the accumulation of carbohydrate - derived adducts generated by the maillard reaction. recent studies, however, have demonstrated that one age, the glycoxidation product carboxymethyllysine ( cml ), could be derived not only from carbohydrates but also from oxidation of polyunsaturated fatty acids in vitro, raising the possibility that both carbohydrate and lipid autoxidation might be increased in uremia. ovarian sections in the saline group revealed higher scores for follicular degeneration and edema ( p < 0. 0001 ) when compared with the sham group. administration of different doses of edaravone in rats significantly prevented degenerative changes in the ovary ( p < 0. 0001 ). caspase - 3 expression was only detected in the ovarian surface epithelium in all groups, and there was a significant difference between the treatment groups and the saline group ( p < 0. 0001 ). treatment of rats with edaravone reduced caspase - 3 expression in a dose - dependent manner. moreover, biochemical measurements of oxidative stress markers ( mda, gsh and tac ) revealed that prophylactic edaravone treatment attenuated oxidative stress induced by i / r injury. all three adducts were elevated in uremic plasma. plasma cml levels were mainly ( > 95 % ) albumin bound. their levels were not correlated with fructoselysine levels and were similar in diabetic and non - diabetic patients on hemodialysis, indicating that their increase was not driven by glucose. pentosidine and mda - lysine were also increased in plasma to the same extent in diabetic and non - diabetic hemodialysis patients. statistical analysis indicated that plasma levels of cml correlated weakly ( p < 0. 05 ) with those of pentosidine and mda - lysine, but that pentosidine and mda - lysine varied independently ( p > 0. 5 ). to address this hypothesis, we applied gas chromatography - mass spectrometry and high performance liquid chromatography to measure protein adducts formed in uremic plasma by reactions between carbonyl compounds and protein amino groups : pentosidine derived from carbohydrate - derived carbonyls, malondialdehyde ( mda ) - lysine derived from lipid - derived carbonyls, and cml originating possibly from both sources. mechanically ventilated patients experience profound stress. interventions are needed to ameliorate stress that does not cause adverse effects. the purpose of this study was to explore the influence of music on stress in a sample of patients over the duration of ventilatory support. research methodology /","Yes

Justification: The text states that oxidative stress markers are attenuated by edaravone treatment in rats, indicating the presence of oxidative stress ([2]). Additionally, the levels of autoxid",0.5294
fixed_bm25,fixed,bm25,mistral,Can 'high-risk' human papillomaviruses (HPVs) be detected in human breast milk?,no,no,1,1,success,"of the 32 studied human milk specimens, no ' high - risk ' hpv 16, 18, 31, 33, 35, 39, 45, 51, 52, 56, 58 or 58 dna was detected. using polymerase chain reaction techniques, we evaluated the presence of hpv infection in human breast milk collected from 21 hpv - positive and 11 hpv - negative mothers. reconstructing the natural joint line in knee revision surgery improves clinical and functional outcome but may be challenging when both cartilage and bone were removed during previous operations. assessing joint lines ( jls ) by means of bony landmarks is inadvisable because of large variations in human anatomy. because of the inherent symmetry of the human body, we hypothesised that jls may be directly assessed by measuring the distances from the bony landmarks to the jl of the contralateral knee by means of radiographic images. pterygium is a disease of unknown origin and pathogenesis that might be vision threatening. it is characterised by a wing - like conjunctival overgrowth of the cornea. several studies have investigated human papillomavirus ( hpv ) as a risk factor for the development of pterygia, but the results are inconclusive. aim : to investigate a large sample of pterygia for the presence of hpv in order to clarify the putative association between pterygia and hpv. the endogenous estradiol metabolite, 2 - methoxyestradiol ( 2me ), has been shown to be a potent inhibitor of cell growth and a strong anti - angiogenic substance. we investigated for the first time whether in vitro combinations of 2me with various chemotherapeutic compounds may result in an additive inhibitory effect on the proliferation of human ovary cancer cells.","No

Justification: The provided context states that no 'high-risk' HPV 16, 18, 31, 33, 35, 39, 45, 5",0.6875
fixed_bm25,fixed,bm25,mistral,Quaternary cytoreductive surgery in ovarian cancer: does surgical effort still matter?,yes,maybe,0,1,generation_failure,"to evaluate surgical outcome and survival benefit after quaternary cytoreduction ( qc ) in epithelial ovarian cancer ( eoc ) relapse. despite surgical refinements, perioperative use of tracheobronchoscopy ( tbs ) as part of surgical approach to esophageal atresia ( ea ) is still controversial. the purpose of this study was to evaluate the influence of preoperative tbs in newborns with ea in preventing complications and improving diagnosis and surgical treatment. changes in the spectrum of general surgery and the delivery of surgical care have placed the requirement for a mandatory general surgery rotation in the surgical clerkship in question. biomechanically safer than conventional lasik with regard to risk for causing keratectasia after surgery. because adult human corneal stromal wounds heal slowly and incompletely, all excimer laser keratorefractive surgical techniques still have some distinct disadvantages due to inadequate reparative wound healing. despite reducing some of the risk for corneal haze compared to conventional prk, asa cases still can develop corneal haze or breakthrough haze from the hypercellular fibrotic stromal scarring. in contrast, similar to conventional lasik, sbk still has the short - and long - term potential for interface wound complications from the hypocellular primitive stromal scar. one of the sites most frequently invaded by gastric cancer is the mesocolon ; however, the uicc does not mention this anatomical site as an adjacent structure involved in gastric cancer. the purpose of this study was to characterize and classify mesocolon invasion from gastric cancer.","Maybe

Justification: The context discusses the evaluation of surgical outcome and survival benefit after quaternary cytoreduction in epithelial ovarian cancer relapse, suggesting that surgical effort still matters in this context",0.6000
fixed_bm25,fixed,bm25,mistral,Chemotherapy and survival in advanced non-small cell lung carcinoma: is pneumologists' skepticism justified?,no,maybe,0,1,generation_failure,"few studies have assessed whether the advantage chemotherapy has been shown to have in treating advanced non - small lung carcinoma in clinical trials is transferrable to normal health care activity. this could explain the skepticism of a large number of pneumologists towards this treatment. the objective of our study was to analyze prognostic factors related to survival and to see whether cytostatic treatment was an independent predictor. we review our results on surgical treatment of patients with stage i non - small cell lung carcinoma and we attempted to clarify the prognostic significance of some surgical - - pathologic variables. the aim of this prognostic factor analysis was to investigate if a patient ' s self - reported health - related quality of life ( hrqol ) provided independent prognostic information for survival in non - small cell lung cancer ( nsclc ) patients. to determine whether there is a relationship between vegf expression and renal vein and vena cava invasion in stage pt3 renal cell carcinoma and to evaluate the impact of vegf expression on survival in pt3 renal cell carcinoma. from 1993 to 1999, 667 patients received curative lung resection and complete hilar and mediastinal lymphadenectomy for non - small cell lung cancer. of these, there were 436 stage i disease ( 65 % ), of whom 144 t1n0 and 292 t2n0. no patients had pre - or postoperative radio - or chemotherapy. prognostic significance of the following independent variables was tested using univariate ( log - rank ) and multivariate ( cox proportional - hazards ) analysis : type of resection ( sublobar vs lobectomy vs pneumonectomy ), histology ( squamous cell vs adenocarcinoma ), tumour size ( < or = 3cm vs > 3cm ), histologic vascular invasion, visceral pleura involvement, positive bronchial resection margin, general t status.","Maybe

Justification: The context mentions that the objective of the study was to analyze prognostic factors related to survival and to see whether cytostatic treatment was an independent predictor, but it does not provide conclusive evidence",0.6190
fixed_bm25,fixed,bm25,mistral,Does topical ropivacaine reduce the post-tonsillectomy morbidity in pediatric patients?,yes,maybe,0,1,generation_failure,"to determine whether post - operative administration of topical ropivacaine hydrochloride decreases morbidity following adenotonsillectomy. only first hour there was no significant pain - relieving effect seen in the ropivacaine group ( p > 0. 05 ). the other hours and days there were statistically significance between the two groups ( p < 0. 001 ). also, the other post - operative parameters such as nausea, fever, vomiting, odor, bleeding, otalgia and trismus were not statistically different between the two groups. there were no complications associated with ropivacaine hydrochloride. no patients in this study suffered systemic side effects related to the use of this medication. to assess the morbidity and mortality in the treatment of fournier ' s gangrene in our experience. to investigate whether intravenous opioid pct can be an effective therapeutic method to reduce breathlessness in patients with advanced disease. secondary aims were to study the feasibility and acceptance of opioid pct in patients with refractory breathlessness. mechanically ventilated patients experience profound stress. interventions are needed to ameliorate stress that does not cause adverse effects. the purpose of this study was to explore the influence of music on stress in a sample of patients over the duration of ventilatory support. research methodology /","Maybe

Justification: While the study shows a statistically significant difference in pain relief for the other hours and days after the operation, it does not provide evidence for or against a reduction in overall morbidity (e.g., nause",0.3600
fixed_bm25,fixed,bm25,mistral,Is pain a clinically relevant problem in general adult psychiatry?,yes,yes,1,1,success,"using a questionnaire we investigated in a cross - sectional study the prevalence of pain, duration of pain, impairment and unfitness for work due to pain in 106 patients primarily diagnosed with a psychiatric disorder in the field of general adult psychiatry. potential risk factors were explored. extracranial internal carotid artery stenosis is a risk factor for perioperative stroke in patients undergoing coronary artery bypass surgery ( cab ). although selective and non - selective methods of preoperative carotid screening have been advocated, it remains unclear if this screening is clinically relevant. aim : to test whether selective carotid screening is as effective as non - selective screening in detecting significant carotid disease. apparent life - threatening events in infants are a difficult and frequent problem in pediatric practice. the prognosis is uncertain because of risk of sudden infant death syndrome. adult patients undergoing general anesthesia ( n = 240 ). to study the prevalence of pain and risk factors for pain in psychiatric patients in a psychiatric hospital.","Yes

Justification: The provided context [1] states that the study investigated the prevalence of pain in 106 patients primarily diagnosed with a psychiatric disorder, indicating that pain is indeed a clinically relevant problem in general adult psychiat",0.6250
fixed_bm25,fixed,bm25,mistral,Does concomitant anterior/apical repair during midurethral sling improve the overactive bladder component of mixed incontinence?,no,maybe,0,1,generation_failure,"midurethral sling ( mus ) can improve overactive bladder ( oab ) symptoms. it is unclear if anterior / apical prolapse ( aa ) repair provides additional benefit. we hypothesized that women with mixed urinary incontinence ( mui ) experience greater improvement in the oab component of their symptoms after concomitant mus and aa repair compared with mus alone. this is a retrospective cohort study of women with bothersome mui ( defined by objective stress test and validated questionnaire ) undergoing mus alone ( "" mus - only "" ) or concomitant mus and aa repair ( "" mus + aa "" ). our primary outcome was the overactive bladder questionnaire symptom severity ( oab - q ss ) change score 6 weeks after surgery. to compare the accuracy achieved by a trained urology nurse practitioner ( unp ) and consultant urologist in detecting bladder tumours during flexible cystoscopy. 69 cases were included in this study ( ranged 80 - 98, male : female = 9 : 60 ). 56 cases ( 81. 2 % ) had an aneurysm in the anterior circulation. 23 cases received clipping, 20 cases coil embolization and 26 cases treated conservatively. the cases with aneurysm repair showed significantly better clinical outcome than the controls, while world federation of neurological surgeons ( wfns ) grade on admission and premorbid modified rankin scale showed no difference between them. this study measured acetabular component stability and the initial surface contact achieved between the acetabular component and unfractured region of the pelvis after tha using an oversized acetabular component and cup - cage reconstruction.","Maybe

Justification: The study hypothesizes that women with mixed urinary incontinence experience greater improvement in the overactive bladder component of their symptoms after concomitant midurethral sling and anterior/apical repair",0.8696
fixed_bm25,fixed,bm25,mistral,Does the use of atypical antipsychotics as adjunctive therapy in depression result in cost savings?,no,maybe,0,1,generation_failure,"effective musical communication requires conveyance of the intended message in a manner perceptible to the receiver. communication disorders that impair transmitting or decoding of structural features of music ( e. g., pitch, timbre ) and / or symbolic representation may result in atypical musical communication, which can have a negative impact on music therapy interventions. several atypical antipsychotics ( aaps ) are used as second - line agents for treatment resistant depression. aaps can be expensive compared to other treatment options and can cause several side effects. although record linkage of routinely collected health datasets is a valuable research resource, most datasets are established for administrative purposes and not for health outcomes research. in order for meaningful results to be extrapolated to specific populations, the limitations of the data and linkage methodology need to be investigated and clarified. it is the objective of this study to investigate the differences in ascertainment which may arise between a hospital admission dataset and a dispensing claims dataset, using major depression in pregnancy as an example. the safe use of antidepressants in pregnancy is an ongoing issue for clinicians with around 10 % of pregnant women suffer from depression. as the birth admission will be the first admission to hospital during their pregnancy for most women, their use of antidepressants, or their depressive condition, may not be revealed to the attending hospital clinicians. this may result in adverse outcomes for the mother and infant. to investigate the cost - effectiveness of up to £400 worth of financial incentives for smoking cessation in pregnancy as an adjunct to routine health care. the surgical management of 36 of 46 patients ( 78 percent ) was unchanged as a result of position emission tomography, even though position emission tomography upstaged disease in 3 of 36 cases ( 8 percent ) and downstaged disease in 5 of 36 cases ( 14 percent ). in 8 of 46 cases ( 17 percent ), management was altered because of the position emission tomography scan findings, including 6 cases ( 13 percent ) in which surgery was cancelled and 2 other cases ( 4 percent ) in which the radiotherapy field was changed. where available, follow - up confirmed the appropriateness of position emission tomography - induced management change in each case. two patients had a change in therapy independent of the position emission tomography scan due to clinical circumstances. overall tumor stage was changed following position emission tomography in 18 of 46 patients ( 39 percent ).","Maybe

Justification: The context does not provide information on the cost savings associated with the use of atypical antipsychotics as adjunctive therapy in depression. However, it is mentioned that atypical antipsychot",0.3333
fixed_bm25,fixed,bm25,mistral,Can patients be anticoagulated after intracerebral hemorrhage?,maybe,maybe,1,1,success,"warfarin increases both the likelihood and the mortality of intracerebral hemorrhage ( ich ), particularly in patients with a history of prior ich. in light of this consideration, should a patient with both a history of ich and a clear indication for anticoagulation such as nonvalvular atrial fibrillation be anticoagulated? in the absence of data from a clinical trial, we used a decision - analysis model to compare the expected values of 2 treatment strategies - warfarin and no anticoagulation - for such patients. unicompartmental replacement can be an alternative to tibial osteotomy in younger, active patients with unicompartmental knee disease. in unicompartmental replacement, the other compartments and knee ligaments are largely untouched. therefore, it was hypothesized that the knee kinematics after unicompartmental replacement may also be unchanged. to test this hypothesis, knee kinematics and quadriceps tension were recorded before and after replacement with a unicompartmental design and then with a tricompartmental design. tinnitus can be related to many different aetiologies such as hearing loss or a noise trauma, but it can also be related to the somatosensory system of the cervical spine, called cervicogenic somatic tinnitus ( cst ). case studies suggest a positive effect of cervical spine treatment on tinnitus complaints in patients with cst, but no experimental studies are available. several atypical antipsychotics ( aaps ) are used as second - line agents for treatment resistant depression. aaps can be expensive compared to other treatment options and can cause several side effects. aea can be conceptualized as a personalized, ritualized, and symbolic biopsychosocial drama. it seems to be a reenactment of intense emotional feeling - states involving an identification and sadomasochistic relationship with a female figure. inept aea practitioners can miscalculate the peril of the situation that they have contrived and for numerous reasons lose their gamble with death.","Maybe

Justification: The context suggests that a decision-analysis model is used to compare the expected values of anticoagulation and no anticoagulation for patients with a history of intracerebral hemorrhage and a",0.7647
fixed_bm25,fixed,bm25,mistral,Diagnostic and therapeutic ureteroscopy: is dilatation of ureteral meatus always necessary?,no,maybe,0,1,generation_failure,"to assess the feasibility and safety of diagnostic or therapeutic semirigid ureteroscopy without ureteral meatus dilatation. a comparative, retrospective study was conducted of patients undergoing ureteroscopy from january 2000 to may 2008. for data analysis purposes, the population was divided into two groups based on whether ureteroscopy had been performed with ( group 1 ) or without ( group 2 ) ureteral meatus dilatation. variables recorded included age, sex, type of procedure, surgical diagnosis, passive or active dilatation, number of stones, stone location, stone diameter, peroperative and postoperative complications, internal urinary diversion after the procedure, therapeutic success rate, operating time, and hospital stay duration. a 8 - 9. 8 fr wolf semirigid ureteroscope was used. descriptive statistics of the population and cohorts were performed, providing medians, quartiles, and limit values for non - normally distributed interval variables, and absolute and relative frequencies for categorical variables. shapiro - wilk ' s, mann - whitney ' s u, chi - square, and fisher ' s exact tests were used for statistical analysis. a value of p 2 alpha < or = 0. 005 was considered statistically significant. arcus quickstat biomedical 1. 0 software was used. a series of 188 patients with 208 ureteral stones were treated with semirigid ureteroscopy and holmium : yag laser lithotripsy from january 2003 to december 2005. of the stones, 116 were lower ureteral, 37 middle ureteral, and 55 upper ureteral. we have previously reported the feasibility of diagnostic and therapeutic peritoneoscopy including liver biopsy, gastrojejunostomy, and tubal ligation by an oral transgastric approach. we present results of per - oral transgastric splenectomy in a porcine model. the goal of this study was to determine the technical feasibility of per - oral transgastric splenectomy using a flexible endoscope. the precise correction of refractive error is especially important in young adults. it is unclear whether cycloplegic refraction is necessary in this age group. the purpose of this study was to compare the non - cycloplegic and cycloplegic spherical equivalent ( se ) refractive error measured in young adults.","Maybe

Justification: The study provided in the context compares two groups based on whether ureteroscopy had been performed with or without ureteral meatus dilatation, suggesting that it is not always necessary. However,",0.6364
fixed_bm25,fixed,bm25,mistral,Does managed care enable more low income persons to identify a usual source of care?,maybe,no,0,1,generation_failure,"( 1 ) to examine the effects of managed care on the likelihood of low - income persons having a usual source of care and a usual physician, and ; ( 2 ) to examine the association between usual source of care and access. high managed care penetration in the community is associated with a lower likelihood of having a usual source of care for uninsured persons ( 54. 8 % vs. 62. 2 % in low penetration areas ) as well as a lower likelihood of having a usual physician ( 60 % vs. 72. 8 % ). managed care has only marginal effects on the likelihood of having a usual source of care for privately insured and medicaid beneficiaries. having a usual physician substantially reduces unmet medical needs for the insured but less so for the uninsured. usual source of care, usual physician, managed care enrollment, managed care penetration. by requiring or encouraging enrollees to obtain a usual source of care, managed care programs hope to improve access to care without incurring higher costs. a nationally representative sample of 14, 271 low - income persons.","No.

Justification: In high managed care penetration areas, the likelihood of low-income persons having a usual source of care is lower compared to low penetration areas (62.2% vs. 54.8",0.8571
fixed_bm25,fixed,bm25,mistral,"Knee extensor strength, dynamic stability, and functional ambulation: are they related in Parkinson's disease?",yes,yes,1,1,success,"to evaluate the relationship between knee extensor strength, postural stability, functional ambulation, and disease severity in parkinson ' s disease ( pd ). knee extensor strength positively correlated with dynamic postural stability and negatively correlated with disease severity. further, dynamic postural stability was negatively correlated to disease severity and positively correlated with functional ambulation in this cohort of patients with pd ( p <. 05 ). the results also suggest that the functional reach test may be a valuable assessment tool to examine postural stability in pd. participants were evaluated on their isokinetic knee extensor strength. additionally, participants completed an assessment of their postural stability ( functional reach test for static stability and a dynamic postural stability assessment as measured by the center of pressure - center of mass moment arm during gait initiation ). participants also underwent an evaluation of their functional ambulation as measured by a 6 - minute walk test. lastly, participants were evaluated by a neurologist specially trained in movement disorders to assess neurologic status and disease severity using the unified parkinson ' s disease rating scale and the hoehn and yahr disability score. unicompartmental replacement can be an alternative to tibial osteotomy in younger, active patients with unicompartmental knee disease. in unicompartmental replacement, the other compartments and knee ligaments are largely untouched. therefore, it was hypothesized that the knee kinematics after unicompartmental replacement may also be unchanged. to test this hypothesis, knee kinematics and quadriceps tension were recorded before and after replacement with a unicompartmental design and then with a tricompartmental design. web search engines are an important tool in communication and diffusion of knowledge. among these, google appears to be the most popular one : in august 2008, it accounted for 87 % of all web searches in the uk, compared with yahoo ' s 3. 3 %. google ' s value as a diagnostic guide in general medicine was recently reported. the aim of this comparative cross - sectional study was to evaluate whether searching google with disease - related terms was effective in the identification and diagnosis of complex immunological and allergic cases.","Yes

Justification: The provided context states that knee extensor strength positively correlated with dynamic postural stability and negatively correlated with disease severity, and dynamic postural stability was negatively correlated to disease severity and posit",0.6471
fixed_bm25,fixed,bm25,mistral,"Is distance to provider a barrier to care for medicaid patients with breast, colorectal, or lung cancer?",no,yes,0,1,generation_failure,"distance to provider might be an important barrier to timely diagnosis and treatment for cancer patients who qualify for medicaid coverage. whether driving time or driving distance is a better indicator of travel burden is also of interest. driving distances and times from patient residence to primary care provider were calculated for 3, 917 breast, colorectal ( crc ) and lung cancer medicaid patients in washington state from 1997 to 2003 using mapquest. com. we fitted regression models of stage at diagnosis and time - to - treatment ( number of days between diagnosis and surgery ) to test the hypothesis that travel burden is associated with timely diagnosis and treatment of cancer. in an attempt to improve the care they provide for their patients with breast cancer, the authors ' institution developed a multidisciplinary breast cancer clinic ( mdbcc ) to offer "" one - stop shopping "" consultation and support for newly diagnosed breast cancer patients. automated, tailored prompts highlighting familial risk for heart disease, stroke, diabetes, and breast, colorectal, or ovarian cancer were implemented during 2011 to 2012. medical records of a cohort of community - based primary care patients, aged 35 to 65 years, who previously participated in our family healthware study and had a moderate or strong familial risk for any of the 6 diseases were subsequently reviewed. the main outcome measures were pcp response to the prompts, adding family history risk to problem summary lists, and patient screening status for each disease. treatment delays in breast cancer are generally thought to affect prognosis but the impact on survival remains unclear. indicators for breast cancer care include time to primary treatment. the purpose of this study was to evaluate whether time to primary treatment ( tpt ) in breast cancer impacts survival.","Yes

Justification: The context mentions that distance to provider might be an important barrier to timely diagnosis and treatment for cancer patients who qualify for medicaid coverage ([1]). Additionally, driving distances from patient residence to primary care provider",0.7778
fixed_bm25,fixed,bm25,mistral,Can folic acid protect against congenital heart defects in Down syndrome?,no,maybe,0,1,generation_failure,"several studies have suggested a protective effect of folic acid ( fa ) on congenital heart anomalies. down syndrome ( ds ) infants are known to have a high frequency of heart anomalies. not all children with ds suffer from heart anomalies, which raises the question whether maternal factors might affect the risk of these anomalies. our objectives were to investigate whether first - trimester fa use protects against heart anomalies among ds children. to compare the probability of prenatal diagnosis ( pnd ) and termination of pregnancy for fetal anomaly ( topfa ) between fetuses conceived by assisted reproductive techniques ( art ) and spontaneously - conceived fetuses with congenital heart defects ( chd ). women with liveborn ds children participating in the slone epidemiology center birth defects study between 1976 and 1997 were included. we performed case - control analyses using ds, with heart anomalies as cases and ds, without heart anomalies as controls. subanalyses were performed for defects that have been associated with fa in non - ds populations ( conotruncal, ventricular septal [ vsd ] ) and for those that are associated with ds ( ostium secundum type atrial septal defects [ asd ] and endocardial cushion defects [ ecd ] ). exposure was defined as the use of any fa - containing product for an average of at least 4 days per week during the first 12 weeks of pregnancy, whereas no exposure was defined as no use of fa in these 12 weeks. it is postulated that some aspects of methotrexate toxicity may be related to its action as an anti - folate. folic acid ( fa ) is often given as an adjunct to methotrexate therapy, but there is no conclusive proof that it decreases the toxicity of methotrexate and there is a theoretical risk that it may decrease the efficacy of methotrexate. although af can have a genetic etiology, links between inherited gene defects and acquired factors such as atrial stretch have not been explored.","Maybe

Justification: The study suggests a protective effect of folic acid on congenital heart anomalies in Down syndrome, but it does not definitively prove this effect. (Context: [1])",0.5556
fixed_bm25,fixed,bm25,mistral,Are there mental health differences between francophone and non-francophone populations in manitoba?,maybe,maybe,1,1,success,"francophones may experience poorer health due to social status, cultural differences in lifestyle and attitudes, and language barriers to health care. our study sought to compare mental health indicators between francophones and non - francophones living in the province of manitoba. two populations were used : one from administrative datasets housed at the manitoba centre for health policy and the other from representative survey samples. the administrative datasets contained data from physician billings, hospitalizations, prescription drug use, education, and social services use, and surveys included indicators on language variables and on self - rated health. outside urban areas, francophones had lower rates of diagnosed substance use disorder ( rate ratio [ rr ] = 0. 80 ; 95 % ci 0. 68 to 0. 95 ) and of suicide and suicide attempts ( rr = 0. 59 ; 95 % ci 0. 43 to 0. 79 ), compared with non - francophones, but no differences were found between the groups across the province in rates of diagnosed mood disorders, anxiety disorders, dementia, or any mental disorders after adjusting for age, sex, and geographic area. when surveyed, francophones were less likely than non - francophones to report that their mental health was excellent, very good, or good ( 66. 9 %, compared with 74. 2 % ). to determine whether there are differences between blood pressure ( bp ) measured by the nurse ( nbp ), bp measured by the physician ( pbp ) and self - measured bp in treated hypertensive patients and, if found, to evaluate their clinical importance. there is increasing pressure on mental health providers to reduce the duration of treatments, while retaining level of quality and effectiveness. the risk is that the population is underserved and therefore needs new treatment episodes. the primary aim of this study was to investigate whether duration of treatment and return into mental health care were related.","Maybe

Justification: While the study found no differences in rates of diagnosed mood disorders, anxiety disorders, dementia, or any mental disorders after adjusting for age, sex, and geographic area, francophones were less likely to",0.9167
fixed_bm25,fixed,bm25,mistral,Does type 1 diabetes mellitus affect Achilles tendon response to a 10 km run?,no,maybe,0,1,generation_failure,"achilles tendon structure deteriorates 2 - days after maximal loading in elite athletes. the load - response behaviour of tendons may be altered in type 1 diabetes mellitus ( t1dm ) as hyperglycaemia accelerates collagen cross - linking. this study compared achilles tendon load - response in participants with t1dm and controls. achilles tendon structure was quantified at day - 0, day - 2 and day - 4 after a 10 km run. ultrasound tissue characterisation ( utc ) measures tendon structural integrity by classifying pixels as echo - type i, ii, iii or iv. echo - type i has the most aligned collagen fibrils and iv has the least. participants were 7 individuals with t1dm and 10 controls. all regularly ran distances greater than 5 km and visa - a scores indicated good tendon function ( t1dm = 94 ± 11, control = 94 ± 10 ). there were no diabetic complications and hba1c was 8. 7 ± 2. 6 mmol / mol for t1dm and 5. 3 ± 0. 4 mmol / mol for control groups. baseline tendon structure was similar in t1dm and control groups - utc echo - types ( i - iv ) and anterior - posterior thickness were all p > 0. 05. no response to load was seen in either t1dm or control group over the 4 - days post exercise. to explore whether electrochemiluminescence ( ecl ) assays can help improve prediction of time to type 1 diabetes in the trialnet autoantibody - positive population. this study was planned to evaluate whether increased nuchal translucency ( nt ) thickness in the first trimester of gestation can be related to onset of gestational diabetes mellitus ( gdm ) during pregnancy.","Maybe

Justification: While the study does not show a significant difference in the Achilles tendon response to a 10 km run between participants with type 1 diabetes mellitus (T1DM) and controls at the",0.6364
fixed_bm25,fixed,bm25,mistral,Fragility of the esophageal mucosa: a pathognomonic endoscopic sign of primary eosinophilic esophagitis?,yes,maybe,0,1,generation_failure,"primary eosinophilic esophagitis, a chronic inflammatory disorder of the esophagus, evokes recurrent dysphagia. endoscopy is often unremarkable, and no consensus exists regarding management of resultant dysphagia. the response of a series of patients with primary eosinophilic esophagitis to dilation is reported together with a description of a possibly pathognomonic sign : fragile esophageal mucosa, for which the term "" crepe - paper "" mucosa is introduced. we observed an endoscopic abnormally in a group of children with histological esophagitis. we termed this finding "" vertical lines in esophageal mucosa "" ( vlem ). we examined the relationship between the presence of vlem and significant histologic changes in esophageal mucosal biopsies. the esophageal mucosa had a normal appearance on 160 endoscopic studies ( group 1 ) and vlem were the only mucosal abnormalities in 41 endoscopies ( group 2 ). histology was normal in 92 of 160 biopsies ( 57. 5 % ) from group 1, and 1 of 41 biopsies ( 2. 4 % ) from group 2. most patients in group 2 had eosinophilic esophagitis ( 34 of 41, 83 %, specificity 0. 85, sensitivity 0. 5, p > 0. 001 ) which was of moderate to severe intensity ( 31 of 34, 91. 2 %, specificity 0. 88, sensitivity 0. 73, p < 0. 001 ). between january 1, 1992, and august 31, 1994, the senior author ( jff ) performed 255 esophageal biopsies. the procedure reports, available endoscopic photographs, and histology reports were reviewed to establish the endoscopic and histologic appearance of the esophageal mucosa. intraepithelial cells were counted in a blind review of 42 randomly selected biopsies. five men underwent endoscopy because of dysphagia confirmed ( clinically, endoscopically, and histologically ) to be caused by primary eosinophilic esophagitis and were treated by bouginage.","Maybe

Justification: The study in [3] suggests that the presence of ""vertical lines in esophageal mucosa"" (VLEM) is associated with a high likelihood of eosinophilic esophag",0.4375
fixed_bm25,fixed,bm25,mistral,Does cup-cage reconstruction with oversized cups provide initial stability in THA for osteoporotic acetabular fractures?,yes,yes,1,1,success,"this study measured acetabular component stability and the initial surface contact achieved between the acetabular component and unfractured region of the pelvis after tha using an oversized acetabular component and cup - cage reconstruction. the incidence of acetabular fractures in osteoporotic patients is increasing. immediate total hip arthroplasty ( tha ) has potential advantages, but achieving acetabular component stability is challenging and, at early followup, reported revision rates for loosening are high. questions / between november 2011 and november 2013, we treated 40 acute acetabular fractures in patients older than 70 years of age. of these, 12 ( 30 % ) underwent immediate tha using an oversized acetabular component with screws inserted only into the ilium and a cup - cage construct. postoperatively all patients were mobilized without weightbearing restrictions. indications for immediate tha after acetabular fractures were displaced articular comminution deemed unreducible. eleven of the 12 were prospectively studied to evaluate the initial stability of the reconstructions using radiostereometric analysis. one of the patients died of a pulmonary embolism after surgery, and the remaining 10 ( median age, 81 years ; range, 72 - 86 years ) were studied. of these, five were analyzed at 1 year and five were analyzed at 2 years. acetabular component migration was defined as acceptable if less than the limits for primary tha that predict later loosening ( 1. 76 mm of proximal migration and 2. 53° of sagittal rotation ). the contact surface between the acetabular component and ilium in direct continuity with the sacroiliac joint, and the ischium and pubis in direct continuity with the symphysis pubis, after surgery, and the remaining 10 ( median age, 81 years ; range, 72 - 86 years ) were studied. of these, five were analyzed at 1 year and five were analyzed at 2 years. acetabular component migration was defined as acceptable if less than the limits for primary tha that predict later loosening ( 1. 76 mm of proximal migration and 2. 53° of sagittal rotation ). the contact surface between the acetabular component and ilium in direct continuity with the sacroiliac joint, and the ischium and pubis in direct continuity with the symphysis pubis, was measured on postoperative ct scans. to determine the relationship between injury severity surrogates and other patient factors with the development and severity of heterotopic ossification ( ho ) following open reduction internal fixation of acetabular fractures treated with a posterior approach.","Yes

Justification: The study reports that the acetabular component migration was acceptable (less than the limits for primary THA that predict later loosening) in all the cases studied at 1 year and 2 years post-",0.7917
fixed_bm25,fixed,bm25,mistral,Pulmonary valve replacement in adults late after repair of tetralogy of fallot: are we operating too late?,yes,maybe,0,1,generation_failure,"chronic pulmonary regurgitation ( pr ) following repair of tetralogy of fallot ( tof ) leads to rv dilation and an increased incidence of sudden cardiac death in adult patients. the purpose of this study is to evaluate right ventricular ( rv ) volume and function after pulmonary valve replacement ( pvr ) and to address the issue of optimal surgical timing in these patients. we studied 25 consecutive adult patients who underwent pvr for significant pr late after repair of tof. radionuclide angiography was performed in all at a mean of 8. 2 months ( + / - 8 months ) before pvr and repeated at a mean of 28. 0 months ( + / - 22. 8 months ) after the operation. right ventricular ( rv ) end - systolic volume ( rvesv ), rv end - diastolic volume ( rvedv ) and rv ejection fraction ( rvef ) were measured. the use of a balloon expandable stent valve includes balloon predilatation of the aortic stenosis before valve deployment. the aim of the study was to see whether or not balloon predilatation is necessary in transcatheter aortic valve replacement ( tavi ). uterus - specific synthetic prostaglandin analogues ( gemeprost, sulproston etc. ) have been widely employed for termination of pregnancy in the second trimester. since paracervical anaesthesia may be useful during this procedure, we investigated in this prospective randomised study its impact on the clinical course of abortion and pain especially in the late first and second stage of labour.","Maybe

Justification: The study aims to evaluate right ventricular volume and function after pulmonary valve replacement (PVR) and to address the issue of optimal surgical timing in these patients (context [2]). However, the",0.7917
fixed_bm25,fixed,bm25,mistral,Xanthogranulomatous cholecystitis: a premalignant condition?,no,maybe,0,1,generation_failure,"xanthogranulomatous cholecystitis ( xgc ) is an uncommon variant of chronic cholecystitis, characterized by marked thickening of the gallbladder wall and dense local adhesions. it often mimics a gallbladder carcinoma ( gbc ), and may coexist with gbc, leading to a diagnostic dilemma. furthermore, the premalignant nature of this entity is not known. this study was undertaken to assess the p53, pcna and beta - catenin expression in xgc in comparison to gbc and chronic inflammation. p53 mutation was positive in 52 % of gbc cases and 3 % of xgc, but was not expressed in chronic cholecystitis and control gallbladders. p53 expression was lower in xgc than in gbc ( p < 0. 0001 ). pcna expression was seen in 65 % of gbc cases and 11 % of xgc, but not in chronic cholecystitis and control gallbladders. pcna expression was higher in gbc than xgc ( p = 0. 0001 ), but there was no significant difference between the xgc, chronic cholecystitis and control gallbladder groups. beta - catenin expression was positive in the gbc, xgc, chronic cholecystitis and control gallbladder groups. but the expression pattern in xgc, chronic cholecystitis and control gallbladders was homogenously membranous, whereas in gbc the membranous expression pattern was altered to cytoplasmic and nuclear. a 4×2 factorial multivariate analysis of variance revealed that pregnant women rated the double awkward condition as significantly more complex than the double fluent ( p =. 024 ) and awkward title - fluent font ( p =. 021 ) conditions. using a 5 - point rating scale, safety ratings for vehicular gaps of different durations were measured along a two - lane street of one - way traffic without a traffic signal. safety ratings were collected from 12 normally sighted, 10 visually impaired, and 10 blind subjects for eight different gap times under three sensory conditions : ( 1 ) visual plus auditory information, ( 2 ) visual information only, and ( 3 ) auditory information only. accuracy and reliability in street crossing decision - making were calculated for each subject under each sensory condition. we found that normally sighted and visually impaired pedestrians were accurate and reliable in their street crossing decision - making ability when using either vision plus hearing or vision only ( p > 0. 05 ). under the hearing only condition, all subjects were reliable ( p > 0. 05 ) but inaccurate with their street crossing decisions ( p < 0. 05 ). compared to either the normally sighted ( p = 0. 018 ) or visually impaired subjects ( p = 0. 019 ), blind subjects were the least accurate with their street crossing decisions under the hearing only condition.","Maybe

Justification: The study suggests that the premalignant nature of xanthogranulomatous cholecystitis is not known, as stated in the context. However, the data shows a higher p53 mut",0.4706
fixed_bm25,fixed,bm25,mistral,Does TDP-43 type confer a distinct pattern of atrophy in frontotemporal lobar degeneration?,yes,yes,1,1,success,"to determine whether tdp - 43 type is associated with distinct patterns of brain atrophy on mri in subjects with pathologically confirmed frontotemporal lobar degeneration ( ftld ). twenty - two subjects were classified as ftld - tdp type 1, 9 as type 2, and 11 as type 3. we identified different patterns of atrophy across the types with type 1 showing frontotemporal and parietal atrophy, type 2 predominantly anterior temporal lobe atrophy, and type 3 predominantly posterior frontal atrophy. within the ftld - tdp type 1 group, those with a progranulin mutation had significantly more lateral temporal lobe atrophy than those without. all type 2 subjects were diagnosed with semantic dementia. subjects with a pathologic diagnosis of ftld with motor neuron degeneration had a similar pattern of atrophy, regardless of whether they were type 1 or type 3. in this case - control study, we identified all subjects with a pathologic diagnosis of ftld with tdp - 43 immunoreactive inclusions ( ftld - tdp ) and at least one volumetric head mri scan ( n = 42 ). in each case we applied published criteria for subclassification of ftld - tdp into ftld - tdp types 1 - 3. voxel - based morphometry was used to compare subjects with each of the different ftld - tdp types to age - and gender - matched normal controls ( n = 30 ). we also assessed different pathologic and genetic variants within, and across, the different types. of the 43 patients included in the study, 38 were male, 5 were female, and the average age was 24. 9. the average intervention time of the patients was 5. 44 days. twenty - eight ( 65 % ) of 43 patients were satisfied with the result, whereas 15 ( 35 % ) patients were not happy with their operation. in a comparison of patient satisfaction rates according to fracture type, the mild fracture group had a higher satisfaction rate compared to the severe fracture group. before tbs, the gross classification of the 62 patients was as follows : type a, 9 patients ; type b, none ; type c, 51 patients. at tbs, however, 3 of 9 type a patients had an unsuspected proximal fistula ( type b ). these 3 patients, plus the 2 with h - type fistula, were repaired through a cervical approach. in 4 patients, previously undetected malformations of the respiratory tree ( 2 aberrant right upper bronchus and 2 hypoplastic bronchi ) were found at tbs. carinal fistulas in 14 type c patients were occluded by fogarty catheter to improve ventilation during repair. no complications were observed. overall, tbs was clinically useful in 28 ( 45. 2 % ) of 62 patients, including 15 ( 24. 2 % ) of 62 infants in whom it was crucial in modifying the surgical approach.","Yes

Justification: The context states that different patterns of atrophy were identified across the TDP-43 types with Type 1 showing frontotemporal and parietal atrophy, Type 2 predominantly anterior temporal",0.8095
fixed_bm25,fixed,bm25,mistral,Is oncoplastic surgery a contraindication for accelerated partial breast radiation using the interstitial multicatheter brachytherapy method?,maybe,no,0,1,generation_failure,"to evaluate accelerated partial breast irradiation ( apbi ) in patients after oncoplastic surgery for early breast cancer. clinically positive axillary nodes are widely considered a contraindication to sentinel lymph node ( sln ) biopsy in breast cancer, yet no data support this mandate. in fact, data from the era of axillary lymph node dissection ( alnd ) suggest that clinical examination of the axilla is falsely positive in as many as 30 % of cases. here we report the results of sln biopsy in a selected group of breast cancer patients with palpable axillary nodes classified as either moderately or highly suspicious for metastasis. a retrospective analysis of 136 breasts of 134 patients, who received breast - conserving oncoplastic surgery for low - risk breast cancer between 2002 and 2010 in the universities of vienna and luebeck followed by adjuvant apbi applying total doses of pulse dose rate of 50. 4 gy or high - dose rate ( hdr ) of 32 gy over 4 days. target volume definition was performed by the use of surgical - free margin data, related to intraoperatively fixed clip positions, pre - and postoperative imaging, and palpation. reproducibility was assessed using the bland - altman method. breast cancer is the most common malignancy afflicting women, and the most common cancer overall in jordan. a woman ' s decision to go for screening is influenced by her social support network. this study aims to explore jordanian men ' s individual and contextual perspectives on women ' s breast cancer and their own role in the breast health of the females within their families.","No

Justification: The context does not mention oncoplastic surgery as a contraindication for accelerated partial breast radiation using the interstitial multicatheter brachytherapy method. Instead, it discuss",0.4737
fixed_bm25,fixed,bm25,mistral,"Diagnostic characteristics of child bipolar I disorder: does the ""Treatment of Early Age Mania (team)"" sample generalize?",yes,maybe,0,1,generation_failure,"to examine the representativeness of a randomized controlled trial ( rct ) sample versus one obtained by consecutive new case ascertainment, for subjects with child bipolar i disorder. subjects ( n = 247 ) were outpatients who participated in either the national institute of mental health - funded phenomenology and course of pediatric bipolar disorders study or the treatment of early age mania ( team ) study. both studies required that subjects have current dsm - iv bipolar i disorder ( manic or mixed phase ) and a children ' s global assessment scale ( cgas ) score < or = 60. all subjects had elation and / or grandiosity. subjects in the phenomenology study were obtained from 1995 to 1998 by consecutive new case ascertainment from designated pediatric and psychiatric facilities. subjects in the team rct were recruited from media and community sources between march 2003 and march 2005. assessment instruments included the washington university in st. louis kiddie schedule for affective disorders and schizophrenia, given separately to parents about their children and to children about themselves, and the cgas. logistic regression was used for comparisons. the team and phenomenology groups were similar in age ( 10. 4 [ sd = 2. 3 ], 10. 9 [ sd = 2. 3 ] years, respectively ) and other demography. both had long current episode duration ( 4. 8 [ sd = 2. 4 ], 3. 2 [ sd = 2. 3 ] years ) and low lifetime use of any mood stabilizer ( 23. 6 %, 35. 0 % ). many mania symptoms and ultradian rapid cycling, psychosis, and suicidality were significantly more prevalent in the rct sample. to examine family - based transmission of the number of 5 ' flanking arginine vasopressin v1a receptor ( avpr1a ) microsatellites, which include [ ( gata ) ( 14 ) ] and complex [ ( ct ) ( 4 ) - tt - ( ct ) ( 8 ) - ( gt ) ( 24 ) ] repeats, in probands with a prepubertal and early adolescent bipolar disorder phenotype ( pea - bp ). preferential transmission of the number of avpr1a microsatellite repeats to hypersexual and uninhibited people - seeking probands was hypothesized, based on reports from preclinical work in the literature. mechanically ventilated patients experience profound stress. interventions are needed to ameliorate stress that does not cause adverse effects. the purpose of this study was to explore the influence of music on stress in a sample of patients over the duration of ventilatory support. research methodology /","Maybe

Justification: The ""Treatment of Early Age Mania (team)"" sample and the ""phenomenology"" sample are similar in age and other demographics, but the ""team"" sample has more prevalence of",0.7143
fixed_bm25,fixed,bm25,mistral,Estimation of basal metabolic rate in Chinese: are the current prediction equations applicable?,yes,maybe,0,1,generation_failure,"measurement of basal metabolic rate ( bmr ) is suggested as a tool to estimate energy requirements. therefore, bmr prediction equations have been developed in multiple populations because indirect calorimetry is not always feasible. however, there is a paucity of data on bmr measured in overweight and obese adults living in asia and equations developed for this group of interest. the aim of this study was to develop a new bmr prediction equation for chinese adults applicable for a large bmi range and compare it with commonly used prediction equations. published government tobacco tax documentation and statistics published by the chinese stma are used to analyse the interrelations among industry profits, taxes and retail price of cigarettes in china. the clinical pregnancy rate was significantly higher in the group with baseline antral follicle > 6 compared to that in the group with antral follicle < or = 6 ( 51 % vs. 19 %, respectively ). controlling for patient age, and basal follicle stimulated hormone, the pregnancy rate was significantly higher in the group with antral follicle > 6 compared to that in the group with antral follicle < or = 6. the cancellation rate was significantly increased with advancing maternal age, elevated basal follicle stimulated hormone levels, and baseline antral follicle < or = 6. the cancellation rate was significantly higher in the group with antral follicle < or = 6 compared to that in the group with antral follicle > or = 6 ( 33 % vs. 1 %, respectively ). to explore whether electrochemiluminescence ( ecl ) assays can help improve prediction of time to type 1 diabetes in the trialnet autoantibody - positive population. , with no difference before or after completion of the pep. where a problem in uterine growth was detected, an appropriate response occurred in 0 - 8 % of patients and no difference before or after completion of the pep was ascertained. in all groups, estimation of fetal weight and pelvimetry were seldom performed, the urine and fetal heart rate documentation were moderately well done and the blood pressure monitoring, assessment of head above pelvis, monitoring of contractions and plotting of cervical dilatation were usually performed. no differences before or after the pep were detected. where problems were detected, appropriate actions taken during labour improved, but not significantly.","Maybe

Justification: The context mentions that there is a paucity of data on BMR measured in overweight and obese adults living in Asia, and equations developed for this group of interest. Therefore, the current prediction equations may",0.7273
fixed_bm25,fixed,bm25,mistral,Does rugby headgear prevent concussion?,maybe,maybe,1,1,success,"although the players tended to believe that the headgear could prevent concussion ( 62 % ), the coaches were less convinced ( 33 % ). despite the players ' belief that headgear offers protection against concussion, only a minority reported wearing headgear ( 27 % ) and few ( 24 % ) felt that its use should be made mandatory. common reasons for not wearing headgear were "" its use is not mandatory "", "" it is uncomfortable "", and "" it costs too much "". a questionnaire designed to assess attitudes to headgear was administered to 63 players from four different canadian teams, each representing a different level of play ( high school, university, community club, national ). in addition, coaches from all four levels were questioned about team policies and their personal opinions about the use of headgear to prevent concussion. to examine the attitudes of players and coaches to the use of protective headgear, particularly with respect to the prevention of concussion. several studies have shown associations between hyperglycemia and risk of cardiovascular disease ( cvd ) and mortality, yet glucose - lowering treatment does little to mitigate this risk. we examined whether associations between hyperglycemia and cvd risk were explained by underlying insulin resistance. mechanically ventilated patients experience profound stress. interventions are needed to ameliorate stress that does not cause adverse effects. the purpose of this study was to explore the influence of music on stress in a sample of patients over the duration of ventilatory support. research methodology /","Maybe

Justification: The questionnaire shows that players tend to believe that headgear can prevent concussion, but only a minority reported wearing headgear and few felt that its use should be made mandatory, suggesting that the players'",0.7391
fixed_bm25,fixed,bm25,mistral,Spinal subdural hematoma: a sequela of a ruptured intracranial aneurysm?,yes,yes,1,1,success,"a case of spinal subdural hematoma ( ssdh ) following subarachnoid hemorrhage ( sah ) because of a ruptured internal carotid aneurysm is described. such a case has never been reported. a 52 - year - old woman underwent a craniotomy for a ruptured internal carotid aneurysm. a computed tomography scan showed that sah existed predominantly in the posterior fossa and subdural hematoma beneath the cerebellar tentorium. intrathecal administration of urokinase, iv administration of fasudil hydrochloride, and continuous cerebrospinal fluid ( csf ) evacuation via cisternal drainage were performed as prophylactic treatments for vasospasm. on the sixth postoperative day, the patient complained of severe lower back and buttock pain. magnetic resonance imaging showed a subdural hematoma in the lumbosacral region. although the mass effect was extensive, the patient showed no neurologic symptoms other than the sciatica. she was treated conservatively. the hematoma dissolved gradually and had diminished completely 15 weeks later. her pain gradually subsided, and she was discharged 7 weeks later without any neurologic deficit. the rate of aortic aneurysm rupture correlates with the aneurysm ' s diameter, and a higher rate of rupture is observed in patients with larger aneurysms. according to the literature, contradictory results concerning the relationship between atmospheric pressure and aneurysm size have been reported. aim : in this paper, we assessed the influence of changes in atmospheric pressure on abdominal aneurysm ruptures in relationship to the aneurysm ' s size. there were no statistically significant differences in pressure between the days of rupture and the remainder of the days within an analysed period. the highest frequency of the admission of patients with a ruptured aortic aneurysm was observed during periods of winter and spring, when the highest mean values of atmospheric pressure were observed ; however, this observation was not statistically confirmed. a statistically non - significant trend towards the higher rupture of large aneurysms ( > 7 cm ) was observed in the cases where the pressure increased between the day before the rupture and the day of the rupture. this trend was particularly pronounced in patients suffering from hypertension ( p = 0. 1 ). the records of 223 patients with ruptured abdominal aneurysms were evaluated. all of the patients had been admitted to the department in the period 1997 - 2007 from the silesia region. the atmospheric pressures on the day of the rupture and on the days both before the rupture and between the rupture events were compared. the size of the aneurysm was also considered in the analysis.","Yes

Justification: The provided context describes a case of spinal subdural hematoma following a ruptured internal carotid aneurysm ([1] and [2]).",0.6250
fixed_bm25,fixed,bm25,mistral,Can shape analysis differentiate free-floating internal carotid artery thrombus from atherosclerotic plaque in patients evaluated with CTA for stroke or transient ischemic attack?,yes,yes,1,1,success,"patients presenting with transient ischemic attack or stroke may have symptom - related lesions on acute computed tomography angiography ( cta ) such as free - floating intraluminal thrombus ( fft ). it is difficult to distinguish fft from carotid plaque, but the distinction is critical as management differs. by contouring the shape of these vascular lesions ( "" virtual endarterectomy "" ), advanced morphometric analysis can be performed. the objective of our study is to determine whether quantitative shape analysis can accurately differentiate fft from atherosclerotic plaque. extracranial internal carotid artery stenosis is a risk factor for perioperative stroke in patients undergoing coronary artery bypass surgery ( cab ). although selective and non - selective methods of preoperative carotid screening have been advocated, it remains unclear if this screening is clinically relevant. aim : to test whether selective carotid screening is as effective as non - selective screening in detecting significant carotid disease. medicare part a beneficiaries had more chronic conditions on average in 2010 than in 2008. the percentage increase in the average number of chronic conditions was larger for dual - eligible beneficiaries ( 2. 8 % ) than for nondual - eligible beneficiaries ( 1. 2 % ). the prevalence of some chronic conditions, such as congestive heart failure, ischemic heart disease, and stroke / transient ischemic attack, decreased. the deterioration of average health was due to other chronic conditions : chronic kidney disease, depression, diabetes, osteoporosis, rheumatoid arthritis / osteoarthritis. trends in alzheimer ' s disease, cancer, and chronic obstructive pulmonary disease showed differences by sex or dual eligibility or both. the case records of patients consecutively undergoing cab were reviewed. patients were stratified retrospectively into high - or low - risk groups according to risk factors for significant carotid stenosis and perioperative stroke : peripheral vascular disease ( pvd ), carotid bruit, diabetes mellitus, age > 70 years and / or history of cerebrovascular disease. prevalence of carotid stenosis detected by ultrasonography, surgical management and perioperative stroke rates were determined in each group. we collected 23 consecutive cases of suspected carotid fft seen on cta ( 13 men, 65 ± 10 years ; 10 women, 65. 5 ± 8. 8 years ). true - positive fft cases ( fft + ) were defined as filling defects resolving with anticoagulant therapy versus false - positives ( fft - ), which remained unchanged. lesion volumes were extracted from cta images and quantitative shape descriptors were computed. the five most discriminative features were used to construct receiver operator characteristic ( roc ) curves and to generate three machine - learning classifiers. average classification accuracy was determined by cross - validation.","Yes

Justification: The objective of the study is to determine whether quantitative shape analysis can accurately differentiate free-floating internal carotid artery thrombus from atherosclerotic plaque (context [1",0.8696
fixed_bm25,fixed,bm25,mistral,Dementia and aphasia in motor neuron disease: an underrecognised association?,yes,maybe,0,1,generation_failure,"to determine the prevalence and nature of global cognitive dysfunction and language deficits in an unselected population based cohort of patients with motor neuron disease ( mnd ). a battery of neuropsychological and language tests was administered to patients presenting consecutively over a 3 year period to a regional neurology service with a new diagnosis of sporadic motor neuron disease. twenty - two subjects were classified as ftld - tdp type 1, 9 as type 2, and 11 as type 3. we identified different patterns of atrophy across the types with type 1 showing frontotemporal and parietal atrophy, type 2 predominantly anterior temporal lobe atrophy, and type 3 predominantly posterior frontal atrophy. within the ftld - tdp type 1 group, those with a progranulin mutation had significantly more lateral temporal lobe atrophy than those without. all type 2 subjects were diagnosed with semantic dementia. subjects with a pathologic diagnosis of ftld with motor neuron degeneration had a similar pattern of atrophy, regardless of whether they were type 1 or type 3. individuals aged 55 and older without dementia. to investigate whether problems in instrumental activities of daily living ( iadl ) can add to conventionally used clinical measurements in helping to predict a diagnosis of dementia at 1 - and 2 - year follow - up.","Maybe

Justification: The context does not definitively confirm or deny the association between dementia and aphasia in motor neuron disease. However, it does mention that some type 2 subjects were diagnosed with semantic dementia",0.4091
fixed_bm25,fixed,bm25,mistral,Does solid culture for tuberculosis influence clinical decision making in India?,maybe,yes,0,1,generation_failure,"to investigate the impact of solid culture on lowenstein - jensen medium on clinical decision making. in a retrospective review of 150 culture - positive and 150 culture - negative consecutively sampled tuberculosis ( tb ) suspects, treatment decisions were analysed at presentation, after the availability of culture detection results and after the availability of drug susceptibility testing ( dst ) culture results. we lacked data regarding patient and physician decision making and surgeon - specific factors. a total of 124 ( 82. 7 % ) culture - positive patients and 35 ( 23. 3 % ) culture - negative patients started anti - tuberculosis treatment prior to receiving their culture results ; 101 patients ( 33. 7 % ) returned for their results ; two ( 1. 3 % ) initiated treatment based on positive culture and no culture - negative patients discontinued treatment. dst was performed on 119 ( 79. 3 % ) positive cultures : 30 ( 25. 2 % ) showed any resistance, eight ( 6. 7 % ) showed multidrug resistance and one ( 0. 84 % ) showed extensively drug - resistant tb. twenty - eight patients ( 23. 5 % ) returned for their dst results. based on dst, treatment was modified in four patients ( 3. 4 % ). medical units at an academic tertiary referral hospital in southern india.","Yes

Justification: The data shows that 82.7% of culture-positive patients started anti-tuberculosis treatment prior to receiving their culture results, indicating that the solid culture for tuberculosis influenced clinical decision",0.7727
fixed_bm25,fixed,bm25,mistral,Diffusion-weighted echo-planar MR imaging of primary parotid gland tumors: is a prediction of different histologic subtypes possible?,yes,maybe,0,1,generation_failure,"our aim was to determine the value of echo - planar diffusion - weighted mr imaging ( epidwi ) in differentiating various types of primary parotid gland tumors. one hundred forty - nine consecutive patients with suspected tumors of the parotid gland were examined with an epidwi sequence by using a 1. 5t unit. image analysis was performed by 2 radiologists independently, and the intraclass correlation coefficient was computed. histologic diagnosis was obtained in every patient. for comparison of apparent diffusion coefficients ( adcs ), a paired 2 - tailed student t test with a bonferroni correction was used. in 136 patients, a primary parotid gland tumor was confirmed by histology. among the observers, a high correlation was calculated ( 0. 98 ). adc values of pleomorphic adenomas were significantly higher than those of all other entities, except for myoepithelial adenomas ( p =. 054 ). adc values of warthin tumors were different from those of myoepithelial adenomas, lipomas, and salivary duct carcinomas ( p <. 001, 0. 013, and. 037, respectively ). mucoepidermoid carcinomas, acinic cell carcinomas, and basal cell adenocarcinomas were not differentiable from warthin tumors ( p =. 094,. 396, and. 604, respectively ). the most common primary brain tumors in children and adults are of astrocytic origin. classic histologic grading schemes for astrocytomas have included evaluating the presence or absence of nuclear abnormalities, mitoses, vascular endothelial proliferation, and tumor necrosis. measurement of basal metabolic rate ( bmr ) is suggested as a tool to estimate energy requirements. therefore, bmr prediction equations have been developed in multiple populations because indirect calorimetry is not always feasible. however, there is a paucity of data on bmr measured in overweight and obese adults living in asia and equations developed for this group of interest. the aim of this study was to develop a new bmr prediction equation for chinese adults applicable for a large bmi range and compare it with commonly used prediction equations.","Maybe

Justification: The provided context shows that diffusion-weighted echo-planar MR imaging (epidwi) can differentiate some histologic subtypes of primary parotid gland tumors, such as pleomorphic",0.5652
fixed_bm25,fixed,bm25,mistral,Is there a role for endothelin-1 in the hemodynamic changes during hemodialysis?,maybe,yes,0,1,generation_failure,"the etiology of hemodialysis ( hd ) - induced hypotension and hypertension remains speculative. there is mounting evidence that endothelin - 1 ( et - 1 ) may play a vital role in these hemodynamic changes. we examined the possible role of intradialytic changes of et - 1 in the pathogenesis of hypotension and rebound hypertension during hd. a total of 2001 new melanomas presented from 2003 to 2012 ( male : female = 1 : 1. 062 ). the average yearly number of melanomas was 200. 1 ( range = 138 - 312 ). the mean age was 62. 5 years ( range 12 - 99 ). data was analysed using a chi² test. for 0 - 1 mm melanomas, there is a significant difference in the observed versus expected values over the 10 years ( p = 0. 0018 ). there is an increasing proportion of 0 - 1 mm ( thin ) melanomas presenting year on year, with a positive linear trend. this is very statistically significant ( p < 0. 0001 ). the 1 - 2 mm melanomas are decreasing in proportion with a negative linear trend ( p = 0. 0013 ). the 2 - 4 mm are also decreasing in proportion ( p = 0. 0253 ). there is no significant change in the thick > 4 mm melanomas ( p = 0. 1456 ). programmed cell death ( pcd ) is the regulated death of cells within an organism. the lace plant ( aponogeton madagascariensis ) produces perforations in its leaves through pcd. the leaves of the plant consist of a latticework of longitudinal and transverse veins enclosing areoles. pcd occurs in the cells at the center of these areoles and progresses outwards, stopping approximately five cells from the vasculature. the role of mitochondria during pcd has been recognized in animals ; however, it has been less studied during pcd in plants. the present study included 45 patients with end - stage renal disease ( esrd ) on regular hd. they were divided according to their hemodynamic status during hd into three groups ( group i had stable intradialytic hemodynamics, group ii had dialysis - induced hypotension, and group iii had rebound hypertension during hd ). in addition, 15 healthy volunteers were included as a control group. pulse and blood pressure were monitored before, during ( every half hour ), and after hd session. et - 1 level was measured at the beginning, middle, and end of hd. et - 1 was measured in the control group for comparison. the three midwife obstetric units ( mous ) in a health district of mpumalanga were included in the study. two mous enrolled in the pep and the third did not. a ' before - and - after ' study design was used to assess any changes in practice, and to monitor whether any changes occurred in the district during the time of the study ; data were also collected at the third mou. data were collected by scoring of the obstetric files after the patient had delivered.","Yes

Justification: The context states that the study examined the possible role of intradialytic changes of endothelin-1 in the pathogenesis of hypotension and rebound hypertension during hemodialysis (",0.7778
fixed_bm25,fixed,bm25,mistral,Do risk factors for suicidal behavior differ by affective disorder polarity?,no,maybe,0,1,generation_failure,"after controlling for age of onset, there were no differences in prior suicide attempts by polarity although bipolar participants had more prior severe attempts. during follow - up, 40 cycles ended in suicide and 384 cycles contained at least one suicide attempt. age, hopelessness and active substance abuse but not polarity predicted suicidal behavior. the effects of risk factors did not differ by polarity. participants with major affective disorders in the national institute of mental health ( nimh ) collaborative depression study ( cds ) were followed prospectively for up to 25 years. a total of 909 participants meeting prospective diagnostic criteria for major depressive and bipolar disorders were followed through 4204 mood cycles. suicidal behavior was defined as suicide attempts or completions. mixed - effects, grouped - time survival analysis assessed risk of suicidal behavior and differential effects of risk factors for suicidal behavior by polarity. in addition to polarity, the main effects of age, gender, hopelessness, married status, prior suicide attempts and active substance abuse were modeled, with mood cycle as the unit of analysis. suicide is a leading cause of death and has been strongly associated with affective disorders. the influence of affective disorder polarity on subsequent suicide attempts or completions and any differential effect of suicide risk factors by polarity were assessed in a prospective cohort. do preresidency selection factors serve as predictors of success in residency? specifically, we asked which preresidency selection factors are associated or correlated with ( 1 ) objective measures of resident knowledge and performance ; and ( 2 ) subjective ratings by faculty. using a questionnaire we investigated in a cross - sectional study the prevalence of pain, duration of pain, impairment and unfitness for work due to pain in 106 patients primarily diagnosed with a psychiatric disorder in the field of general adult psychiatry. potential risk factors were explored.","Maybe

Justification: The context states that the effects of risk factors did not differ by polarity, but it does not rule out the possibility that some specific risk factors may differ by polarity.",0.3529
fixed_bm25,fixed,bm25,mistral,Multidisciplinary breast cancer clinics. Do they work?,yes,yes,1,1,success,"in an attempt to improve the care they provide for their patients with breast cancer, the authors ' institution developed a multidisciplinary breast cancer clinic ( mdbcc ) to offer "" one - stop shopping "" consultation and support for newly diagnosed breast cancer patients. treatment delays in breast cancer are generally thought to affect prognosis but the impact on survival remains unclear. indicators for breast cancer care include time to primary treatment. the purpose of this study was to evaluate whether time to primary treatment ( tpt ) in breast cancer impacts survival. to evaluate accelerated partial breast irradiation ( apbi ) in patients after oncoplastic surgery for early breast cancer. breast cancer is the most common malignancy afflicting women, and the most common cancer overall in jordan. a woman ' s decision to go for screening is influenced by her social support network. this study aims to explore jordanian men ' s individual and contextual perspectives on women ' s breast cancer and their own role in the breast health of the females within their families. we carried out a population - based cohort study in sweden based on the nationwide multi - generation register. among all women with breast cancer diagnosed from 1961 to 2001, 2, 787 mother - daughter pairs and 831 sister pairs with breast cancer were identified ; we achieved complete follow - up and classified 5 - year breast cancer - specific prognosis among proband ( mother or oldest sister ) into tertiles as poor, intermediary, or good. we used kaplan - meier estimates of survival proportions and cox models to calculate relative risks of dying from breast cancer within 5 years depending on the proband ' s outcome.","Yes

Justification: The context states that the institution developed a multidisciplinary breast cancer clinic to improve the care they provide for their patients with breast cancer, implying that it is working.",0.6667
fixed_bm25,fixed,bm25,mistral,Is the international normalised ratio (INR) reliable?,maybe,yes,0,1,generation_failure,"the brain - dead donor supply has become one of the criteria limiting the performance of heart transplantation. conventional screening criteria are too limiting and exclude suitable heart donors. echocardiography is now widely available and is a reliable tool to assess left ventricular dysfunction in brain - dead donors. yet few data are available on the degree of left ventricular dysfunction where a transplantation is possible. as part of an mrc funded study into primary care oral anticoagulation management, inr measurements obtained in general practice were validated against values on the same samples obtained in hospital laboratories. a prospective comparative trial was undertaken between three hospital laboratories and nine general practices. all patients attending general practice based anticoagulant clinics had parallel inr estimations performed in general practice and in a hospital laboratory. we found that normally sighted and visually impaired pedestrians were accurate and reliable in their street crossing decision - making ability when using either vision plus hearing or vision only ( p > 0. 05 ). under the hearing only condition, all subjects were reliable ( p > 0. 05 ) but inaccurate with their street crossing decisions ( p < 0. 05 ). compared to either the normally sighted ( p = 0. 018 ) or visually impaired subjects ( p = 0. 019 ), blind subjects were the least accurate with their street crossing decisions under the hearing only condition. the use of three - dimensional ( 3d ) ultrasound may help to determine the exact position of the needle during breast biopsy, thereby reducing the number of core samples that are needed to achieve a reliable histological diagnosis. the aim of this study was to demonstrate the efficacy of 3d ultrasound - validated large - core needle biopsy ( lcnb ) of the breast. reliable longitudinal data of patients with functional somatic symptoms in general practice are lacking.","Yes

Justification: The context states that the INR measurements obtained in general practice were validated against values on the same samples obtained in hospital laboratories ([2]).",0.7059
fixed_bm25,fixed,bm25,mistral,"Are there associations of health status, disease activity and damage in SLE patients?",yes,yes,1,1,success,"a cross sectional study of 38 patients fulfilling the classification criteria for sle. the patients visited a rheumatology outpatient clinic in switzerland between january 2002 and december 2004. the last assessment during this period was used for the study. the assessment included, besides demographic data, the measurement of disease activity using the bilag index, the measurement of disease damage using the slicc / acr damage index ( sdi ), as well as the patient ' s self assessed health status using the patient ' s questionnaire medical outcome survey short form 36 ( sf - 36 ). a total of 36 women and 2 men were included in the study ( median age : 43 yrs, median disease duration : 11 yrs ). increased disease activity ( total bilag ) was shown to be significantly correlated with reduced physical function. a greater damage ( total sdi ) correlated significantly with reduced role function due to emotional limitations. neither age nor disease duration showed any significant correlation with health status in this study. associations between blood pressure and chronic low back pain were explored in the cross - sectional hunt 2 survey of a norwegian county in 1995 - 1997, including 39, 872 individuals who never used antihypertensive medication. a prospective study, comprising 17, 209 initially back pain - free individuals and 5740 individuals reporting low back pain, was established by re - examinations in the hunt 3 survey in 2006 - 2008. associations were assessed by logistic regression with respect to systolic, diastolic and pulse pressure, with adjustment for education, work status, physical activity, smoking, body mass and lipid levels. there has never been a nationally representative survey of medical students ' personal health - related practices, although they are inherently of interest and may affect patient - counseling practices. this study evaluated the health practices and the vaccination status of first year residents working at the academic hospital hotel - dieu de france. overall, 25 ( 33 % ) patients concluded the study early, eight ( 21 % ) in the group remaining on fa and 17 ( 46 % ) in the placebo group ( p = 0. 02 ). two patients in the placebo group discontinued because of neutropenia. at 9 months there was an increased incidence of nausea in the placebo group ( 45 vs. 7 %, p = 0. 001 ). the placebo group had significantly lower disease activity on a few of the variables measured, but these were probably not of clinical significance.","Yes

Justification: The provided context mentions a significant correlation between increased disease activity (total bilag) and reduced physical function, and a greater damage (total sdi) correlating significantly with reduced role function due to emotional limitations in the",0.7600
fixed_bm25,fixed,bm25,mistral,PSA repeatedly fluctuating levels are reassuring enough to avoid biopsy?,no,maybe,0,1,generation_failure,"prostate - specific antigen ( psa ) levels can show wide fluctuations when repeatedly measured. here we investigatewd if : ( a ) biopsy timing influences the prostate cancer ( pc ) detection rate in patients with fluctuating psa ( flu - psa ) in comparison with patients with steadily increasing psa ( si - psa ) ; ( b ) psa slope estimated in patients with flu - psa predicts a different risk of cancer detection ; ( c ) flu - psa and si - psa patients develop pc in topographically different sites ; ( d ) the behaviour of pre - operative psa is an expression of a disease with defferent characteristics to the following radical prostatectomy. the study involved 211 patients who underwent at least a second biopsy after a first negative prostate biopsy. psa slope, psa velocity ( psav ) and psa doubling time ( psadt ) were estimated. flu - psa level was defined as a psa series with at least one psa value lower than the one immediately preceding it. 82 patients had flu - psa levels and 129 si - psa levels. there were no significant differences between the two groups in terms of cancer detection, clinical or pathological stage, but the si - psa group with cancer had a higher gleason score. no difference was found for psa slope between flu - psa patients with cancer and those without. the use of three - dimensional ( 3d ) ultrasound may help to determine the exact position of the needle during breast biopsy, thereby reducing the number of core samples that are needed to achieve a reliable histological diagnosis. the aim of this study was to demonstrate the efficacy of 3d ultrasound - validated large - core needle biopsy ( lcnb ) of the breast. to examine the ability of various postoperative nomograms to predict prostate cancer - specific mortality ( pcsm ) and to validate that they could predict aggressive biochemical recurrence ( bcr ). prostate - specific antigen ( psa ), grade, and stage are the classic triad used to predict bcr after radical prostatectomy ( rp ). multiple nomograms use these to predict risk of bcr. a previous study showed that several nomograms could predict aggressive bcr ( prostate - specific antigen doubling time [ psadt ] < 9 months ) more accurately than bcr. however, it remains unknown if they can predict more definitive endpoints, such as pcsm.","Maybe

Justification: The context does not provide enough information to definitively say whether PSA repeatedly fluctuating levels are reassuring enough to avoid biopsy. The study in the context shows that patients with fluctuating PSA levels",0.3500
fixed_bm25,fixed,bm25,mistral,Is zero central line-associated bloodstream infection rate sustainable?,yes,yes,1,1,success,"adoption and implementation of evidence - based measures for catheter care leads to reductions in central line - associated bloodstream infection ( clabsi ) rates in the nicu. the purpose of this study is to evaluate whether this rate reduction is sustainable for at least 1 year and to identify key determinants of this sustainability at the nicu of the floating hospital for children at tufts medical center. adoption of standardized care practices, including bundles and checklists, was associated with a significant reduction of the clabsi rate to zero for > 370 consecutive days in our nicu in 2012. overall, our clabsi rates decreased from 4. 1 per 1000 line days in 2009 ( 13 infections ; 3163 line days ) to 0. 94 in 2013 ( 2 infections ; 2115 line days ), which represents a 77 % reduction over a 5 - year period. in the first quarter of 2013, there was a brief increase in clabsi rate to 3. 3 per 1000 line days ; after a series of interventions, the clabsi rate was maintained at zero for > 600 days. ongoing training, surveillance, and vigilance with catheter insertion and maintenance practices and improved documentation were identified as key drivers for success. the relationship between the use of an endoscope during ventriculoperitoneal shunt ( vps ) procedures and infection remains poorly defined. in this study, we sought to analyze whether the simultaneous use of an endoscope could in fact increase the infection rate associated with vps procedures. using the gbsr, data from 5. 400 lsgs were considered for analysis. staple line leak rate decreased during the study period from 6. 5 to 1. 4 %. male gender, higher bmi, concomitant sleep apnea, conversion to laparotomy, longer operation time, use of both buttresses and oversewing, and the occurrence of intraoperative complications were associated with a significantly higher leakage rate. on multivariate analysis, operation time and year of procedure only had a significant impact on staple line leak rate. spine surgeons usually shave the skin of the incision site immediately before surgery is performed. however, evidence from some surgical series suggests that presurgical shaving may increase the postsurgical infection rate. to our knowledge, no previously published studies have addressed this issue.","Yes

Justification: The context states that the clabsi rate was maintained at zero for > 600 days after a series of interventions ([2]).",0.7143
fixed_bm25,fixed,bm25,mistral,"Is gastric electrical stimulation superior to standard pharmacologic therapy in improving GI symptoms, healthcare resources, and long-term health care benefits?",yes,maybe,0,1,generation_failure,"to compare symptoms, healthcare resource utilization and costs in two groups of patients with the symptoms of gp : those treated via gastric electrical stimulation ( ges ) and those treated with traditional pharmacological agents in an intensive outpatient program ( med ). severe upper gastrointestinal ( gi ) motor disorders, including gastroparesis ( gp ), can consume significant health care resources. many patients are refractory to traditional drug therapy. governments are urged to determine methods to control the use of medical resources and curb the rise of healthcare costs. the question is, do health behaviors have an impact on the use of medical resources? this study aims to identify and understand the difference in the number of outpatient visits and health examinations based on various health behaviors and to determine whether patients seek medical care for illness from the same physicians. a total of 18 eligible patients with the symptoms of gp reported for 1 - year baseline and long - term treatment for 3 years. six completed pediatric clinical trials met the inclusion criteria. all of the pediatric trials found that prednisone is not superior to dexamethasone in treating mild to moderate asthma exacerbations. meta - analysis demonstrated homogeneity between the dexamethasone and prednisone groups when examining symptomatic return to baseline and unplanned physician revisits after the initial emergency department encounter. some studies found potential additional benefits of dexamethasone, including improved compliance and less vomiting.","Maybe

Justification: The context provides information about a study comparing gastric electrical stimulation (GES) and traditional pharmacological agents in patients with gastroparesis (GP), but it does not directly state that GES",0.5238
fixed_bm25,fixed,bm25,mistral,Should pulp chamber pulpotomy be seen as a permanent treatment?,no,maybe,0,0,retrieval_failure,"warfarin increases both the likelihood and the mortality of intracerebral hemorrhage ( ich ), particularly in patients with a history of prior ich. in light of this consideration, should a patient with both a history of ich and a clear indication for anticoagulation such as nonvalvular atrial fibrillation be anticoagulated? in the absence of data from a clinical trial, we used a decision - analysis model to compare the expected values of 2 treatment strategies - warfarin and no anticoagulation - for such patients. celiac disease ( cd ) is believed to be a permanent intolerance to gluten. a number of patients, however, discontinue the gluten - free diet ( gfd ) without developing symptoms or signs. the aim of our study was to investigate whether cd patients are capable of developing tolerance to gluten. tinnitus can be related to many different aetiologies such as hearing loss or a noise trauma, but it can also be related to the somatosensory system of the cervical spine, called cervicogenic somatic tinnitus ( cst ). case studies suggest a positive effect of cervical spine treatment on tinnitus complaints in patients with cst, but no experimental studies are available. several atypical antipsychotics ( aaps ) are used as second - line agents for treatment resistant depression. aaps can be expensive compared to other treatment options and can cause several side effects. we reviewed charts of 856 patients with hormone receptor - positive nonmetastatic breast cancer seen at our institution between january 1999 and october 2007. a total of 316 patients met the inclusion criteria of treatment with one of the ais for > or = 3 months and availability of a dualenergy x - ray absorptiometry ( dexa ) during this treatment. arthralgia, generalized bone pain and / or myalgia, bone fracture after beginning ais, any tamoxifen treatment, and ca / bis therapy were recorded.","Maybe

Justification: The context does not provide information about the permanency of pulp chamber pulpotomy. It only discusses warfarin, celiac disease, tinnitus, atypical antipsychotics,",0.3158
fixed_bm25,fixed,bm25,mistral,Does transverse apex coincide with coronal apex levels (regional or global) in adolescent idiopathic scoliosis?,no,maybe,0,1,generation_failure,"thirty - three structural curves of 25 consecutive patients scheduled for surgery for thoracic or thoracolumbar scoliosis were analyzed with standing anteroposterior radiographs and computed tomography scans covering the curve apexes and pelvis. thoracic and lumbar curves were evaluated separately for all type ii curves. vertebral rotations were normalized by the rotation of the pelvis. the most rotated vertebral ( or disc ) levels ( transverse apex ) were compared with the regional and global apex levels ( vertebra or disc ) ( coronal apexes ) of the corresponding curves separately. to identify the regional and global apexes of curves in adolescent idiopathic scoliosis and to compare the levels of those with the most rotated vertebral levels on computed tomography scans. regional and global apexes were at the same level in 18 ( 54. 5 % ) curves, and within half a level in another 15 ( 45. 4 % ), and the regional apex was one level higher in two curves ( 95 % confidence levels : - 0. 82, + 0. 88 ). comparison of the most rotated levels with regional and global apex levels revealed a higher variability, extending up to two levels for the global apex ( 95 % confidence levels : - 1. 19, + 1. 54 levels for the global and - 1. 0, + 1. 41 levels for the regional apexes ). the terminology regarding the terms and definitions had been arbitrary until being refined and standardized by the scoliosis research society working group on three - dimensional terminology of spinal deformity. apical vertebra or disc is defined as the most laterally deviated vertebra or disc in a scoliosis curve, but the most rotated vertebra ( or disc ) has not been included in this terminology. one study suggested that the most rotated vertebral level was always located at the apex. patients ( n = 44 ) with idiopathic pd.","Maybe

Justification: The study shows that in 18 out of 25 cases, the regional and global apexes were at the same level, and in another 15 cases, they were within half a level.",0.6667
fixed_bm25,fixed,bm25,mistral,Does the Child Health Computing System adequately identify children with cerebral palsy?,no,maybe,0,1,generation_failure,"this paper assesses the usefulness of the child health computing system as a source of information about children with cerebral palsy. a comparative survey of information held on the child health computing system ( chcs ) and the northern ireland cerebral palsy register ( nicpr ) in one health and social services board in northern ireland was carried out. the sample comprised children with cerebral palsy aged 5 - 9 years. health services often spend more on safety interventions than seems cost - effective. this study investigates whether the public value safety - related health care improvements more highly than the same improvements in contexts where the health care system is not responsible. celiac disease ( cd ) is an autoimmune enteropathy characterized by villus atrophy and malabsorption of essential nutrients. vitamin d deficiency has been described in autoimmune diseases, but its status in prepubertal children with cd has not been adequately studied. population - based de - identified data were provided from the western australian data linkage system linking the administrative health records of women with a delivery to related records from the midwives ' notification system, the hospital morbidity data system and the national pharmaceutical benefits scheme dataset. the women with depression during their pregnancy were ascertained in two ways : women with dispensing records relating to dispensed antidepressant medicines with an who atc code to the 3rd level, pharmacological subgroup, ' n06a antidepressants ' ; and, women with any hospital admission during pregnancy, including the birth admission, if a comorbidity was recorded relating to depression.","Maybe

Justification: The study in the context compares the Child Health Computing System (CHCS) with the Northern Ireland Cerebral Palsy Register (NICPR) to assess the usefulness of CHCS as a",0.7222
fixed_bm25,fixed,bm25,mistral,Are we seeing the effects of public awareness campaigns?,maybe,maybe,1,1,success,"the last 20 years has seen a marked improvement in skin cancer awareness campaigns. we sought to establish whether this has affected the presenting breslow thickness of malignant melanoma in the south west. angiotensin - converting enzyme inhibitors ( ace - i ) are considered safe, but they are associated with characteristic side effects, namely cough and angioedema, usually requiring discontinuation. we perceived that referrals for these side effects have become more and more frequent ; therefore, we evaluated the degree of knowledge on the safety of ace - i in different medical categories. we conducted descriptive analyses using the 2008 and 2010 chronic conditions public use files, which are newly available from the centers for medicare and medicaid services and have administrative ( claims ) data on 100 % of the medicare fee - for - service population. we examined the data by age, sex, and dual eligibility ( eligibility for both medicare and medicaid ). seven individuals who have undergone left cerebral hemispherectomy to control intractable seizures associated with perinatal infarct have been recruited for this study. we examined if components of phonological processing that are shown to reliably separate average readers from struggling readers, i. e., phonological awareness, verbal memory, speed of retrieval, and size of vocabulary, show the same relationship to reading levels when they are mediated by the right hemisphere [ 2 ]. mechanically ventilated patients experience profound stress. interventions are needed to ameliorate stress that does not cause adverse effects. the purpose of this study was to explore the influence of music on stress in a sample of patients over the duration of ventilatory support. research methodology /","Maybe

Justification: The context mentions that a study was conducted to establish whether the improvement in skin cancer awareness campaigns over the last 20 years has affected the presenting Breslow thickness of malignant melanoma in the south",0.8333
fixed_bm25,fixed,bm25,mistral,Is breast cancer prognosis inherited?,yes,maybe,0,1,generation_failure,"treatment delays in breast cancer are generally thought to affect prognosis but the impact on survival remains unclear. indicators for breast cancer care include time to primary treatment. the purpose of this study was to evaluate whether time to primary treatment ( tpt ) in breast cancer impacts survival. we carried out a population - based cohort study in sweden based on the nationwide multi - generation register. among all women with breast cancer diagnosed from 1961 to 2001, 2, 787 mother - daughter pairs and 831 sister pairs with breast cancer were identified ; we achieved complete follow - up and classified 5 - year breast cancer - specific prognosis among proband ( mother or oldest sister ) into tertiles as poor, intermediary, or good. we used kaplan - meier estimates of survival proportions and cox models to calculate relative risks of dying from breast cancer within 5 years depending on the proband ' s outcome. breast cancer is the most common malignancy afflicting women, and the most common cancer overall in jordan. a woman ' s decision to go for screening is influenced by her social support network. this study aims to explore jordanian men ' s individual and contextual perspectives on women ' s breast cancer and their own role in the breast health of the females within their families. in an attempt to improve the care they provide for their patients with breast cancer, the authors ' institution developed a multidisciplinary breast cancer clinic ( mdbcc ) to offer "" one - stop shopping "" consultation and support for newly diagnosed breast cancer patients. a genetic component is well established in the etiology of breast cancer. it is not well known, however, whether genetic traits also influence prognostic features of the malignant phenotype.","Maybe

Justification: The context mentions that a genetic component is well established in the etiology of breast cancer, but it does not explicitly state that genetic traits influence prognostic features of the malignant phenotype.",0.6500
fixed_bm25,fixed,bm25,mistral,Does nuchal translucency thickness in the first trimester predict GDM onset during pregnancy?,no,maybe,0,1,generation_failure,"this study was planned to evaluate whether increased nuchal translucency ( nt ) thickness in the first trimester of gestation can be related to onset of gestational diabetes mellitus ( gdm ) during pregnancy. uterus - specific synthetic prostaglandin analogues ( gemeprost, sulproston etc. ) have been widely employed for termination of pregnancy in the second trimester. since paracervical anaesthesia may be useful during this procedure, we investigated in this prospective randomised study its impact on the clinical course of abortion and pain especially in the late first and second stage of labour. from january 2006 to august 2008, a group of 678 singleton pregnancies who had developed gdm has been selected as a study group among a total of 3966 pregnant women who had undergone first trimester screening for aneuploidies at 11 - 14 weeks of gestation. a group of 420 single pregnant women with physiological pregnancy were enrolled as control group. both fetal structural and karyotype ' s anomalies were excluded in the two groups. nt was mesured by a fetal medicine foundation certificated operator ; gdm was diagnosed at 24 - 28 weeks of gestation following carpenter and coustan criteria. in the analyses of continuos variables, study and control group were compared by student ' s t - test and anova test. during the audit period epidural analgesia increased from 15. 5 % of all labors in the first trimester of the study to 51 % in the last trimester ( p < 0. 005 ). satisfaction levels reported by patients and care givers were good. a hierarchical clustering analysis identified two clusters based on vas ( visual analogue scale ) time course : in 226 patients ( cluster 1 ) vas decreased from 8. 5±1. 4 before to 4. 1±1. 3 after epidural analgesia ; in 1002 patients ( cluster 2 ) vas decreased from 8. 12±1. 7 before ( ns vs cluster 1 ), to 0. 76±0. 79 after ( p < 0. 001 vs before and vs cluster 2 after ). no other differences between clusters were observed. although record linkage of routinely collected health datasets is a valuable research resource, most datasets are established for administrative purposes and not for health outcomes research. in order for meaningful results to be extrapolated to specific populations, the limitations of the data and linkage methodology need to be investigated and clarified. it is the objective of this study to investigate the differences in ascertainment which may arise between a hospital admission dataset and a dispensing claims dataset, using major depression in pregnancy as an example. the safe use of antidepressants in pregnancy is an ongoing issue for clinicians with around 10 % of pregnant women suffer from depression. as the birth admission will be the first admission to hospital during their pregnancy for most women, their use of antidepressants, or their depressive condition, may not be revealed to the attending hospital clinicians. this may result in adverse outcomes for the mother and infant.","Maybe

Justification: The study was planned to evaluate this relationship, but the results are not explicitly stated in the provided context.",0.3636
fixed_bm25,fixed,bm25,mistral,Are the arginine vasopressin V1a receptor microsatellites related to hypersexuality in children with a prepubertal and early adolescent bipolar disorder phenotype?,no,maybe,0,1,generation_failure,"to examine family - based transmission of the number of 5 ' flanking arginine vasopressin v1a receptor ( avpr1a ) microsatellites, which include [ ( gata ) ( 14 ) ] and complex [ ( ct ) ( 4 ) - tt - ( ct ) ( 8 ) - ( gt ) ( 24 ) ] repeats, in probands with a prepubertal and early adolescent bipolar disorder phenotype ( pea - bp ). preferential transmission of the number of avpr1a microsatellite repeats to hypersexual and uninhibited people - seeking probands was hypothesized, based on reports from preclinical work in the literature. subjects ( n = 247 ) were outpatients who participated in either the national institute of mental health - funded phenomenology and course of pediatric bipolar disorders study or the treatment of early age mania ( team ) study. both studies required that subjects have current dsm - iv bipolar i disorder ( manic or mixed phase ) and a children ' s global assessment scale ( cgas ) score < or = 60. all subjects had elation and / or grandiosity. subjects in the phenomenology study were obtained from 1995 to 1998 by consecutive new case ascertainment from designated pediatric and psychiatric facilities. subjects in the team rct were recruited from media and community sources between march 2003 and march 2005. assessment instruments included the washington university in st. louis kiddie schedule for affective disorders and schizophrenia, given separately to parents about their children and to children about themselves, and the cgas. logistic regression was used for comparisons. probands were 83 participants in an ongoing controlled study of pea - bp. the pea - bp phenotype was defined by dsm - iv mania with at least one of the cardinal symptoms of mania ( elation and / or grandiosity ) to avoid diagnosing mania only by symptoms that overlapped with those for attention - deficit hyperactivity disorder ( adhd ). comprehensive assessment of the probands included separate washington university in st. louis kiddie schedule for affective disorders and schizophrenia ( wash - u - ksads ) interviews of parents about their children and of children about themselves. hypersexuality and uninhibited people - seeking were assessed from the corresponding wash - u - ksads items. microsatellite genotyping of the avpr1a repeats was conducted using fluorescently labeled primers and detected by laser - induced fluorescence. alleles were determined with the assistance of semi - automated allele - calling software. there were 32 complete, biological trios ( 28 informative families ) for the gata repeat and 34 complete, biological trios ( 30 informative families ) for the complex repeat. data were analyzed using case - control and family - based association methods. a retrospective study of prepubertal children aged 3 - 12 years with cd ( n = 24 ) who were compared to prepubertal, non - cd children of the same age ( n = 50 ). children were included in the study if they had a diagnosis of cd by intestinal biopsy, and were not on a gluten - free diet ( gfd ). patients were excluded if they had diseases of calcium or vitamin d metabolism, or were receiving calcium or vitamin d supplementation or had other autoimmune diseases. all subjects had their serum 25 - hydroxyvitamin d [ 25 ( oh ) d ] level measured. we evaluated the usefulness of a short stay or 23 - hour ward in a pediatric unit of a large teaching hospital, westmead hospital, and an academic children ' s hospital, the new children ' s hospital, to determine if they are a useful addition to the emergency service.","Maybe

Justification: The context mentions a hypothesis that preferential transmission of the number of avpr1a microsatellite repeats to hypersexual and uninhibited people-seeking probands was hypothesized,",0.7059
fixed_bm25,fixed,bm25,mistral,Stage I non-small cell lung carcinoma: really an early stage?,no,yes,0,1,generation_failure,"we review our results on surgical treatment of patients with stage i non - small cell lung carcinoma and we attempted to clarify the prognostic significance of some surgical - - pathologic variables. from 1993 to 1999, 667 patients received curative lung resection and complete hilar and mediastinal lymphadenectomy for non - small cell lung cancer. of these, there were 436 stage i disease ( 65 % ), of whom 144 t1n0 and 292 t2n0. no patients had pre - or postoperative radio - or chemotherapy. prognostic significance of the following independent variables was tested using univariate ( log - rank ) and multivariate ( cox proportional - hazards ) analysis : type of resection ( sublobar vs lobectomy vs pneumonectomy ), histology ( squamous cell vs adenocarcinoma ), tumour size ( < or = 3cm vs > 3cm ), histologic vascular invasion, visceral pleura involvement, positive bronchial resection margin, general t status. to determine whether there is a relationship between vegf expression and renal vein and vena cava invasion in stage pt3 renal cell carcinoma and to evaluate the impact of vegf expression on survival in pt3 renal cell carcinoma. the analysis is based on 122 of 143 previously untreated patients with npc treated with radiation therapy at the university of texas m. d. anderson cancer center between 1983 and 1992. excluded were 4 patients treated with palliative intent, 4 children, 12 patients not staged with ct, and 1 patient who died of a cerebrovascular accident prior to completion of treatment. the stage distribution was as follows : ajcc stage i - 2, stage ii - 7, stage iii - 12, stage iv - 101 ; tl - 15, t2 - 33, t3 - 22, t4 - 52 ; n0 - 32, n1 - 10, n2 - 47, n3 - 32, nx - 1. fifty - nine ( 48 % ) patients had squamous cell carcinoma ; 63 ( 52 % ) had lymphoepitheliomas, undifferentiated npc or poorly differentiated carcinoma, nos ( unpc ). sixty - seven patients ( 65 with stage iv disease ) received induction chemotherapy. fifty - eight patients ( 24 of whom had induction chemotherapy ) were treated with the concomitant boost fractionation schedule. the median follow - up for surviving patients was 57 months. the aim of this prognostic factor analysis was to investigate if a patient ' s self - reported health - related quality of life ( hrqol ) provided independent prognostic information for survival in non - small cell lung cancer ( nsclc ) patients.","Yes

Justification: The context states that 65% of the 667 patients received curative lung resection and complete hilar and mediastinal lymphadenectomy for non-small cell lung cancer were stage I",0.8095
fixed_bm25,fixed,bm25,mistral,Does Residency Selection Criteria Predict Performance in Orthopaedic Surgery Residency?,yes,yes,1,1,success,"more than 1000 candidates applied for orthopaedic residency positions in 2014, and the competition is intense ; approximately one - third of the candidates failed to secure a position in the match. however, the criteria used in the selection process often are subjective and studies have differed in terms of which criteria predict either objective measures or subjective ratings of resident performance by faculty. questions / do preresidency selection factors serve as predictors of success in residency? specifically, we asked which preresidency selection factors are associated or correlated with ( 1 ) objective measures of resident knowledge and performance ; and ( 2 ) subjective ratings by faculty. charts of 60 orthopaedic residents from our institution were reviewed. preresidency selection criteria examined included united states medical licensing examination ( usmle ) step 1 and step 2 scores, medical college admission test ( mcat ) scores, number of clinical clerkship honors, number of letters of recommendation, number of away rotations, alpha omega alpha ( aoa ) honor medical society membership, fourth - year subinternship at our institution, and number of publications. resident performance was assessed using objective measures including american board of orthopaedic surgery ( abos ) part i scores and orthopaedics in - training exam ( oite ) scores and subjective ratings by faculty including global evaluation scores and faculty rankings of residents. we tested associations between preresidency criteria and the subsequent objective and subjective metrics using linear correlation analysis and mann - whitney tests when appropriate. a total of 244 em residents participated in this study. thirty percent ( 95 % confidence interval, 24 % - 35 % ) reported they had performed more than 150 scans. residents in programs with eus fellowships reported performing more scans than those in programs without fellowships ( p =. 04 ). significant differences were noted in most applications of bedside us between residency programs with and without fellowships ( p <. 05 ). there were also significant differences in the barriers to us education between residency programs with and without fellowships ( p <. 05 ). the score for overall performance at selection achieved statistically significant correlation with examination performance ( r = 0. 491 for the akt and r = 0. 526 for the csa, p < 0. 01 ).","Yes

Justification: The provided context shows that there is a statistically significant correlation between the overall performance at selection and examination performance in orthopaedic surgery residency (r = 0.491 for the AKT",0.7619
fixed_bm25,fixed,bm25,mistral,Optimism and survival: does an optimistic outlook predict better survival at advanced ages?,yes,yes,1,1,success,"studies examining predictors of survival among the oldest - old have primarily focused on objective measures, such as physical function and health status. only a few studies have examined the effect of personality traits on survival, such as optimism. the aim of this study was to examine whether an optimistic outlook predicts survival among the oldest - old. during the follow - up period of 12 years ( 1998 - 2010 ) there were 2, 239 deaths ( 99 % ) in the 1905 cohort survey. univariable analyses revealed that optimistic women and men were at lower risk of death compared to their neutral counterparts [ hr 0. 82, 95 % ci ( 0. 73 - 0. 93 ) and 0. 81, 95 % ci ( 0. 66 - 0. 99 ), respectively ]. when confounding factors such as baseline physical and cognitive functioning and disease were taken into account the association between optimism and survival weakened in both sexes, but the general pattern persisted. optimistic women were still at lower risk of death compared to neutral women [ hr 0. 85, 95 % ci ( 0. 74 - 0. 97 ) ]. the risk of death was also decreased for optimistic men compared to their neutral counterparts, but the effect was non - significant [ hr 0. 91, 95 % ci ( 0. 73 - 1. 13 ) ]. the curability, number and extent of nodal metastasis, and the survival of the mesocolon invasion group were significantly worse than these factors in the t3 group. however, the survival of the mesocolon invasion group after curative resection was much better than that of patients who had incurable factors. the danish 1905 cohort survey is a nationwide, longitudinal survey comprising all individuals born in denmark in 1905. at baseline in 1998, a total of 2, 262 persons aged 92 or 93 agreed to participate in the intake survey. the baseline in - person interview consisted of a comprehensive questionnaire including physical functioning and health, and a question about whether the respondent had an optimistic, neutral or pessimistic outlook on his or her own future. we studied 114 formalin - fixed paraffin - embedded specimens obtained from locally advanced urothelial carcinoma patients receiving surgery alone or adjuvant m - vec. the authors evaluated her2 immunoreactivity using immunohistochemical staining and explored the influence of pathological parameters and her2 immunoreactivity on progression - free survival ( pfs ) and disease - specific overall survival ( os ) using univariate and multivariate cox ' s analyses.","Yes

Justification: The study in the context shows that optimistic women and men were at lower risk of death compared to their neutral counterparts, even after taking into account confounding factors such as baseline physical and cognitive functioning and disease (",0.7857
fixed_bm25,fixed,bm25,mistral,Is it better to be big?,no,maybe,0,0,retrieval_failure,"distance to provider might be an important barrier to timely diagnosis and treatment for cancer patients who qualify for medicaid coverage. whether driving time or driving distance is a better indicator of travel burden is also of interest. it is postulated that some aspects of methotrexate toxicity may be related to its action as an anti - folate. folic acid ( fa ) is often given as an adjunct to methotrexate therapy, but there is no conclusive proof that it decreases the toxicity of methotrexate and there is a theoretical risk that it may decrease the efficacy of methotrexate. it is commonly accepted that pathological gambling results from the interaction of multiple risk factors. among these, dopamine replacement therapy ( drt ) prescribed for parkinson disease can be cited. another dopamine agonist, aripiprazole, could be a new risk factor. we decided to explore this potential adverse drug reaction ( adr ). parental drinking has been shown to be associated with offspring drinking. however, the relationship appears to be more complex than often assumed and few studies have tracked it over longer time periods. although the players tended to believe that the headgear could prevent concussion ( 62 % ), the coaches were less convinced ( 33 % ). despite the players ' belief that headgear offers protection against concussion, only a minority reported wearing headgear ( 27 % ) and few ( 24 % ) felt that its use should be made mandatory. common reasons for not wearing headgear were "" its use is not mandatory "", "" it is uncomfortable "", and "" it costs too much "".","Maybe

Justification: The context does not provide specific information about size being better or not, but it does mention that the use of headgear, which is often larger than normal, is not widely adopted due to reasons like discomfort and",0.2400
fixed_bm25,fixed,bm25,mistral,Is arch form influenced by sagittal molar relationship or Bolton tooth-size discrepancy?,no,no,1,1,success,"orthodontic patients show high prevalence of tooth - size discrepancy. this study investigates the possible association between arch form, clinically significant tooth - size discrepancy, and sagittal molar relationship. no single arch form was significantly more common than the others. furthermore, no association was observed between the presence of significant bolton discrepancy and the sagittal molar relationship or arch form. overall bolton discrepancy is significantly more prevalent in males. pretreatment orthodontic casts of 230 saudi patients were classified into one of three arch form types ( tapered, ovoid, and square ) using digitally scanned images of the mandibular arches. bolton ratio was calculated, sagittal molar relationship was defined according to angle classification, and correlations were analyzed using anova, chi - square, and t - tests. to clarify whether horizontal canal ocular reflex is influenced by otolith organs input. for all constructs, time 2 measures were influenced by the baseline level. direct relationships between transformational leadership and sleep quality were found. this relationship was negative cross - sectionally at both time points, but positive between baseline and follow - up. the relationship between leadership and employees ' sleep quality was not mediated by employees ' self - efficacy.","No, the provided context does not show an association between arch form, sagittal molar relationship, or Bolton tooth-size discrepancy.",0.8125
fixed_bm25,fixed,bm25,mistral,Cold knife conization vs. LEEP. Are they the same procedure?,no,no,1,1,success,"to prospectively evaluate the amount of tissue removed at loop electrosurgical excision procedure ( leep ) vs. cold knife conization. mean diameter of cold knife cone specimens was 2. 6 vs. 2. 2 cm for leep ( p =. 07 ). mean length of cold knife cone specimens was 1. 5 vs. 1. 0 cm for leep ( p =. 001 ). mean weight for cold knife cone specimens was 4. 4 vs. 2. 0 g for leep ( p =. 001 ). forty consecutive leep or cold knife conization specimens were prospectively measured and weighed by a single pathology technician. diameter, length and weight of the specimens were compared using student ' s t test. in all, 65 patients and their caregivers consented and participated in the study. during the demonstration, 82 % ( 53 / 65 ) stated that they would treat with cough or cold medicines, and 72 % ( 38 / 53 ) incorrectly dosed the medication they desired to give. seven individuals who have undergone left cerebral hemispherectomy to control intractable seizures associated with perinatal infarct have been recruited for this study. we examined if components of phonological processing that are shown to reliably separate average readers from struggling readers, i. e., phonological awareness, verbal memory, speed of retrieval, and size of vocabulary, show the same relationship to reading levels when they are mediated by the right hemisphere [ 2 ].","No, they are different procedures.

Justification: The context mentions that the two procedures are being compared in terms of the amount of tissue removed, diameter, length, and weight of the specimens, indicating that they are different procedures",0.4737
fixed_bm25,fixed,bm25,mistral,Are pectins involved in cold acclimation and de-acclimation of winter oil-seed rape plants?,yes,yes,1,1,success,"experiments were carried on the leaves of two double - haploid lines of winter oil - seed rape ( brassica napus subsp. oleifera ), differing in winter survival and resistance to blackleg fungus ( leptosphaeria maculans ). the hypothesis was tested that pectin content and methylation degree participate in regulation of cell wall mechanical properties and in this way may affect tissue growth and freezing resistance over the course of plant cold acclimation and de - acclimation. plant acclimation in the cold ( 2 degrees c ) brought about retardation of leaf expansion, concomitant with development of freezing resistance. these effects were associated with the increases in leaf tensile stiffness, cell wall and pectin contents, pectin methylesterase ( ec 3. 1. 1. 11 ) activity and the low - methylated pectin content, independently of the genotype studied. however, the cold - induced modifications in the cell wall properties were more pronounced in the leaves of the more pathogen - resistant genotype. de - acclimation promoted leaf expansion and reversed most of the cold - induced effects, with the exception of pectin methylesterase activity. there has never been a nationally representative survey of medical students ' personal health - related practices, although they are inherently of interest and may affect patient - counseling practices. this study evaluated the health practices and the vaccination status of first year residents working at the academic hospital hotel - dieu de france. programmed cell death ( pcd ) is the regulated death of cells within an organism. the lace plant ( aponogeton madagascariensis ) produces perforations in its leaves through pcd. the leaves of the plant consist of a latticework of longitudinal and transverse veins enclosing areoles. pcd occurs in the cells at the center of these areoles and progresses outwards, stopping approximately five cells from the vasculature. the role of mitochondria during pcd has been recognized in animals ; however, it has been less studied during pcd in plants.","Yes

Justification: The text states that during cold acclimation, there is an increase in pectin content in the leaves of winter oil-seed rape plants ([3]). This increase is associated with the development of freezing resistance",0.7727
fixed_bm25,fixed,bm25,mistral,Updating emotional content in working memory: a depression-specific deficit?,yes,no,0,1,generation_failure,"interference from irrelevant negative material might be a key mechanism underlying intrusive ruminative thoughts in depression. considering commonalities between depression and social anxiety and the presence of similar intrusive thoughts in social anxiety, the current study was designed to assess whether interference from irrelevant material in working memory is specific to depression or is also present in social anxiety disorder. compared to control and social anxiety groups, the depression groups ( both pure and comorbid with social anxiety disorder ) exhibited greater difficulties removing irrelevant emotional material from working memory ( i. e., greater intrusion effects ). greater intrusion effects were also associated with increased rumination. to examine the effects of irrelevant emotional material on working memory performance, participants memorized two lists of words on each trial and were subsequently instructed to ignore one of the lists. participants were then asked to indicate whether a probe word belonged to the relevant list or not. iadls were measured using pooled activities from five informant - based questionnaires. structural equation modeling ( sem ) was used to investigate the relation between iadls and dementia. age, sex, education, depression, and cognitive measures ( mini - mental state examination and verbal memory ) were included in the model. memory clinics in europe.","No, the study shows that both depression and social anxiety disorder exhibit greater difficulties removing irrelevant emotional material from working memory.",0.8333
fixed_bm25,fixed,bm25,mistral,Does ultrasound imaging before puncture facilitate internal jugular vein cannulation?,maybe,yes,0,1,generation_failure,"to investigate whether prepuncture ultrasound evaluation of vascular anatomy facilitates internal jugular vein cannulation compared with landmark - guided puncture. the right internal jugular vein was cannulated using either anatomic landmarks or prepuncture ultrasound ( 3. 75 / 7. 5 mhz ) guidance. in the landmark group, respiratory jugular venodilation was used as the primary landmark for locating the vein. results of cannulation and the incidence of complications were compared. patients were randomly assigned to the ultrasound or landmark group. respiratory jugular venodilation was identified in 188 patients ( 78. 3 % ), in whom results of cannulation did not differ between the 2 techniques with respect to the venous access rate ( cannulated at the first attempt : 83. 5 % in the landmark v 85. 7 % in the ultrasound group ), the success rate ( cannulated within 3 attempts : 96. 9 % v 95. 6 % ), and the incidence of arterial puncture ( 1. 0 % v 3. 3 % ). in the remaining 52 respiratory jugular venodilation - unidentified patients, the access rate ( 30. 4 % v 86. 2 %, p < 0. 001 ) and the success rate ( 78. 3 v 100 %, p < 0. 05 ) were significantly better in the ultrasound group, and no arterial puncture was recorded in the ultrasound group, whereas the incidence was 13. 0 % in the landmark group. the results were similar regardless of the ultrasound frequency used. electronic health records have the potential to facilitate family history use by primary care physicians ( pcps ) to provide personalized care. the objective of this study was to determine whether automated, at - the - visit tailored prompts about family history risk change pcp behavior. retrospective analysis of 92 internal or central - breast node - negative tumours with mastectomy and external irradiation of the internal mammary chain at the dose of 50 gy, from 1994 to 1998.","Yes

Justification: The study shows that the success rate and access rate of internal jugular vein cannulation were significantly better in the ultrasound group compared to the landmark group when respiratory jugular venodilation was",0.8000
fixed_bm25,fixed,bm25,mistral,Should prostate specific antigen be adjusted for body mass index?,no,maybe,0,1,generation_failure,"obesity may be associated with lower prostate specific antigen through hemodilution. we examined the relationship between body mass index and prostate specific antigen by age in men without prostate cancer in a longitudinal aging study to determine whether prostate specific antigen must be adjusted for body mass index. in men without prostate cancer body mass index was not significantly associated with prostate specific antigen after adjusting for age ( p = 0. 06 ). a 10 - point body mass index increase was associated with a prostate specific antigen difference of - 0. 03 ng / ml ( 95 % ci - 0. 40 - 0. 49 ). results were similar when men with prostate cancer were included, when percent body fat was substituted for body mass index, and after adjusting for prostate volume. longitudinal weight changes also had no significant association with prostate specific antigen. the study population included 994 men ( 4, 937 observations ) without prostate cancer in the baltimore longitudinal study of aging. mixed effects models were used to examine the relationship between prostate specific antigen and body mass index in kg / m ( 2 ) by age. separate models were explored in men with prostate cancer censored at diagnosis, for percent body fat measurements, for weight changes with time and adjusting for initial prostate size in 483 men ( 2, 523 observations ) with pelvic magnetic resonance imaging measurements. to examine the ability of various postoperative nomograms to predict prostate cancer - specific mortality ( pcsm ) and to validate that they could predict aggressive biochemical recurrence ( bcr ). prostate - specific antigen ( psa ), grade, and stage are the classic triad used to predict bcr after radical prostatectomy ( rp ). multiple nomograms use these to predict risk of bcr. a previous study showed that several nomograms could predict aggressive bcr ( prostate - specific antigen doubling time [ psadt ] < 9 months ) more accurately than bcr. however, it remains unknown if they can predict more definitive endpoints, such as pcsm. the mean pulsatility index, resistance index, body mass index, waist circumference, systolic and diastolic blood pressure, homeostasis model assessment for insulin resistance, plasma fasting glucose, insulin, c - peptide, triglycerides, low - density lipoprotein cholesterol, and high - sensitivity c - reactive protein were statistically higher in obese subjects than in healthy controls.","Maybe

Justification: The study found a small, non-significant association between body mass index and prostate specific antigen after adjusting for age (p = 0.06), suggesting that prostate specific antigen may",0.7391
fixed_bm25,fixed,bm25,mistral,Does obstructive sleep apnea affect aerobic fitness?,maybe,maybe,1,1,success,"we sought to determine whether patients with obstructive sleep apnea ( osa ) had an objective change in aerobic fitness during cycle ergometry compared to a normal population. the most accurate test of aerobic fitness is measurement of maximum oxygen consumption ( vo2max ) with cycle ergometry. the seafaring industry remains a hazardous occupation that requires sophisticated systems of risk and fitness assessment. this study aims to investigate the extent of agreement between approved doctors ( ads ) and medical referees ( mrs ) when they assess a seafarer ' s fitness. using the gbsr, data from 5. 400 lsgs were considered for analysis. staple line leak rate decreased during the study period from 6. 5 to 1. 4 %. male gender, higher bmi, concomitant sleep apnea, conversion to laparotomy, longer operation time, use of both buttresses and oversewing, and the occurrence of intraoperative complications were associated with a significantly higher leakage rate. on multivariate analysis, operation time and year of procedure only had a significant impact on staple line leak rate. for cardiovascular diseases and for mental ill - health, access to additional information by the mr was the commonest reason for changing the fitness category, but for all other conditions factors such as the experience and knowledge of the mrs or their different interpretation of the standards were the most frequent reasons for a change to fitness category or to restrictions. the pressures delivered by autotitrating continuous positive airways pressure ( cpap ) devices not only treat obstructive sleep apnoea ( osa ) effectively but also give potentially interesting physiological information about the forces impinging on the pharynx. in earlier work from this unit, we used correlations between autocpap pressure and both osa severity and obesity, to construct an algorithm to estimate the fixed cpap pressure a patient required for subsequent clinical use. we wished to discover if these relationships could be reliably extended to a much more obese group.","Maybe

Justification: The context mentions that the study aimed to determine whether patients with obstructive sleep apnea (OSA) had an objective change in aerobic fitness during cycle ergometry compared to a normal population, but",0.7917
fixed_bm25,fixed,bm25,mistral,The effect of an intracerebroventricular injection of metformin or AICAR on the plasma concentrations of melatonin in the ewe: potential involvement of AMPK?,yes,yes,1,1,success,"the intracerebroventricular ( i. c. v. ) injection of two activators of ampk, metformin and aicar, affected the circadian rhythm of melatonin in ewes that were housed in constant darkness. in parallel the secretion of insulin was monitored as a peripheral metabolic marker. we also investigated the effects of i. c. v. aicar on the phosphorylation of ampk and acetyl - coa carboxylase ( acc ), a downstream target of ampk, in brain structures along the photoneuroendocrine pathway to the pineal gland. it is now widely accepted that amp - activated protein kinase ( ampk ) is a critical regulator of energy homeostasis. recently, it has been shown to regulate circadian clocks. in seasonal breeding species such as sheep, the circadian clock controls the secretion of an endogenous rhythm of melatonin and, as a consequence, is probably involved in the generation of seasonal rhythms of reproduction. considering this, we identified the presence of the subunits of ampk in different hypothalamic nuclei involved in the pre - and post - pineal pathways that control seasonality of reproduction in the ewe and we investigated if the intracerebroventricular ( i. c. v. ) injection of two activators of ampk, metformin and aicar, affected the circadian rhythm of melatonin in ewes that were housed in constant darkness. in parallel the secretion of insulin was monitored as a peripheral metabolic marker. we also investigated the effects of i. c. v. aicar on the phosphorylation of ampk and acetyl - coa carboxylase ( acc ), a downstream target of ampk, in brain structures along the photoneuroendocrine pathway to the pineal all the subunits of ampk that we studied were identified in all brain areas that were dissected but with some differences in their level of expression among structures. metformin and aicar both reduced ( p < 0. 001 and p < 0. 01 respectively ) the amplitude of the circadian rhythm of melatonin secretion independently of insulin secretion. the i. c. v. injection of aicar only tended ( p = 0. 1 ) to increase the levels of phosphorylated ampk in the paraventricular nucleus but significantly increased the levels of phosphorylated acc in the paraventricular nucleus ( p < 0. 001 ) and in the pineal gland ( p < 0. 05 ). we found that similar concentrations of chloroquine and hydroxychloroquine suppress the t - cell response to mihc in mice ( c57bl / 6 anti - balb. b ) and that lysosomotropic amines in combination with cyclosporine result in synergistic suppression of a proliferative response to mihc. similar suppression and synergy appear to be present in an alloreactive response ( c57bl / 6 anti - balb / c ). direct inhibition by chloroquine of t - cell proliferative responses induced by anti - cd3epsilon in the absence of antigen - presenting cells is present at higher concentrations than that required to suppress responses to mihc or mhc. chloroquine appears to induce decreased t - cell viability at high concentrations. this effect does not appear to be due to decreased t - cell production of interleukin - 2 or interferon - gamma. at lower concentrations ( < 25 microg / ml ), chloroquine can also decrease the ability of antigen - presenting cells to stimulate an a c57bl / 6 anti - balb / c t - cell response and can inhibit mhc class ##3epsilon in the absence of antigen - presenting cells is present at higher concentrations than that required to suppress responses to mihc or mhc. chloroquine appears to induce decreased t - cell viability at high concentrations. this effect does not appear to be due to decreased t - cell production of interleukin - 2 or interferon - gamma. at lower concentrations ( < 25 microg / ml ), chloroquine can also decrease the ability of antigen - presenting cells to stimulate an a c57bl / 6 anti - balb / c t - cell response and can inhibit mhc class ii expression after activation with lipopolysaccharide.","Yes

Justification: The intracerebroventricular injection of both metformin and AICAR reduced the amplitude of the circadian rhythm of melatonin secretion in ewes, indicating a potential involvement of A",0.7059
fixed_bm25,fixed,bm25,mistral,Literacy after cerebral hemispherectomy: Can the isolated right hemisphere read?,yes,maybe,0,1,generation_failure,"the volume for right hemisphere stroke was statistically greater than the volume for left hemisphere strokes, adjusting for the baseline nihss ( p < 0. 001 ). for each 5 - point category of the nihss score < 20, the median volume of right hemisphere strokes was approximately double the median volume of left hemisphere strokes. for example, for patients with a left hemisphere stroke and a 24 - hour nihss score of 16 to 20, the median volume of cerebral infarction was 48 ml ( interquartile range 14 to 111 ml ) as compared with 133 ml ( interquartile range 81 to 208 ml ) for patients with a right hemisphere stroke ( p < 0. 001 ). the median volume of a right hemisphere stroke was roughly equal to the median volume of a left hemisphere stroke in the next highest 5 - point category of the nihss. the spearman rank correlation between the 24 - hour nihss score and 3 - month lesion volume was 0. 72 for patients with left hemisphere stroke and 0. 71 for patients with right hemisphere stroke. seven individuals who have undergone left cerebral hemispherectomy to control intractable seizures associated with perinatal infarct have been recruited for this study. we examined if components of phonological processing that are shown to reliably separate average readers from struggling readers, i. e., phonological awareness, verbal memory, speed of retrieval, and size of vocabulary, show the same relationship to reading levels when they are mediated by the right hemisphere [ 2 ]. cerebral hemispherectomy, a surgical procedure undergone to control intractable seizures, is becoming a standard procedure with more cases identified and treated early in life [ 33 ]. while the effect of the dominant hemisphere resection on spoken language has been extensively researched, little is known about reading abilities in individuals after left - sided resection. left - lateralized phonological abilities are the key components of reading, i. e., grapheme - phoneme conversion skills [ 1 ]. these skills are critical for the acquisition of word - specific orthographic knowledge and have been shown to predict reading levels in average readers as well as in readers with mild cognitive disability [ 26 ]. furthermore, impaired phonological processing has been implicated as the cognitive basis in struggling readers. here, we explored the reading skills in participants who have undergone left cerebral hemispherectomy. we examined the placebo arm of the ninds t - pa stroke trial to test the hypothesis that the total volume of cerebral infarction in patients with right hemisphere strokes would be greater than the volume of cerebral infarction in patients with left hemisphere strokes who have similar nihss scores. the volume of stroke was determined by computerized image analysis of ct films and ct images stored on computer tape and optical disks. cube - root transformation of lesion volume was performed for each ct. transformed lesion volume was analyzed in a logistic regression model to predict volume of stroke by nihss score for each hemisphere. spearman rank correlation was used to determine the relation between the nihss score and lesion volume. no significant difference was seen in the prevalence of serovars isolated following a repeat infection compared with those without repeat infections. the site of the initial infection did not appear to influence the subsequent serovar isolated.","Maybe

Justification: The context discusses the reading abilities of individuals who have undergone left cerebral hemispherectomy, but it does not explicitly state that the right hemisphere cannot read. However, it is mentioned",0.4762
fixed_bm25,fixed,bm25,mistral,Characterization of the gender dimorphism after injury and hemorrhagic shock: are hormonal differences responsible?,no,maybe,0,1,generation_failure,"to characterize the gender dimorphism after injury with specific reference to the reproductive age of the women ( young, < 48 yrs of age, vs. old, > 52 yrs of age ) in a cohort of severely injured trauma patients for which significant variation in postinjury care is minimized. blunt - injured adults with hemorrhagic shock. there are a number of factors responsible for the longevity of unicompartmental knee replacements ( ukr ). these include the magnitude of postoperative alignment and the type of material used. the effect of component design and material on postoperative alignment, however, has not been explored. medicare beneficiaries who have chronic conditions are responsible for a disproportionate share of medicare fee - for - service expenditures. the objective of this study was to analyze the change in the health of medicare beneficiaries enrolled in part a ( hospital insurance ) between 2008 and 2010 by comparing the prevalence of 11 chronic conditions. separate cox proportional hazard regression models were formulated based on all patients to evaluate the effects of gender on mortality, multiple organ failure, and nosocomial infection, after controlling for all important confounders. these models were then used to characterize the effect of gender in young and old age groups. overall mortality, multiple organ failure, and nosocomial infection rates for the entire cohort ( n = 1, 036 ) were 20 %, 40 %, and 45 %, respectively. mean injury severity score was 32 + / - 14 ( mean + / - sd ). men ( n = 680 ) and women ( n = 356 ) were clinically similar except that men required higher crystalloid volumes, more often had a history of alcoholism and liver disease, and had greater ventilatory and intensive care unit requirements. female gender was independently associated with a 43 % and 23 % lower risk of multiple organ failure and nosocomial infection, respectively. gender remained an independent risk factor in young and old subgroup analysis, with the protection afforded by female gender remaining unchanged.","Maybe

Justification: The provided context does not directly state that hormonal differences are responsible, but it does suggest that gender (which can be influenced by hormones) is independently associated with a lower risk of multiple organ failure and nosocomial",0.4583
fixed_bm25,fixed,bm25,mistral,Can communication with terminally ill patients be taught?,yes,yes,1,1,success,"communication with terminally ill patients is a main responsibility of physicians. however, many physicians feel insufficiently prepared for this task. models of courses resulting in improvements of communicative skills of participants have been published mainly in the anglo - american literature. this study describes the realization of a 2 - day course model based on the experiences of the first three courses of this kind in rhineland - palatinate, and analyzes changes of participants ' communication behavior. effective musical communication requires conveyance of the intended message in a manner perceptible to the receiver. communication disorders that impair transmitting or decoding of structural features of music ( e. g., pitch, timbre ) and / or symbolic representation may result in atypical musical communication, which can have a negative impact on music therapy interventions. tinnitus can be related to many different aetiologies such as hearing loss or a noise trauma, but it can also be related to the somatosensory system of the cervical spine, called cervicogenic somatic tinnitus ( cst ). case studies suggest a positive effect of cervical spine treatment on tinnitus complaints in patients with cst, but no experimental studies are available. several atypical antipsychotics ( aaps ) are used as second - line agents for treatment resistant depression. aaps can be expensive compared to other treatment options and can cause several side effects. aea can be conceptualized as a personalized, ritualized, and symbolic biopsychosocial drama. it seems to be a reenactment of intense emotional feeling - states involving an identification and sadomasochistic relationship with a female figure. inept aea practitioners can miscalculate the peril of the situation that they have contrived and for numerous reasons lose their gamble with death.","Yes

Justification: The context states that a 2-day course model has been developed and implemented to improve the communicative skills of physicians in this area ([1]).",0.5294
fixed_bm25,fixed,bm25,mistral,Delays in time to primary treatment after a diagnosis of breast cancer: does it impact survival?,no,maybe,0,1,generation_failure,"treatment delays in breast cancer are generally thought to affect prognosis but the impact on survival remains unclear. indicators for breast cancer care include time to primary treatment. the purpose of this study was to evaluate whether time to primary treatment ( tpt ) in breast cancer impacts survival. driving distances and times from patient residence to primary care provider were calculated for 3, 917 breast, colorectal ( crc ) and lung cancer medicaid patients in washington state from 1997 to 2003 using mapquest. com. we fitted regression models of stage at diagnosis and time - to - treatment ( number of days between diagnosis and surgery ) to test the hypothesis that travel burden is associated with timely diagnosis and treatment of cancer. a total of 648 breast cancer patients treated in the university malaya medical center ( ummc ), malaysia between 2004 and 2005 were included in the study. tpt was calculated from the date of pathological diagnosis to the date of primary treatment. mortality data was obtained from the national registry of births and deaths. last date of follow - up was november 2010. later stage at diagnosis for breast cancer medicaid patients is associated with travel burden ( or = 1. 488 per 100 driving miles, p =. 037 and or = 1. 270 per driving hour, p =. 016 ). time - to - treatment after diagnosis of crc is also associated with travel burden ( 14. 57 days per 100 driving miles, p =. 002 and 5. 86 days per driving hour, p =. 018 ). distance to provider might be an important barrier to timely diagnosis and treatment for cancer patients who qualify for medicaid coverage. whether driving time or driving distance is a better indicator of travel burden is also of interest.","Maybe

Justification: The study suggests that later stage at diagnosis for breast cancer is associated with longer time to primary treatment ([4]), but it does not directly state that these delays impact survival. However, the study's purpose was",0.6000
fixed_bm25,fixed,bm25,mistral,Are increased carotid artery pulsatility and resistance indexes early signs of vascular abnormalities in young obese males?,yes,yes,1,1,success,"thirty - five young obese males and 23 age - matched healthy male volunteers were recruited into the study. common carotid artery pulsatility index and resistance index were calculated from blood flow velocities curves obtained by pulsed doppler ultrasonography. to provide insight into the factors by which obesity in itself may directly lead to early arterial damage, we aimed to determine early sonographic markers of obesity - related vascular dysfunction in young obese males. the mean pulsatility index, resistance index, body mass index, waist circumference, systolic and diastolic blood pressure, homeostasis model assessment for insulin resistance, plasma fasting glucose, insulin, c - peptide, triglycerides, low - density lipoprotein cholesterol, and high - sensitivity c - reactive protein were statistically higher in obese subjects than in healthy controls. the most common primary brain tumors in children and adults are of astrocytic origin. classic histologic grading schemes for astrocytomas have included evaluating the presence or absence of nuclear abnormalities, mitoses, vascular endothelial proliferation, and tumor necrosis. extracranial internal carotid artery stenosis is a risk factor for perioperative stroke in patients undergoing coronary artery bypass surgery ( cab ). although selective and non - selective methods of preoperative carotid screening have been advocated, it remains unclear if this screening is clinically relevant. aim : to test whether selective carotid screening is as effective as non - selective screening in detecting significant carotid disease.","Yes

Justification: The mean pulsatility index, resistance index, and other vascular-related parameters were statistically higher in obese subjects than in healthy controls (context [3]). This suggests that increased carotid artery puls",0.6250
fixed_bm25,fixed,bm25,mistral,Are acceptance rates of a national preventive home visit programme for older people socially imbalanced?,yes,yes,1,1,success,"preventive home visits are offered to community dwelling older people in denmark aimed at maintaining their functional ability for as long as possible, but only two thirds of older people accept the offer from the municipalities. the purpose of this study is to investigate 1 ) whether socioeconomic status was associated with acceptance of preventive home visits among older people and 2 ) whether municipality invitational procedures for the preventive home visits modified the association. the study population included 1, 023 community dwelling 80 - year - old individuals from the danish intervention study on preventive home visits. information on preventive home visit acceptance rates was obtained from questionnaires. socioeconomic status was measured by financial assets obtained from national registry data, and invitational procedures were identified through the municipalities. logistic regression analyses were used, adjusted by gender. older persons with high financial assets accepted preventive home visits more frequently than persons with low assets ( adjusted or = 1. 5 ( ci95 % : 1. 1 - 2. 0 ) ). however, the association was attenuated when adjusted by the invitational procedures. the odds ratio for accepting preventive home visits was larger among persons with low financial assets invited by a letter with a proposed date than among persons with high financial assets invited by other procedures, though these estimates had wide confidence intervals. the medical files of all medicine and surgery residents in their first year of specialization between the years 2005 and 2008 were reviewed. these residents were required to go through a preventive medical visit at the university center of family and community health. a retrospective study of hmcis was recorded in the israeli defense force ( idf ) home front command and the israeli national trauma registry ( itr ) between november 2000 and june 2003. an hmci is defined by the emergency and disaster medicine division in the israeli ministry of health as > or = 10 casualties or > or = 4 suffering from injuries with an iss > or = 16 arriving to a single hospital.","Yes

Justification: Older persons with high financial assets accepted preventive home visits more frequently than persons with low assets ( adjusted OR = 1.5 ( ci95 % : 1.1 - 2.0 ) ).",0.9048
fixed_bm25,fixed,bm25,mistral,Does open access publishing increase the impact of scientific articles?,yes,maybe,0,1,generation_failure,"some studies suggest that open access articles are more often cited than non - open access articles. however, the relationship between open access and citations count in a discipline such as intensive care medicine has not been studied to date. the present article analyzes the effect of open access publishing of scientific articles in intensive care medicine journals in terms of citations count. the median number ( interquartile range ) of citations of non - open access articles was 8 ( 4 - 12 ) versus 9 ( 6 - 18 ) in the case of open access articles ( p = 0. 084 ). in the highest citation range ( > 8 ), the citation count was 13 ( 10 - 16 ) and 18 ( 13 - 21 ) ( p = 0. 008 ), respectively. the mean follow - up was 37. 5 ± 3 months in both groups. in the 30 - 35 months after publication, the average number ( mean ± standard deviation ) of citations per article per month of non - open access articles was 0. 28 ± 0. 6 versus 0. 38 ± 0. 7 in the case of open access articles ( p = 0. 043 ). independent factors for citation advantage were the hirsch index of the first signing author ( β = 0. 207 ; p = 0. 015 ) and open access status ( β = 3. 618 ; p = 0. 006 ). we evaluated a total of 161 articles ( 76 % being non - open access articles ) published in intensive care medicine in the year 2008. citation data were compared between the two groups up until april 30, 2011. potentially confounding variables for citation counts were adjusted for in a linear multiple regression model. articles were assessed according to the criteria of the evidence - based medicine working group for evaluating articles on harm. review of the literature yielded estimates of the risk of adverse fertility outcomes ranging from 1. 6 ( 95 % confidence interval [ ci ] 1. 1 to 2. 5 ) for ectopic pregnancy after an appendectomy to 4. 8 ( 95 % ci 1. 5 to 14. 9 ) for tubal infertility from perforation of the appendix. recall bias, and poor adjustment for confounding variables in some reports, weakened the validity of the studies. mechanically ventilated patients experience profound stress. interventions are needed to ameliorate stress that does not cause adverse effects. the purpose of this study was to explore the influence of music on stress in a sample of patients over the duration of ventilatory support. research methodology /","Maybe

Justification: The study shows a trend towards more citations for open access articles compared to non-open access articles, but the difference is not statistically significant (p = 0.084 for median citations, p",0.6000
fixed_bm25,fixed,bm25,mistral,In vivo visualization of pyloric mucosal hypertrophy in infants with hypertrophic pyloric stenosis: is there an etiologic role?,yes,maybe,0,1,generation_failure,"infantile hypertrophic pyloric stenosis ( ihps ) is a common condition which presents in infants at 2 - 12 weeks of postnatal life, and whose cause remains obscure. multiple associated abnormalities have been recognized within the external hypertrophied pyloric muscle layer, but the internal component of the pyloric mucosa has received scant attention in the literature to date. our purpose in this study was to show that pyloric mucosal redundancy is a constant finding in infants with ihps, to discuss its possible cause, and to explore the hypothesis of a relationship between pyloric mucosal redundancy and the development of ihps. mean mucosal thickness in patients with ihps approximated mean muscle thickness, with a ratio of 0. 89. in infants with ihps, the pyloric mucosa constitutes approximately one third of the cross - sectional diameter of the pyloric mass and fills and obstructs the pyloric canal. we identified 102 consecutive infants with surgically confirmed ihps and determined the thickness of the pyloric mucosa compared with the thickness of the surrounding hypertrophied muscle. fifty - one infants who did not have pyloric stenosis served as controls. the etiology of hemodialysis ( hd ) - induced hypotension and hypertension remains speculative. there is mounting evidence that endothelin - 1 ( et - 1 ) may play a vital role in these hemodynamic changes. we examined the possible role of intradialytic changes of et - 1 in the pathogenesis of hypotension and rebound hypertension during hd. the following paper elucidates the role of mitochondrial dynamics during developmentally regulated pcd in vivo in a. madagascariensis. a single areole within a window stage leaf ( pcd is occurring ) was divided into three areas based on the progression of pcd ; cells that will not undergo pcd ( npcd ), cells in early stages of pcd ( epcd ), and cells in late stages of pcd ( lpcd ). window stage leaves were stained with the mitochondrial dye mitotracker red cmxros and examined. mitochondrial dynamics were delineated into four categories ( m1 - m4 ) based on characteristics including distribution, motility, and membrane potential ( δψm ). a tunel assay showed fragmented ndna in a gradient over these mitochondrial stages. chloroplasts and transvacuolar strands were also examined using live cell imaging. the possible importance of mitochondrial permeability transition pore ( ptp ) formation during pcd was indirectly examined via in vivo cyclosporine a ( csa ) treatment. this treatment resulted in lace plant leaves with a significantly lower number of perforations compared to controls, and that displayed mitochondrial dynamics similar to that of non - pcd cells.","Maybe

Justification: The study discusses the possibility of a relationship between pyloric mucosal redundancy and the development of hypertrophic pyloric stenosis, but it does not definitively establish an",0.5625
fixed_bm25,fixed,bm25,mistral,Does the early adopter of drugs exist?,no,maybe,0,1,generation_failure,"to analyse associations between indicators for adoption of new drugs and to test the hypothesis that physicians ' early adoption of new drugs is a personal trait independent of drug groups. for all indicators, the general practitioners ' adoption of one group of drugs was poorly associated with adoption of others ( r < / = 0. 49 ), indicating that early adoption of one type of drugs is not associated with early adoption of another. for all drug groups, adoption time adjusted for practice size was only weakly associated with other indicators ( r : - 0. 56 to - 0. 27 ). indicators, based on cost and volume of drugs, were highly correlated ( r : 0. 96 - 0. 99 ), and the others correlated reasonably well ( r : 0. 51 - 0. 91 ). first, to establish whether a deprivation gradient in all - cause mortality exists for all ethnic groups within new zealand ; second, if such gradients do exist, whether their absolute slopes are the same ; and third, if such gradients exist, what impact the unequal deprivation distributions of the different ethnic groups have on the observed ethnic inequalities in life expectancy at birth. mechanically ventilated patients experience profound stress. interventions are needed to ameliorate stress that does not cause adverse effects. the purpose of this study was to explore the influence of music on stress in a sample of patients over the duration of ventilatory support. research methodology / one of the sites most frequently invaded by gastric cancer is the mesocolon ; however, the uicc does not mention this anatomical site as an adjacent structure involved in gastric cancer. the purpose of this study was to characterize and classify mesocolon invasion from gastric cancer.","Maybe

Justification: The context suggests that the study is testing the hypothesis that early adoption of new drugs is a personal trait independent of drug groups, but it does not definitively conclude that an early adopter of drugs exists. The study finds",0.5909
fixed_bm25,fixed,bm25,mistral,Does high blood pressure reduce the risk of chronic low back pain?,yes,maybe,0,1,generation_failure,"in the cross - sectional study, all three blood pressure measures showed inverse relationships with prevalence of low back pain in both sexes. in the prospective study of disease - free women, baseline pulse pressure and systolic pressure were inversely associated with risk of low back pain [ odds ratio ( or ) 0. 93 per 10 mm hg increase in pulse pressure, 95 % confidence interval ( ci ) 0. 89 - 0. 98, p = 0. 007 ; or 0. 95 per 10 mm hg increase in systolic pressure, 95 % ci 0. 92 - 0. 99, p = 0. 005 ]. results among men were equivocal. no associations were indicated with the occurrence of pain in individuals with low back pain at baseline. associations between blood pressure and chronic low back pain were explored in the cross - sectional hunt 2 survey of a norwegian county in 1995 - 1997, including 39, 872 individuals who never used antihypertensive medication. a prospective study, comprising 17, 209 initially back pain - free individuals and 5740 individuals reporting low back pain, was established by re - examinations in the hunt 3 survey in 2006 - 2008. associations were assessed by logistic regression with respect to systolic, diastolic and pulse pressure, with adjustment for education, work status, physical activity, smoking, body mass and lipid levels. epidemiological studies have suggested inverse relationships between blood pressure and prevalence of conditions such as migraine and headache. it is not yet clear whether similar relationships can be established for back pain in particular in prospective studies. the point prevalence of pain was about 50 %, the 6 - month prevalence 75. 5 % and the 12 - month prevalence 76. 5 %. the patients ' most frequent complaints were low back pain, headache and shoulder and neck pain. patients with affective disorders most frequently had pain complaints, followed by those with neurotic, stress - related and somatoform disorders and those with psychotic disorders such as schizophrenia, schizotypic and delusional disorders. almost 10 % of all patients reported pain continuing at least 3 months in the past year. impairment and unfitness for work were related to specific psychiatric diagnosis. statistically significant risk factors for pain were depression ( or = 6. 05 ) and the number of past admissions to psychiatric hospitals ( or = 3. 609 ). there is increasing pressure on mental health providers to reduce the duration of treatments, while retaining level of quality and effectiveness. the risk is that the population is underserved and therefore needs new treatment episodes. the primary aim of this study was to investigate whether duration of treatment and return into mental health care were related.","Maybe

Justification: The provided context shows that in a prospective study of disease-free women, high blood pressure (systolic and pulse pressure) was inversely associated with the risk of low back pain (odds ratio ",0.7391
fixed_bm25,fixed,bm25,mistral,Does responsibility affect the public's valuation of health care interventions?,maybe,yes,0,1,generation_failure,"health services often spend more on safety interventions than seems cost - effective. this study investigates whether the public value safety - related health care improvements more highly than the same improvements in contexts where the health care system is not responsible. an online survey was conducted to elicit the relative importance placed on preventing harms caused by 1 ) health care ( hospital - acquired infections, drug administration errors, injuries to health care staff ), 2 ) individuals ( personal lifestyle choices, sports - related injuries ), and 3 ) nature ( genetic disorders ). direct valuations were obtained from members of the public by using a person trade - off or "" matching "" method. participants were asked to choose between two preventative interventions of equal cost and equal health benefit per person for the same number of people, but differing in causation. if participants indicated a preference, their strength of preference was measured by using person trade - off. three themes were identified : a ) supporting one ' s wife ; b ) marital needs and obligations ; c ) constrained by a culture of destiny and shame. the first theme was built on men ' s feelings of responsibility for the family ' s health and well - being, their experiences of encouraging their wives to seek health care and their providing counselling and instrumental support. the second theme emerged from men ' s views about other men ' s rejection of a wife inflicted by breast cancer, their own perceptions of diminished femininity due to mastectomy and their own concerns about protecting the family from the hereditary risk of breast cancer. the third theme was seen in men ' s perception of breast cancer as an inevitable act of god that is far away from one ' s own family, in associating breast cancer with improper behaviour and in their readiness to face the culture of eib ( shame ). mechanically ventilated patients experience profound stress. interventions are needed to ameliorate stress that does not cause adverse effects. the purpose of this study was to explore the influence of music on stress in a sample of patients over the duration of ventilatory support. research methodology / responses were obtained from 1030 people, reflecting the sociodemographic mix of the uk population. participants valued interventions preventing hospital - acquired infections ( 1. 31 ) more highly than genetic disorders ( 1. 0 ), although drug errors were valued similarly to genetic disorders ( 1. 07 ), and interventions to prevent injury to health care staff were given less weight than genetic disorders ( 0. 71 ). less weight was also given to interventions related to lifestyle ( 0. 65 ) and sports injuries ( 0. 41 ).","Yes

Justification: The study shows that the public values interventions preventing hospital-acquired infections more highly than genetic disorders, suggesting that the responsibility for the health issue may influence the public's valuation of the corresponding health care",0.6538
fixed_bm25,fixed,bm25,mistral,Nasal fractures:  is closed reduction satisfying?,yes,maybe,0,1,generation_failure,"only patients with isolated nasal fractures were included in the study. patients with additional maxillofacial fractures and patients whose application time to our clinic was more than 10 days after the trauma were excluded. patients were classified into 5 types according to their fracture. all patients underwent closed reduction and external fixation under local anesthesia. patients were asked about their satisfaction in a survey at 28th day and sixth month after the surgery. patients were divided into groups according to fracture type and intervention time, and the results of the survey were evaluated. this study aims to evaluate the efficacy of closed reduction and the effects of timing and fracture types on patient satisfaction. to assess if the hawkins sign can predict whether or not astragalus fractures of the neck will develop avascular necrosis. it is also assessed whether the occurrence of this complication is related to the displacement of the fracture, soft tissue injury, or delay in the reduction or surgery. the results were compared with those found in the literature. to determine the relationship between injury severity surrogates and other patient factors with the development and severity of heterotopic ossification ( ho ) following open reduction internal fixation of acetabular fractures treated with a posterior approach. qct confirmed that he had low spinal trabecular volumetric bmd ( z - score - 2. 4 ). after 4 years of treatment his vertebral fractures had been remodelled and all bone densitometry values ( qct, dxa and pqct ) were within normal range and therefore treatment was discontinued. shortly after this he suffered stress fractures of his left mid tibia and at the sclerotic metaphyseal line corresponding to his first apd treatment. he had marked reduction in spinal trabecular and distal radial vbmd ; change in bmad was less marked.","Maybe

Justification: The study aims to evaluate the efficacy of closed reduction, but the results of patient satisfaction are only given at the 28th day and sixth month after the surgery, leaving room for potential changes in satisfaction over",0.6667
fixed_bm25,fixed,bm25,mistral,"Do improvements in outreach, clinical, and family and community-based services predict improvements in child survival?",yes,yes,1,1,success,"there are three main service delivery channels : clinical services, outreach, and family and community. to determine which delivery channels are associated with the greatest reductions in under - 5 mortality rates ( u5mr ), we used data from sequential population - based surveys to examine the correlation between changes in coverage of clinical, outreach, and family and community services and in u5mr for 27 high - burden countries. aac in under 5 - mortality varied from 6. 6 % in nepal to - 0. 9 % in kenya, with six of the 19 african countries all experiencing less than a 1 % decline in mortality. the strongest correlation with reductions in u5mr was observed for access to clinical services ( all countries : p = 0. 02, r² = 0. 58 ; 19 african countries p < 0. 001, r² = 0. 67 ). for outreach activities, aac u5mr was significantly correlated with antenatal care and family planning services, while aac in immunization services showed no association. in the family - and community services domain, improvements in breastfeeding were associated with significant changes in mortality in the 30 countries but not in the african subset ; while in the african countries, nutritional status improvements were associated with a significant decline in mortality. household survey data were abstracted from serial surveys in 27 countries. average annual changes ( aac ) between the most recent and penultimate survey were calculated for under - five mortality rates and for 22 variables in the domains of clinical, outreach, and family - and community - based services. for all 27 countries and a subset of 19 african countries, we conducted principal component analysis to reduce the variables into a few components in each domain and applied linear regression to assess the correlation between changes in the principal components and changes in under - five mortality rates after controlling for multiple potential confounding factors. health services often spend more on safety interventions than seems cost - effective. this study investigates whether the public value safety - related health care improvements more highly than the same improvements in contexts where the health care system is not responsible. significant improvement in vocal function, as indicated by the maximum fundamental frequency produced, and also perceived quality of life, were found in both the genuine and sham acupuncture groups, but not in the no - treatment group. structural ( morphological ) improvements were, however, only noticed in the genuine acupuncture group, which demonstrated a significant reduction in the size of the vocal fold lesions.","Yes

Justification: The study found that the strongest correlation with reductions in under-5 mortality was observed for access to clinical services (all countries: p = 0.02, r² = 0.58;",0.9048
fixed_bm25,fixed,bm25,mistral,Does spontaneous remission occur in polyarteritis nodosa?,yes,maybe,0,1,generation_failure,"polyarteritis nodosa ( pan ) is a systemic vasculitis involving mainly medium - sized arteries and, rarely, small - sized arteries. the diagnosis is principally based on clinical exams, biopsy of an affected organ, and / or arteriography of renal or mesenteric arteries. once diagnosed, immunosuppressive agents, such as glucocorticoids and cyclophosphamide, are generally introduced as soon as possible. whether spontaneous remission of pan occurs is therefore largely unknown. we describe the case of a 51 - year - old woman who presented with a 4 - day - history of intense pain in her left flank, hypertension, fever, microscopic hematuria, and acute renal failure. contrast - enhanced renal ultrasound strongly suggested bilateral renal infarction. medical history and an extensive workup allowed to exclude systemic embolism, recreational drug abuse, cardiac arrhythmias, and thrombophilia. a possible diagnosis of pan was considered ; however, within 2 weeks of admission, spontaneous remission of her clinical and biological symptoms occurred without the use of any immunosuppressive treatment. finally, 3 months later, renal arteriography confirmed the diagnosis of pan. the patient remains free of symptoms 1 year after initial presentation. synchronous liver metastases ( slm ) occur in 20 % of colorectal cancers ( crc ). resection of slm and clc can be undertaken at different centres ( separate management, sm ) or at the same centre ( global management, gm ). mechanically ventilated patients experience profound stress. interventions are needed to ameliorate stress that does not cause adverse effects. the purpose of this study was to explore the influence of music on stress in a sample of patients over the duration of ventilatory support. research methodology / one of the sites most frequently invaded by gastric cancer is the mesocolon ; however, the uicc does not mention this anatomical site as an adjacent structure involved in gastric cancer. the purpose of this study was to characterize and classify mesocolon invasion from gastric cancer.","Maybe

Justification: The provided context describes a case where a patient with polyarteritis nodosa experienced spontaneous remission of her clinical and biological symptoms without the use of any immunosuppressive treatment. However, the context also",0.6667
fixed_bm25,fixed,bm25,mistral,Gluten tolerance in adult patients with celiac disease 20 years after diagnosis?,maybe,maybe,1,1,success,"celiac disease ( cd ) is believed to be a permanent intolerance to gluten. a number of patients, however, discontinue the gluten - free diet ( gfd ) without developing symptoms or signs. the aim of our study was to investigate whether cd patients are capable of developing tolerance to gluten. all 77 adult patients from our hospital known to have biopsy - proven cd for more than 10 years were invited to participate. we investigated symptoms, gluten consumption, antibodies for cd and other autoimmunity, human leukocyte antigen ( hla ) - typing, bone mineral density, and performed small bowel biopsies. tolerance was defined as no immunological or histological signs of cd while consuming gluten. sixty - six patients accepted participation, but after review of the diagnostic biopsies 53 were found to have true cd. twenty - three percent of patients had a gluten - containing diet, 15 % admitted gluten transgression and 62 % followed the gfd. patients on a gfd had significantly more osteoporosis. normal small bowel mucosa was found in four of eight on gluten - containing diet and in four of four with gluten transgression. two patients were considered to have developed tolerance to gluten. one of them was hla - dq2 / dq8 negative. celiac disease ( cd ) is an autoimmune enteropathy characterized by villus atrophy and malabsorption of essential nutrients. vitamin d deficiency has been described in autoimmune diseases, but its status in prepubertal children with cd has not been adequately studied. the three disorder groups had rates of adult md during the period 18 - 35 years that were significantly ( p <. 05 ) higher than that of the group with no disorder. furthermore, those in the comorbid md / aud group had significantly ( p <. 05 ) higher rates of adult md than those in the aud - only group, and marginally ( p <. 10 ) higher rates of adult md than those in the md - only group. after adjustment for confounding, the difference in rates of adult md between the md - only group and the md / aud group were no longer statistically significant. the factors that explained the associations were gender, childhood behavior problems, and exposure to physical and sexual abuse.","Maybe

Justification: The study found two patients who were considered to have developed tolerance to gluten, but the sample size is small and the study did not investigate all patients with celiac disease, so it is not definitive that all adult",0.6364
fixed_bm25,fixed,bm25,mistral,Do symptoms predict COPD in smokers?,no,yes,0,1,generation_failure,"forty - four percent of smokers in our sample had airways obstruction ( ao ). of these, 36 % reported a diagnosis of or treatment for copd. odds ratio ( 95 % ci ) for ao with smoking ( > or = 20 pack - years ) was 3. 73 ( 3. 12 - 4. 45 ), 1. 98 ( 1. 73 - 2. 27 ) for cough, 1. 79 ( 1. 55 - 2. 08 ) for dyspnea, 1. 95 ( 1. 70 - 2. 34 ) for sputum, and 2. 59 ( 2. 26 - 2. 97 ) for wheeze. respiratory symptoms were reported by 92 % of smokers with ao, 86 % smokers with restriction, 76 % smokers with normal spirometry, and 73 % of nonsmokers. sensitivity ( 92 % vs 90 % ), specificity ( 19 % vs 22 % ), positive ( 47 % vs 40 % ) and negative ( 75 % vs 80 % ) predictive values for the presence of one or more symptoms were similar between smokers and all subjects. the us preventive services task force recommends against spirometry in the absence of symptoms. however, as much as 50 % of copd cases in the united states remain undiagnosed. report of symptoms, smoking history, and spirometric data were collected from subjects screened for a work - related medical evaluation ( n = 3, 955 ). prevalence of airflow obstruction and respiratory symptoms were assessed. sensitivity, specificity, positive and negative predictive values, and relative risks of predicting symptoms and smoking history for copd were calculated. do preresidency selection factors serve as predictors of success in residency? specifically, we asked which preresidency selection factors are associated or correlated with ( 1 ) objective measures of resident knowledge and performance ; and ( 2 ) subjective ratings by faculty. to compare symptoms, healthcare resource utilization and costs in two groups of patients with the symptoms of gp : those treated via gastric electrical stimulation ( ges ) and those treated with traditional pharmacological agents in an intensive outpatient program ( med ).","Yes

Justification: In the provided context, it is stated that 92% of smokers with airways obstruction (a symptom of COPD) reported respiratory symptoms, compared to 73% of nons",0.5294
fixed_bm25,fixed,bm25,mistral,Search engine as a diagnostic tool in difficult immunological and allergologic cases: is Google useful?,yes,maybe,0,1,generation_failure,"web search engines are an important tool in communication and diffusion of knowledge. among these, google appears to be the most popular one : in august 2008, it accounted for 87 % of all web searches in the uk, compared with yahoo ' s 3. 3 %. google ' s value as a diagnostic guide in general medicine was recently reported. the aim of this comparative cross - sectional study was to evaluate whether searching google with disease - related terms was effective in the identification and diagnosis of complex immunological and allergic cases. forty - five case reports were randomly selected by an independent observer from peer - reviewed medical journals. clinical data were presented separately to three investigators, blinded to the final diagnoses. investigator a was a consultant with an expert knowledge in internal medicine and allergy ( im & a ) and basic computing skills. investigator b was a registrar in im & a. investigator c was a research nurse. both investigators b and c were familiar with computers and search engines. for every clinical case presented, each investigator independently carried out an internet search using google to provide a final diagnosis. their results were then compared with the published diagnoses. apparent life - threatening events in infants are a difficult and frequent problem in pediatric practice. the prognosis is uncertain because of risk of sudden infant death syndrome. measurement of basal metabolic rate ( bmr ) is suggested as a tool to estimate energy requirements. therefore, bmr prediction equations have been developed in multiple populations because indirect calorimetry is not always feasible. however, there is a paucity of data on bmr measured in overweight and obese adults living in asia and equations developed for this group of interest. the aim of this study was to develop a new bmr prediction equation for chinese adults applicable for a large bmi range and compare it with commonly used prediction equations. the brain - dead donor supply has become one of the criteria limiting the performance of heart transplantation. conventional screening criteria are too limiting and exclude suitable heart donors. echocardiography is now widely available and is a reliable tool to assess left ventricular dysfunction in brain - dead donors. yet few data are available on the degree of left ventricular dysfunction where a transplantation is possible.","Maybe

Justification: The study in the context shows that Google can be used as a diagnostic tool in difficult immunological and allergic cases, but the effectiveness is not definitive as the results were compared with the published diagnoses, not",0.6500
fixed_bm25,fixed,bm25,mistral,Uniformity of evidence-based treatments in practice?,yes,maybe,0,1,generation_failure,"various factors contribute to the effective implementation of evidence - based treatments ( ebts ). in this study, cognitive processing therapy ( cpt ) was administered in a veterans affairs ( va ) posttraumatic stress disorder ( ptsd ) specialty clinic in which training and supervision were provided following va implementation guidelines. the aim was to ( a ) estimate the proportion of variability in outcome attributable to therapists and ( b ) identify characteristics of those therapists who produced better outcomes. the "" july effect "" refers to the phenomenon of adverse impacts on patient care arising from the changeover in medical staff that takes place during this month at academic medical centres in north america. there has been some evidence supporting the presence of the july effect, including data from surgical specialties. uniformity of care, regardless of time of year, is required for patients undergoing major cancer surgery. we therefore sought to perform a population - level assessment for the presence of a july effect in this field. as part of an mrc funded study into primary care oral anticoagulation management, inr measurements obtained in general practice were validated against values on the same samples obtained in hospital laboratories. a prospective comparative trial was undertaken between three hospital laboratories and nine general practices. all patients attending general practice based anticoagulant clinics had parallel inr estimations performed in general practice and in a hospital laboratory. using a computerised audit trail, we calculated the numbers of web - based operations that occurred in each practice, stratified by staff type and year, and adjusted for the numbers of registered diabetic patients. in regression analyses, we determined whether total use was associated with structural characteristics of the practice ( total list size, training status, numbers of gps ( general practitioners ), mean age of the gps, numbers of female gps, level of deprivation of the population and whether staff had received advanced training in diabetes care ). recent evaluations of it innovations in primary care have highlighted variations between centres and practices in uptake and use. we evaluated whether structural characteristics of a general practice were associated with variations in use of a web - based clinical information system underpinning a managed clinical network in diabetes, between the years 2001 and 2003.","Maybe

Justification: The context provides examples of studies evaluating the uniformity of evidence-based treatments in different settings (e.g., cancer surgery, primary care oral anticoagulation management, web-based clinical information system in diabetes",0.5926
fixed_bm25,fixed,bm25,mistral,Do approved doctors and medical referees in the UK agree when assessing a seafarer's fitness?,no,maybe,0,1,generation_failure,"the seafaring industry remains a hazardous occupation that requires sophisticated systems of risk and fitness assessment. this study aims to investigate the extent of agreement between approved doctors ( ads ) and medical referees ( mrs ) when they assess a seafarer ' s fitness. between 2003 and 2009 a total of 232, 878 seafarer medical examinations were carried out by ads, of which 465 were considered by the mrs because the seafarer appealed against the ad ' s decision. the extent of agreement between ads and mrs was studied. governments are urged to determine methods to control the use of medical resources and curb the rise of healthcare costs. the question is, do health behaviors have an impact on the use of medical resources? this study aims to identify and understand the difference in the number of outpatient visits and health examinations based on various health behaviors and to determine whether patients seek medical care for illness from the same physicians. consecutive bacteraemia isolates of s. aureus ( n = 244 ) from patients hospitalized in 25 centres in the uk and ireland during 2005 were screened for pvl and meca genes. pvl - positive isolates were characterized by toxin gene profiling, pfge, spa - typing and mic determinations for a range of antimicrobials. web search engines are an important tool in communication and diffusion of knowledge. among these, google appears to be the most popular one : in august 2008, it accounted for 87 % of all web searches in the uk, compared with yahoo ' s 3. 3 %. google ' s value as a diagnostic guide in general medicine was recently reported. the aim of this comparative cross - sectional study was to evaluate whether searching google with disease - related terms was effective in the identification and diagnosis of complex immunological and allergic cases.","Maybe

Justification: The study in the context aims to investigate the extent of agreement between approved doctors (ads) and medical referees (mrs) when they assess a seafarer's fitness, but it does not provide",0.7826
fixed_bm25,fixed,bm25,mistral,Hepatorenal syndrome: are we missing some prognostic factors?,yes,maybe,0,1,generation_failure,"we review our results on surgical treatment of patients with stage i non - small cell lung carcinoma and we attempted to clarify the prognostic significance of some surgical - - pathologic variables. hepatorenal syndrome ( hrs ) is the functional renal failure associated with advanced cirrhosis and has also been described in fulminant hepatic failure. without liver transplantation its prognosis is dismal. our study included patients with type 1 hrs associated with cirrhosis, who were not liver transplant candidates. aim : to identify variables associated with improved survival. a population based cross - sectional study of 4200 randomly selected adults registered with a general medical practice in north west, england. the study examined the association of chronic oro - facial pain with a variety of self - reported mechanical factors : teeth grinding, facial trauma, missing teeth and the feeling that the teeth did not fit together properly. information was also collected on demographic factors, psychological factors and the reporting of other frequently unexplained syndromes. do preresidency selection factors serve as predictors of success in residency? specifically, we asked which preresidency selection factors are associated or correlated with ( 1 ) objective measures of resident knowledge and performance ; and ( 2 ) subjective ratings by faculty. apparent life - threatening events in infants are a difficult and frequent problem in pediatric practice. the prognosis is uncertain because of risk of sudden infant death syndrome.","Maybe

Justification: The study aims to identify variables associated with improved survival in patients with type 1 hepatorenal syndrome, but it does not exclude the possibility that other factors may also have prognostic significance.",0.6957
fixed_bm25,fixed,bm25,mistral,Vaginal dose assessment in image-guided brachytherapy for cervical cancer: Can we really rely on dose-point evaluation?,maybe,maybe,1,1,success,"although dose - volume parameters in image - guided brachytherapy have become a standard, the use of posterior - inferior border of the pubic symphysis ( pibs ) points has been recently proposed in the reporting of vaginal doses. the aim was to evaluate their pertinence. nineteen patients who received image - guided brachytherapy after concurrent radiochemotherapy were included. per treatment, ct scans were performed at days 2 and 3, with reporting of the initial dwell positions and times. doses delivered to the pibs points were evaluated on each plan, considering that they were representative of one - third of the treatment. the movements of the applicator according to the pibs point were analysed. mean prescribed doses at pibs - 2, pibs, pibs + 2 were, respectively, 2. 23 ± 1. 4, 6. 39 ± 6. 6, and 31. 85 ± 36. 06 gy. significant differences were observed between the 5 patients with vaginal involvement and the remaining 14 at the level of pibs + 2 and pibs : + 47. 60 gy and + 7. 46 gy, respectively ( p = 0. 023 and 0. 03 ). the variations between delivered and prescribed doses at pibs points were not significant. however, at international commission on radiation units and measurements rectovaginal point, the delivered dose was decreased by 1. 43 ± 2. 49 gy from the planned dose ( p = 0. 019 ). the delivered doses at the four points were strongly correlated with the prescribed doses with r ( 2 ) ranging from 0. 93 to 0. 95. the movements of the applicator in regard of the pibs point assessed with the digital imaging and communications in medicine coordinates were insignificant. in patients with mild vaginal lesions, mild cervical lesions were significantly more frequent than severe cervical lesions. in patients with "" active "" vaginal lesions the rate of "" active "" cervical lesions was significantly higher than "" non active "" cervical lesions. the differences in rates of mild cervical lesions and severe cervical lesions among patients with high - grade vain and low - grade vain ( with and without koilocytosis ) were not significant. a retrospective study to identify patients with vaginal lesions and synchronous cervical lesions through biopsy. the rate of mild cervical lesions ( koilocytosis, warts, cin i with and without koilocytosis ) was compared with the rate of severe cervical lesions ( cin ii and iii, cervical carcinoma ) in patients with mild vaginal lesions ( warts and koilocytosis, and low - grade vain ) and in patients with severe vaginal lesions ( high - grade vain ). using koilocytosis as a marker, the rate of "" active "" cervical lesions was compared with the rate of "" non active "" cervical lesions in patients with "" active "" versus "" non active "" vaginal lesions. finally, the rates of mild and severe cervical lesions were compared among each group of vain ( low - grade, high - grade, with or without koilocytosis ).","Maybe

Justification: The study shows that the delivered doses at the four points (pibs-2, pibs, pibs+2, and pibs+4) were strongly correlated with the prescribed",0.7857
fixed_bm25,fixed,bm25,mistral,Prescriptions as a proxy for asthma in children: a good choice?,no,maybe,0,1,generation_failure,"stock et al. ( eur respir j 25 : 47 - 53, 2005 ) recently estimated asthma prevalence in germany using claims data on prescriptions and hospital diagnoses and found high prevalence peaks in infants. our objective was to critically assess and discuss various aspects of identifying children with asthma using prescription data. we conducted a cross - sectional survey among adult patients with asthma cared for in 15 managed care organizations in the united states. we collected physicians ' estimates of their patients ' asthma severity. physicians ' estimates of patients ' asthma as being less severe than patient - reported symptoms were classified as underestimates of severity. we replicated the selection procedure of stock et al. using data on 290, 919 children aged 0 - 17 years insured in the gmunder ersatzkasse ( gek ) in 2005. asthma prevalence was also estimated in a sample of 17, 641 children aged 0 - 17 years participating in the german health interview and examination survey for children and adolescents ( kiggs ) from 2003 to 2006. the first three courses were attended by 31 participants. course evaluation revealed high satisfaction scores with methods as well as with clarity and relevance of the contents. self - assessment of participants showed a growing sense of security in different communication settings. important increases could be demonstrated for communicating a diagnosis of cancer with good or less good prognosis, recurrence of cancer or a far progressive cancer disease without curative approach. 3 months after the course, participants described multiple changes indicating increased sensibility and professionalism in communication behavior. a short course of systemic corticosteroids is an important therapy in the treatment of pediatric asthma exacerbations. although a 5 - day course of oral prednisone or prednisolone has become the most commonly used regimen, dexamethasone has also been used for a shorter duration ( 1 - 2 days ) with potential for improvement in compliance and palatability. we reviewed the literature to determine if there is sufficient evidence that dexamethasone can be used as an effective alternative in the treatment of pediatric asthma exacerbations in the inpatient setting.","Maybe

Justification: The context discusses the use of prescription data to estimate asthma prevalence in children, but it also acknowledges the need for critical assessment of this method ([1]). The study replicates the selection procedure",0.4545
fixed_bm25,fixed,bm25,mistral,Does the familial transmission of drinking patterns persist into young adulthood?,maybe,maybe,1,1,success,"to explore the long - term ( 10 - year ) transmission of familial drinking during adolescence to offspring drinking patterns in young adulthood. swedish longitudinal study, assessing the relationship between familial drinking in 2000 and offspring drinking in 2010 using simultaneous quantile regression analysis ( n = 744 ). data : data on familial drinking was gathered from the swedish level - of - living surveys ( lnu ) and from partner lnu in 2000 while data on offspring drinking in young adulthood was gathered from lnu 2010. drinking among offspring, parents and potential stepparents was measured through identical quantity - frequency indices referring to the past 12 months in 2010 and 2000 respectively. young adults whose families were abstainers in 2000 drank substantially less across quintiles in 2010 than offspring of non - abstaining families. the difference, however, was not statistically significant between quintiles of the conditional distribution. actual drinking levels in drinking families were not at all or weakly associated with drinking in offspring. supplementary analyses confirmed these patterns. kidneys from elderly donors tend to be implanted in recipients who are also elderly. we present the results obtained after 10 years of evolution on transplanting elderly kidneys into young recipients. to examine family - based transmission of the number of 5 ' flanking arginine vasopressin v1a receptor ( avpr1a ) microsatellites, which include [ ( gata ) ( 14 ) ] and complex [ ( ct ) ( 4 ) - tt - ( ct ) ( 8 ) - ( gt ) ( 24 ) ] repeats, in probands with a prepubertal and early adolescent bipolar disorder phenotype ( pea - bp ). preferential transmission of the number of avpr1a microsatellite repeats to hypersexual and uninhibited people - seeking probands was hypothesized, based on reports from preclinical work in the literature.","Maybe

Justification: The study shows that young adults whose families were abstainers in 2000 drank substantially less across quintiles in 2010 than offspring of non-abstaining families, but",0.8500
fixed_bm25,fixed,bm25,mistral,Proof of concept study: does fenofibrate have a role in sleep apnoea syndrome?,yes,maybe,0,1,generation_failure,"proof - of - concept study comprising a placebo run - in period ( 1 week, 5 weeks if fibrate washout was required ) and a 4 - week randomized, double - blind treatment period. thirty - four subjects ( mean age 55 years, body mass index 34 kg / m 2, fasting triglycerides 3. 5 mmol / l ) with diagnosed sleep apnoea syndrome not treated with continuous positive airways pressure were enrolled and randomized to once daily treatment with fenofibrate ( 145 mg nanocrystal ( r ) tablet ) or placebo. overnight polysomnography, computerized attention / vigilance tests and blood sampling for measurement of lipids, insulin, fasting plasma glucose and fibrinogen were performed at the end of each study period. to investigate the effect of fenofibrate on sleep apnoea indices. exploratory study in patients with mild to moderate sleep apnoea, limited treatment duration ; concomitant hypnotic treatment ( 35 % ) ; lack of correction for multiplicity of testing. as this was an exploratory study, a range of sleep variables were evaluated. the apnoea / hypopnoea index ( ahi ) and percentage of time spent with arterial oxygen saturation ( spo ( 2 ) ) < 90 % were relevant as they have been evaluated in other clinical trials. other variables included total apnoeas, hypopnoeas and oxygen desaturations, and non - cortical micro - awakenings related to respiratory events per hour. although there is evidence for the influential role of transformational leadership on health outcomes, researchers have used either attitude outcomes ( e. g. job satisfaction ) or softer health measures, such as general well - being. specific measures of well - being such as sleep quality have not been used, despite its association with working conditions.","Maybe

Justification: The study was designed to investigate the effect of fenofibrate on sleep apnoea indices, but it is an exploratory study with a limited treatment duration and lack of correction for multiplicity of testing (context",0.7895
fixed_bm25,fixed,bm25,mistral,Can mental imagery functional magnetic resonance imaging predict recovery in patients with disorders of consciousness?,yes,maybe,0,1,generation_failure,"to determine the potential prognostic value of using functional magnetic resonance imaging ( fmri ) to identify patients with disorders of consciousness, who show potential for recovery. disorders of consciousness ( doc ) diagnosis relies on the presence or absence of purposeful motor responsiveness, which characterizes the minimally conscious state ( mcs ) and the unresponsive wakefulness syndrome ( uws ), respectively. functional neuroimaging studies have raised the question of possible residual conscious awareness also in clinically - defined uws patients. the aim of our study was to identify electrophysiological parameters, by means of a transcranial magnetic stimulation approach, which might potentially express the presence of residual networks sustaining fragmentary behavioral patterns, even when no conscious behavior can be observed. to assess the outcomes of patients with nasopharyngeal carcinoma ( npc ) whose treatment was determined by computerized tomography ( ct ) and / or magnetic resonance imaging staging and to analyze the impact of induction chemotherapy and accelerated fractionated radiotherapy. compared with computed tomography ( ct ) and magnetic resonance imaging ( mri ), positron emission tomography ( pet ) may have additional value in the assessment of primary and recurrent cervical cancer. however, the degree of tumour uptake of ( 18 ) f - 2 - fluoro - 2 - deoxy - d : - glucose ( fdg ) uptake is sometimes influenced by diabetes mellitus ( dm ). therefore, we conducted this prospective study to compare the diagnostic ability of fdg - pet in patients with cervical cancer complicated by dm and those without dm. participants performed a mental imagery fmri paradigm. they were asked to alternately imagine playing tennis and navigating through their home. in 14 of the 22 examined patients ( vs, n = 5 ; mcs, n = 9 ), a significant activation of the regions of interest ( rois ) of the mental imagery paradigm could be found. all 5 patients with activation of a significant blood oxygen level dependent signal, who were in a vs at the time of the fmri examination, reached at least an mcs at the end of the observation period. in contrast, 5 participants in a vs who failed to show activation in rois, did not ( sensitivity 100 %, specificity 100 % ). six of 9 patients in an mcs with activation in rois emerged from an mcs. of 3 patients in an mcs who did not show activation, 2 patients stayed in an mcs and 1 patient emerged from the mcs ( sensitivity 85 %, specificity 40 % ).","Maybe

Justification: The study shows that activation in regions of interest during mental imagery fMRI is associated with recovery in some patients with disorders of consciousness, but the specificity is not 100%.",0.6842
fixed_bm25,fixed,bm25,mistral,The nurse cystoscopist: a feasible option?,yes,yes,1,1,success,"to compare the accuracy achieved by a trained urology nurse practitioner ( unp ) and consultant urologist in detecting bladder tumours during flexible cystoscopy. to determine current practice and to assess the value of routine follow - up procedures for endometrial cancer surveillance. to discuss whether such procedures are feasible and effective to identify asymptomatic recurrences and describe the pattern of relapse detected by procedures. the difference between physician - systolic bp and nurse - systolic bp was 5. 16 mmhg ( 95 % ci 2. 62 - 7. 7 ; p < 0. 001 ). the difference between physician - systolic bp and self - measured systolic bp was 4. 67 mmhg ( 95 % ci 0. 89 - 8. 44 ; p = 0. 016 ). the differences between nurse - systolic bp and self - measured systolic bp were not significant ( 0. 49 mmhg ; 95 % ci 3. 71 - 2. 71 ; p = 0. 758 ). with regards to diastolic bp, no significant differences were found between the different ways of measurement. nbp gave the following values : sensitivity ( sn ) of 92 % and specificity ( sp ) of 60 % ; positive predictive value ( ppv ) of 65. 7 % and negative predictive value ( npv ) of 90 % with a positive coefficient of probability ( cp + ) of 2. 3 and a negative coefficient of probability ( cp - ) of 0. 133. pbp gave the following results : sn = 72 % ; sp = 66. 7 % ; ppv = 64. to determine whether there are differences between blood pressure ( bp ) measured by the nurse ( nbp ), bp measured by the physician ( pbp ) and self - measured bp in treated hypertensive patients and, if found, to evaluate their clinical importance. measurement of basal metabolic rate ( bmr ) is suggested as a tool to estimate energy requirements. therefore, bmr prediction equations have been developed in multiple populations because indirect calorimetry is not always feasible. however, there is a paucity of data on bmr measured in overweight and obese adults living in asia and equations developed for this group of interest. the aim of this study was to develop a new bmr prediction equation for chinese adults applicable for a large bmi range and compare it with commonly used prediction equations.","Yes

Justification: The context mentions a study comparing the accuracy of a trained urology nurse practitioner and a consultant urologist in detecting bladder tumours during flexible cystoscopy, implying that the nurse",0.7000
fixed_bm25,fixed,bm25,mistral,Is cardiovascular evaluation necessary prior to and during beta-blocker therapy for infantile hemangiomas?,no,yes,0,1,generation_failure,"although consensus guidelines for pretreatment evaluation and monitoring of propranolol therapy in patients with infantile hemangiomas ( ih ) have been formulated, little is known about the cardiovascular side effects. we sought to analyze cardiovascular evaluations in patients with ih at baseline and during treatment with an oral beta - blocker. questionnaire analyses ( n = 83 ) identified 3 cases with a family history of cardiovascular disease in first - degree relatives. ecg findings were normal in each case and no serious complication of therapy occurred. ecg abnormalities were found in 6. 5 % of patients but there were no contraindications to beta - blocker therapy and no major complications. hypotension in 9 patients did not require therapy adjustment. in all, 88 parents ( 81 % ) reported side effects during beta - blocker treatment. data from 109 patients with ih were retrospectively analyzed. patient and family history, pretreatment electrocardiogram ( ecg ), heart rate, and blood pressure were evaluated before initiation of beta - blocker therapy. blood pressure and standardized questionnaires addressing side effects were evaluated during treatment. from march 2007 to january 2011, 88 dbe procedures were performed on 66 patients. indications included evaluation anemia / gastrointestinal bleed, small bowel ibd and dilation of strictures. video - capsule endoscopy ( vce ) was used prior to dbe in 43 of the 66 patients prior to dbe evaluation.","Yes

Justification: The context states that cardiovascular evaluations were performed prior to and during beta-blocker therapy in patients with infantile hemangiomas ([2], [4]).",0.6471
fixed_bm25,fixed,bm25,mistral,Is specialty care associated with improved survival of patients with congestive heart failure?,yes,maybe,0,1,generation_failure,"implementation of the complex treatment strategies that have been shown to improve survival of patients with congestive heart failure ( chf ) may require certain expertise. we wanted to examine the association between pattern of outpatient care and survival of patients with chf. hepatorenal syndrome ( hrs ) is the functional renal failure associated with advanced cirrhosis and has also been described in fulminant hepatic failure. without liver transplantation its prognosis is dismal. our study included patients with type 1 hrs associated with cirrhosis, who were not liver transplant candidates. aim : to identify variables associated with improved survival. medicare part a beneficiaries had more chronic conditions on average in 2010 than in 2008. the percentage increase in the average number of chronic conditions was larger for dual - eligible beneficiaries ( 2. 8 % ) than for nondual - eligible beneficiaries ( 1. 2 % ). the prevalence of some chronic conditions, such as congestive heart failure, ischemic heart disease, and stroke / transient ischemic attack, decreased. the deterioration of average health was due to other chronic conditions : chronic kidney disease, depression, diabetes, osteoporosis, rheumatoid arthritis / osteoarthritis. trends in alzheimer ' s disease, cancer, and chronic obstructive pulmonary disease showed differences by sex or dual eligibility or both. we hypothesized that : 1 ) physician underestimation of asthma severity is more frequent among black patients ; 2 ) among black patients, physician underestimation of severity is associated with poorer quality asthma care. we performed a linked database analysis of all patients undergoing congenital heart surgery from july 1, 2010 to december 31, 2012. we collected data on the cardiac diagnoses, preoperative status, procedure, and postoperative course, including the duration of invasive and noninvasive ventilation, failure of extubation, hemodynamic data, length of stay, complications, and mortality. a multivariable model was used to assess the independent factors associated with an inability to extubate within the operating room and with delayed extubation ( > 24 hours ).","Maybe

Justification: The context discusses the implementation of complex treatment strategies for congestive heart failure (CHF) that may require certain expertise, but it does not directly state that specialty care is associated with improved survival of patients with",0.6800
fixed_bm25,fixed,bm25,mistral,Can the prognosis of polymyalgia rheumatica be predicted at disease onset?,yes,maybe,0,0,retrieval_failure,"this study was planned to evaluate whether increased nuchal translucency ( nt ) thickness in the first trimester of gestation can be related to onset of gestational diabetes mellitus ( gdm ) during pregnancy. after controlling for age of onset, there were no differences in prior suicide attempts by polarity although bipolar participants had more prior severe attempts. during follow - up, 40 cycles ended in suicide and 384 cycles contained at least one suicide attempt. age, hopelessness and active substance abuse but not polarity predicted suicidal behavior. the effects of risk factors did not differ by polarity. the levels of bone formation and resorption can be assessed at the tissue level by bone histomorphometry on transiliac bone biopsies. systemic biochemical markers of bone turnover reflect the overall bone formation and resorption at the level of the entire skeleton but cannot discriminate the different skeletal compartments. synchronous liver metastases ( slm ) occur in 20 % of colorectal cancers ( crc ). resection of slm and clc can be undertaken at different centres ( separate management, sm ) or at the same centre ( global management, gm ). three hundred twelve physicians were contacted, and 154 returned questionnaires that could be analyzed. of the 154 physicians ( mean age, 45 years ) 48 were cardiologists, 52 were gps, and 54 were allergists. the percentage of correct answers was low : 31. 9 % for cardiologists, 40 % for gps, and 33 % for allergists. thus, gps provided a significantly higher percentage of correct answers with respect to the remaining categories ( p = 0. 05 ). the lower rate of correct answers ( 0 to 15. 9 % ) concerned the time of onset of cough and the action to take. cardiologists seemed to be less aware of the fact that angiotensin receptor blockers ( sartans ) can cross - react with ace - i.","Maybe

Justification: The provided context does not directly discuss the prognosis of polymyalgia rheumatica, but it does mention a study evaluating a potential relationship between nuchal translucency thickness and gest",0.2500
