condition_id,chunker,retriever,model,question,gold,answer,correct,retrieval_hit,failure_type,raw_output,grounding_score
justified_mistral,fixed,bm25,mistral,Do mitochondria play a role in remodelling lace plant leaves during programmed cell death?,yes,yes,1,1,success,"Yes

Justification: The paper elucidates the role of mitochondrial dynamics during developmentally regulated programmed cell death in the lace plant (Aponogeton madagascariensis). (context: [2",0.0000
justified_mistral,fixed,bm25,mistral,Landolt C and snellen e acuity: differences in strabismus amblyopia?,no,yes,0,1,generation_failure,"Yes

Justification: The mean difference between Landolt C and Snellen E acuity was 0.55 lines in the eyes with strabismus amblyopia (context [1]).",0.0000
justified_mistral,fixed,bm25,mistral,"Syncope during bathing in infants, a pediatric form of water-induced urticaria?",yes,maybe,0,1,generation_failure,"Maybe

Justification: The context mentions that the hypothesis of an equivalent of aquagenic urticaria was considered for the infants, and that some infants had dermographism, a symptom associated with aquagenic",0.0000
justified_mistral,fixed,bm25,mistral,Are the long-term results of the transanal pull-through equal to those of the transabdominal pull-through?,no,maybe,0,1,generation_failure,"Maybe

Justification: The study compared the long-term outcomes of transanal pull-through (Terpt) and conventional transabdominal (Abd) pull-through for Hirschsprung disease (HD), but it did",0.0000
justified_mistral,fixed,bm25,mistral,Can tailored interventions increase mammography use among HMO women?,yes,yes,1,1,success,"Yes

Justification: The study shows that tailored telephone counseling promoted a significantly higher proportion of women having mammograms on schedule compared to usual care (71% vs 61%) and tailored print (67% vs",0.0000
justified_mistral,fixed,bm25,mistral,Double balloon enteroscopy: is it efficacious and safe in a community setting?,yes,maybe,0,0,retrieval_failure,"Maybe

Justification: The question is not directly addressed in the provided context. However, the context does mention the use of balloon expandable stent valve in a transcatheter aortic valve replacement (tavi)",0.0000
justified_mistral,fixed,bm25,mistral,30-Day and 1-year mortality in emergency general surgery laparotomies: an area of concern and need for improvement?,maybe,yes,0,1,generation_failure,"Yes

Justification: The study shows that 30-day mortality is 12.4% and 1-year mortality is 25.15% in those aged under 70 years, and ",0.0000
justified_mistral,fixed,bm25,mistral,Is adjustment for reporting heterogeneity necessary in sleep disorders?,no,yes,0,1,generation_failure,"Yes

Justification: The study in the context shows that without correction of cut-point shifts, age, sex, and the number of comorbidities were significantly associated with a greater severity of sleep-related problems. However, after",0.0000
justified_mistral,fixed,bm25,mistral,Do mutations causing low HDL-C promote increased carotid intima-media thickness?,no,maybe,0,1,generation_failure,"Maybe

Justification: The provided context discusses the relationship between low HDL-C resulting from genetic variation and early atherosclerosis, but it does not directly state that mutations causing low HDL-C promote increased car",0.0000
justified_mistral,fixed,bm25,mistral,A short stay or 23-hour ward in a general and academic children's hospital: are they effective?,yes,yes,1,1,success,"Yes

Justification: The short stay ward accounted for a significant percentage of admissions, had an average length of stay less than the regular ward, had a low rate of patient admission to an in-hospital bed, and had no",0.0000
justified_mistral,fixed,bm25,mistral,Did Chile's traffic law reform push police enforcement?,yes,yes,1,1,success,"Yes

Justification: The context mentions that the enactment of the traffic law reform is used as an independent variable in the study, indicating that it was a deliberate action (the reform) that influenced the police enforcement (number of",0.0000
justified_mistral,fixed,bm25,mistral,Therapeutic anticoagulation in the trauma patient: is it safe?,no,maybe,0,1,generation_failure,"Maybe

Justification: The study indicates that 21% of trauma patients had complications from therapeutic anticoagulation, suggesting it may not always be safe. However, the study does not definitively answer the question of whether",0.0000
justified_mistral,fixed,bm25,mistral,Differentiation of nonalcoholic from alcoholic steatohepatitis: are routine laboratory markers useful?,yes,maybe,0,1,generation_failure,"Maybe

Justification: The context states that specific markers for differentiation of nonalcoholic (nash) from alcoholic steatohepatitis (ash) are lacking, but it is investigating the role of routine laboratory parameters",0.0000
justified_mistral,fixed,bm25,mistral,Prompting Primary Care Providers about Increased Patient Risk As a Result of Family History: Does It Work?,no,maybe,0,1,generation_failure,"Maybe

Justification: The study shows that the automated, tailored prompts about family history risk did change the behavior of primary care providers (PCPs) in that they responded to the prompts in some way during 695",0.0000
justified_mistral,fixed,bm25,mistral,Do emergency ultrasound fellowship programs impact emergency medicine residents' ultrasound education?,yes,yes,1,1,success,"Yes

Justification: Residents in programs with emergency ultrasound fellowships reported performing more scans and using ultrasound in more applications than those in programs without fellowships (p =. 04, p <. 0",0.0000
justified_mistral,fixed,bm25,mistral,Patient-Controlled Therapy of Breathlessness in Palliative Care: A New Therapeutic Concept for Opioid Administration?,yes,maybe,0,1,generation_failure,"Maybe

Justification: The study is investigating the feasibility and effectiveness of opioid patient-controlled therapy (PCT) in reducing breathlessness in patients with advanced disease, suggesting that it could potentially be a new therapeutic",0.0000
justified_mistral,fixed,bm25,mistral,Is there still a need for living-related liver transplantation in children?,yes,maybe,0,1,generation_failure,"Maybe

Justification: The provided context does not directly discuss the need for living-related liver transplantation in children. However, it does mention the concept of living-related liver transplantation (LRT) and its development, but",0.0000
justified_mistral,fixed,bm25,mistral,Do patterns of knowledge and attitudes exist among unvaccinated seniors?,yes,yes,1,1,success,"Yes

Justification: The context states that the study aimed to examine patterns of knowledge and attitudes among unvaccinated seniors ([1]).",0.0000
justified_mistral,fixed,bm25,mistral,Is there a model to teach and practice retroperitoneoscopic nephrectomy?,yes,yes,1,1,success,"Yes

Justification: The context states that a standard retroperitoneoscopic nephrectomy training model was developed for fifteen piglets ([1]).",0.0000
justified_mistral,fixed,bm25,mistral,Cardiovascular risk in a rural adult West African population: is resting heart rate also relevant?,yes,yes,1,1,success,"Yes

Justification: The study aimed to determine the prevalence of elevated RHR and other risk factors for cardiovascular disease (CVD) in a rural population in Ghana (context [1]).",0.0000
justified_mistral,fixed,bm25,mistral,Israeli hospital preparedness for terrorism-related multiple casualty incidents: can the surge capacity and injury severity distribution be better predicted?,yes,maybe,0,1,generation_failure,"Maybe

Justification: The study provides data on the number of casualties and the severity of injuries in multiple casualty incidents in Israeli hospitals, but it does not explicitly address the predictability of surge capacity or injury severity distribution in terror",0.0000
justified_mistral,fixed,bm25,mistral,Acute respiratory distress syndrome in children with malignancy--can we predict outcome?,yes,maybe,0,1,generation_failure,"Maybe

Justification: The study identifies that peak inspiratory pressure, positive end-expiratory pressure (peep), and ventilation index values could distinguish outcome by day 3, and a significant relationship between respiratory data and",0.0000
justified_mistral,fixed,bm25,mistral,Secondhand smoke risk in infants discharged from an NICU: potential for significant health disparities?,yes,maybe,0,1,generation_failure,"Maybe

Justification: The context does not provide specific data on secondhand smoke risk in infants discharged from an NICU, but it does mention that socioeconomic status, race, and mental health status are hypothesized",0.0000
justified_mistral,fixed,bm25,mistral,Do nomograms designed to predict biochemical recurrence (BCR) do a better job of predicting more clinically relevant prostate cancer outcomes than BCR?,yes,yes,1,1,success,"Yes

Justification: The context states that the nomograms could predict prostate cancer-specific mortality (pcsm) more accurately than bcr (c-index values for pcsm were higher than for bcr) ([3",0.0000
justified_mistral,fixed,bm25,mistral,Are reports of mechanical dysfunction in chronic oro-facial pain related to somatisation?,yes,maybe,0,1,generation_failure,"Maybe

Justification: The study found that teeth grinding and facial trauma, two mechanical factors, were independently associated with chronic oro-facial pain after adjusting for psychological factors. However, these mechanical factors were also commonly associated with the reporting",0.0000
justified_mistral,fixed,bm25,mistral,Amblyopia: is visual loss permanent?,no,maybe,0,0,retrieval_failure,"Maybe

Justification: The context mentions that the patients have amblyopia due to strabismus, but it does not explicitly state that the visual loss is permanent. However, amblyopia is often associated with permanent visual loss",0.0000
justified_mistral,fixed,bm25,mistral,Implementation of epidural analgesia for labor: is the standard of effective analgesia reachable in all women?,yes,maybe,0,1,generation_failure,"Maybe

Justification: The study shows an increase in the use of epidural analgesia from 15.5% to 51% over the course of the audit period, suggesting that it is becoming more widely used. However",0.0000
justified_mistral,fixed,bm25,mistral,Does HER2 immunoreactivity provide prognostic information in locally advanced urothelial carcinoma patients receiving adjuvant M-VEC chemotherapy?,maybe,yes,0,1,generation_failure,"Yes

Justification: The text states that HER2 immunoreactivity was significantly associated with progression-free survival (p = 0.03) and disease-specific overall survival (p = 0.02)",0.0000
justified_mistral,fixed,bm25,mistral,Is halofantrine ototoxic?,yes,yes,1,1,success,"Yes

Justification: The halofantrine double therapeutic dose group showed distortion and loss of inner and outer hair cells, and loss of spiral ganglia cells ([2]).",0.0000
justified_mistral,fixed,bm25,mistral,Visceral adipose tissue area measurement at a single level: can it represent visceral adipose tissue volume?,yes,maybe,0,1,generation_failure,"Maybe

Justification: The study is investigating the optimal CT slice location for visceral adipose tissue (VAT) area to reflect changes in VAT volume and body weight, suggesting that VAT area at a single level may",0.0000
justified_mistral,fixed,bm25,mistral,Necrotizing fasciitis: an indication for hyperbaric oxygenation therapy?,no,maybe,0,1,generation_failure,"Maybe

Justification: The context states that hyperbaric oxygenation (HBO) has been recommended as adjuvant therapy for necrotizing fasciitis (NF), but the beneficial effect of HBO for NF remains controversial",0.0000
justified_mistral,fixed,bm25,mistral,Is the Hawkins sign able to predict necrosis in fractures of the neck of the astragalus?,maybe,maybe,1,1,success,"Maybe

Justification: In the provided context, the Hawkins sign was observed in 12 cases, none of which developed necrosis. However, four cases with negative hawkins sign developed necrosis, suggesting that",0.0000
justified_mistral,fixed,bm25,mistral,Is a mandatory general surgery rotation necessary in the surgical clerkship?,no,maybe,0,1,generation_failure,"Maybe

Justification: The study in the context tests the hypothesis that equal mastery of surgical clerkship objectives can be obtained in a clerkship with and without general surgery, suggesting that the requirement for a mandatory general surgery rotation may",0.0000
justified_mistral,fixed,bm25,mistral,Is Acupuncture Efficacious for Treating Phonotraumatic Vocal Pathologies?,yes,yes,1,1,success,"Yes

Justification: The study found significant improvement in vocal function and perceived quality of life in both the genuine and sham acupuncture groups, but not in the no-treatment group ([3]). Additionally, the genuine",0.0000
justified_mistral,fixed,bm25,mistral,Is aneurysm repair justified for the patients aged 80 or older after aneurysmal subarachnoid hemorrhage?,yes,yes,1,1,success,"Yes

Justification: The cases with aneurysm repair showed significantly better clinical outcome than the controls in the study (context [4]).",0.0000
justified_mistral,fixed,bm25,mistral,Do general practice characteristics influence uptake of an information technology (IT) innovation in primary care?,no,yes,0,1,generation_failure,"Yes

Justification: The provided context states that the researchers determined whether total use of a web-based clinical information system was associated with structural characteristics of the practice (line 3). This implies that general practice characteristics do influence uptake of",0.0000
justified_mistral,fixed,bm25,mistral,Prognosis of well differentiated small hepatocellular carcinoma--is well differentiated hepatocellular carcinoma clinically early cancer?,no,yes,0,1,generation_failure,"Yes

Justification: The purpose of the study is to examine whether or not well differentiated hepatocellular carcinoma (hcc) is indeed clinically early cancer. (1)",0.0000
justified_mistral,fixed,bm25,mistral,Do follow-up recommendations for abnormal Papanicolaou smears influence patient adherence?,no,yes,0,1,generation_failure,"Yes

Justification: The rate of overall adherence to follow-up recommendations was 56.0% (136/243), indicating that patients do adhere to follow-up recommendations for abnormal Papan",0.0000
justified_mistral,fixed,bm25,mistral,Biomolecular identification of allergenic pollen: a new perspective for aerobiological monitoring?,yes,yes,1,1,success,"Yes

Justification: The provided context discusses the development of a real-time polymerase chain reaction (PCR) approach for the rapid, accurate, and automated detection and quantification of airborne allergenic pollen taxa",0.0000
justified_mistral,fixed,bm25,mistral,Does diabetes mellitus influence the efficacy of FDG-PET in the diagnosis of cervical cancer?,no,maybe,0,1,generation_failure,"Maybe

Justification: The context mentions that the degree of tumour uptake of FDG in cervical cancer patients with diabetes mellitus may be influenced, suggesting a potential impact, but it does not definitively",0.0000
justified_mistral,fixed,bm25,mistral,Biomechanical and wound healing characteristics of corneas after excimer laser keratorefractive surgery: is there a difference between advanced surface ablation and sub-Bowman's keratomileusis?,yes,maybe,0,1,generation_failure,"Maybe

Justification: The text states that ""prk and asa, and secondarily sbk, should be biomechanically safer than conventional lasik with regard to risk for causing keratectasia after surgery."" This suggests a",0.0000
justified_mistral,fixed,bm25,mistral,Does radiotherapy of the primary rectal cancer affect prognosis after pelvic exenteration for recurrent rectal cancer?,yes,maybe,0,1,generation_failure,"Maybe

Justification: The study examines the impact of radiotherapy for the primary rectal cancer on outcomes after pelvic exenteration for local recurrence, but it does not directly compare survival rates between patients who did and did not",0.0000
justified_mistral,fixed,bm25,mistral,Can a practicing surgeon detect early lymphedema reliably?,maybe,maybe,1,1,success,"Maybe

Justification: The study suggests that a 5% increase in circumference at any site can detect 91% of lymphedema cases, indicating that a practicing surgeon might be able to detect early lymp",0.0000
justified_mistral,fixed,bm25,mistral,Colorectal cancer with synchronous liver metastases: does global management at the same centre improve results?,no,maybe,0,1,generation_failure,"Maybe

Justification: The text does not provide information on the survival rates or outcomes of patients who underwent global management (GM) versus separate management (SM) of colorectal cancer (CRC) with synchronous liver met",0.0000
justified_mistral,fixed,bm25,mistral,Is motion perception deficit in schizophrenia a consequence of eye-tracking abnormality?,yes,maybe,0,1,generation_failure,"Maybe

Justification: The text suggests that eye-tracking difficulties in schizophrenia patients may interact with their motion perception (context [1]), but it does not definitively establish a causal relationship between the two. The study",0.0000
justified_mistral,fixed,bm25,mistral,Transgastric endoscopic splenectomy: is it possible?,yes,yes,1,1,success,"Yes

Justification: The context states that endoscopic splenectomy was performed on six pigs using a flexible endoscope, indicating that it is possible. (Context: [2])",0.0000
justified_mistral,fixed,bm25,mistral,It's Fournier's gangrene still dangerous?,yes,yes,1,1,success,"Yes

Justification: The text states that despite antibiotics and aggressive debridement, the mortality rate remains high (context [2]).",0.0000
justified_mistral,fixed,bm25,mistral,Is it appropriate to implant kidneys from elderly donors in young recipients?,yes,maybe,0,1,generation_failure,"Maybe

Justification: The context presents the results of 10 years of transplanting elderly kidneys into young recipients, showing that overall actuarial survival was 86.2% versus 64.6% at",0.0000
justified_mistral,fixed,bm25,mistral,Do provider service networks result in lower expenditures compared with HMOs or primary care case management in Florida's Medicaid program?,yes,yes,1,1,success,"Yes

Justification: The context states that among SSI enrollees, the demonstration resulted in lower increases in pmpm expenditures over time compared with the non-demonstration counties, with demonstration PS",0.0000
justified_mistral,fixed,bm25,mistral,Assessment of carotid artery stenosis before coronary artery bypass surgery. Is it always necessary?,no,maybe,0,1,generation_failure,"Maybe

Justification: The context suggests that the necessity of carotid artery stenosis assessment before coronary artery bypass surgery is unclear, as stated in [1]. However, it does not explicitly state that it is",0.0000
justified_mistral,fixed,bm25,mistral,Should direct mesocolon invasion be included in T4 for the staging of gastric cancer?,maybe,maybe,1,1,success,"Maybe

Justification: The study suggests that direct mesocolon invasion from gastric cancer significantly worsens the curability, number and extent of nodal metastasis, and survival compared to T3 group. However, the survival",0.0000
justified_mistral,fixed,bm25,mistral,Do Surrogates of Injury Severity Influence the Occurrence of Heterotopic Ossification in Fractures of the Acetabulum?,maybe,yes,0,1,generation_failure,"Yes

Justification: The context mentions that the study is conducted to determine the relationship between injury severity surrogates and the development and severity of heterotopic ossification following open reduction internal fixation of acetabular",0.0000
justified_mistral,fixed,bm25,mistral,Does pretreatment with statins improve clinical outcome after stroke?,no,maybe,0,1,generation_failure,"Maybe

Justification: The study shows that patients on statin treatment were more likely to be discharged to home, but this was a moderately strong but statistically nonsignificant predictor after adjusting for prognostic",0.0000
justified_mistral,fixed,bm25,mistral,Processing fluency effects: can the content and presentation of participant information sheets influence recruitment and participation for an antenatal intervention?,yes,yes,1,1,success,"Yes

Justification: The context [1] states that the title and font of participant information sheets can influence pregnant women's and trainee midwives' perceptions of an antenatal intervention, implying that the content and presentation of",0.0000
justified_mistral,fixed,bm25,mistral,Sternal fracture in growing children : A rare and often overlooked fracture?,maybe,yes,0,1,generation_failure,"Yes

Justification: The context states that sternal fractures in childhood are rare (context [2]).",0.0000
justified_mistral,fixed,bm25,mistral,Is there a correlation between androgens and sexual desire in women?,yes,maybe,0,1,generation_failure,"Maybe

Justification: The context states that sexual desire correlated with androgens in some subgroups of women, but not in all cases, suggesting a possible correlation but not a definitive one.",0.0000
justified_mistral,fixed,bm25,mistral,Does immediate breast reconstruction compromise the delivery of adjuvant chemotherapy?,no,maybe,0,1,generation_failure,"Maybe

Justification: The context mentions that concerns persist regarding the potential impact of immediate breast reconstruction (ibr) on chemotherapy delivery, but it does not provide definitive evidence that ibr always compromises the delivery of adjuvant",0.0000
justified_mistral,fixed,bm25,mistral,Human papillomavirus and pterygium. Is the virus a risk factor?,maybe,maybe,1,1,success,"Maybe

Justification: The context mentions that several studies have investigated human papillomavirus (HPV) as a risk factor for the development of pterygia, but the results are inconclusive.",0.0000
justified_mistral,fixed,bm25,mistral,Can PRISM predict length of PICU stay?,no,yes,0,1,generation_failure,"Yes

Justification: The context mentions that correlation and regression analyses were performed on PRISM data with individual length of PICU stay (LOS), and an artificial neural network (ANN) was trained on the PR",0.0000
justified_mistral,fixed,bm25,mistral,Can predilatation in transcatheter aortic valve implantation be omitted?,yes,maybe,0,1,generation_failure,"Maybe

Justification: The study suggests that balloon predilatation may not be necessary in transcatheter aortic valve replacement (tavi), but the results are based on a specific protocol and a retrospective analysis",0.0000
justified_mistral,fixed,bm25,mistral,Autoerotic asphyxiation: secret pleasure--lethal outcome?,yes,yes,1,1,success,"Yes

Justification: The context mentions that autoerotic asphyxiation (AEA) can lead to unintended death.",0.0000
justified_mistral,fixed,bm25,mistral,Major depression and alcohol use disorder in adolescence: Does comorbidity lead to poorer outcomes of depression?,no,yes,0,1,generation_failure,"Yes

Justification: The context states that comorbid major depression and alcohol use disorder in adolescents are associated with poorer subsequent depression outcomes ([1]).",0.0000
justified_mistral,fixed,bm25,mistral,Cold preparation use in young children after FDA warnings: do concerns still exist?,yes,yes,1,1,success,"Yes

Justification: The context mentions the characterization of the use and delivery of cough and cold medicines in children younger than 6 presenting to an inner-city pediatric emergency department following 2007 FDA warnings",0.0000
justified_mistral,fixed,bm25,mistral,Does a 4 diagram manual enable laypersons to operate the Laryngeal Mask Supreme®?,yes,yes,1,1,success,"Yes

Justification: The study in the context demonstrates that laypersons were able to operate the Laryngeal Mask Supreme® after being handed a 4 diagram instruction manual ([2]).",0.0000
justified_mistral,fixed,bm25,mistral,Can we measure mesopic pupil size with the cobalt blue light slit-lamp biomicroscopy method?,no,maybe,0,1,generation_failure,"Maybe

Justification: The context does not explicitly state that the slit-lamp biomicroscopy method can measure mesopic pupil size, but it does mention that the method is used to measure pupil diameter, which could",0.0000
justified_mistral,fixed,bm25,mistral,Should circumcision be performed in childhood?,no,maybe,0,1,generation_failure,"Maybe

Justification: The text suggests that circumcision may be beneficial for prepuce development and retractibility in boys, but it also mentions that only a small percentage of boys (1.6%) were found to need circum",0.0000
justified_mistral,fixed,bm25,mistral,Does a colonoscopy after acute diverticulitis affect its management?,no,maybe,0,1,generation_failure,"Maybe

Justification: The study shows that colonoscopy after acute diverticulitis did not significantly affect the patients' characteristics or survival, but it did find polyps in 32% of the patients. This suggests that",0.0000
justified_mistral,fixed,bm25,mistral,Do instrumental activities of daily living predict dementia at 1- and 2-year follow-up?,yes,yes,1,1,success,"Yes

Justification: The text states that participants with instrumental activities of daily living (IADL) disabilities at baseline had a higher conversion rate to dementia than participants without IADL disabilities (chi-square = 4",0.0000
justified_mistral,fixed,bm25,mistral,Does the Simultaneous Use of a Neuroendoscope Influence the Incidence of Ventriculoperitoneal Shunt Infection?,no,maybe,0,1,generation_failure,"Maybe

Justification: The study shows a comparison between infection rates in patients where an endoscope was used and those where it was not, but no definitive conclusion can be drawn as the results do not show a significant difference between the two",0.0000
justified_mistral,fixed,bm25,mistral,"Body perception: do parents, their children, and their children's physicians perceive body image differently?",yes,yes,1,1,success,"Yes

Justification: The study shows that parents, their children, and their children's physicians have different perceptions of children's body size, as indicated by the differences in their estimates using word descriptions and figures ([3]).",0.0000
justified_mistral,fixed,bm25,mistral,Is a specialised training of phonological awareness indicated in every preschool child?,maybe,maybe,1,1,success,"Maybe

Justification: The study suggests that phonological awareness training may help prevent dyslexia, but it is not explicitly stated that every preschool child requires this training.",0.0000
justified_mistral,fixed,bm25,mistral,Is there any relationship between streptococcal infection and multiple sclerosis?,yes,maybe,0,1,generation_failure,"Maybe

Justification: The context mentions that there is not yet enough research on streptococcal infections and multiple sclerosis, but it does measure antistreptolysin o (aso) and ant",0.0000
justified_mistral,fixed,bm25,mistral,Is the combination with 2-methoxyestradiol able to reduce the dosages of chemotherapeutices in the treatment of human ovarian cancer?,yes,maybe,0,1,generation_failure,"Maybe

Justification: The context mentions that the combination of 2-methoxyestradiol with various chemotherapeutic compounds may result in an additive inhibitory effect on the proliferation of human ovary",0.0000
justified_mistral,fixed,bm25,mistral,Assessing joint line positions by means of the contralateral knee: a new approach for planning knee revision surgery?,yes,maybe,0,1,generation_failure,"Maybe

Justification: The study suggests that joint line positions may be assessed by measuring the distances from the bony landmarks to the joint line of the contralateral knee by means of radiographic images ([1]). However, the",0.0000
justified_mistral,fixed,bm25,mistral,Does the type of tibial component affect mechanical alignment in unicompartmental knee replacement?,yes,yes,1,1,success,"Yes

Justification: The text states that the mean postoperative mechanical alignment was significantly closer to neutral in the onlay group compared to the inlay group, adjusting for gender, BMI, age, side, and preoperative",0.0000
justified_mistral,fixed,bm25,mistral,Is tumour expression of VEGF associated with venous invasion and survival in pT3 renal cell carcinoma?,maybe,yes,0,1,generation_failure,"Yes

Justification: The text states that VEGF expression was significantly associated with survival (p < 0.01) and identified as an independent predictive factor of survival on multivariate analysis (or 6.0",0.0000
justified_mistral,fixed,bm25,mistral,Injury and poisoning mortality among young men--are there any common factors amenable to prevention?,yes,maybe,0,1,generation_failure,"Maybe

Justification: The context mentions that the study aimed to describe common characteristics among young men who die from injury and poisoning, but it does not provide specific common factors that are amenable to prevention. However, it does suggest that",0.0000
justified_mistral,fixed,bm25,mistral,Continuation of pregnancy after antenatal corticosteroid administration: opportunity for rescue?,maybe,maybe,1,1,success,"Maybe

Justification: The context provides information about the study to determine the duration of continuing pregnancy after antenatal corticosteroid (ac) administration ([1]), but it does not explicitly state that there is an opportunity for rescue ac.",0.0000
justified_mistral,fixed,bm25,mistral,Does either obesity or OSA severity influence the response of autotitrating CPAP machines in very obese subjects?,yes,yes,1,1,success,"Yes

Justification: The context mentions that the researchers used correlations between autocpap pressure and both obesity and OSA severity in their earlier work, and they performed similar correlations in the current study on a more",0.0000
justified_mistral,fixed,bm25,mistral,Does the clinical presentation of a prior preterm birth predict risk in a subsequent pregnancy?,yes,maybe,0,1,generation_failure,"Maybe

Justification: The study was designed to determine if the clinical presentation of a prior preterm birth (advanced cervical dilatation, preterm premature rupture of membranes, or preterm labor) predicts",0.0000
justified_mistral,fixed,bm25,mistral,Is the Distance Worth It?,yes,maybe,0,1,generation_failure,"Maybe

Justification: The study shows that patients in the long - distance / high - volume group had lower odds of a lymph node yield ≥12 and neoadjuvant chemoradiation, and higher 3",0.0000
justified_mistral,fixed,bm25,mistral,Aripiprazole: a new risk factor for pathological gambling?,yes,yes,1,1,success,"Yes

Justification: The context states that the probability that pathological gambling is actually due to aripiprazole is ""possible"" in 7 cases out of 8, and ""doubtful"" in one ([2]).",0.0000
justified_mistral,fixed,bm25,mistral,Immune suppression by lysosomotropic amines and cyclosporine on T-cell responses to minor and major histocompatibility antigens: does synergy exist?,yes,yes,1,1,success,"Yes

Justification: The context states that ""similar concentrations of chloroquine and hydroxychloroquine suppress the t-cell response to mihc in mice (c57bl/6 anti",0.0000
justified_mistral,fixed,bm25,mistral,Does induction chemotherapy have a role in the management of nasopharyngeal carcinoma?,yes,yes,1,1,success,"Yes

Justification: The context states that 67 patients (65 with stage IV disease) received induction chemotherapy in the management of nasopharyngeal carcinoma.",0.0000
justified_mistral,fixed,bm25,mistral,Treatment of contralateral hydrocele in neonatal testicular torsion: Is less more?,maybe,maybe,1,1,success,"Maybe

Justification: The study shows that none of the patients who presented with a hydrocele have developed a clinical hydrocele or hernia after an average 7.5 years follow-up, suggesting that the decision to manage a",0.0000
justified_mistral,fixed,bm25,mistral,"Are normally sighted, visually impaired, and blind pedestrians accurate and reliable at making street crossing decisions?",maybe,yes,0,1,generation_failure,"Yes

Justification: The study found that both normally sighted and visually impaired pedestrians were accurate and reliable in their street crossing decision-making ability when using either vision plus hearing or vision only (p > 0.0",0.0000
justified_mistral,fixed,bm25,mistral,Is it Crohn's disease?,maybe,no,0,0,retrieval_failure,"No, the provided context does not mention Crohn's disease.",0.0000
justified_mistral,fixed,bm25,mistral,Is Chaalia/Pan Masala harmful for health?,yes,yes,1,1,success,"Yes

Justification: 96% of the students interviewed considered chaalia harmful for health and 60% of the students considered pan masala harmful for health.",0.0000
justified_mistral,fixed,bm25,mistral,Does multi-modal cervical physical therapy improve tinnitus in patients with cervicogenic somatic tinnitus?,yes,yes,1,1,success,"Yes

Justification: The study shows that after treatment, 53% of patients experienced substantial improvement of tinnitus, and this effect was maintained in 24% of patients after follow-up at six weeks. (5",0.0000
justified_mistral,fixed,bm25,mistral,Detailed analysis of sputum and systemic inflammation in asthma phenotypes: are paucigranulocytic asthmatics really non-inflammatory?,maybe,no,0,1,generation_failure,"No, paucigranulocytic asthmatics are not non-inflammatory.

Justification: The provided context states that paucigranulocytic asthmatics have increased sputum",0.0000
justified_mistral,fixed,bm25,mistral,Is HIV/STD control in Jamaica making a difference?,yes,maybe,0,1,generation_failure,"Maybe

Justification: The HIV prevalence in the general population groups tested has been about 1% or less, and the annual AIDS incidence rate has only increased marginally in the past three years. However, HIV prevalence rates",0.0000
justified_mistral,fixed,bm25,mistral,Is Panton-Valentine leucocidin associated with the pathogenesis of Staphylococcus aureus bacteraemia in the UK?,maybe,maybe,1,1,success,"Maybe

Justification: The context mentions that the importance of Panton-Valentine leucocidin (PVL) in the pathogenesis of Staphylococcus aureus bacteraemia is",0.0000
justified_mistral,fixed,bm25,mistral,Are even impaired fasting blood glucose levels preoperatively associated with increased mortality after CABG surgery?,yes,maybe,0,1,generation_failure,"Maybe

Justification: The study goal was to determine whether pre-operative fasting blood glucose (fb-glu) is associated with an increased mortality after coronary artery bypass grafting (CABG",0.0000
justified_mistral,fixed,bm25,mistral,Does positron emission tomography change management in primary rectal cancer?,yes,yes,1,1,success,"Yes

Justification: The study shows that in 8 of 46 cases (17%), management was altered because of the positron emission tomography scan findings. ([3])",0.0000
justified_mistral,fixed,bm25,mistral,Can you deliver accurate tidal volume by manual resuscitator?,no,maybe,0,1,generation_failure,"Maybe

Justification: The study shows that there is a slight increase in tidal volume with education and practice, but the correlation is weak (r = 0.213, r = 0.281, r =",0.0000
justified_mistral,fixed,bm25,mistral,Can increases in the cigarette tax rate be linked to cigarette retail prices?,no,no,1,1,success,"No, the provided context indicates that the Chinese State Tobacco Monopoly Administration (STMA) used its policy authority to ensure that retail cigarette prices did not change despite the 2009 excise tax increase in China.",0.0000
justified_mistral,fixed,bm25,mistral,Vertical lines in distal esophageal mucosa (VLEM): a true endoscopic manifestation of esophagitis in children?,yes,yes,1,1,success,"Yes

Justification: The study shows that the presence of VLEM (vertical lines in esophageal mucosa) is associated with significant histologic changes in esophageal mucosal biopsies, particularly",0.0000
justified_mistral,fixed,bm25,mistral,Does hypoglycaemia increase the risk of cardiovascular events?,yes,maybe,0,1,generation_failure,"Maybe

Justification: The context suggests that hypoglycaemia caused by glucose-lowering therapy has been linked to cardiovascular events (line 1), but the study presented in the context found no association between non",0.0000
justified_mistral,fixed,bm25,mistral,Does the radiographic transition zone correlate with the level of aganglionosis on the specimen in Hirschsprung's disease?,no,maybe,0,1,generation_failure,"Maybe

Justification: The context mentions that the correlation between the radiographic transition zone and the total length of aganglionosis is known to be inaccurate ([2]), but it does not explicitly state that there is no",0.0000
justified_mistral,fixed,bm25,mistral,Is dexamethasone an effective alternative to oral prednisone in the treatment of pediatric asthma exacerbations?,yes,yes,1,1,success,"Yes

Justification: The studies selected were clinical trials comparing the efficacy of dexamethasone with prednisone, and meta-analysis demonstrated homogeneity between the dexamethasone and prednisone groups",0.0000
justified_mistral,fixed,bm25,mistral,Mammographic screening in Sami speaking municipalities and a control group. Are early outcome measures influenced by ethnicity?,yes,maybe,0,1,generation_failure,"Maybe

Justification: The attendance rate and recall rates were significantly different between the two groups, suggesting that ethnicity may influence early outcome measures. However, the rate of invasive screen-detected cancer was not significantly lower in the Sami",0.0000
justified_mistral,fixed,bm25,mistral,Do Electrochemiluminescence Assays Improve Prediction of Time to Type 1 Diabetes in Autoantibody-Positive TrialNet Subjects?,yes,yes,1,1,success,"Yes

Justification: The context states that ""subjects who were ecl positive had a risk of progression to diabetes within 6 years of 58 % compared with 5 % for the ecl - negative subjects ( p <",0.0000
justified_mistral,fixed,bm25,mistral,Assessment of appropriate antimicrobial prescribing: do experts agree?,yes,maybe,0,1,generation_failure,"Maybe

Justification: The study shows that there is some agreement among experts in their assessments of antimicrobial prescribing, but it also suggests that there is room for improvement in the consistency of these assessments (as indicated",0.0000
justified_mistral,fixed,bm25,mistral,Is there a favorable subset of patients with prostate cancer who develop oligometastases?,yes,maybe,0,0,retrieval_failure,"Maybe

Justification: The question asks about the development of oligometastases in patients with prostate cancer, but the provided context does not directly discuss or provide evidence about this specific topic. However, the context does mention the investigation of",0.0000
justified_mistral,fixed,bm25,mistral,Cycloplegic autorefraction in young adults: is it mandatory?,maybe,maybe,1,1,success,"Maybe

Justification: The study in the context was conducted to compare the non-cycloplegic and cycloplegic spherical equivalent (SE) refractive error measured in young adults, suggesting that both methods might be used,",0.0000
justified_mistral,fixed,bm25,mistral,Does screening or surveillance for primary hepatocellular carcinoma with ultrasonography improve the prognosis of patients?,yes,maybe,0,1,generation_failure,"Maybe

Justification: The provided context discusses the efficacy of ultrasonographic screening for primary hepatocellular carcinoma, but it does not directly state whether or not this screening improves the prognosis of",0.0000
justified_mistral,fixed,bm25,mistral,"""Would a man smell a rose then throw it away?",maybe,no,0,0,retrieval_failure,"No

Justification: The context does not provide any information about a man smelling a rose or throwing it away.",0.0000
justified_mistral,fixed,bm25,mistral,Department of Transportation vs self-reported data on motor vehicle collisions and driving convictions for stroke survivors: do they agree?,no,no,1,1,success,"No

Justification: The study found that for 13.5% of the participants, the Department of Transportation records did not match the self-reports regarding collision involvement, and for 17.3% of the participants",0.0000
justified_mistral,fixed,bm25,mistral,"Neoadjuvant Imatinib in Locally Advanced Gastrointestinal stromal Tumours, Will Kit Mutation Analysis Be a Pathfinder?",yes,maybe,0,1,generation_failure,"Maybe

Justification: The context suggests that the duration of neoadjuvant imatinib is not based on the biology of the tumour reflected by kit mutation analysis, but it does not rule out the possibility that kit mut",0.0000
justified_mistral,fixed,bm25,mistral,Does the lipid-lowering peroxisome proliferator-activated receptors ligand bezafibrate prevent colon cancer in patients with coronary artery disease?,yes,maybe,0,1,generation_failure,"Maybe

Justification: The study shows a trend towards a lower risk of colon cancer in patients who received bezafibrate, but the difference is not statistically significant at the 95% confidence level (hazard ratio of ",0.0000
justified_mistral,fixed,bm25,mistral,Does self-efficacy mediate the relationship between transformational leadership behaviours and healthcare workers' sleep quality?,maybe,no,0,1,generation_failure,"No, the relationship between leadership and employees' sleep quality was not mediated by employees' self-efficacy.

Justification: The relationship between leadership and employees' sleep quality was explicitly stated not to be mediated by employees' self",0.0000
justified_mistral,fixed,bm25,mistral,Does microbial contamination influence the success of the hematopoietic cell transplantation outcomes?,maybe,maybe,1,1,success,"Maybe

Justification: While the provided context does not definitively show a positive correlation between microbial contamination and the success of hematopoietic cell transplantation, it does indicate that microbial contamination was detected",0.0000
justified_mistral,fixed,bm25,mistral,Very high serum CA 19-9 levels: a contraindication to pancreaticoduodenectomy?,no,no,1,1,success,"No, the provided context does not indicate that very high serum CA 19-9 levels are a contraindication to pancreaticoduodenectomy. Instead, it shows that patients with very high levels had similar survival",0.0000
justified_mistral,fixed,bm25,mistral,Perioperative care in an animal model for training in abdominal surgery: is it necessary a preoperative fasting?,no,maybe,0,1,generation_failure,"Maybe

Justification: The context does not provide specific information about the perioperative care for the rabbit model in abdominal surgery, including whether preoperative fasting is necessary. However, it is common practice in human surgery",0.0000
justified_mistral,fixed,bm25,mistral,Are physicians aware of the side effects of angiotensin-converting enzyme inhibitors?,no,maybe,0,1,generation_failure,"Maybe

Justification: The text states that the percentage of correct answers was low, indicating that physicians may not be fully aware of the side effects of angiotensin-converting enzyme inhibitors. However, it does",0.0000
justified_mistral,fixed,bm25,mistral,Residual fundus or neofundus after laparoscopic sleeve gastrectomy: is fundectomy safe and effective as revision surgery?,maybe,maybe,1,1,success,"Maybe

Justification: The study suggests that fundectomy is indicated when a residual fundus or neofundus is associated with severe gastroesophageal reflux disease (GERD) symptoms, but the safety and",0.0000
justified_mistral,fixed,bm25,mistral,Are physician estimates of asthma severity less accurate in black than in white patients?,yes,yes,1,1,success,"Yes

Justification: The study found that black patients were significantly more likely than white patients to have their asthma severity underestimated (OR = 1.39, 95% CI 1.08",0.0000
justified_mistral,fixed,bm25,mistral,Does laparoscopic surgery decrease the risk of atrial fibrillation after foregut surgery?,yes,yes,1,1,success,"Yes

Justification: The study found that laparoscopic surgery was associated with a lower risk of atrial fibrillation after foregut surgery (p = 0.004) ([4]).",0.0000
justified_mistral,fixed,bm25,mistral,"The Main Gate Syndrome: a new format in mass-casualty victim ""surge"" management?",yes,maybe,0,0,retrieval_failure,"Maybe

Justification: The study discusses a total of 32 attacks, resulting in 62 hmcis and 1292 casualties, suggesting a new format for mass-casualty victim surge management might be",0.0000
justified_mistral,fixed,bm25,mistral,Do communication disorders extend to musical messages?,yes,yes,1,1,success,"Yes

Justification: The context states that communication disorders can impair the transmission or decoding of structural features of music, such as pitch and timbre ([1]).",0.0000
justified_mistral,fixed,bm25,mistral,Do patients with rheumatoid arthritis established on methotrexate and folic acid 5 mg daily need to continue folic acid supplements long term?,yes,maybe,0,1,generation_failure,"Maybe

Justification: The provided context describes a study where patients were asked to stop their folic acid supplements and were then evaluated for treatment toxicity and efficacy. However, the study does not provide conclusive evidence that stopping fol",0.0000
justified_mistral,fixed,bm25,mistral,Can infundibular height predict the clearance of lower pole calyceal stone after extracorporeal shockwave lithotripsy?,yes,yes,1,1,success,"Yes

Justification: The infundibular height was the only parameter in which significant differences were found between the stone-free and residual fragment groups (p = 0.002) ([3]).",0.0000
justified_mistral,fixed,bm25,mistral,Does lung ischemia and reperfusion have an impact on coronary flow?,yes,yes,1,1,success,"Yes

Justification: The text states that during ischemia and reperfusion, total coronary flow (TCF) decreased significantly from baseline (p < 0.05), with the lowest value observed at 60",0.0000
justified_mistral,fixed,bm25,mistral,Is a patient's self-reported health-related quality of life a prognostic factor for survival in non-small-cell lung cancer patients?,maybe,yes,0,1,generation_failure,"Yes

Justification: The context states that the aim of the prognostic factor analysis was to investigate if a patient's self-reported health-related quality of life provided independent prognostic information for survival in non-",0.0000
justified_mistral,fixed,bm25,mistral,Transient tachypnea of the newborn (TTN): a role for polymorphisms in the beta-adrenergic receptor (ADRB) encoding genes?,yes,maybe,0,0,retrieval_failure,"Maybe

Justification: The provided context does not directly discuss or evaluate polymorphisms in the beta-adrenergic receptor (ADRB) encoding genes in relation to transient tachypnea of the newborn (TT",0.0000
justified_mistral,fixed,bm25,mistral,Is duration of psychological treatment for depression related to return into treatment?,yes,yes,1,1,success,"Yes

Justification: The study found that patients with a shorter duration of treatment were slightly more likely to return into mental health care compared to those with a duration of treatment greater than 1000 minutes, adjusted for demographic and clinical",0.0000
justified_mistral,fixed,bm25,mistral,Does shaving the incision site increase the infection rate after spinal surgery?,maybe,maybe,1,1,success,"Maybe

Justification: The study shows that no significant difference was seen in the infection rates between the shaved and unshaved groups, but it does not definitively prove that shaving the incision site does not increase the infection rate.",0.0000
justified_mistral,fixed,bm25,mistral,The influence of atmospheric pressure on aortic aneurysm rupture--is the diameter of the aneurysm important?,maybe,maybe,1,1,success,"Maybe

Justification: The text mentions a statistically non-significant trend towards the higher rupture of large aneurysms (>7 cm) when the pressure increased between the day before the rupture and the",0.0000
justified_mistral,fixed,bm25,mistral,Do French lay people and health professionals find it acceptable to breach confidentiality to protect a patient's wife from a sexually transmitted disease?,maybe,yes,0,1,generation_failure,"Yes

Justification: The context mentions that in a study in France, breaching confidentiality was accepted by 144 lay people ([4]).",0.0000
justified_mistral,fixed,bm25,mistral,Do somatic complaints predict subsequent symptoms of depression?,maybe,yes,0,1,generation_failure,"Yes

Justification: The context states that ""baseline scores on the scl-90-r somatization subscale significantly predicted subsequent self-reported symptoms of depressed mood 5 years later, but only in women"" (",0.0000
justified_mistral,fixed,bm25,mistral,Are women with major depression in pregnancy identifiable in population health data?,no,yes,0,1,generation_failure,"Yes

Justification: The study found that at least 16% of pregnant women were identifiable in population health data as having major depression in pregnancy ([3]).",0.0000
justified_mistral,fixed,bm25,mistral,Remote ischemic postconditioning: does it protect against ischemic damage in percutaneous coronary revascularization?,yes,maybe,0,1,generation_failure,"Maybe

Justification: The context mentions that remote postischemic conditioning might reduce myocardial lesions associated with percutaneous coronary intervention (PCI), but it is not definitively stated that it protects against ische",0.0000
justified_mistral,fixed,bm25,mistral,Does combining antiretroviral agents in a single dosage form enhance quality of life of HIV/AIDS patients?,no,maybe,0,1,generation_failure,"Maybe

Justification: The study shows that the mean utility gained by using fxd over frc was 0.085, but this difference was not statistically significant, suggesting a potential enhancement of quality of life, but the evidence",0.0000
justified_mistral,fixed,bm25,mistral,The inverse equity hypothesis: does it apply to coverage of cancer screening in middle-income countries?,yes,maybe,0,1,generation_failure,"Maybe

Justification: The study shows that economic inequalities in screening participation were substantially lower or non-existent in countries with higher aggregate coverage, but it does not definitively prove that the inverse equity hypothesis holds true for cancer screening",0.0000
justified_mistral,fixed,bm25,mistral,Identification of racial disparities in breast cancer mortality: does scale matter?,yes,yes,1,1,success,"Yes

Justification: The context mentions that the results of the study on racial disparities in breast cancer mortality were correlated with geographic scale (census tract, zip code, and county) and that significant racial disparities were",0.0000
justified_mistral,fixed,bm25,mistral,Does the leukocyte count correlate with the severity of injury?,yes,yes,1,1,success,"Yes

Justification: The mean leukocyte count was significantly higher in the deceased group compared to the survivors (4900 - 17000 / mm3 vs 20.300 - ",0.0000
justified_mistral,fixed,bm25,mistral,Can transcranial direct current stimulation be useful in differentiating unresponsive wakefulness syndrome from minimally conscious state patients?,yes,yes,1,1,success,"Yes

Justification: The text states that electrophysiological parameters were partially preserved in clinically defined minimally conscious state patients, whereas these components were absent in clinically defined unresponsive wakefulness syndrome patients ([3]). This suggests",0.0000
justified_mistral,fixed,bm25,mistral,Aromatase inhibitor-related musculoskeletal symptoms: is preventing osteoporosis the key to eliminating these symptoms?,yes,maybe,0,1,generation_failure,"Maybe

Justification: The study shows that administration of calcium/bisphosphonate (Ca/Bis) with aromatase inhibitors (AIs) is associated with fewer patients having musculoskeletal symptoms",0.0000
justified_mistral,fixed,bm25,mistral,Could different follow-up modalities play a role in the diagnosis of asymptomatic endometrial cancer relapses?,maybe,yes,0,1,generation_failure,"Yes

Justification: The context discusses the purpose of a study to determine the value of routine follow-up procedures for endometrial cancer surveillance, suggesting that these procedures could potentially identify asymptomatic recurrences ([1]).",0.0000
justified_mistral,fixed,bm25,mistral,Locoregional opening of the rodent blood-brain barrier for paclitaxel using Nd:YAG laser-induced thermo therapy: a new concept of adjuvant glioma therapy?,yes,yes,1,1,success,"Yes

Justification: The passage of paclitaxel across the disrupted blood-brain barrier in the rat brain is demonstrated by high-pressure liquid chromatography (HPLC) in the context ([2] and",0.0000
justified_mistral,fixed,bm25,mistral,Preoperative tracheobronchoscopy in newborns with esophageal atresia: does it matter?,yes,maybe,0,1,generation_failure,"Maybe

Justification: The study suggests that preoperative tracheobronchoscopy may help in preventing complications and improving diagnosis and surgical treatment, but it also mentions that its use is still controversial (context [1]). The",0.0000
justified_mistral,fixed,bm25,mistral,Is horizontal semicircular canal ocular reflex influenced by otolith organs input?,yes,yes,1,1,success,"Yes

Justification: The question asks about the horizontal canal ocular reflex, which is a reflex that involves the vestibular system, specifically the semicircular canals and otolith organs. The context does not",0.0000
justified_mistral,fixed,bm25,mistral,Is perforation of the appendix a risk factor for tubal infertility and ectopic pregnancy?,maybe,maybe,1,1,success,"Maybe

Justification: The context mentions that the risk of tubal infertility from perforation of the appendix is 4.8 (95% confidence interval 1.5 to 14.9) and",0.0000
justified_mistral,fixed,bm25,mistral,Serovar specific immunity to Neisseria gonorrhoeae: does it exist?,no,maybe,0,1,generation_failure,"Maybe

Justification: The context states that the study aims to determine whether the host immune response to gonorrhoea provides limited serovar specific protection from reinfection, but it does not provide conclusive evidence that serovar specific",0.0000
justified_mistral,fixed,bm25,mistral,May student examiners be reasonable substitute examiners for faculty in an undergraduate OSCE on medical emergencies?,yes,maybe,0,1,generation_failure,"Maybe

Justification: The study suggests that student examiners (se) can be used in an OSCE on medical emergencies, as there is no significant difference in examinee performance between se and faculty examiners (fe)",0.0000
justified_mistral,fixed,bm25,mistral,Are endothelial cell patterns of astrocytomas indicative of grade?,yes,yes,1,1,success,"Yes

Justification: The text states that ""an increased vessel density with multiple small vessels ( glomeruloid clusters ), some with prominent intimal hyperplasia, loss of vessel wall integrity, and with numerous vwf - positive single",0.0000
justified_mistral,fixed,bm25,mistral,Do healthier lifestyles lead to less utilization of healthcare resources?,no,maybe,0,1,generation_failure,"Maybe

Justification: The context suggests that health behaviors may impact the use of medical resources, but it does not provide direct evidence that healthier lifestyles lead to less utilization of healthcare resources. The study aims to identify the difference in",0.0000
justified_mistral,fixed,bm25,mistral,Antral follicle assessment as a tool for predicting outcome in IVF--is it a better predictor than age and FSH?,maybe,yes,0,1,generation_failure,"Yes

Justification: The clinical pregnancy rate was significantly higher in the group with antral follicle > 6 compared to that in the group with antral follicle < or = 6, even after controlling for patient",0.0000
justified_mistral,fixed,bm25,mistral,Do all ethnic groups in New Zealand exhibit socio-economic mortality gradients?,yes,yes,1,1,success,"Yes

Justification: The context states that all four ethnic groups in New Zealand exhibit deprivation gradients in all-cause mortality (life expectancy) ([2]).",0.0000
justified_mistral,fixed,bm25,mistral,Can normal knee kinematics be restored with unicompartmental knee replacement?,no,maybe,0,1,generation_failure,"Maybe

Justification: The study in the context aims to test the hypothesis that the knee kinematics after unicompartmental replacement may also be unchanged. However, the study does not provide conclusive evidence that normal knee kin",0.0000
justified_mistral,fixed,bm25,mistral,Are serum leptin levels a prognostic factor in advanced lung cancer?,no,no,1,1,success,"No, the analysis of serum leptin values did not show any association with the overall survival of the patients.",0.0000
justified_mistral,fixed,bm25,mistral,Is fetal gender associated with emergency department visits for asthma during pregnancy?,no,no,1,1,success,"No

Justification: The study found that fetal gender was not a significant predictor of emergency department visits for asthma during pregnancy (context [2]).",0.0000
justified_mistral,fixed,bm25,mistral,Stretch-sensitive KCNQ1 mutation A link between genetic and environmental factors in the pathogenesis of atrial fibrillation?,yes,maybe,0,1,generation_failure,"Maybe

Justification: The provided context mentions that a stretch-sensitive KCNQ1 mutation was identified in a family with a high prevalence of hypertension, and that this mutation showed altered channel kinetics and",0.0000
justified_mistral,fixed,bm25,mistral,Are adult body circumferences associated with height?,yes,yes,1,1,success,"Yes

Justification: The provided context states that, after adjusting for age and race, waist circumference (wc) and hip circumference (hc) scaled to height with powers of 0.76 ± 0.0",0.0000
justified_mistral,fixed,bm25,mistral,Would corrected QT dispersion predict left ventricular hypertrophy in hypertensive patients?,yes,yes,1,1,success,"Yes

Justification: The study shows that hypertensive patients with left ventricular hypertrophy had a significantly greater corrected QT dispersion compared with those without (p < 0.001). Additionally, the analysis",0.0000
justified_mistral,fixed,bm25,mistral,Traumatic aortic injury: does the anatomy of the aortic arch influence aortic trauma severity?,yes,yes,1,1,success,"Yes

Justification: The mean aortic arch angle was significantly associated with the occurrence of type iii damage (line 2).",0.0000
justified_mistral,fixed,bm25,mistral,Inpatient versus outpatient management of neutropenic fever in gynecologic oncology patients: is risk stratification useful?,yes,yes,1,1,success,"Yes

Justification: The study shows that high-risk patients are more likely to have severe complications, ICU admission, overall mortality, and death due to neutropenic fever compared to low-risk patients ([",0.0000
justified_mistral,fixed,bm25,mistral,Should chest wall irradiation be included after mastectomy and negative node breast cancer?,maybe,maybe,1,1,success,"Maybe

Justification: The study shows local recurrence in the chest wall ([4]), suggesting a potential need for chest wall irradiation. However, the association with increased risk of local failure was not statistically significant ([4]).",0.0000
justified_mistral,fixed,bm25,mistral,Can bisphosphonate treatment be stopped in a growing child with skeletal fragility?,maybe,maybe,1,1,success,"Maybe

Justification: The context indicates that stopping bisphosphonate treatment in a growing child with skeletal fragility may lead to a decrease in bone mineral density (BMD) at both distal radial and spinal sites within",0.0000
justified_mistral,fixed,bm25,mistral,"Regional anesthesia as compared with general anesthesia for surgery in geriatric patients with hip fracture: does it decrease morbidity, mortality, and health care costs?",no,maybe,0,1,generation_failure,"Maybe

Justification: The study shows no significant difference in hospitalization costs between regional and general anesthesia (p = 0.9557). However, it does not provide information on morbidity and mortality rates",0.0000
justified_mistral,fixed,bm25,mistral,Does blood pressure change in treated hypertensive patients depending on whether it is measured by a physician or a nurse?,yes,maybe,0,1,generation_failure,"Maybe

Justification: The provided context does not directly compare blood pressure measurements between physicians and nurses, but it does suggest that blood pressure measurements can vary depending on the site and method of testing ([5]). Therefore, it is possible that",0.0000
justified_mistral,fixed,bm25,mistral,Treadmill testing of children who have spina bifida and are ambulatory: does peak oxygen uptake reflect maximum oxygen uptake?,yes,maybe,0,1,generation_failure,"Maybe

Justification: The study aims to determine whether the peak oxygen uptake during an incremental treadmill test is a true reflection of the maximum oxygen uptake in children with spina bifida who are ambulatory",0.0000
justified_mistral,fixed,bm25,mistral,Is the probability of prenatal diagnosis or termination of pregnancy different for fetuses with congenital anomalies conceived following assisted reproductive techniques?,no,maybe,0,1,generation_failure,"Maybe

Justification: The probability of prenatal diagnosis and termination of pregnancy were not statistically different between art-conceived and spontaneously conceived fetuses, but the difference was not definitively ruled out (p > ",0.0000
justified_mistral,fixed,bm25,mistral,Is there a relationship between complex fractionated atrial electrograms recorded during atrial fibrillation and sinus rhythm fractionation?,no,maybe,0,1,generation_failure,"Maybe

Justification: The context mentions that the relationship between complex fractionated atrial electrograms recorded during atrial fibrillation (cfaes) and sinus rhythm fractionation (srf) is unclear ([",0.0000
justified_mistral,fixed,bm25,mistral,Does rural or urban residence make a difference to neonatal outcome in premature birth?,yes,yes,1,1,success,"Yes

Justification: The study shows that infants of rural residence had a higher mortality rate compared to urban infants (adjusted odds ratio (or) 1.26, 95% confidence interval (ci) ",0.0000
justified_mistral,fixed,bm25,mistral,Is the use of cyanoacrylate in intestinal anastomosis a good and reliable alternative?,yes,maybe,0,1,generation_failure,"Maybe

Justification: The study compares the strength, healing, and operation time of intestinal anastomoses performed by polyglactin 910 sutures with ethyl - 2 - cyanoacry",0.0000
justified_mistral,fixed,bm25,mistral,Is trabecular bone related to primary stability of miniscrews?,yes,yes,1,1,success,"Yes

Justification: The Pearson correlation test in the context shows a correlation between trabecular number, trabecular thickness, bone volume density (bv/tv), trabecular BMD, total BMD, and primary stability",0.0000
justified_mistral,fixed,bm25,mistral,"Is there any evidence of a ""July effect"" in patients undergoing major cancer surgery?",no,maybe,0,1,generation_failure,"Maybe

Justification: The study was conducted to assess the presence of a July effect in patients undergoing major cancer surgery, but the results were not explicitly stated in the provided context.",0.0000
justified_mistral,fixed,bm25,mistral,Is it necessary to insert a nasobiliary drainage tube routinely after endoscopic clearance of the common bile duct in patients with choledocholithiasis-induced cholangitis?,no,maybe,0,1,generation_failure,"Maybe

Justification: The study aims to investigate the need for an endoscopic nasobiliary drainage (enbd) tube on the clinical outcomes of patients with acute cholangitis undergoing endoscopic clearance",0.0000
justified_mistral,fixed,bm25,mistral,Storage of vaccines in the community: weak link in the cold chain?,maybe,yes,0,1,generation_failure,"Yes

Justification: The context states that only 16 out of 40 respondents were aware of the appropriate storage conditions for vaccines, and that in six of the eight practices selected for monitoring of refrigeration temperatures, the vacc",0.0000
justified_mistral,fixed,bm25,mistral,Is the clinically positive axilla in breast cancer really a contraindication to sentinel lymph node biopsy?,no,maybe,0,1,generation_failure,"Maybe

Justification: The context states that no data support the mandate that clinically positive axilla is a contraindication to sentinel lymph node biopsy in breast cancer, but it does not definitively state",0.0000
justified_mistral,fixed,bm25,mistral,Convulsions and retinal haemorrhage: should we look further?,yes,yes,1,1,success,"Yes

Justification: The study ([2]) was conducted to investigate the occurrence of retinal haemorrhage after convulsive episodes, and if found, further investigation was undertaken to rule out systemic disorder or child",0.0000
justified_mistral,fixed,bm25,mistral,Are patients willing participants in the new wave of community-based medical education in regional and rural Australia?,yes,yes,1,1,success,"Yes

Justification: The study in the context specifically investigated patients' views on being used as an educational resource for teaching medical students in regional and rural Australia ([1]).",0.0000
justified_mistral,fixed,bm25,mistral,Can Flexible Instruments Create Adequate Femoral Tunnel Lengths at 90° of Knee Flexion in Anterior Cruciate Ligament Reconstruction?,yes,yes,1,1,success,"Yes

Justification: The study shows that the mean intra-osseous length for 90° flexion was 32.1 mm (22 mm to 45 mm), which is greater than 20",0.0000
justified_mistral,fixed,bm25,mistral,Quality of life in lung cancer patients: does socioeconomic status matter?,yes,yes,1,1,success,"Yes

Justification: At baseline, patients of lower socioeconomic status had more health problems, less functioning, and more symptoms compared to affluent patients (p < 0.05 for physical mobility, energy, role functioning",0.0000
justified_mistral,fixed,bm25,mistral,Are Biochemical Markers of Bone Turnover Representative of Bone Histomorphometry in 370 Postmenopausal Women?,maybe,maybe,1,1,success,"Maybe

Justification: The provided context shows that both biochemical markers of bone turnover and bone histomorphometry are used to assess bone formation and resorption, but the markers reflect the overall bone formation and resor",0.0000
justified_mistral,fixed,bm25,mistral,Should early extubation be the goal for children after congenital cardiac surgery?,yes,yes,1,1,success,"Yes

Justification: The study shows that early extubation (≤24 hours) was associated with lower mortality and a lower rate of reintubation compared with delayed extubation (>24 hours) in children under",0.0000
justified_mistral,fixed,bm25,mistral,Does delivery mode affect women's postpartum quality of life in rural China?,no,maybe,0,1,generation_failure,"Maybe

Justification: While the study found no significant difference between women with normal delivery and cesarean section in terms of postnatal quality of life, it does not definitively rule out the possibility that delivery mode may have an impact.",0.0000
justified_mistral,fixed,bm25,mistral,Menopausal hormone therapy and irregular endometrial bleeding: a potential role for uterine natural killer cells?,yes,yes,1,1,success,"Yes

Justification: The study explores the role of uterine natural killer (UNK) cells and their regulatory cytokine IL-15 in irregular bleeding in HT users (context [1]). The relationship between endomet",0.0000
justified_mistral,fixed,bm25,mistral,Percutaneous ethanol injection for benign cystic thyroid nodules: is aspiration of ethanol-mixed fluid advantageous?,no,maybe,0,1,generation_failure,"Maybe

Justification: The study shows no statistical difference in the success rates between the 2 groups (aspiration and non-aspiration), but there were significant differences in side effects or complications between the 2 groups, except for intr",0.0000
justified_mistral,fixed,bm25,mistral,Can the growth rate of a gallbladder polyp predict a neoplastic polyp?,no,no,1,1,success,"No.

Justification: In the context, the growth rate was not related to the neoplastic nature of a polyp (context [1]).",0.0000
justified_mistral,fixed,bm25,mistral,Are performance measurement systems useful?,yes,yes,1,1,success,"Yes

Justification: The provided context states that performance measurement systems (PMS) are crucial in addressing improved processes of care ([1]).",0.0000
justified_mistral,fixed,bm25,mistral,Does para-cervical block offer additional advantages in abortion induction with gemeprost in the 2nd trimester?,yes,maybe,0,1,generation_failure,"Maybe

Justification: The study shows that the median induction to abortion interval was slightly shorter in the paracervical anaesthesia group, but the difference was not statistically significant. However, the requirement of butylsc",0.0000
justified_mistral,fixed,bm25,mistral,Does insulin resistance drive the association between hyperglycemia and cardiovascular risk?,yes,maybe,0,1,generation_failure,"Maybe

Justification: The provided context shows that adjusting for insulin sensitivity and glucose levels affects the significance of the association between hyperglycemia and cardiovascular risk, suggesting that insulin resistance may contribute to this association",0.0000
justified_mistral,fixed,bm25,mistral,Are there risk factors that increase the rate of staple line leakage in patients undergoing primary sleeve gastrectomy for morbid obesity?,yes,yes,1,1,success,"Yes

Justification: The provided context mentions that male gender, higher BMI, concomitant sleep apnea, conversion to laparotomy, longer operation time, use of both buttresses and oversewing, and the",0.0000
justified_mistral,fixed,bm25,mistral,Chronic functional somatic symptoms: a single syndrome?,no,maybe,0,1,generation_failure,"Maybe

Justification: The context suggests that chronic functional somatic symptoms may present in multiple body systems and are associated with increased psychiatric morbidity, medication use, and visits to healthcare providers. However, it does not definitively state that",0.0000
justified_mistral,fixed,bm25,mistral,"Actinobaculum schaalii, a cause of urinary tract infections in children?",maybe,yes,0,1,generation_failure,"Yes

Justification: The context states that Actinobaculum schaalii was found in quantities equivalent to ≥ 10 ( 6 ) cfu / ml by both culture and PCR in two children with a urinary",0.0000
justified_mistral,fixed,bm25,mistral,Prevalence of chronic conditions among Medicare Part A beneficiaries in 2008 and 2010: are Medicare beneficiaries getting sicker?,yes,yes,1,1,success,"Yes

Justification: The prevalence of chronic conditions among Medicare Part A beneficiaries increased from 2008 to 2010, as stated in the context ([2]).",0.0000
justified_mistral,fixed,bm25,mistral,Does successful completion of the Perinatal Education Programme result in improved obstetric practice?,no,maybe,0,1,generation_failure,"Maybe

Justification: The study shows an improvement in knowledge among the midwives who completed the Perinatal Education Programme (PEP), but there is no clear evidence that this led to a significant improvement in obstetric practice as measured",0.0000
justified_mistral,fixed,bm25,mistral,Do patients with localized prostate cancer treatment really want more aggressive treatment?,no,maybe,0,1,generation_failure,"Maybe

Justification: The context describes a study where patients with primary prostate cancer were informed of two treatment options, one more aggressive than the other, and were asked whether they wanted to choose and if so, which treatment they preferred ([",0.0000
justified_mistral,fixed,bm25,mistral,Does music influence stress in mechanically ventilated patients?,no,yes,0,1,generation_failure,"Yes

Justification: The purpose of the study was to explore the influence of music on stress in mechanically ventilated patients ([1]). The study design was a randomized controlled trial where patients were randomized to patient-directed",0.0000
justified_mistral,fixed,bm25,mistral,Does reducing spasticity translate into functional benefit?,yes,yes,1,1,success,"Yes

Justification: The study reports a definite relationship between the maximum change in spasticity and the maximum change in arm function (rho = - 0.2822, p = 0.0008,",0.0000
justified_mistral,fixed,bm25,mistral,Is the holmium:YAG laser the best intracorporeal lithotripter for the ureter?,yes,maybe,0,1,generation_failure,"Maybe

Justification: The provided context does not directly compare the holmium:YAG laser with other intracorporeal lithotripters for the ureter, so it is not definitively stated that it is the",0.0000
justified_mistral,fixed,bm25,mistral,Metered-dose inhalers. Do health care providers know what to teach?,no,maybe,0,1,generation_failure,"Maybe

Justification: The text indicates that while some health care providers (respiratory care practitioners) were knowledgeable about the proper use of metered-dose inhalers, others (house staff and nursing staff) were less",0.0000
justified_mistral,fixed,bm25,mistral,Does the bracket-ligature combination affect the amount of orthodontic space closure over three months?,no,maybe,0,1,generation_failure,"Maybe

Justification: The differences in the amount of space closure over three months between the three groups were small and non-significant, indicating that the bracket-ligature combination may not have a significant effect on the amount of orth",0.0000
justified_mistral,fixed,bm25,mistral,Health habits and vaccination status of Lebanese residents: are future doctors applying the rules of prevention?,no,no,1,1,success,"No

Justification: The provided context shows that only 25 residents had a complete and up-to-date immunization status, indicating that they are not fully applying the rules of prevention.",0.0000
justified_mistral,fixed,bm25,mistral,Does vaginal intraepithelial neoplasia have the same evolution as cervical intraepithelial neoplasia?,maybe,maybe,1,1,success,"Maybe

Justification: The study shows that in patients with mild vaginal lesions, mild cervical lesions are significantly more frequent than severe cervical lesions, and in patients with ""active"" vaginal lesions, the",0.0000
justified_mistral,fixed,bm25,mistral,Should general practitioners call patients by their first names?,yes,maybe,0,1,generation_failure,"Maybe

Justification: While most patients did not want to call the doctor by his or her first name, a significant number (223) liked being called by their first names, and only a minority (77) disliked",0.0000
justified_mistral,fixed,bm25,mistral,Transesophageal echocardiographic assessment of left ventricular function in brain-dead patients: are marginally acceptable hearts suitable for transplantation?,yes,yes,1,1,success,"Yes

Justification: In the study, 36 out of 40 hearts harvested from brain-dead donors with an fractional area change (fac) of less than 50% were successfully transplanted, indicating",0.0000
justified_mistral,fixed,bm25,mistral,Attenuation of ischemia/reperfusion-induced ovarian damage in rats: does edaravone offer protection?,yes,yes,1,1,success,"Yes

Justification: The provided context states that administration of different doses of edaravone in rats significantly prevented degenerative changes in the ovary (p < 0.0001) and reduced caspase -",0.0000
justified_mistral,fixed,bm25,mistral,Does the National Institutes of Health Stroke Scale favor left hemisphere strokes?,yes,no,0,1,generation_failure,"No, the provided context shows that the volume for right hemisphere stroke is statistically greater than the volume for left hemisphere strokes, adjusting for the baseline nihss score.",0.0000
justified_mistral,fixed,bm25,mistral,Can a Novel Surgical Approach to the Temporomandibular Joint Improve Access and Reduce Complications?,yes,maybe,0,1,generation_failure,"Maybe

Justification: The context discusses a clinical study investigating the vascular - guided multilayer preauricular approach ( vmpa ) to the temporomandibular joint ( tmj ), but it does not provide specific",0.0000
justified_mistral,fixed,bm25,mistral,"Young-Burgess classification of pelvic ring fractures: does it predict mortality, transfusion requirements, and non-orthopaedic injuries?",maybe,maybe,1,1,success,"Maybe

Justification: The Young-Burgess classification system can predict mortality, transfusion requirements, and non-orthopaedic injuries, but only approached statistical significance for mortality (p = 0.07",0.0000
justified_mistral,fixed,bm25,mistral,Is vitamin D deficiency a feature of pediatric celiac disease?,no,yes,0,1,generation_failure,"Yes

Justification: The study in the context compares the vitamin D levels in children with celiac disease to those without, and finds that children with celiac disease have lower levels of 25-hydroxyvitamin",0.0000
justified_mistral,fixed,bm25,mistral,Is unsafe sexual behaviour increasing among HIV-infected individuals?,no,no,1,1,success,"No

Justification: The study provides no evidence of an increase in reported unsafe sex over time in the population of HIV-infected individuals (OR, 1.0; 95% CI, 0.96",0.0000
justified_mistral,fixed,bm25,mistral,Cholestasis associated with small bowel atresia: do we always need to investigate?,no,maybe,0,1,generation_failure,"Maybe

Justification: While the study shows that cholestasis is common in patients with small bowel atresia and can resolve spontaneously, it also indicates that some patients may require in-depth evaluations, with 3",0.0000
justified_mistral,fixed,bm25,mistral,Are financial incentives cost-effective to support smoking cessation during pregnancy?,yes,maybe,0,1,generation_failure,"Maybe

Justification: The study shows that the incremental cost per quitter at 34 - 38 weeks pregnant was £1127, which is similar to the standard look-up value, but there is uncertainty in",0.0000
justified_mistral,fixed,bm25,mistral,Can medical students contribute to quality assurance programmes in day surgery?,yes,yes,1,1,success,"Yes

Justification: The study in the context shows that medical students followed cases, kept records, presented their cases, made recommendations, and developed new guidelines and protocols, all of which contribute to quality assurance programmes in day surgery.",0.0000
justified_mistral,fixed,bm25,mistral,Measurement of head and neck paragangliomas: is volumetric analysis worth the effort?,yes,yes,1,1,success,"Yes

Justification: The study aims to assess the reproducibility of different measurement methods and define the most workable technique for measuring head and neck paragangliomas, suggesting that volumetric analysis is considered important for evaluating",0.0000
justified_mistral,fixed,bm25,mistral,Three-dimensional ultrasound-validated large-core needle biopsy: is it a reliable method for the histological assessment of breast lesions?,yes,yes,1,1,success,"Yes

Justification: The study shows a sensitivity for malignancy of 96.9% and specificity of 100% for the method, with a false-negative rate of 3.1% ([3",0.0000
justified_mistral,fixed,bm25,mistral,Can bone thickness and inter-radicular space affect miniscrew placement in posterior mandibular sites?,no,yes,0,1,generation_failure,"Yes

Justification: The study ([1], [2], [3]) reports that the bone thickness and inter-radicular space were primary outcome variables, indicating that they can affect miniscrew placement in posterior mandibular sites",0.0000
justified_mistral,fixed,bm25,mistral,Do general practice selection scores predict success at MRCGP?,yes,maybe,0,1,generation_failure,"Maybe

Justification: The study in the context explores the predictive validity of general practice selection scores using the akt and csa elements of the mrcgp as a final outcome measure, but it does not definitively conclude that the",0.0000
justified_mistral,fixed,bm25,mistral,The Deformity Angular Ratio: Does It Correlate With High-Risk Cases for Potential Spinal Cord Monitoring Alerts in Pediatric 3-Column Thoracic Spinal Deformity Corrective Surgery?,yes,maybe,0,1,generation_failure,"Maybe

Justification: The study aims to determine if the Deformity Angular Ratio (DAR) can reliably assess the neurological risks of patients undergoing deformity correction (context [2]). Binary logistic",0.0000
justified_mistral,fixed,bm25,mistral,Does age moderate the effect of personality disorder on coping style in psychiatric inpatients?,yes,maybe,0,1,generation_failure,"Maybe

Justification: The provided context does not directly state whether age moderates the effect of personality disorder on coping style. However, it does show that age and personality traits predict coping strategies, suggesting that age may have an indirect effect",0.0000
justified_mistral,fixed,bm25,mistral,Autoxidation products of both carbohydrates and lipids are increased in uremic plasma: is there oxidative stress in uremia?,yes,yes,1,1,success,"Yes

Justification: The text states that oxidative stress markers are attenuated by edaravone treatment in rats, indicating the presence of oxidative stress ([2]). Additionally, the levels of autoxid",0.0000
justified_mistral,fixed,bm25,mistral,Can 'high-risk' human papillomaviruses (HPVs) be detected in human breast milk?,no,no,1,1,success,"No

Justification: The provided context states that no 'high-risk' HPV 16, 18, 31, 33, 35, 39, 45, 5",0.0000
justified_mistral,fixed,bm25,mistral,Quaternary cytoreductive surgery in ovarian cancer: does surgical effort still matter?,yes,maybe,0,1,generation_failure,"Maybe

Justification: The context discusses the evaluation of surgical outcome and survival benefit after quaternary cytoreduction in epithelial ovarian cancer relapse, suggesting that surgical effort still matters in this context",0.0000
justified_mistral,fixed,bm25,mistral,Chemotherapy and survival in advanced non-small cell lung carcinoma: is pneumologists' skepticism justified?,no,maybe,0,1,generation_failure,"Maybe

Justification: The context mentions that the objective of the study was to analyze prognostic factors related to survival and to see whether cytostatic treatment was an independent predictor, but it does not provide conclusive evidence",0.0000
justified_mistral,fixed,bm25,mistral,Does topical ropivacaine reduce the post-tonsillectomy morbidity in pediatric patients?,yes,maybe,0,1,generation_failure,"Maybe

Justification: While the study shows a statistically significant difference in pain relief for the other hours and days after the operation, it does not provide evidence for or against a reduction in overall morbidity (e.g., nause",0.0000
justified_mistral,fixed,bm25,mistral,Is pain a clinically relevant problem in general adult psychiatry?,yes,yes,1,1,success,"Yes

Justification: The provided context [1] states that the study investigated the prevalence of pain in 106 patients primarily diagnosed with a psychiatric disorder, indicating that pain is indeed a clinically relevant problem in general adult psychiat",0.0000
justified_mistral,fixed,bm25,mistral,Does concomitant anterior/apical repair during midurethral sling improve the overactive bladder component of mixed incontinence?,no,maybe,0,1,generation_failure,"Maybe

Justification: The study hypothesizes that women with mixed urinary incontinence experience greater improvement in the overactive bladder component of their symptoms after concomitant midurethral sling and anterior/apical repair",0.0000
justified_mistral,fixed,bm25,mistral,Does the use of atypical antipsychotics as adjunctive therapy in depression result in cost savings?,no,maybe,0,1,generation_failure,"Maybe

Justification: The context does not provide information on the cost savings associated with the use of atypical antipsychotics as adjunctive therapy in depression. However, it is mentioned that atypical antipsychot",0.0000
justified_mistral,fixed,bm25,mistral,Can patients be anticoagulated after intracerebral hemorrhage?,maybe,maybe,1,1,success,"Maybe

Justification: The context suggests that a decision-analysis model is used to compare the expected values of anticoagulation and no anticoagulation for patients with a history of intracerebral hemorrhage and a",0.0000
justified_mistral,fixed,bm25,mistral,Diagnostic and therapeutic ureteroscopy: is dilatation of ureteral meatus always necessary?,no,maybe,0,1,generation_failure,"Maybe

Justification: The study provided in the context compares two groups based on whether ureteroscopy had been performed with or without ureteral meatus dilatation, suggesting that it is not always necessary. However,",0.0000
justified_mistral,fixed,bm25,mistral,Does managed care enable more low income persons to identify a usual source of care?,maybe,no,0,1,generation_failure,"No.

Justification: In high managed care penetration areas, the likelihood of low-income persons having a usual source of care is lower compared to low penetration areas (62.2% vs. 54.8",0.0000
justified_mistral,fixed,bm25,mistral,"Knee extensor strength, dynamic stability, and functional ambulation: are they related in Parkinson's disease?",yes,yes,1,1,success,"Yes

Justification: The provided context states that knee extensor strength positively correlated with dynamic postural stability and negatively correlated with disease severity, and dynamic postural stability was negatively correlated to disease severity and posit",0.0000
justified_mistral,fixed,bm25,mistral,"Is distance to provider a barrier to care for medicaid patients with breast, colorectal, or lung cancer?",no,yes,0,1,generation_failure,"Yes

Justification: The context mentions that distance to provider might be an important barrier to timely diagnosis and treatment for cancer patients who qualify for medicaid coverage ([1]). Additionally, driving distances from patient residence to primary care provider",0.0000
justified_mistral,fixed,bm25,mistral,Can folic acid protect against congenital heart defects in Down syndrome?,no,maybe,0,1,generation_failure,"Maybe

Justification: The study suggests a protective effect of folic acid on congenital heart anomalies in Down syndrome, but it does not definitively prove this effect. (Context: [1])",0.0000
justified_mistral,fixed,bm25,mistral,Are there mental health differences between francophone and non-francophone populations in manitoba?,maybe,maybe,1,1,success,"Maybe

Justification: While the study found no differences in rates of diagnosed mood disorders, anxiety disorders, dementia, or any mental disorders after adjusting for age, sex, and geographic area, francophones were less likely to",0.0000
justified_mistral,fixed,bm25,mistral,Does type 1 diabetes mellitus affect Achilles tendon response to a 10 km run?,no,maybe,0,1,generation_failure,"Maybe

Justification: While the study does not show a significant difference in the Achilles tendon response to a 10 km run between participants with type 1 diabetes mellitus (T1DM) and controls at the",0.0000
justified_mistral,fixed,bm25,mistral,Fragility of the esophageal mucosa: a pathognomonic endoscopic sign of primary eosinophilic esophagitis?,yes,maybe,0,1,generation_failure,"Maybe

Justification: The study in [3] suggests that the presence of ""vertical lines in esophageal mucosa"" (VLEM) is associated with a high likelihood of eosinophilic esophag",0.0000
justified_mistral,fixed,bm25,mistral,Does cup-cage reconstruction with oversized cups provide initial stability in THA for osteoporotic acetabular fractures?,yes,yes,1,1,success,"Yes

Justification: The study reports that the acetabular component migration was acceptable (less than the limits for primary THA that predict later loosening) in all the cases studied at 1 year and 2 years post-",0.0000
justified_mistral,fixed,bm25,mistral,Pulmonary valve replacement in adults late after repair of tetralogy of fallot: are we operating too late?,yes,maybe,0,1,generation_failure,"Maybe

Justification: The study aims to evaluate right ventricular volume and function after pulmonary valve replacement (PVR) and to address the issue of optimal surgical timing in these patients (context [2]). However, the",0.0000
justified_mistral,fixed,bm25,mistral,Xanthogranulomatous cholecystitis: a premalignant condition?,no,maybe,0,1,generation_failure,"Maybe

Justification: The study suggests that the premalignant nature of xanthogranulomatous cholecystitis is not known, as stated in the context. However, the data shows a higher p53 mut",0.0000
justified_mistral,fixed,bm25,mistral,Does TDP-43 type confer a distinct pattern of atrophy in frontotemporal lobar degeneration?,yes,yes,1,1,success,"Yes

Justification: The context states that different patterns of atrophy were identified across the TDP-43 types with Type 1 showing frontotemporal and parietal atrophy, Type 2 predominantly anterior temporal",0.0000
justified_mistral,fixed,bm25,mistral,Is oncoplastic surgery a contraindication for accelerated partial breast radiation using the interstitial multicatheter brachytherapy method?,maybe,no,0,1,generation_failure,"No

Justification: The context does not mention oncoplastic surgery as a contraindication for accelerated partial breast radiation using the interstitial multicatheter brachytherapy method. Instead, it discuss",0.0000
justified_mistral,fixed,bm25,mistral,"Diagnostic characteristics of child bipolar I disorder: does the ""Treatment of Early Age Mania (team)"" sample generalize?",yes,maybe,0,1,generation_failure,"Maybe

Justification: The ""Treatment of Early Age Mania (team)"" sample and the ""phenomenology"" sample are similar in age and other demographics, but the ""team"" sample has more prevalence of",0.0000
justified_mistral,fixed,bm25,mistral,Estimation of basal metabolic rate in Chinese: are the current prediction equations applicable?,yes,maybe,0,1,generation_failure,"Maybe

Justification: The context mentions that there is a paucity of data on BMR measured in overweight and obese adults living in Asia, and equations developed for this group of interest. Therefore, the current prediction equations may",0.0000
justified_mistral,fixed,bm25,mistral,Does rugby headgear prevent concussion?,maybe,maybe,1,1,success,"Maybe

Justification: The questionnaire shows that players tend to believe that headgear can prevent concussion, but only a minority reported wearing headgear and few felt that its use should be made mandatory, suggesting that the players'",0.0000
justified_mistral,fixed,bm25,mistral,Spinal subdural hematoma: a sequela of a ruptured intracranial aneurysm?,yes,yes,1,1,success,"Yes

Justification: The provided context describes a case of spinal subdural hematoma following a ruptured internal carotid aneurysm ([1] and [2]).",0.0000
justified_mistral,fixed,bm25,mistral,Can shape analysis differentiate free-floating internal carotid artery thrombus from atherosclerotic plaque in patients evaluated with CTA for stroke or transient ischemic attack?,yes,yes,1,1,success,"Yes

Justification: The objective of the study is to determine whether quantitative shape analysis can accurately differentiate free-floating internal carotid artery thrombus from atherosclerotic plaque (context [1",0.0000
justified_mistral,fixed,bm25,mistral,Dementia and aphasia in motor neuron disease: an underrecognised association?,yes,maybe,0,1,generation_failure,"Maybe

Justification: The context does not definitively confirm or deny the association between dementia and aphasia in motor neuron disease. However, it does mention that some type 2 subjects were diagnosed with semantic dementia",0.0000
justified_mistral,fixed,bm25,mistral,Does solid culture for tuberculosis influence clinical decision making in India?,maybe,yes,0,1,generation_failure,"Yes

Justification: The data shows that 82.7% of culture-positive patients started anti-tuberculosis treatment prior to receiving their culture results, indicating that the solid culture for tuberculosis influenced clinical decision",0.0000
justified_mistral,fixed,bm25,mistral,Diffusion-weighted echo-planar MR imaging of primary parotid gland tumors: is a prediction of different histologic subtypes possible?,yes,maybe,0,1,generation_failure,"Maybe

Justification: The provided context shows that diffusion-weighted echo-planar MR imaging (epidwi) can differentiate some histologic subtypes of primary parotid gland tumors, such as pleomorphic",0.0000
justified_mistral,fixed,bm25,mistral,Is there a role for endothelin-1 in the hemodynamic changes during hemodialysis?,maybe,yes,0,1,generation_failure,"Yes

Justification: The context states that the study examined the possible role of intradialytic changes of endothelin-1 in the pathogenesis of hypotension and rebound hypertension during hemodialysis (",0.0000
justified_mistral,fixed,bm25,mistral,Do risk factors for suicidal behavior differ by affective disorder polarity?,no,maybe,0,1,generation_failure,"Maybe

Justification: The context states that the effects of risk factors did not differ by polarity, but it does not rule out the possibility that some specific risk factors may differ by polarity.",0.0000
justified_mistral,fixed,bm25,mistral,Multidisciplinary breast cancer clinics. Do they work?,yes,yes,1,1,success,"Yes

Justification: The context states that the institution developed a multidisciplinary breast cancer clinic to improve the care they provide for their patients with breast cancer, implying that it is working.",0.0000
justified_mistral,fixed,bm25,mistral,Is the international normalised ratio (INR) reliable?,maybe,yes,0,1,generation_failure,"Yes

Justification: The context states that the INR measurements obtained in general practice were validated against values on the same samples obtained in hospital laboratories ([2]).",0.0000
justified_mistral,fixed,bm25,mistral,"Are there associations of health status, disease activity and damage in SLE patients?",yes,yes,1,1,success,"Yes

Justification: The provided context mentions a significant correlation between increased disease activity (total bilag) and reduced physical function, and a greater damage (total sdi) correlating significantly with reduced role function due to emotional limitations in the",0.0000
justified_mistral,fixed,bm25,mistral,PSA repeatedly fluctuating levels are reassuring enough to avoid biopsy?,no,maybe,0,1,generation_failure,"Maybe

Justification: The context does not provide enough information to definitively say whether PSA repeatedly fluctuating levels are reassuring enough to avoid biopsy. The study in the context shows that patients with fluctuating PSA levels",0.0000
justified_mistral,fixed,bm25,mistral,Is zero central line-associated bloodstream infection rate sustainable?,yes,yes,1,1,success,"Yes

Justification: The context states that the clabsi rate was maintained at zero for > 600 days after a series of interventions ([2]).",0.0000
justified_mistral,fixed,bm25,mistral,"Is gastric electrical stimulation superior to standard pharmacologic therapy in improving GI symptoms, healthcare resources, and long-term health care benefits?",yes,maybe,0,1,generation_failure,"Maybe

Justification: The context provides information about a study comparing gastric electrical stimulation (GES) and traditional pharmacological agents in patients with gastroparesis (GP), but it does not directly state that GES",0.0000
justified_mistral,fixed,bm25,mistral,Should pulp chamber pulpotomy be seen as a permanent treatment?,no,maybe,0,0,retrieval_failure,"Maybe

Justification: The context does not provide information about the permanency of pulp chamber pulpotomy. It only discusses warfarin, celiac disease, tinnitus, atypical antipsychotics,",0.0000
justified_mistral,fixed,bm25,mistral,Does transverse apex coincide with coronal apex levels (regional or global) in adolescent idiopathic scoliosis?,no,maybe,0,1,generation_failure,"Maybe

Justification: The study shows that in 18 out of 25 cases, the regional and global apexes were at the same level, and in another 15 cases, they were within half a level.",0.0000
justified_mistral,fixed,bm25,mistral,Does the Child Health Computing System adequately identify children with cerebral palsy?,no,maybe,0,1,generation_failure,"Maybe

Justification: The study in the context compares the Child Health Computing System (CHCS) with the Northern Ireland Cerebral Palsy Register (NICPR) to assess the usefulness of CHCS as a",0.0000
justified_mistral,fixed,bm25,mistral,Are we seeing the effects of public awareness campaigns?,maybe,maybe,1,1,success,"Maybe

Justification: The context mentions that a study was conducted to establish whether the improvement in skin cancer awareness campaigns over the last 20 years has affected the presenting Breslow thickness of malignant melanoma in the south",0.0000
justified_mistral,fixed,bm25,mistral,Is breast cancer prognosis inherited?,yes,maybe,0,1,generation_failure,"Maybe

Justification: The context mentions that a genetic component is well established in the etiology of breast cancer, but it does not explicitly state that genetic traits influence prognostic features of the malignant phenotype.",0.0000
justified_mistral,fixed,bm25,mistral,Does nuchal translucency thickness in the first trimester predict GDM onset during pregnancy?,no,maybe,0,1,generation_failure,"Maybe

Justification: The study was planned to evaluate this relationship, but the results are not explicitly stated in the provided context.",0.0000
justified_mistral,fixed,bm25,mistral,Are the arginine vasopressin V1a receptor microsatellites related to hypersexuality in children with a prepubertal and early adolescent bipolar disorder phenotype?,no,maybe,0,1,generation_failure,"Maybe

Justification: The context mentions a hypothesis that preferential transmission of the number of avpr1a microsatellite repeats to hypersexual and uninhibited people-seeking probands was hypothesized,",0.0000
justified_mistral,fixed,bm25,mistral,Stage I non-small cell lung carcinoma: really an early stage?,no,yes,0,1,generation_failure,"Yes

Justification: The context states that 65% of the 667 patients received curative lung resection and complete hilar and mediastinal lymphadenectomy for non-small cell lung cancer were stage I",0.0000
justified_mistral,fixed,bm25,mistral,Does Residency Selection Criteria Predict Performance in Orthopaedic Surgery Residency?,yes,yes,1,1,success,"Yes

Justification: The provided context shows that there is a statistically significant correlation between the overall performance at selection and examination performance in orthopaedic surgery residency (r = 0.491 for the AKT",0.0000
justified_mistral,fixed,bm25,mistral,Optimism and survival: does an optimistic outlook predict better survival at advanced ages?,yes,yes,1,1,success,"Yes

Justification: The study in the context shows that optimistic women and men were at lower risk of death compared to their neutral counterparts, even after taking into account confounding factors such as baseline physical and cognitive functioning and disease (",0.0000
justified_mistral,fixed,bm25,mistral,Is it better to be big?,no,maybe,0,0,retrieval_failure,"Maybe

Justification: The context does not provide specific information about size being better or not, but it does mention that the use of headgear, which is often larger than normal, is not widely adopted due to reasons like discomfort and",0.0000
justified_mistral,fixed,bm25,mistral,Is arch form influenced by sagittal molar relationship or Bolton tooth-size discrepancy?,no,no,1,1,success,"No, the provided context does not show an association between arch form, sagittal molar relationship, or Bolton tooth-size discrepancy.",0.0000
justified_mistral,fixed,bm25,mistral,Cold knife conization vs. LEEP. Are they the same procedure?,no,no,1,1,success,"No, they are different procedures.

Justification: The context mentions that the two procedures are being compared in terms of the amount of tissue removed, diameter, length, and weight of the specimens, indicating that they are different procedures",0.0000
justified_mistral,fixed,bm25,mistral,Are pectins involved in cold acclimation and de-acclimation of winter oil-seed rape plants?,yes,yes,1,1,success,"Yes

Justification: The text states that during cold acclimation, there is an increase in pectin content in the leaves of winter oil-seed rape plants ([3]). This increase is associated with the development of freezing resistance",0.0000
justified_mistral,fixed,bm25,mistral,Updating emotional content in working memory: a depression-specific deficit?,yes,no,0,1,generation_failure,"No, the study shows that both depression and social anxiety disorder exhibit greater difficulties removing irrelevant emotional material from working memory.",0.0000
justified_mistral,fixed,bm25,mistral,Does ultrasound imaging before puncture facilitate internal jugular vein cannulation?,maybe,yes,0,1,generation_failure,"Yes

Justification: The study shows that the success rate and access rate of internal jugular vein cannulation were significantly better in the ultrasound group compared to the landmark group when respiratory jugular venodilation was",0.0000
justified_mistral,fixed,bm25,mistral,Should prostate specific antigen be adjusted for body mass index?,no,maybe,0,1,generation_failure,"Maybe

Justification: The study found a small, non-significant association between body mass index and prostate specific antigen after adjusting for age (p = 0.06), suggesting that prostate specific antigen may",0.0000
justified_mistral,fixed,bm25,mistral,Does obstructive sleep apnea affect aerobic fitness?,maybe,maybe,1,1,success,"Maybe

Justification: The context mentions that the study aimed to determine whether patients with obstructive sleep apnea (OSA) had an objective change in aerobic fitness during cycle ergometry compared to a normal population, but",0.0000
justified_mistral,fixed,bm25,mistral,The effect of an intracerebroventricular injection of metformin or AICAR on the plasma concentrations of melatonin in the ewe: potential involvement of AMPK?,yes,yes,1,1,success,"Yes

Justification: The intracerebroventricular injection of both metformin and AICAR reduced the amplitude of the circadian rhythm of melatonin secretion in ewes, indicating a potential involvement of A",0.0000
justified_mistral,fixed,bm25,mistral,Literacy after cerebral hemispherectomy: Can the isolated right hemisphere read?,yes,maybe,0,1,generation_failure,"Maybe

Justification: The context discusses the reading abilities of individuals who have undergone left cerebral hemispherectomy, but it does not explicitly state that the right hemisphere cannot read. However, it is mentioned",0.0000
justified_mistral,fixed,bm25,mistral,Characterization of the gender dimorphism after injury and hemorrhagic shock: are hormonal differences responsible?,no,maybe,0,1,generation_failure,"Maybe

Justification: The provided context does not directly state that hormonal differences are responsible, but it does suggest that gender (which can be influenced by hormones) is independently associated with a lower risk of multiple organ failure and nosocomial",0.0000
justified_mistral,fixed,bm25,mistral,Can communication with terminally ill patients be taught?,yes,yes,1,1,success,"Yes

Justification: The context states that a 2-day course model has been developed and implemented to improve the communicative skills of physicians in this area ([1]).",0.0000
justified_mistral,fixed,bm25,mistral,Delays in time to primary treatment after a diagnosis of breast cancer: does it impact survival?,no,maybe,0,1,generation_failure,"Maybe

Justification: The study suggests that later stage at diagnosis for breast cancer is associated with longer time to primary treatment ([4]), but it does not directly state that these delays impact survival. However, the study's purpose was",0.0000
justified_mistral,fixed,bm25,mistral,Are increased carotid artery pulsatility and resistance indexes early signs of vascular abnormalities in young obese males?,yes,yes,1,1,success,"Yes

Justification: The mean pulsatility index, resistance index, and other vascular-related parameters were statistically higher in obese subjects than in healthy controls (context [3]). This suggests that increased carotid artery puls",0.0000
justified_mistral,fixed,bm25,mistral,Are acceptance rates of a national preventive home visit programme for older people socially imbalanced?,yes,yes,1,1,success,"Yes

Justification: Older persons with high financial assets accepted preventive home visits more frequently than persons with low assets ( adjusted OR = 1.5 ( ci95 % : 1.1 - 2.0 ) ).",0.0000
justified_mistral,fixed,bm25,mistral,Does open access publishing increase the impact of scientific articles?,yes,maybe,0,1,generation_failure,"Maybe

Justification: The study shows a trend towards more citations for open access articles compared to non-open access articles, but the difference is not statistically significant (p = 0.084 for median citations, p",0.0000
justified_mistral,fixed,bm25,mistral,In vivo visualization of pyloric mucosal hypertrophy in infants with hypertrophic pyloric stenosis: is there an etiologic role?,yes,maybe,0,1,generation_failure,"Maybe

Justification: The study discusses the possibility of a relationship between pyloric mucosal redundancy and the development of hypertrophic pyloric stenosis, but it does not definitively establish an",0.0000
justified_mistral,fixed,bm25,mistral,Does the early adopter of drugs exist?,no,maybe,0,1,generation_failure,"Maybe

Justification: The context suggests that the study is testing the hypothesis that early adoption of new drugs is a personal trait independent of drug groups, but it does not definitively conclude that an early adopter of drugs exists. The study finds",0.0000
justified_mistral,fixed,bm25,mistral,Does high blood pressure reduce the risk of chronic low back pain?,yes,maybe,0,1,generation_failure,"Maybe

Justification: The provided context shows that in a prospective study of disease-free women, high blood pressure (systolic and pulse pressure) was inversely associated with the risk of low back pain (odds ratio ",0.0000
justified_mistral,fixed,bm25,mistral,Does responsibility affect the public's valuation of health care interventions?,maybe,yes,0,1,generation_failure,"Yes

Justification: The study shows that the public values interventions preventing hospital-acquired infections more highly than genetic disorders, suggesting that the responsibility for the health issue may influence the public's valuation of the corresponding health care",0.0000
justified_mistral,fixed,bm25,mistral,Nasal fractures:  is closed reduction satisfying?,yes,maybe,0,1,generation_failure,"Maybe

Justification: The study aims to evaluate the efficacy of closed reduction, but the results of patient satisfaction are only given at the 28th day and sixth month after the surgery, leaving room for potential changes in satisfaction over",0.0000
justified_mistral,fixed,bm25,mistral,"Do improvements in outreach, clinical, and family and community-based services predict improvements in child survival?",yes,yes,1,1,success,"Yes

Justification: The study found that the strongest correlation with reductions in under-5 mortality was observed for access to clinical services (all countries: p = 0.02, r² = 0.58;",0.0000
justified_mistral,fixed,bm25,mistral,Does spontaneous remission occur in polyarteritis nodosa?,yes,maybe,0,1,generation_failure,"Maybe

Justification: The provided context describes a case where a patient with polyarteritis nodosa experienced spontaneous remission of her clinical and biological symptoms without the use of any immunosuppressive treatment. However, the context also",0.0000
justified_mistral,fixed,bm25,mistral,Gluten tolerance in adult patients with celiac disease 20 years after diagnosis?,maybe,maybe,1,1,success,"Maybe

Justification: The study found two patients who were considered to have developed tolerance to gluten, but the sample size is small and the study did not investigate all patients with celiac disease, so it is not definitive that all adult",0.0000
justified_mistral,fixed,bm25,mistral,Do symptoms predict COPD in smokers?,no,yes,0,1,generation_failure,"Yes

Justification: In the provided context, it is stated that 92% of smokers with airways obstruction (a symptom of COPD) reported respiratory symptoms, compared to 73% of nons",0.0000
justified_mistral,fixed,bm25,mistral,Search engine as a diagnostic tool in difficult immunological and allergologic cases: is Google useful?,yes,maybe,0,1,generation_failure,"Maybe

Justification: The study in the context shows that Google can be used as a diagnostic tool in difficult immunological and allergic cases, but the effectiveness is not definitive as the results were compared with the published diagnoses, not",0.0000
justified_mistral,fixed,bm25,mistral,Uniformity of evidence-based treatments in practice?,yes,maybe,0,1,generation_failure,"Maybe

Justification: The context provides examples of studies evaluating the uniformity of evidence-based treatments in different settings (e.g., cancer surgery, primary care oral anticoagulation management, web-based clinical information system in diabetes",0.0000
justified_mistral,fixed,bm25,mistral,Do approved doctors and medical referees in the UK agree when assessing a seafarer's fitness?,no,maybe,0,1,generation_failure,"Maybe

Justification: The study in the context aims to investigate the extent of agreement between approved doctors (ads) and medical referees (mrs) when they assess a seafarer's fitness, but it does not provide",0.0000
justified_mistral,fixed,bm25,mistral,Hepatorenal syndrome: are we missing some prognostic factors?,yes,maybe,0,1,generation_failure,"Maybe

Justification: The study aims to identify variables associated with improved survival in patients with type 1 hepatorenal syndrome, but it does not exclude the possibility that other factors may also have prognostic significance.",0.0000
justified_mistral,fixed,bm25,mistral,Vaginal dose assessment in image-guided brachytherapy for cervical cancer: Can we really rely on dose-point evaluation?,maybe,maybe,1,1,success,"Maybe

Justification: The study shows that the delivered doses at the four points (pibs-2, pibs, pibs+2, and pibs+4) were strongly correlated with the prescribed",0.0000
justified_mistral,fixed,bm25,mistral,Prescriptions as a proxy for asthma in children: a good choice?,no,maybe,0,1,generation_failure,"Maybe

Justification: The context discusses the use of prescription data to estimate asthma prevalence in children, but it also acknowledges the need for critical assessment of this method ([1]). The study replicates the selection procedure",0.0000
justified_mistral,fixed,bm25,mistral,Does the familial transmission of drinking patterns persist into young adulthood?,maybe,maybe,1,1,success,"Maybe

Justification: The study shows that young adults whose families were abstainers in 2000 drank substantially less across quintiles in 2010 than offspring of non-abstaining families, but",0.0000
justified_mistral,fixed,bm25,mistral,Proof of concept study: does fenofibrate have a role in sleep apnoea syndrome?,yes,maybe,0,1,generation_failure,"Maybe

Justification: The study was designed to investigate the effect of fenofibrate on sleep apnoea indices, but it is an exploratory study with a limited treatment duration and lack of correction for multiplicity of testing (context",0.0000
justified_mistral,fixed,bm25,mistral,Can mental imagery functional magnetic resonance imaging predict recovery in patients with disorders of consciousness?,yes,maybe,0,1,generation_failure,"Maybe

Justification: The study shows that activation in regions of interest during mental imagery fMRI is associated with recovery in some patients with disorders of consciousness, but the specificity is not 100%.",0.0000
justified_mistral,fixed,bm25,mistral,The nurse cystoscopist: a feasible option?,yes,yes,1,1,success,"Yes

Justification: The context mentions a study comparing the accuracy of a trained urology nurse practitioner and a consultant urologist in detecting bladder tumours during flexible cystoscopy, implying that the nurse",0.0000
justified_mistral,fixed,bm25,mistral,Is cardiovascular evaluation necessary prior to and during beta-blocker therapy for infantile hemangiomas?,no,yes,0,1,generation_failure,"Yes

Justification: The context states that cardiovascular evaluations were performed prior to and during beta-blocker therapy in patients with infantile hemangiomas ([2], [4]).",0.0000
justified_mistral,fixed,bm25,mistral,Is specialty care associated with improved survival of patients with congestive heart failure?,yes,maybe,0,1,generation_failure,"Maybe

Justification: The context discusses the implementation of complex treatment strategies for congestive heart failure (CHF) that may require certain expertise, but it does not directly state that specialty care is associated with improved survival of patients with",0.0000
justified_mistral,fixed,bm25,mistral,Can the prognosis of polymyalgia rheumatica be predicted at disease onset?,yes,maybe,0,0,retrieval_failure,"Maybe

Justification: The provided context does not directly discuss the prognosis of polymyalgia rheumatica, but it does mention a study evaluating a potential relationship between nuchal translucency thickness and gest",0.0000
