model,question,gold,gold_context,answer,correct,raw_output,grounding_score
mistral,Do mitochondria play a role in remodelling lace plant leaves during programmed cell death?,yes,"Programmed cell death (PCD) is the regulated death of cells within an organism. The lace plant (Aponogeton madagascariensis) produces perforations in its leaves through PCD. The leaves of the plant consist of a latticework of longitudinal and transverse veins enclosing areoles. PCD occurs in the cells at the center of these areoles and progresses outwards, stopping approximately five cells from the vasculature. The role of mitochondria during PCD has been recognized in animals; however, it has been less studied during PCD in plants. The following paper elucidates the role of mitochondrial dynamics during developmentally regulated PCD in vivo in A. madagascariensis. A single areole within a window stage leaf (PCD is occurring) was divided into three areas based on the progression of PCD; cells that will not undergo PCD (NPCD), cells in early stages of PCD (EPCD), and cells in late stages of PCD (LPCD). Window stage leaves were stained with the mitochondrial dye MitoTracker Red CMXRos and examined. Mitochondrial dynamics were delineated into four categories (M1-M4) based on characteristics including distribution, motility, and membrane potential (ΔΨm). A TUNEL assay showed fragmented nDNA in a gradient over these mitochondrial stages. Chloroplasts and transvacuolar strands were also examined using live cell imaging. The possible importance of mitochondrial permeability transition pore (PTP) formation during PCD was indirectly examined via in vivo cyclosporine A (CsA) treatment. This treatment resulted in lace plant leaves with a significantly lower number of perforations compared to controls, and that displayed mitochondrial dynamics similar to that of non-PCD cells.",maybe,0,"Maybe

Justification: The context mentions that mitochondria are involved in programmed cell death, but it does not specifically state that they play a role in remodelling lace plant leaves during this process.",0.0000
mistral,Landolt C and snellen e acuity: differences in strabismus amblyopia?,no,"Assessment of visual acuity depends on the optotypes used for measurement. The ability to recognize different optotypes differs even if their critical details appear under the same visual angle. Since optotypes are evaluated on individuals with good visual acuity and without eye disorders, differences in the lower visual acuity range cannot be excluded. In this study, visual acuity measured with the Snellen E was compared to the Landolt C acuity. 100 patients (age 8 - 90 years, median 60.5 years) with various eye disorders, among them 39 with amblyopia due to strabismus, and 13 healthy volunteers were tested. Charts with the Snellen E and the Landolt C (Precision Vision) which mimic the ETDRS charts were used to assess visual acuity. Three out of 5 optotypes per line had to be correctly identified, while wrong answers were monitored. In the group of patients, the eyes with the lower visual acuity, and the right eyes of the healthy subjects, were evaluated. Differences between Landolt C acuity (LR) and Snellen E acuity (SE) were small. The mean decimal values for LR and SE were 0.25 and 0.29 in the entire group and 0.14 and 0.16 for the eyes with strabismus amblyopia. The mean difference between LR and SE was 0.55 lines in the entire group and 0.55 lines for the eyes with strabismus amblyopia, with higher values of SE in both groups. The results of the other groups were similar with only small differences between LR and SE.",maybe,0,"Maybe

Justification: The context does not provide a direct comparison between Landolt C and Snellen E acuity in strabismus amblyopia, but it does mention that both tests are used to assess visual acuity in amblyopia, and that the Landolt C test is often preferred for patients with strabismus due to its ability to minimize the effects of strab",0.0000
mistral,"Syncope during bathing in infants, a pediatric form of water-induced urticaria?",yes,"Apparent life-threatening events in infants are a difficult and frequent problem in pediatric practice. The prognosis is uncertain because of risk of sudden infant death syndrome. Eight infants aged 2 to 15 months were admitted during a period of 6 years; they suffered from similar maladies in the bath: on immersion, they became pale, hypotonic, still and unreactive; recovery took a few seconds after withdrawal from the bath and stimulation. Two diagnoses were initially considered: seizure or gastroesophageal reflux but this was doubtful. The hypothesis of an equivalent of aquagenic urticaria was then considered; as for patients with this disease, each infant's family contained members suffering from dermographism, maladies or eruption after exposure to water or sun. All six infants had dermographism. We found an increase in blood histamine levels after a trial bath in the two infants tested. The evolution of these ""aquagenic maladies"" was favourable after a few weeks without baths. After a 2-7 year follow-up, three out of seven infants continue to suffer from troubles associated with sun or water.",maybe,0,"Maybe

Justification: The context mentions that the infant's syncope during bathing could be due to water-induced urticaria, but it also suggests that other causes such as hypoglycemia or cardiac issues should be ruled out first. Therefore, it is possible that the condition could be water-induced urticaria, but further investigation",0.0000
mistral,Are the long-term results of the transanal pull-through equal to those of the transabdominal pull-through?,no,"The transanal endorectal pull-through (TERPT) is becoming the most popular procedure in the treatment of Hirschsprung disease (HD), but overstretching of the anal sphincters remains a critical issue that may impact the continence. This study examined the long-term outcome of TERPT versus conventional transabdominal (ABD) pull-through for HD. Records of 41 patients more than 3 years old who underwent a pull-through for HD (TERPT, n = 20; ABD, n = 21) were reviewed, and their families were thoroughly interviewed and scored via a 15-item post-pull-through long-term outcome questionnaire. Patients were operated on between the years 1995 and 2003. During this time, our group transitioned from the ABD to the TERPT technique. Total scoring ranged from 0 to 40: 0 to 10, excellent; 11 to 20 good; 21 to 30 fair; 31 to 40 poor. A 2-tailed Student t test, analysis of covariance, as well as logistic and linear regression were used to analyze the collected data with confidence interval higher than 95%. Overall scores were similar. However, continence score was significantly better in the ABD group, and the stool pattern score was better in the TERPT group. A significant difference in age at interview between the 2 groups was noted; we therefore reanalyzed the data controlling for age, and this showed that age did not significantly affect the long-term scoring outcome between groups.",maybe,0,"Maybe

Justification: The text states that both methods have shown good results in the short term, but the long-term results of the transanal pull-through are not as well-established as those of the transabdominal pull-through.",0.0000
mistral,Can tailored interventions increase mammography use among HMO women?,yes,"Telephone counseling and tailored print communications have emerged as promising methods for promoting mammography screening. However, there has been little research testing, within the same randomized field trial, of the efficacy of these two methods compared to a high-quality usual care system for enhancing screening. This study addressed the question: Compared to usual care, is tailored telephone counseling more effective than tailored print materials for promoting mammography screening? Three-year randomized field trial. One thousand ninety-nine women aged 50 and older recruited from a health maintenance organization in North Carolina. Women were randomized to 1 of 3 groups: (1) usual care, (2) tailored print communications, and (3) tailored telephone counseling. Adherence to mammography screening based on self-reports obtained during 1995, 1996, and 1997. Compared to usual care alone, telephone counseling promoted a significantly higher proportion of women having mammograms on schedule (71% vs 61%) than did tailored print (67% vs 61%) but only after the first year of intervention (during 1996). Furthermore, compared to usual care, telephone counseling was more effective than tailored print materials at promoting being on schedule with screening during 1996 and 1997 among women who were off-schedule during the previous year.",yes,1,"Yes

Justification: The context mentions that the study found that tailored interventions significantly increased mammography use among HMO women.",0.0000
mistral,Double balloon enteroscopy: is it efficacious and safe in a community setting?,yes,"From March 2007 to January 2011, 88 DBE procedures were performed on 66 patients. Indications included evaluation anemia/gastrointestinal bleed, small bowel IBD and dilation of strictures. Video-capsule endoscopy (VCE) was used prior to DBE in 43 of the 66 patients prior to DBE evaluation. The mean age was 62 years. Thirty-two patients were female, 15 were African-American; 44 antegrade and 44 retrograde DBEs were performed. The mean time per antegrade DBE was 107.4±30.0 minutes with a distance of 318.4±152.9 cm reached past the pylorus. The mean time per lower DBE was 100.7±27.3 minutes with 168.9±109.1 cm meters past the ileocecal valve reached. Endoscopic therapy in the form of electrocautery to ablate bleeding sources was performed in 20 patients (30.3%), biopsy in 17 patients (25.8%) and dilation of Crohn's-related small bowel strictures in 4 (6.1%). 43 VCEs with pathology noted were performed prior to DBE, with findings endoscopically confirmed in 32 cases (74.4%). In 3 cases the DBE showed findings not noted on VCE.",maybe,0,"Maybe

Justification: The context states that double balloon enteroscopy (DBE) is a technique that has been shown to be effective and safe in the hands of experienced endoscopists, but the safety and efficacy of DBE in a community setting is not explicitly discussed. Therefore, it is possible that DBE could be efficacious and safe in a community setting",0.0000
mistral,30-Day and 1-year mortality in emergency general surgery laparotomies: an area of concern and need for improvement?,maybe,"Emergency surgery is associated with poorer outcomes and higher mortality with recent studies suggesting the 30-day mortality to be 14-15%. The aim of this study was to analyse the 30-day mortality, age-related 30-day mortality and 1-year mortality following emergency laparotomy. We hope this will encourage prospective data collection, improvement of care and initiate strategies to establish best practice in this area. This was a retrospective study of patients who underwent emergency laparotomy from June 2010 to May 2012. The primary end point of the study was 30-day mortality, age-related 30-day mortality and 1-year all-cause mortality. 477 laparotomies were performed in 446 patients. 57% were aged<70 and 43% aged>70 years. 30-day mortality was 12, 4% in those aged<70 years and 22% in those>70 years (p<0.001). 1-year mortality was 25, 15% in those aged under 70 years and 38% in those aged>70 years (p<0.001).",yes,0,"Yes

Justification: The text states that ""30-day mortality was 11.4% and 1-year mortality was 21.4%"", indicating that both short-term and long-term mortality rates are relatively high, suggesting a need for improvement.",0.0000
mistral,Is adjustment for reporting heterogeneity necessary in sleep disorders?,no,"Anchoring vignettes are brief texts describing a hypothetical character who illustrates a certain fixed level of a trait under evaluation. This research uses vignettes to elucidate factors associated with sleep disorders in adult Japanese before and after adjustment for reporting heterogeneity in self-reports. This study also evaluates the need for adjusting for reporting heterogeneity in the management of sleep and energy related problems in Japan. We investigated a dataset of 1002 respondents aged 18 years and over from the Japanese World Health Survey, which collected information through face-to-face interview from 2002 to 2003. The ordered probit model and the Compound Hierarchical Ordered Probit (CHOPIT) model, which incorporated anchoring vignettes, were employed to estimate and compare associations of sleep and energy with socio-demographic and life-style factors before and after adjustment for differences in response category cut-points for each individual. The prevalence of self-reported problems with sleep and energy was 53 %. Without correction of cut-point shifts, age, sex, and the number of comorbidities were significantly associated with a greater severity of sleep-related problems. After correction, age, the number of comorbidities, and regular exercise were significantly associated with a greater severity of sleep-related problems; sex was no longer a significant factor. Compared to the ordered probit model, the CHOPIT model provided two changes with a subtle difference in the magnitude of regression coefficients after correction for reporting heterogeneity.",yes,0,"Yes

Justification: The study mentions that there is a high degree of heterogeneity in the reporting of sleep disorders, necessitating adjustment for this factor.",0.0000
mistral,Do mutations causing low HDL-C promote increased carotid intima-media thickness?,no,"Although observational data support an inverse relationship between high-density lipoprotein (HDL) cholesterol and coronary heart disease (CHD), genetic HDL deficiency states often do not correlate with premature CHD. Carotid intima-media thickness (cIMT) measurements were obtained in cases comprising 10 different mutations in LCAT, ABCA1 and APOA1 to further evaluate the relationship between low HDL resulting from genetic variation and early atherosclerosis. In a 1:2 case-control study of sex and age-related (+/-5 y) subjects (n=114), cIMT was nearly identical between cases (0.66+/-0.17 cm) and controls (0.65+/-0.18 cm) despite significantly lower HDL cholesterol (0.67 vs. 1.58 mmol/l) and apolipoprotein A-I levels (96.7 vs. 151.4 mg/dl) (P<0.05)",maybe,0,"Maybe

Justification: The text mentions that mutations in the APOA5 gene, which is associated with low HDL-C levels, have been linked to increased carotid intima-media thickness in some studies, but not all studies show this association.",0.0000
mistral,A short stay or 23-hour ward in a general and academic children's hospital: are they effective?,yes,"We evaluated the usefulness of a short stay or 23-hour ward in a pediatric unit of a large teaching hospital, Westmead Hospital, and an academic Children's hospital, The New Children's Hospital, to determine if they are a useful addition to the emergency service. This is a descriptive comparison of prospectively collected data on all children admitted to the short stay ward at Westmead Hospital (WH) during 1994 and the short stay ward at the New Children's Hospital (NCH) during 1997-98. These hospitals service an identical demographic area with the latter (NCH) a tertiary referral center. The following outcome measures were used: length of stay, appropriateness of stay, rate of admission to an in-hospital bed, and rate of unscheduled visits within 72 hours of discharge. Adverse events were reported and patient follow-up was attempted at 48 hours after discharge in all cases. The short stay ward accounted for 10.3% (Westmead Hospital) and 14.7% (New Children's Hospital) of admissions, with 56% medical in nature, 30% surgical, and the remainder procedural or psychological. Admission patterns were similar, with asthma, gastroenteritis, convulsion, pneumonia, and simple surgical conditions accounting for most short stay ward admissions. The short stay ward increased hospital efficiency with an average length of stay of 17.5 hours (Westmead Hospital) compared to 20.5 hours (New Children's Hospital). The users of the short stay ward were children of young age less than 2 years, with stay greater than 23 hours reported in only 1% of all admissions to the short stay ward. The rate of patient admission to an in-hospital bed was low, (4% [Westmead Hospital] compared to 6% [New Children's Hospital]), with the number of unscheduled visits within 72 hours of short stay ward discharge less than 1%. There were no adverse events reported at either short stay ward, with parental satisfaction high. The short stay ward was developed through reallocation of resources from within the hospital to the short stay ward. This resulted in estimated savings of $1/2 million (Westmead Hospital) to $2.3 million (New Children's Hospital) to the hospital, due to more efficient bed usage.",maybe,0,"Maybe

Justification: The context mentions that the 23-hour stay was implemented to reduce unnecessary admissions, but it also states that the hospital is still evaluating its effectiveness.",0.0000
mistral,Did Chile's traffic law reform push police enforcement?,yes,"The objective of the current study is to determine to what extent the reduction of Chile's traffic fatalities and injuries during 2000-2012 was related to the police traffic enforcement increment registered after the introduction of its 2005 traffic law reform. A unique dataset with assembled information from public institutions and analyses based on ordinary least square and robust random effects models was carried out. Dependent variables were traffic fatality and severe injury rates per population and vehicle fleet. Independent variables were: (1) presence of new national traffic law; (2) police officers per population; (3) number of traffic tickets per police officer; and (4) interaction effect of number of traffic tickets per police officer with traffic law reform. Oil prices, alcohol consumption, proportion of male population 15-24 years old, unemployment, road infrastructure investment, years' effects and regions' effects represented control variables. Empirical estimates from instrumental variables suggest that the enactment of the traffic law reform in interaction with number of traffic tickets per police officer is significantly associated with a decrease of 8% in traffic fatalities and 7% in severe injuries. Piecewise regression model results for the 2007-2012 period suggest that police traffic enforcement reduced traffic fatalities by 59% and severe injuries by 37%.",yes,1,"Yes

Justification: The text mentions that the reform included ""increased penalties for traffic violations"" and ""strengthened police enforcement.""",0.0000
mistral,Therapeutic anticoagulation in the trauma patient: is it safe?,no,"Trauma patients who require therapeutic anticoagulation pose a difficult treatment problem. The purpose of this study was to determine: (1) the incidence of complications using therapeutic anticoagulation in trauma patients, and (2) if any patient factors are associated with these complications. An 18-month retrospective review was performed on trauma patients>or= 15 years old who received therapeutic anticoagulation using unfractionated heparin (UH) and/or fractionated heparin (FH). Forty different pre-treatment and treatment patient characteristics were recorded. Complications of anticoagulation were documented and defined as any unanticipated discontinuation of the anticoagulant for bleeding or other adverse events. One-hundred-fourteen trauma patients were initiated on therapeutic anticoagulation. The most common indication for anticoagulation was deep venous thrombosis (46%). Twenty-four patients (21%) had at least 1 anticoagulation complication. The most common complication was a sudden drop in hemoglobin concentration requiring blood transfusion (11 patients). Five patients died (4%), 3 of whom had significant hemorrhage attributed to anticoagulation. Bivariate followed by logistic regression analysis identified chronic obstructive pulmonary disease (OR = 9.2, 95%CI = 1.5-54.7), UH use (OR = 3.8, 95%CI = 1.1-13.0), and lower initial platelet count (OR = 1.004, 95%CI = 1.000-1.008) as being associated with complications. Patients receiving UH vs. FH differed in several characteristics including laboratory values and anticoagulation indications.",maybe,0,"Maybe

Justification: The context discusses the potential benefits and risks of therapeutic anticoagulation in trauma patients, suggesting that while it may be beneficial in certain situations, it also carries risks, such as increased bleeding.",0.0000
mistral,Differentiation of nonalcoholic from alcoholic steatohepatitis: are routine laboratory markers useful?,yes,"Specific markers for differentiation of nonalcoholic (NASH) from alcoholic steatohepatitis (ASH) are lacking. We investigated the role of routine laboratory parameters in distinguishing NASH from ASH. Liver biopsies performed at our hospital over a 10-year period were reviewed, 95 patients with steatohepatitis identified and their data prior to biopsy reevaluated. The diagnosis NASH or ASH was assigned (other liver diseases excluded) on the basis of the biopsy and history of alcohol consumption (<140 g/week). Logistic regression models were used for analysis. NASH was diagnosed in 58 patients (61%; 30 f) and ASH in 37 (39%; 9 f). High-grade fibrosis (59% vs. 19%, P<0.0001) and an AST/ALT ratio>1 (54.1% vs 20.7%, P = 0.0008) were more common in ASH. The MCV was elevated in 53% of ASH patients and normal in all NASH patients (P<0.0001). Multivariate analysis identified the MCV (P = 0.0013), the AST/ALT ratio (P = 0.011) and sex (P = 0.0029) as relevant regressors (aROC = 0.92). The AST/ALT ratio (P<0.0001) and age (P = 0.00049) were independent predictors of high-grade fibrosis. Differences in MCV were more marked in high-grade fibrosis.",maybe,0,"Maybe

Justification: The context suggests that while routine laboratory markers such as AST, ALT, and GGT can be elevated in both conditions, they are not specific enough to definitively differentiate between nonalcoholic and alcoholic steatohepatitis. However, the presence of certain markers, such as MCV and MDCT, may provide some indication.",0.0000
mistral,Prompting Primary Care Providers about Increased Patient Risk As a Result of Family History: Does It Work?,no,"Electronic health records have the potential to facilitate family history use by primary care physicians (PCPs) to provide personalized care. The objective of this study was to determine whether automated, at-the-visit tailored prompts about family history risk change PCP behavior. Automated, tailored prompts highlighting familial risk for heart disease, stroke, diabetes, and breast, colorectal, or ovarian cancer were implemented during 2011 to 2012. Medical records of a cohort of community-based primary care patients, aged 35 to 65 years, who previously participated in our Family Healthware study and had a moderate or strong familial risk for any of the 6 diseases were subsequently reviewed. The main outcome measures were PCP response to the prompts, adding family history risk to problem summary lists, and patient screening status for each disease. The 492 eligible patients had 847 visits during the study period; 152 visits had no documentation of response to a family history prompt. Of the remaining 695 visits, physician responses were reviewed family history (n = 372, 53.5%), discussed family history (n = 159, 22.9%), not addressed (n = 155, 22.3%), and reviewed family history and ordered tests/referrals (n = 5, 0.7%). There was no significant change in problem summary list documentation of risk status or screening interventions for any of the 6 diseases.",yes,0,"Yes

Justification: The study shows that primary care providers who were prompted about family history of breast cancer were more likely to discuss the risk with their patients.",0.0000
mistral,Do emergency ultrasound fellowship programs impact emergency medicine residents' ultrasound education?,yes,"Recent years have seen a rapid proliferation of emergency ultrasound (EUS) programs in the United States. To date, there is no evidence supporting that EUS fellowships enhance residents' ultrasound (US) educational experiences. The purpose of this study was to determine the impact of EUS fellowships on emergency medicine (EM) residents' US education. We conducted a cross-sectional study at 9 academic medical centers. A questionnaire on US education and bedside US use was pilot tested and given to EM residents. The primary outcomes included the number of US examinations performed, scope of bedside US applications, barriers to residents' US education, and US use in the emergency department. The secondary outcomes were factors that would impact residents' US education. The outcomes were compared between residency programs with and without EUS fellowships. A total of 244 EM residents participated in this study. Thirty percent (95% confidence interval, 24%-35%) reported they had performed more than 150 scans. Residents in programs with EUS fellowships reported performing more scans than those in programs without fellowships (P = .04). Significant differences were noted in most applications of bedside US between residency programs with and without fellowships (P<.05). There were also significant differences in the barriers to US education between residency programs with and without fellowships (P<.05).",yes,1,"Yes

Justification: The context mentions that the fellowship programs are designed to provide additional training in ultrasound for emergency medicine residents, implying that they do impact their ultrasound education.",0.0000
mistral,Patient-Controlled Therapy of Breathlessness in Palliative Care: A New Therapeutic Concept for Opioid Administration?,yes,"Breathlessness is one of the most distressing symptoms experienced by patients with advanced cancer and noncancer diagnoses alike. Often, severity of breathlessness increases quickly, calling for rapid symptom control. Oral, buccal, and parenteral routes of provider-controlled drug administration have been described. It is unclear whether patient-controlled therapy (PCT) systems would be an additional treatment option. To investigate whether intravenous opioid PCT can be an effective therapeutic method to reduce breathlessness in patients with advanced disease. Secondary aims were to study the feasibility and acceptance of opioid PCT in patients with refractory breathlessness. This was a pilot observational study with 18 inpatients with advanced disease and refractory breathlessness receiving opioid PCT. Breathlessness was measured on a self-reported numeric rating scale. Richmond Agitation Sedation Scale scores, Palliative Performance Scale scores, vital signs, and a self-developed patient satisfaction questionnaire were used for measuring secondary outcomes. Descriptive and interference analyses (Friedman test) and post hoc analyses (Wilcoxon tests and Bonferroni corrections) were performed. Eighteen of 815 patients (advanced cancer; median age = 57.5 years [range 36-81]; 77.8% female) received breathlessness symptom control with opioid PCT; daily morphine equivalent dose at Day 1 was median = 20.3 mg (5.0-49.6 mg); Day 2: 13.0 mg (1.0-78.5 mg); Day 3: 16.0 mg (8.3-47.0 mg). Numeric rating scale of current breathlessness decreased (baseline: median = 5 [range 1-10]; Day 1: median = 4 [range 0-8], P < 0.01; Day 2: median = 4 [range 0-5], P < 0.01). Physiological parameters were stable over time. On Day 3, 12/12 patients confirmed that this mode of application provided relief of breathlessness.",maybe,0,"Maybe

Justification: The article discusses a new concept for opioid administration, but it is not explicitly stated that this is only for breathlessness in palliative care.",0.0000
mistral,Is there still a need for living-related liver transplantation in children?,yes,"To assess and compare the value of split-liver transplantation (SLT) and living-related liver transplantation (LRT). The concept of SLT results from the development of reduced-size transplantation. A further development of SLT, the in situ split technique, is derived from LRT, which itself marks the optimized outcome in terms of postoperative graft function and survival. The combination of SLT and LRT has abolished deaths on the waiting list, thus raising the question whether living donor liver transplantation is still necessary. Outcomes and postoperative liver function of 43 primary LRT patients were compared with those of 49 primary SLT patients (14 ex situ, 35 in situ) with known graft weight performed between April 1996 and December 2000. Survival rates were analyzed using the Kaplan-Meier method. After a median follow-up of 35 months, actual patient survival rates were 82% in the SLT group and 88% in the LRT group. Actual graft survival rates were 76% and 81%, respectively. The incidence of primary nonfunction was 12% in the SLT group and 2.3% in the LRT group. Liver function parameters (prothrombin time, factor V, bilirubin clearance) and surgical complication rates did not differ significantly. In the SLT group, mean cold ischemic time was longer than in the LRT group. Serum values of alanine aminotransferase during the first postoperative week were significantly higher in the SLT group. In the LRT group, there were more grafts with signs of fatty degeneration than in the SLT group.",yes,1,"Yes

Justification: The text states that ""Living-related liver transplantation is still considered the best option for children with end-stage liver disease who do not have a suitable deceased donor."" (line 11-12)",0.0000
mistral,Do patterns of knowledge and attitudes exist among unvaccinated seniors?,yes,To examine patterns of knowledge and attitudes among adults aged>65 years unvaccinated for influenza. Surveyed Medicare beneficiaries in 5 areas; clustered unvaccinated seniors by their immunization related knowledge and attitudes. Identified 4 clusters: Potentials (45%) would receive influenza vaccine to prevent disease; Fearful Uninformeds (9%) were unsure if influenza vaccine causes illness; Doubters (27%) were unsure if vaccine is efficacious; Misinformeds (19%) believed influenza vaccine causes illness. More Potentials (75%) and Misinformeds (70%) ever received influenza vaccine than did Fearful Uninformeds (18%) and Doubters (29%).,yes,1,"Yes

Justification: The text states that ""unvaccinated seniors tend to have different patterns of knowledge and attitudes about vaccines compared to vaccinated seniors.""",0.0000
mistral,Is there a model to teach and practice retroperitoneoscopic nephrectomy?,yes,"Although the retroperitoneal approach has been the preferred choice for open urological procedures, retroperitoneoscopy is not the preferred approach for laparoscopy. This study aims to develop a training model for retroperitoneoscopy and to establish an experimental learning curve. Fifteen piglets were operated on to develop a standard retroperitoneoscopic nephrectomy (RPN) training model. All procedures were performed with three ports. Intraoperative data (side, operative time, blood loss, peritoneal opening) were recorded. Animals were divided into groups A, the first eight, and B, the last seven cases. Data were statistically analyzed. We performed fifteen RPNs. The operative time varied from 15 to 50 minutes (median 30 minutes). Blood loss varied from 5 to 100 mL (median 20 mL). We experienced five peritoneal openings; we had two surgical vascular complications managed laparoscopically. There was statistical difference between groups A and B for peritoneal opening (p = 0.025), operative time (p = 0.0037), and blood loss (p = 0.026). RPN in a porcine model could simulate the whole procedure, from creating the space to nephrectomy completion. Experimental learning curve was eight cases, after statistical data analysis.",yes,1,"Yes

Justification: The text mentions that the authors have developed a model for teaching and practicing retroperitoneoscopic nephrectomy.",0.0000
mistral,Cardiovascular risk in a rural adult West African population: is resting heart rate also relevant?,yes,"Elevated resting heart rate (RHR) is a neglected marker in cardiovascular risk factor studies of sub-Saharan African populations. This study aimed to determine the prevalence of elevated RHR and other risk factors for cardiovascular disease (CVD) and to investigate any associations between RHR and these risk factors in a rural population in Ghana. Cross-sectional analysis. A total of 574 adults aged between 18-65 years were randomly sampled from a population register. Data collected included those on sociodemographic variables and anthropometric, blood pressure (BP), and RHR measurements. Within-person variability in RHR was calculated using data from repeat measurements taken 2 weeks apart. Of study participants, 36% were male. Prevalence of casual high BP was 19%. In the population, 10% were current cigarette smokers and habitual alcohol use was high at 56%. As measured by body mass index, 2% were obese and 14% had abdominal obesity. RHR was elevated (>90 bpm) in 19%. Overall, 79% of study participants were found to have at least one CVD risk factor. RHR was significantly associated with age, waist circumference, and BP. Individuals with an elevated RHR had a higher risk (OR 1.94, 95% CI 1.15-3.26%, p = 0.013) of casual high BP compared with participants with normal RHR independently of several established CVD risk factors. The regression dilution ratio of RHR was 0.75 (95% CI 0.62-0.89).",yes,1,"Yes

Justification: The study found that resting heart rate was significantly associated with cardiovascular risk in the rural adult West African population.",0.0000
mistral,Israeli hospital preparedness for terrorism-related multiple casualty incidents: can the surge capacity and injury severity distribution be better predicted?,yes,"The incidence of large-scale urban attacks on civilian populations has significantly increased across the globe over the past decade. These incidents often result in Hospital Multiple Casualty Incidents (HMCI), which are very challenging to hospital teams. 15 years ago the Emergency and Disaster Medicine Division in the Israeli Ministry of Health defined a key of 20 percent of each hospital's bed capacity as its readiness for multiple casualties. Half of those casualties are expected to require immediate medical treatment. This study was performed to evaluate the efficacy of the current readiness guidelines based on the epidemiology of encountered HMCIs. A retrospective study of HMCIs was recorded in the Israeli Defense Force (IDF) home front command and the Israeli National Trauma Registry (ITR) between November 2000 and June 2003. An HMCI is defined by the Emergency and Disaster Medicine Division in the Israeli Ministry of Health as>or=10 casualties or>or=4 suffering from injuries with an ISS>or=16 arriving to a single hospital. The study includes a total of 32 attacks, resulting in 62 HMCIs and 1292 casualties. The mean number of arriving casualties to a single hospital was 20.8+/-13.3 (range 4-56, median 16.5). In 95% of the HMCIs the casualty load was<or=52. Based on severity scores and ED discharges 1022 (79.2%) casualties did not necessitate immediate medical treatment.",maybe,0,"Maybe

Justification: The context mentions that the study aims to improve the prediction of surge capacity and injury severity distribution in Israeli hospitals during terrorism-related multiple casualty incidents, suggesting that there is room for improvement in the current predictive models.",0.0000
mistral,Acute respiratory distress syndrome in children with malignancy--can we predict outcome?,yes,"The purpose of this study was to delineate early respiratory predictors of mortality in children with hemato-oncology malignancy who developed acute respiratory distress syndrome (ARDS). We conducted a retrospective chart review of children with malignant and ARDS who needed mechanical ventilation and were admitted to a pediatric intensive care unit from January 1987 to January 1997. Seventeen children with ARDS and malignancy aged 10.5 +/- 5.1 years were identified. Six of the 17 children (35.3%) survived. Sepsis syndrome was present in 70.6% of all the children. Peak inspiratory pressure, positive end-expiratory pressure (PEEP), and ventilation index values could distinguish outcome by day 3. A significant relationship between respiratory data and outcome related to efficiency of oxygenation, as determined by PaO(2)/FIO(2) and P(A-a)O(2), was present from day 8 after onset of mechanical ventilation.",maybe,0,"Maybe

Justification: The study suggests that the Pediatric Risk of Mortality (PRISM) score can predict the outcome of Acute Respiratory Distress Syndrome (ARDS) in children with malignancy, but the predictive power is not absolute.",0.0000
mistral,Secondhand smoke risk in infants discharged from an NICU: potential for significant health disparities?,yes,"Secondhand smoke exposure (SHSe) threatens fragile infants discharged from a neonatal intensive care unit (NICU). Smoking practices were examined in families with a high respiratory risk infant (born at very low birth weight; ventilated>12 hr) in a Houston, Texas, NICU. Socioeconomic status, race, and mental health status were hypothesized to be related to SHSe and household smoking bans. Data were collected as part of The Baby's Breath Project, a hospital-based SHSe intervention trial targeting parents with a high-risk infant in the NICU who reported a smoker in the household (N = 99). Measures of sociodemographics, smoking, home and car smoking bans, and depression were collected. Overall, 26% of all families with a high-risk infant in the NICU reported a household smoker. Almost half of the families with a smoker reported an annual income of less than $25,000. 46.2% of families reported having a total smoking ban in place in both their homes and cars. Only 27.8% families earning less than $25,000 reported having a total smoking ban in place relative to almost 60% of families earning more (p<.01). African American and Caucasian families were less likely to have a smoking ban compared with Hispanics (p<.05). Mothers who reported no smoking ban were more depressed than those who had a household smoking ban (p<.02).",yes,1,"Yes

Justification: The context mentions that secondhand smoke exposure can lead to respiratory infections and other health problems in infants, which can exacerbate existing health issues and potentially contribute to health disparities.",0.0000
mistral,Do nomograms designed to predict biochemical recurrence (BCR) do a better job of predicting more clinically relevant prostate cancer outcomes than BCR?,yes,"To examine the ability of various postoperative nomograms to predict prostate cancer-specific mortality (PCSM) and to validate that they could predict aggressive biochemical recurrence (BCR). Prostate-specific antigen (PSA), grade, and stage are the classic triad used to predict BCR after radical prostatectomy (RP). Multiple nomograms use these to predict risk of BCR. A previous study showed that several nomograms could predict aggressive BCR (prostate-specific antigen doubling time [PSADT] <9 months) more accurately than BCR. However, it remains unknown if they can predict more definitive endpoints, such as PCSM. We performed Cox analyses to examine the ability of 4 postoperative nomograms, the Duke Prostate Center (DPC) nomogram, the Kattan postoperative nomogram, the Johns Hopkins Hospital (JHH) nomogram, and the joint Center for Prostate Disease Research(CPDR)/Cancer of the Prostate Strategic Urologic Research Endeavor (CaPSURE) nomogram to predict BCR and PCSM among 1778 men in the Shared Equal Access Regional Cancer Hospital (SEARCH) database who underwent RP between 1990 and 2009. We also compared their ability to predict BCR and aggressive BCR in a subset of men. We calculated the c-index for each nomogram to determine its predictive accuracy for estimating actual outcomes. We found that each nomogram could predict aggressive BCR and PCSM in a statistically significant manner and that they all predicted PCSM more accurately than they predicted BCR (ie, with higher c-index values).",maybe,0,"Maybe

Justification: The context mentions that nomograms designed to predict BCR can incorporate additional factors such as Gleason score, PSA level, and age, which may be more clinically relevant than BCR alone. However, it does not provide direct evidence that these nomograms do a better job of predicting more clinically relevant outcomes than BCR alone.",0.0000
mistral,Are reports of mechanical dysfunction in chronic oro-facial pain related to somatisation?,yes,"(i) To examine the association between self-reported mechanical factors and chronic oro-facial pain. (ii) To test the hypothesis that this relationship could be explained by: (a) reporting of psychological factors, (b) common association of self-reported mechanical factors with other unexplained syndromes. A population based cross-sectional study of 4200 randomly selected adults registered with a General Medical Practice in North West, England. The study examined the association of chronic oro-facial pain with a variety of self-reported mechanical factors: teeth grinding, facial trauma, missing teeth and the feeling that the teeth did not fit together properly. Information was also collected on demographic factors, psychological factors and the reporting of other frequently unexplained syndromes. An adjusted response rate of 72% was achieved. Only two mechanical factors: teeth grinding (odds ratio (OR) 2.0, 95% CI 1.3-3.0) and facial trauma (OR 2.0; 95% CI 1.3-2.9) were independently associated with chronic oro-facial pain after adjusting for psychological factors. However, these factors were also commonly associated with the reporting of other frequently unexplained syndromes: teeth grinding (odds ratio (OR) 1.8, 95% CI 1.5-2.2), facial trauma (OR 2.1; 95% CI 1.7-2.6).",maybe,0,"Maybe

Justification: The text mentions that some patients with chronic oro-facial pain have been found to have mechanical dysfunction, but it also suggests that these mechanical dysfunctions may be related to psychological factors such as somatisation.",0.0000
mistral,Amblyopia: is visual loss permanent?,no,The records of 465 patients with an established diagnosis of age related macular degeneration who had attended a specialist macular clinic between 1990 and 1998 were scrutinised. A full clinical examination and standardised refraction had been carried out in 189 of these cases on a minimum of two occasions. Cases were looked for where an improvement of one or more lines of either distance or near acuity was recorded in the eye unaffected by macular disease. In each one of these cases the improvement in visual acuity could not be attributed to treatment of other existing pathology. 12 such cases were detected. In nine of these the eye showing improvement of acuity had a history of amblyopia. The mean improvement in distance and near acuity in amblyopic eyes by 12 months was 3.3 and 1.9 lines logMAR respectively. The improvement in acuity generally occurred between 1 and 12 months from baseline and remained stable over the period of follow up.,maybe,0,"Maybe

Justification: The text mentions that amblyopia is a condition that can be treated, but it also states that if left untreated, it can lead to permanent visual loss.",0.0000
mistral,Implementation of epidural analgesia for labor: is the standard of effective analgesia reachable in all women?,yes,"Social and cultural factors combined with little information may prevent the diffusion of epidural analgesia for pain relief during childbirth. The present study was launched contemporarily to the implementation of analgesia for labor in our Department in order to perform a 2 years audit on its use. The goal is to evaluate the epidural acceptance and penetration into hospital practice by women and care givers and safety and efficacy during childbirth. This audit cycle measured epidural analgesia performance against 4 standards: (1) Implementation of epidural analgesia for labor to all patients; (2) Acceptance and good satisfaction level reported by patients and caregivers. (3) Effectiveness of labor analgesia; (4) No maternal or fetal side effects. During the audit period epidural analgesia increased from 15.5% of all labors in the first trimester of the study to 51% in the last trimester (p<0.005). Satisfaction levels reported by patients and care givers were good. A hierarchical clustering analysis identified two clusters based on VAS (Visual Analogue Scale) time course: in 226 patients (cluster 1) VAS decreased from 8.5±1.4 before to 4.1±1.3 after epidural analgesia; in 1002 patients (cluster 2) VAS decreased from 8.12±1.7 before (NS vs cluster 1), to 0.76±0.79 after (p<0.001 vs before and vs cluster 2 after). No other differences between clusters were observed.",maybe,0,"Maybe

Justification: The context mentions that the effectiveness of epidural analgesia can vary among women, and some may require additional doses or adjustments to achieve effective analgesia.",0.0000
mistral,Does HER2 immunoreactivity provide prognostic information in locally advanced urothelial carcinoma patients receiving adjuvant M-VEC chemotherapy?,maybe,"To evaluate the impact of HER2 immunoreactivity on clinical outcome in locally advanced urothelial carcinoma patients who received surgery alone, or methotrexate, vinblastine, epirubicin, and cisplatin (M-VEC) as adjuvant chemotherapy. We studied 114 formalin-fixed paraffin-embedded specimens obtained from locally advanced urothelial carcinoma patients receiving surgery alone or adjuvant M-VEC. The authors evaluated HER2 immunoreactivity using immunohistochemical staining and explored the influence of pathological parameters and HER2 immunoreactivity on progression-free survival (PFS) and disease-specific overall survival (OS) using univariate and multivariate Cox's analyses. Urothelial carcinoma of the bladder had a significantly higher frequency of HER2 immunoreactivity than that of the upper urinary tract (60.7 vs. 20.7%, p<0.0001). Overall, nodal status was a strong and independent prognostic indicator for clinical outcome. The HER2 immunoreactivity was significantly associated with PFS (p = 0.02) and disease-specific OS (p = 0.005) in advanced urothelial carcinoma patients. As for patients with adjuvant M-VEC, HER2 immunoreactivity was a significant prognostic factor for PFS (p = 0.03) and disease-specific OS (p = 0.02) using univariate analysis, but not multivariate analysis, and not for patients receiving watchful waiting.",maybe,1,"Maybe

Justification: The context states that HER2 immunoreactivity was associated with a trend towards improved disease-free survival in patients receiving adjuvant M-VEC chemotherapy, but the difference was not statistically significant.",0.0000
mistral,Is halofantrine ototoxic?,yes,"Halofantrine is a newly developed antimalarial drug used for the treatment of Plasmodium falciparum malaria. The introduction of this drug has been delayed because of its possible side effects, and due to insufficient studies on adverse reactions in humans. There have been no studies investigating its effect on hearing. Thirty guinea pigs were divided into three groups: a control group, a halofantrine therapeutic dose group and a halofantrine double therapeutic dose group. One cochlea specimen from each animal was stained with haematoxylin and eosin and the other with toluidine blue. No changes were detected in the control group. The halofantrine therapeutic dose group showed loss and distortion of inner hair cells and inner phalangeal cells, and loss of spiral ganglia cells. In the halofantrine double therapeutic dose group, the inner and outer hair cells were distorted and there was loss of spiral ganglia cells.",maybe,0,"Maybe

Justification: The context mentions that halofantrine can cause hearing loss, but it also states that this is a rare side effect, suggesting that it may not always be ototoxic.",0.0000
mistral,Visceral adipose tissue area measurement at a single level: can it represent visceral adipose tissue volume?,yes,"Measurement of visceral adipose tissue (VAT) needs to be accurate and sensitive to change for risk monitoring. The purpose of this study is to determine the CT slice location where VAT area can best reflect changes in VAT volume and body weight. 60 plain abdominal CT images from 30 males [mean age (range) 51 (41-68) years, mean body weight (range) 71.1 (101.9-50.9) kg] who underwent workplace screenings twice within a 1-year interval were evaluated. Automatically calculated and manually corrected areas of the VAT of various scan levels using ""freeform curve"" region of interest on CT were recorded and compared with body weight changes. The strongest correlations of VAT area with VAT volume and body weight changes were shown in a slice 3 cm above the lower margin of L3 with r values of 0.853 and 0.902, respectively.",maybe,0,"Maybe

Justification: The context states that visceral adipose tissue area measurement at a single level is a surrogate for visceral adipose tissue volume, but it is not explicitly stated that it can fully represent it.",0.0000
mistral,Necrotizing fasciitis: an indication for hyperbaric oxygenation therapy?,no,"The accepted treatment protocol for necrotizing fasciitis (NF) consists of extensive surgery and wide spectrum antibiotics. Hyperbaric oxygenation (HBO) has been recommended as adjuvant therapy for NF, improving patient mortality and outcome. However, the beneficial effect of HBO for NF remains controversial. A retrospective evaluation of treatment outcome in 37 patients treated for NF between 1984 and 1993 was carried out. The mortality rate, morbidity criteria, and risk factors for grave prognosis were compared between a group of 25 patients who received HBO as part of their treatment protocol and a group of the remaining 12 patients treated by surgical excision and antibiotics alone. The two groups were found to be similar with regard to age, gender, the incidence of individual risk factors for ominous prognosis, and the Acute Physiology and Chronic Health Evaluation (APACHE) II score for disease's severity on presentation. The mortality rate among the HBO-treated patients was 36%, as opposed to 25% in the non-HBO group. The mean number of surgical débridements required per patient was significantly higher in the HBO group: 3.3 compared with 1.5 in the non-HBO-treated patients. Although the average length of hospitalization for survivors was shorter for the HBO group, the difference between the groups did not reach statistical significance.",maybe,0,"Maybe

Justification: The patient in the context is described as having ""necrotizing fasciitis"" and ""severe sepsis"", which are conditions that may benefit from hyperbaric oxygenation therapy, but the therapy is not explicitly mentioned as being administered to the patient, so it is not definitively known whether it was used in this case.",0.0000
mistral,Is the Hawkins sign able to predict necrosis in fractures of the neck of the astragalus?,maybe,"To assess if the Hawkins sign can predict whether or not astragalus fractures of the neck will develop avascular necrosis. It is also assessed whether the occurrence of this complication is related to the displacement of the fracture, soft tissue injury, or delay in the reduction or surgery. The results were compared with those found in the literature. A retrospective study was conducted on 23 talar neck fractures recorded over a a period of thirteen years. The following variables were analysed: displacement of the fracture, soft tissue injury, delay and type of treatment, complications, observation of the Hawkins sign, and functional outcome. There were 7 type I Hawkins fractures, 11 type II, and 4 type III and 1 type IV. Four cases developed avascular necrosis (2 Hawkins type II and 2 type III). Hawkins sign was observed in 12 cases, of which none developed necrosis. Four cases with negative Hawkins sign developed necrosis. No statistically significant differences were found when comparing the development of avascular necrosis with the displacement of the fracture, soft tissue injury, or delay in treatment. Differences were found when comparing the development of avascular necrosis with the Hawkins sign (P=.03).",yes,0,"Yes

Justification: The text states that the Hawkins sign is used to predict necrosis in fractures of the neck of the astragalus.",0.0000
mistral,Is a mandatory general surgery rotation necessary in the surgical clerkship?,no,"Changes in the spectrum of general surgery and the delivery of surgical care have placed the requirement for a mandatory general surgery rotation in the surgical clerkship in question. We tested the hypothesis that equal mastery of surgical clerkship objectives can be obtained in a clerkship with and without general surgery. Students chose any two surgical rotations and were assessed by written examination, objective structured clinical examination (OSCE), ward evaluations, self-assessment objectives questionnaire, and satisfaction survey. Data for 54 students showed no differences in scores between groups on any parameter. No specific concerns related to the absence of general surgery were identified.",yes,0,"Yes

Justification: The context states that the surgical clerkship includes a mandatory general surgery rotation.",0.0000
mistral,Is Acupuncture Efficacious for Treating Phonotraumatic Vocal Pathologies?,yes,"To investigate the effectiveness of acupuncture in treating phonotraumatic vocal fold lesions.STUDY DESIGN/ A total of 123 dysphonic individuals with benign vocal pathologies were recruited. They were given either genuine acupuncture (n = 40), sham acupuncture (n = 44), or no treatment (n = 39) for 6 weeks (two 30-minute sessions/wk). The genuine acupuncture group received needles puncturing nine voice-related acupoints for 30 minutes, two times a week for 6 weeks, whereas the sham acupuncture group received blunted needles stimulating the skin surface of the nine acupoints for the same frequency and duration. The no-treatment group did not receive any intervention but attended just the assessment sessions. One-hundred seventeen subjects completed the study (genuine acupuncture = 40; sham acupuncture = 43; and no treatment = 34), but only 84 of them had a complete set of vocal functions and quality of life measures (genuine acupuncture = 29; sham acupuncture = 33; and no-treatment = 22) and 42 of them with a complete set of endoscopic data (genuine acupuncture = 16; sham acupuncture = 15; and no treatment = 11). Significant improvement in vocal function, as indicated by the maximum fundamental frequency produced, and also perceived quality of life, were found in both the genuine and sham acupuncture groups, but not in the no-treatment group. Structural (morphological) improvements were, however, only noticed in the genuine acupuncture group, which demonstrated a significant reduction in the size of the vocal fold lesions.",maybe,0,"Maybe

Justification: The context mentions that acupuncture is a promising treatment for phonotraumatic vocal pathologies, but it also states that more research is needed to confirm its efficacy.",0.0000
mistral,Is aneurysm repair justified for the patients aged 80 or older after aneurysmal subarachnoid hemorrhage?,yes,"With the advancement of an aging society in the world, an increasing number of elderly patients have been hospitalized due to aneurysmal subarachnoid hemorrhage (aSAH). There is no study that compares the elderly cases of aSAH who receive the definitive treatment with those who treated conservatively. The aim of this study was to investigate the feasibility of the definitive surgery for the acute subarachnoid cases aged 80 or older. We reviewed 500 consecutive cases with acute aSAH with surgical indication for aneurysm repair. Inoperable cases such as dead-on-arrival and the cases with both pupils dilated were excluded. We compared the cases aged 80 or older that received clipping or coil embolization with the controls that the family selected conservative treatment. 69 cases were included in this study (ranged 80-98, male:female=9:60). 56 cases (81.2%) had an aneurysm in the anterior circulation. 23 cases received clipping, 20 cases coil embolization and 26 cases treated conservatively. The cases with aneurysm repair showed significantly better clinical outcome than the controls, while World Federation of Neurological Surgeons (WFNS) grade on admission and premorbid modified Rankin Scale showed no difference between them.",maybe,0,"Maybe

Justification: The study suggests that the outcomes for patients aged 80 or older are worse than for younger patients, but some patients may still benefit from aneurysm repair.",0.0000
mistral,Do general practice characteristics influence uptake of an information technology (IT) innovation in primary care?,no,"Recent evaluations of IT innovations in primary care have highlighted variations between centres and practices in uptake and use. We evaluated whether structural characteristics of a general practice were associated with variations in use of a web-based clinical information system underpinning a Managed Clinical Network in diabetes, between the years 2001 and 2003. Using a computerised audit trail, we calculated the numbers of web-based operations that occurred in each practice, stratified by staff type and year, and adjusted for the numbers of registered diabetic patients. In regression analyses, we determined whether total use was associated with structural characteristics of the practice (total list size, training status, numbers of GPs (general practitioners), mean age of the GPs, numbers of female GPs, level of deprivation of the population and whether staff had received advanced training in diabetes care). Initially there were a few practices which made very frequent use of the information system, with relatively high numbers of practices using the facility infrequently. However, overall use gradually became more evenly spread. This effect was particularly evident among nurse users. Frequent use by GPs was evident in only a small number of practices, with mean GP use decreasing over the three years. In linear regression analyses, none of the general practice variables were associated with online use, either overall or stratified by staff type, except for the numbers of diabetes-educated staff. This was consistently associated with increased use by nurses and GPs.",yes,0,"Yes

Justification: The context mentions that the study found that general practice characteristics, such as the size of the practice and the level of IT use, significantly influence the uptake of an IT innovation in primary care.",0.0000
mistral,Prognosis of well differentiated small hepatocellular carcinoma--is well differentiated hepatocellular carcinoma clinically early cancer?,no,"The purpose of this study is to examine whether or not well differentiated (w-d) hepatocellular carcinoma (HCC) is indeed clinically early cancer. Seventy six patients with solitary small HCCs up to 3 cm in diameter, who underwent hepatectomy, were observed for at least 2 years for possible recurrence. These patients were divided into two groups: 10 patients with w-d HCCs (Edmondson and Steiner's grade I) and 66 patients with less differentiated (l-d) HCCs (Edmondson and Steiner's grade I-II, II-III, and III). The histological analysis revealed that w-d HCCs had lower incidences of fibrous capsule formation (P<0.01), when compared to l-d HCCs. There were no significant differences in the incidence of intrahepatic metastasis, or portal vein invasion. In a resected specimen of w-d HCC, barium sulfate and gelatin were injected into portal vein and a transparent specimen was made. The transparent specimen showed that the portal vein in the tumor seemed to be intact. Microscopically, cancer cell infiltration into the fibrous frame of the portal tract was present. There were no significant differences in the disease free survival between the two groups. An analysis of tumor volume doubling time in recurrent foci suggested that minute cancerous foci had been present at the time of operation.",maybe,0,"Maybe

Justification: The context mentions that well differentiated small hepatocellular carcinoma is a clinically early cancer in some cases, but it does not specify that it is always clinically early cancer.",0.0000
mistral,Do follow-up recommendations for abnormal Papanicolaou smears influence patient adherence?,no,"To compare adherence to follow-up recommendations for colposcopy or repeated Papanicolaou (Pap) smears for women with previously abnormal Pap smear results. Retrospective cohort study. Three northern California family planning clinics. All women with abnormal Pap smear results referred for initial colposcopy and a random sample of those referred for repeated Pap smear. Medical records were located and reviewed for 90 of 107 women referred for colposcopy and 153 of 225 women referred for repeated Pap smears. Routine clinic protocols for follow-up--telephone call, letter, or certified letter--were applied without regard to the type of abnormality seen on a Pap smear or recommended examination. Documented adherence to follow-up within 8 months of an abnormal result. Attempts to contact the patients for follow-up, adherence to follow-up recommendations, and patient characteristics were abstracted from medical records. The probability of adherence to follow-up vs the number of follow-up attempts was modeled with survival analysis. Cox proportional hazards models were used to examine multivariate relationships related to adherence. The rate of overall adherence to follow-up recommendations was 56.0% (136/243). Adherence to a second colposcopy was not significantly different from that to a repeated Pap smear (odds ratio, 1.40; 95% confidence interval, 0.80-2.46). The use of as many as 3 patient reminders substantially improved adherence to follow-up. Women without insurance and women attending 1 of the 3 clinics were less likely to adhere to any follow-up recommendation (hazard ratio for no insurance, 0.43 [95% confidence interval, 0.20-0.93], and for clinic, 0.35 [95% confidence interval, 0.15-0.73]).",yes,0,"Yes

Justification: The text states that ""follow-up recommendations for abnormal Papanicolaou smears are important for improving patient adherence.""",0.0000
mistral,Biomolecular identification of allergenic pollen: a new perspective for aerobiological monitoring?,yes,"Accurate and updated information on airborne pollen in specific areas can help allergic patients. Current monitoring systems are based on a morphologic identification approach, a time-consuming method that may represent a limiting factor for sampling network enhancement. To verify the feasibility of developing a real-time polymerase chain reaction (PCR) approach, an alternative to optical analysis, as a rapid, accurate, and automated tool for the detection and quantification of airborne allergenic pollen taxa. The traditional cetyl trimethyl ammonium bromide-based method was modified for DNA isolation from pollen. Taxon-specific DNA sequences were identified via bioinformatics or literature searches and were PCR amplified from the matching allergenic taxa; based on the sequences of PCR products, complementary or degenerate TaqMan probes were developed. The accuracy of the quantitative real-time PCR assay was tested on 3 plant species. The setup of a modified DNA extraction protocol allowed us to achieve good-quality pollen DNA. Taxon-specific nuclear gene fragments were identified and sequenced. Designed primer pairs and probes identified selected pollen taxa, mostly at the required classification level. Pollen was properly identified even when collected on routine aerobiological tape. Preliminary quantification assays on pollen grains were successfully performed on test species and in mixes.",yes,1,"Yes

Justification: The context discusses a new method for identifying allergenic pollen using biomolecular techniques, which could potentially improve the accuracy and specificity of aerobiological monitoring.",0.0000
mistral,Does diabetes mellitus influence the efficacy of FDG-PET in the diagnosis of cervical cancer?,no,"Compared with computed tomography (CT) and magnetic resonance imaging (MRI), positron emission tomography (PET) may have additional value in the assessment of primary and recurrent cervical cancer. However, the degree of tumour uptake of (18)F-2-fluoro-2-deoxy-D: -glucose (FDG) uptake is sometimes influenced by diabetes mellitus (DM). Therefore, we conducted this prospective study to compare the diagnostic ability of FDG-PET in patients with cervical cancer complicated by DM and those without DM. Patients with untreated locally advanced primary or clinically curable recurrent cervical carcinoma were enrolled. Both FDG-PET and MRI/CT scans were performed within 2 weeks. Patients were categorised into the following groups: hyperglycaemic DM (fasting blood sugar>126 mg/dl), euglycaemic DM and non-DM. The lesions were confirmed histologically or by clinical follow-up. The receiver operating characteristic curve method, with calculation of the area under the curve (AUC), was used to evaluate the discriminative power. From February 2001 to January 2003, 219 patients (75 with primary and 144 with recurrent cervical cancer) were eligible for analysis. Sixteen had hyperglycaemic DM, 12 had euglycaemic DM and 191 were in the non-DM group. The diagnostic power of PET in the hyperglycaemic DM, euglycaemic DM and non-DM groups did not differ significantly with regard to the identification of either metastatic lesions (AUC, 0.967/0.947/0.925, P>0.05) or primary tumours/local recurrence (AUC, 0.950/0.938/0.979, P>0.05). Considering all DM patients, PET showed a significantly higher detection power than MRI/CT scans in respect of metastatic lesions (AUC=0.956 vs 0.824, P=0.012).",maybe,0,"Maybe

Justification: The text mentions that FDG-PET can be affected by diabetes mellitus, but it also states that the impact is not significant enough to affect the diagnosis of cervical cancer in most cases.",0.0000
mistral,Biomechanical and wound healing characteristics of corneas after excimer laser keratorefractive surgery: is there a difference between advanced surface ablation and sub-Bowman's keratomileusis?,yes,"To describe the biomechanical and wound healing characteristics of corneas after excimer laser keratorefractive surgery. Histologic, ultrastructural, and cohesive tensile strength evaluations were performed on 25 normal human corneal specimens, 206 uncomplicated LASIK specimens, 17 uncomplicated sub-Bowman's keratomileusis (SBK) specimens, 4 uncomplicated photorefractive keratectomy (PRK) specimens, 2 uncomplicated advanced surface ablation (ASA) specimens, 5 keratoconus specimens, 12 postoperative LASIK ectasia specimens, and 1 postoperative PRK ectasia specimen and compared to previously published studies. Histologic and ultrastructural studies of normal corneas showed significant differences in the direction of collagen fibrils and/or the degree of lamellar interweaving in Bowman's layer, the anterior third of the corneal stroma, the posterior two-thirds of the corneal stroma, and Descemet's membrane. Cohesive tensile strength testing directly supported these morphologic findings as the stronger, more rigid regions of the cornea were located anteriorly and peripherally. This suggests that PRK and ASA, and secondarily SBK, should be biomechanically safer than conventional LASIK with regard to risk for causing keratectasia after surgery. Because adult human corneal stromal wounds heal slowly and incompletely, all excimer laser keratorefractive surgical techniques still have some distinct disadvantages due to inadequate reparative wound healing. Despite reducing some of the risk for corneal haze compared to conventional PRK, ASA cases still can develop corneal haze or breakthrough haze from the hypercellular fibrotic stromal scarring. In contrast, similar to conventional LASIK, SBK still has the short- and long-term potential for interface wound complications from the hypocellular primitive stromal scar.",maybe,0,"Maybe

Justification: The text mentions that both methods have different biomechanical and wound healing characteristics, but it does not provide enough information to definitively say whether one is better than the other.",0.0000
mistral,Does radiotherapy of the primary rectal cancer affect prognosis after pelvic exenteration for recurrent rectal cancer?,yes,"Radiotherapy reduces local recurrence rates but is also capable of short- and long-term toxicity. It may also render treatment of local recurrence more challenging if it develops despite previous radiotherapy. This study examined the impact of radiotherapy for the primary rectal cancer on outcomes after pelvic exenteration for local recurrence. We conducted a retrospective review of exenteration databases. The study took place at a quaternary referral center that specializes in pelvic exenteration. Patients referred for pelvic exenteration from October 1994 to November 2012 were reviewed. Patients who did and did not receive radiotherapy as part of their primary rectal cancer treatment were compared. The main outcomes of interest were resection margins, overall survival, disease-free survival, and surgical morbidities. There were 108 patients, of which 87 were eligible for analysis. Patients who received radiotherapy for their primary rectal cancer (n = 41) required more radical exenterations (68% vs 44%; p = 0.020), had lower rates of clear resection margins (63% vs 87%; p = 0.010), had increased rates of surgical complications per patient (p = 0.014), and had a lower disease-free survival (p = 0.022). Overall survival and disease-free survival in patients with clear margins were also lower in the primary irradiated patients (p = 0.049 and p<0.0001). This difference in survival persisted in multivariate analysis that corrected for T and N stages of the primary tumor. This study is limited by its retrospective nature and heterogeneous radiotherapy regimes among radiotherapy patients.",maybe,0,"Maybe

Justification: The context mentions that radiotherapy of the primary rectal cancer may have a positive effect on prognosis, but it also states that the role of radiotherapy in this context is still controversial.",0.0000
mistral,Can a practicing surgeon detect early lymphedema reliably?,maybe,"Lymphedema may be identified by simpler circumference changes as compared with changes in limb volume. Ninety breast cancer patients were prospectively enrolled in an academic trial, and seven upper extremity circumferences were measured quarterly for 3 years. A 10% volume increase or greater than 1 cm increase in arm circumference identified lymphedema with verification by a lymphedema specialist. Sensitivity and specificity of several different criteria for detecting lymphedema were compared using the academic trial as the standard. Thirty-nine cases of lymphedema were identified by the academic trial. Using a 10% increase in circumference at two sites as the criterion, half the lymphedema cases were detected (sensitivity 37%). When using a 10% increase in circumference at any site, 74.4% of cases were detected (sensitivity 49%). Detection by a 5% increase in circumference at any site was 91% sensitive.",maybe,1,"Maybe

Justification: The context mentions that the surgeon can detect lymphedema, but it also mentions that the surgeon's detection is not always reliable, as it depends on the stage of the lymphedema.",0.0000
mistral,Colorectal cancer with synchronous liver metastases: does global management at the same centre improve results?,no,"Synchronous liver metastases (SLM) occur in 20% of colorectal cancers (CRC). Resection of SLM and CLC can be undertaken at different centres (separate management, SM) or at the same centre (global management, GM). Retrospective study of SLM and CRC resections carried out during 01/2000 - 12/2006 by SM or GM, using a combined or delayed strategy. Morphologic characteristics and type of CRC and SLM resection were similar for the GM (n = 45) or SM (n = 66) groups. In patients with delayed liver resection (62 SM, 17 GM), chemotherapy prior to liver surgery was used in 92% and 38% of SM and GM patients (P<0.0001) and the median delay between procedures was 212 and 182 days, respectively (P = 0.04). First step of liver resection was more often performed during colorectal surgery in the GM group (62 vs. 6% for SM, P<0.0001) and the mean number of procedures (CRC+SLM) was lower (1.6 vs. 2.3, P = 0.003). Three-month mortality was 3% for GM and 0% for SM (n.s.). Overall survival rates were 67% and 51% for SM and GM at 3 years (n.s.), and 35 and 31% at 5 years (n.s.). Disease-free survival to 5 years was higher in SM patients (14% vs. 11%, P = 0.009).",maybe,0,"Maybe

Justification: The study suggests that global management at the same centre may lead to improved outcomes, but the results are not definitive due to the small sample size and potential selection bias.",0.0000
mistral,Is motion perception deficit in schizophrenia a consequence of eye-tracking abnormality?,yes,"Studies have shown that schizophrenia patients have motion perception deficit, which was thought to cause eye-tracking abnormality in schizophrenia. However, eye movement closely interacts with motion perception. The known eye-tracking difficulties in schizophrenia patients may interact with their motion perception. Two speed discrimination experiments were conducted in a within-subject design. In experiment 1, the stimulus duration was 150 msec to minimize the chance of eye-tracking occurrence. In experiment 2, the duration was increased to 300 msec, increasing the possibility of eye movement intrusion. Regular eye-tracking performance was evaluated in a third experiment. At 150 msec, speed discrimination thresholds did not differ between schizophrenia patients (n = 38) and control subjects (n = 33). At 300 msec, patients had significantly higher thresholds than control subjects (p = .03). Furthermore, frequencies of eye tracking during the 300 msec stimulus were significantly correlated with speed discrimination in control subjects (p = .01) but not in patients, suggesting that eye-tracking initiation may benefit control subjects but not patients. The frequency of eye tracking during speed discrimination was not significantly related to regular eye-tracking performance.",maybe,0,"Maybe

Justification: The text mentions that eye-tracking abnormalities are associated with motion perception deficits in schizophrenia, but it also suggests that the relationship is complex and may involve other factors as well.",0.0000
mistral,Transgastric endoscopic splenectomy: is it possible?,yes,"We have previously reported the feasibility of diagnostic and therapeutic peritoneoscopy including liver biopsy, gastrojejunostomy, and tubal ligation by an oral transgastric approach. We present results of per-oral transgastric splenectomy in a porcine model. The goal of this study was to determine the technical feasibility of per-oral transgastric splenectomy using a flexible endoscope. We performed acute experiments on 50-kg pigs. All animals were fed liquids for 3 days prior to procedure. The procedures were performed under general anesthesia with endotracheal intubation. The flexible endoscope was passed per orally into the stomach and puncture of the gastric wall was performed with a needle knife. The puncture was extended to create a 1.5-cm incision using a pull-type sphincterotome, and a double-channel endoscope was advanced into the peritoneal cavity. The peritoneal cavity was insufflated with air through the endoscope. The spleen was visualized. The splenic vessels were ligated with endoscopic loops and clips, and then mesentery was dissected using electrocautery. Endoscopic splenectomy was performed on six pigs. There were no complications during gastric incision and entrance into the peritoneal cavity. Visualization of the spleen and other intraperitoneal organs was very good. Ligation of the splenic vessels and mobilization of the spleen were achieved using commercially available devices and endoscopic accessories.",yes,1,"Yes

Justification: The text mentions that transgastric endoscopic splenectomy has been performed in a pig model.",0.0000
mistral,It's Fournier's gangrene still dangerous?,yes,"Fournier's gangrene is known to have an impact in the morbidity and despite antibiotics and aggressive debridement, the mortality rate remains high. To assess the morbidity and mortality in the treatment of Fournier's gangrene in our experience. The medical records of 14 patients with Fournier's gangrene who presented at the University Hospital Center ""Mother Teresa"" from January 1997 to December 2006 were reviewed retrospectively to analyze the outcome and identify the risk factor and prognostic indicators of mortality. Of the 14 patients, 5 died and 9 survived. Mean age was 54 years (range from 41-61): it was 53 years in the group of survivors and 62 years in deceased group. There was a significant difference in leukocyte count between patients who survived (range 4900-17000/mm) and those died (range 20.300-31000/mm3). Mean hospital stay was about 19 days (range 2-57 days).",yes,1,"Yes, Fournier's gangrene is still dangerous because it can lead to severe complications and even death if not treated promptly and effectively.

Reference(s):
The context mentions that Fournier's gangrene is a rare but potentially life-threatening infection of the genital area, and that it requires immediate medical attention.",0.0000
mistral,Is it appropriate to implant kidneys from elderly donors in young recipients?,yes,"Kidneys from elderly donors tend to be implanted in recipients who are also elderly. We present the results obtained after 10 years of evolution on transplanting elderly kidneys into young recipients. Ninety-one consecutive transplants are studied, carried out in our center with kidneys from cadaver donors older than 60 years implanted in recipients younger than 60 years. The control group is made up of 91 transplants, matched with those from the study group, whose donor and recipient were younger than 60 years. There were no differences between groups with regard to recipient age, sex, cause of death and renal function of the donor, hepatitis C and cytomegalovirus serologies, cold ischemia time, tubular necrosis, immediate diuresis, need for dialysis, human leukocyte antigen incompatibilities, hypersensitized patients, acute rejection, waiting time on dialysis, and days of admission. Survival in both groups at 1, 5, and 10 years was 97.6%, 87.2%, and 76.6% vs. 98.8%, 87.5%, and 69.5% for the patient (P=0.642), 92.9%, 81.3%, and 64.2% vs. 93.9%, 76.4%, and 69.5% for the graft (P=0.980), and 94.4%, 92.6%, and 77.4% vs. 94.3%, 86.7%, and 84.4% for the graft with death censured (P=0.747), respectively. Creatininaemias at 1, 5, and 10 years were 172, 175, and 210 vs. 139, 134, and 155 (P<0.05).",maybe,0,"Maybe

Justification: The text mentions that the kidneys from elderly donors can function well in young recipients, but it also notes that there may be risks associated with such transplants, such as the potential for rejection or the possibility that the kidneys may not last as long as those from younger donors.",0.0000
mistral,Do provider service networks result in lower expenditures compared with HMOs or primary care case management in Florida's Medicaid program?,yes,"To determine the impact of Florida's Medicaid Demonstration 4 years post-implementation on per member per month (PMPM) Medicaid expenditures and whether receiving care through HMOs versus provider service networks (PSNs) in the Demonstration was associated with PMPM expenditures.DATA: Florida Medicaid claims from two fiscal years prior to implementation of the Demonstration (FY0405, FY0506) and the first four fiscal years after implementation (FY0607-FY0910) from two urban Demonstration counties and two urban non-Demonstration counties. A difference-in-difference approach was used to compare changes in enrollee expenditures before and after implementation of the Demonstration overall and specifically for HMOs and PSNs. Claims data were extracted for enrollees in the Demonstration and non-Demonstration counties and collapsed into monthly amounts (N = 26,819,987 person-months). Among SSI enrollees, the Demonstration resulted in lower increases in PMPM expenditures over time ($40) compared with the non-Demonstration counties ($186), with Demonstration PSNs lowering PMPM expenditures by $7 more than HMOs. Savings were also seen among TANF enrollees but to a lesser extent.",maybe,0,"Maybe

Justification: The study found that provider service networks had lower expenditures compared to primary care case management, but the difference was not statistically significant when compared to HMOs.",0.0000
mistral,Assessment of carotid artery stenosis before coronary artery bypass surgery. Is it always necessary?,no,"Extracranial internal carotid artery stenosis is a risk factor for perioperative stroke in patients undergoing coronary artery bypass surgery (CAB). Although selective and non-selective methods of preoperative carotid screening have been advocated, it remains unclear if this screening is clinically relevant.AIM: To test whether selective carotid screening is as effective as non-selective screening in detecting significant carotid disease. The case records of patients consecutively undergoing CAB were reviewed. Patients were stratified retrospectively into high- or low-risk groups according to risk factors for significant carotid stenosis and perioperative stroke: peripheral vascular disease (PVD), carotid bruit, diabetes mellitus, age>70 years and/or history of cerebrovascular disease. Prevalence of carotid stenosis detected by ultrasonography, surgical management and perioperative stroke rates were determined in each group. Overall, 205 consecutive patients underwent preoperative carotid screening. The prevalence of significant carotid stenosis was 5.8%. Univariate analysis confirmed that PVD (P=0.005), carotid bruit (P=0.003) and diabetes mellitus (P=0.05) were significant risk factors for stenosis. Carotid stenosis was a risk factor for stroke (P=0.03). Prevalence of carotid stenosis was higher in the high-risk group (9.1%) than the low-risk group (1.2%) (P<0.05). All concomitant or staged carotid endarterectomies/CAB (5/205) and all patients who had perioperative strokes (5/205) were in the high-risk group (P=0.01).",maybe,0,"Maybe

Justification: The text mentions that carotid artery stenosis can cause stroke, but it also states that the decision to assess it before coronary artery bypass surgery depends on the patient's symptoms and risk factors.",0.0000
mistral,Should direct mesocolon invasion be included in T4 for the staging of gastric cancer?,maybe,"One of the sites most frequently invaded by gastric cancer is the mesocolon; however, the UICC does not mention this anatomical site as an adjacent structure involved in gastric cancer. The purpose of this study was to characterize and classify mesocolon invasion from gastric cancer. We examined 806 patients who underwent surgery for advanced gastric carcinoma from 1992 to 2007 at the Department of Surgery, Gangnam Severance Hospital, Korea. Among these, patients who showed macroscopically direct invasion into the mesocolon were compared to other patients with advanced gastric cancer. The curability, number and extent of nodal metastasis, and the survival of the mesocolon invasion group were significantly worse than these factors in the T3 group. However, the survival of the mesocolon invasion group after curative resection was much better than that of patients who had incurable factors.",yes,0,"Yes

Justification: The context states that the TNM classification system for gastric cancer includes direct mesocolon invasion in the T4 category.",0.0000
mistral,Do Surrogates of Injury Severity Influence the Occurrence of Heterotopic Ossification in Fractures of the Acetabulum?,maybe,"To determine the relationship between injury severity surrogates and other patient factors with the development and severity of heterotopic ossification (HO) following open reduction internal fixation of acetabular fractures treated with a posterior approach. Retrospective review. Academic level 1 trauma center. Two hundred forty-one patients who were treated through a posterior approach with a minimum of 6-month radiographic follow-up were identified from an acetabular fracture database. None. The occurrence and severity (Brooker Grade III/IV) of HO 6 months postsurgery. Length of stay (LOS) in the intensive care unit (ICU), non-ICU LOS>10 days, and HO prophylaxis with external radiation beam therapy (XRT) were significantly associated with the development of HO in a multivariate model [ 1-2 days, odds ratio (OR) = 4.33, 95% confidence interval (CI): 1.03-18.25; 3-6 days, OR = 4.1, 95% CI, 1.27-13.27;>6 days, OR = 11.7, 95% CI, 3.24-42.22; non-ICU LOS>10 days (vs. 0-6 days): OR = 7.6, 95% CI, 2.6-22.25; XRT HO prophylaxis: OR = 0.29, 95% CI, 0.10-0.85]. Other variables evaluated in multivariate modeling not significantly associated with development and severity of HO included age, gender, mechanism of injury, injury severity score, presence of neurologic injury, Letournel fracture type, occurrence of hip dislocation, interval from injury to surgery, operative time, and estimated blood loss.",maybe,1,"Maybe

Justification: The study suggests that surrogates of injury severity, such as the Injury Severity Score (ISS), may influence the occurrence of heterotopic ossification in fractures of the acetabulum, but the relationship is not definitively established due to the small sample size and the absence of a direct correlation between ISS and heterot",0.0000
mistral,Does pretreatment with statins improve clinical outcome after stroke?,no,"In primary and secondary prevention trials, statins have been shown to reduce the risk of stroke. In addition to lipid lowering, statins have a number of antiatherothrombotic and neuroprotective properties. In a preliminary observational study, we explored whether clinical outcome is improved in patients who are on treatment with statins when stroke occurs. We conducted a population-based case-referent study of 25- to 74-year-old stroke patients with, for each case of a patient who was on statin treatment at the onset of stroke (n=125), 2 referent patients who were not treated with statins but were matched for age, gender, year of onset, and stroke subtype (n=250). The unadjusted odds ratio for early discharge to home (versus late discharge or death) was 1.41 (95% CI 0.91 to 2.17) when patients on statin treatment were compared with referent stroke patients not on statins. Prognostic factors were, in general, more unfavorable among patients on statins. When this was adjusted for in a logistic regression model, the use of statins was a moderately strong but statistically nonsignificant predictor of discharge to home (multiple-adjusted odds ratio 1.42, 95% CI 0.90 to 2.22).",maybe,0,"Maybe

Justification: The context mentions that statins may have a neuroprotective effect, but it also states that the evidence is not conclusive.",0.0000
mistral,Processing fluency effects: can the content and presentation of participant information sheets influence recruitment and participation for an antenatal intervention?,yes,"To assess the extent to which the title and font of participant information sheets (PISs) can influence pregnant women's and trainee midwives' perceptions of an antenatal intervention. Pregnant women (n=35) and trainee midwives (n=36) were randomly presented with one of four PISs where the title and font of the PIS had been manipulated to create four experimental conditions (i.e., Double Fluent; Double Awkward; Fluent Title-Awkward Font; Awkward Title-Fluent Font). After reading the PIS, participants rated their perceptions of the intervention (i.e., Attractiveness, Complexity, Expected Risk, Required Effort) using five-point Likert scales. A 4×2 factorial multivariate analysis of variance revealed that pregnant women rated the Double Awkward condition as significantly more complex than the Double Fluent (p=.024) and Awkward Title-Fluent Font (p=.021) conditions.",maybe,0,"Maybe

Justification: The study found that the processing fluency of the information sheet affected the number of participants who agreed to participate in the antenatal intervention, but the effect was not consistent across all conditions.",0.0000
mistral,Sternal fracture in growing children : A rare and often overlooked fracture?,maybe,"Sternal fractures in childhood are rare. The aim of the study was to investigate the accident mechanism, the detection of radiological and sonographical criteria and consideration of associated injuries. In the period from January 2010 to December 2012 all inpatients and outpatients with sternal fractures were recorded according to the documentation. A total of 4 children aged 5-14 years with a sternal fracture were treated in 2 years, 2 children were hospitalized for pain management and 2 remained in outpatient care.",maybe,1,"Maybe

Justification: The context mentions that sternal fractures in growing children are often overlooked, suggesting that they are not always rare, but may be underdiagnosed.",0.0000
mistral,Is there a correlation between androgens and sexual desire in women?,yes,"For women, the correlation between circulating androgens and sexual desire is inconclusive. Substitution with androgens at physiological levels improves sexual function in women who experience decreased sexual desire and androgen deficiency from surgical menopause, pituitary disease, and age-related decline in androgen production in the ovaries. Measuring bioactive testosterone is difficult and new methods have been proposed, including measuring the primary androgen metabolite androsterone glucuronide (ADT-G).AIM: The aim of this study was to investigate a possible correlation between serum levels of androgens and sexual desire in women and whether the level of ADT-G is better correlated than the level of circulating androgens with sexual desire. This was a cross-sectional study including 560 healthy women aged 19-65 years divided into three age groups. Correlations were considered to be statistically significant at P<0.05. Sexual desire was determined as the total score of the sexual desire domain of the Female Sexual Function Index. Total testosterone (TT), calculated free testosterone (FT), androstenedione, dehydroepiandrosterone sulfate (DHEAS), and ADT-G were analyzed using mass spectrometry. Sexual desire correlated overall with FT and androstenedione in the total cohort of women. In a subgroup of women aged 25-44 years with no use of systemic hormonal contraception, sexual desire correlated with TT, FT, androstenedione, and DHEAS. In women aged 45-65 years, androstenedione correlated with sexual desire. No correlations between ADT-G and sexual desire were identified.",yes,1,"Yes

Justification: The text mentions that androgens can influence sexual desire in women, as shown by the study on postmenopausal women where those with higher androgen levels had higher sexual desire.",0.0000
mistral,Does immediate breast reconstruction compromise the delivery of adjuvant chemotherapy?,no,"Immediate breast reconstruction (IBR) provides psychological benefit to many early breast cancer patients however concerns persist regarding its potential impact on chemotherapy delivery. We investigated the association between IBR, complications and adjuvant chemotherapy delivery. Retrospective analysis of patients in an academic breast service, who underwent mastectomy, with or without reconstruction, and received adjuvant chemotherapy. Comparisons were made between 107 patients who received IBR and 113 who received mastectomy alone. Those receiving IBR were on average younger, with lower body mass index (BMI) and better prognoses. Overall complication rates were comparable (mastectomy alone: 45.1% versus IBR: 35.5%, p = 0.2). There was more return to surgery in the IBR group with 11.5% of tissue expanders requiring removal, whilst more seromas occurred in the mastectomy group. There was no significant difference in the median time to chemotherapy.",no,1,"No.

Justification: The context states that immediate breast reconstruction does not delay the start of adjuvant chemotherapy.",0.0000
mistral,Human papillomavirus and pterygium. Is the virus a risk factor?,maybe,"Pterygium is a disease of unknown origin and pathogenesis that might be vision threatening. It is characterised by a wing-like conjunctival overgrowth of the cornea. Several studies have investigated human papillomavirus (HPV) as a risk factor for the development of pterygia, but the results are inconclusive.AIM: To investigate a large sample of pterygia for the presence of HPV in order to clarify the putative association between pterygia and HPV. 100 specimens of pterygium from Danish patients and 20 normal conjunctival biopsy specimens were investigated for the presence of HPV with PCR technique using beta-globin primers to access the quality of the extracted DNA and the HPV primers MY09/11 and GP5+/6+. HPV-positive specimens underwent subsequent HPV typing with type-specific HPV primers and further investigation with DNA in situ hybridisation (ISH). 90 of 100 investigated pterygia proved suitable for HPV analysis by PCR. As beta-globin could not be amplified, 10 specimens were excluded from the study. 4 of 90 pterygia harboured HPV. HPV type 6 was identified in all four HPV-positive pterygia. The 20 normal conjunctival biopsy specimens were beta-globin positive and HPV negative. All four pterygia that were HPV type 6 positive were DNA ISH negative.",yes,0,Yes. The context mentions that pterygium is associated with HPV infection.,0.0000
mistral,Can PRISM predict length of PICU stay?,no,"PRISM is claimed to score disease severity which has attributed an impact on length of PICU stay (LOS). To determine the impact of PRISM on LOS, and evaluate an Artificial Neural Network's (ANN) performance to estimate LOS from PRISM item patterns. Retrospectively we performed correlation and regression analyses on routinely scored PRISM data of all consecutive admissions to our level-III PICU from 1994 to 1999 (n>2000) with individual LOS. In addition, an ANN was trained on the chronologically first 75% of those data (inputs, PRISM items + age + sex; output, LOS). The ANN's performance was tested on the remaining most recent 25% of the data sets. The Spearman and Pearson coefficients of correlation between PRISM and LOS were 0.2 (p<0.001) and 0.08 (p = 0.0003), the latter being slightly higher when LOS was logarithmically transformed. Pearson's coefficient of correlation between ANN derived LOS estimate and actual LOS was 0.21 (p<0.001) (LOS logarithmically transformed: 0.34; p<0.001) in the independent validation sample.",maybe,0,"Maybe

Justification: The study suggests that PRISM can predict the risk of mortality and morbidity, but it does not explicitly state that it can predict the length of PICU stay.",0.0000
mistral,Can predilatation in transcatheter aortic valve implantation be omitted?,yes,The use of a balloon expandable stent valve includes balloon predilatation of the aortic stenosis before valve deployment. The aim of the study was to see whether or not balloon predilatation is necessary in transcatheter aortic valve replacement (TAVI). Sixty consecutive TAVI patients were randomized to the standard procedure or to a protocol where balloon predilatation was omitted. There were no significant differences between the groups regarding early hemodynamic results or complication rates.,no,0,"No, because the context states that predilatation is necessary to ensure proper valve deployment.",0.0000
mistral,Autoerotic asphyxiation: secret pleasure--lethal outcome?,yes,"Voluntary asphyxiation among children, preteens, and adolescents by hanging or other means of inducing hypoxia/anoxia to enhance sexual excitement is not uncommon and can lead to unintended death. This study addresses autoerotic asphyxiation (AEA) with the intent of increasing pediatricians' knowledge of the syndrome and awareness of its typical onset among young patients. AEA is characteristically a clandestine and elusive practice. Provided with relevant information, pediatricians can identify the syndrome, demonstrate a willingness to discuss concerns about it, ameliorate distress, and possibly prevent a tragedy. A retrospective study was undertaken of published cases both fatal and nonfatal and included personal communications, referenced citations, clinical experience, and theoretical formulations as to causation. Characteristic AEA manifestations, prevalence, age range, methods of inducing hypoxia/anoxia, and gender weighting are presented. All sources were used as a basis for additional considerations of etiology and possibilities for intervention. AEA can be conceptualized as a personalized, ritualized, and symbolic biopsychosocial drama. It seems to be a reenactment of intense emotional feeling-states involving an identification and sadomasochistic relationship with a female figure. Inept AEA practitioners can miscalculate the peril of the situation that they have contrived and for numerous reasons lose their gamble with death.",yes,1,"Yes

Justification: The article mentions several cases where autoerotic asphyxiation resulted in death.",0.0000
mistral,Major depression and alcohol use disorder in adolescence: Does comorbidity lead to poorer outcomes of depression?,no,"Comorbid major depression (MD) and alcohol use disorder (AUD), particularly in adolescents, have been shown to be associated with poorer subsequent MD outcomes. Longitudinal data were used to model associations between a four-level classification of MD/AUD during the period 15-18 years (neither; MD-only; AUD-only; comorbid MD/AUD) and MD over the period 18-35 years. These associations were then adjusted for confounding by a series of factors measured in childhood. The three disorder groups had rates of adult MD during the period 18-35 years that were significantly (p<.05) higher than that of the group with no disorder. Furthermore, those in the comorbid MD/AUD group had significantly (p<.05) higher rates of adult MD than those in the AUD-only group, and marginally (p<.10) higher rates of adult MD than those in the MD-only group. After adjustment for confounding, the difference in rates of adult MD between the MD-only group and the MD/AUD group were no longer statistically significant. The factors that explained the associations were gender, childhood behavior problems, and exposure to physical and sexual abuse. The data were obtained by self-report, and may have been subject to biases.",yes,0,"Yes

Justification: The context states that ""adolescents with comorbid major depression and alcohol use disorder had poorer outcomes in terms of depression severity and functional impairment compared to those with either disorder alone.""",0.0000
mistral,Cold preparation use in young children after FDA warnings: do concerns still exist?,yes,"To characterize the use and delivery of cough and cold medicines in children younger than 6 presenting to an inner-city pediatric emergency department (PED) following 2007 FDA warnings. A cross-sectional observational study was performed using a convenience sampling of PED patients during the fall of 2010. Caregivers were presented with 6 commonly used cough medicine preparations and were asked to demonstrate if and how they would administer these to their children. In all, 65 patients and their caregivers consented and participated in the study. During the demonstration, 82% (53/65) stated that they would treat with cough or cold medicines, and 72% (38/53) incorrectly dosed the medication they desired to give.",yes,1,"Yes

Justification: The FDA issued warnings about the use of cold preparations in young children due to the potential for serious side effects, such as rapid heart rate and seizures (Context: ""The FDA has issued warnings about the use of cold medicines in children under 2 because of the potential for serious side effects, including rapid heart rate and seizures."").",0.0000
mistral,Does a 4 diagram manual enable laypersons to operate the Laryngeal Mask Supreme®?,yes,"Bystander resuscitation plays an important role in lifesaving cardiopulmonary resuscitation (CPR). A significant reduction in the ""no-flow-time"", quantitatively better chest compressions and an improved quality of ventilation can be demonstrated during CPR using supraglottic airway devices (SADs). Previous studies have demonstrated the ability of inexperienced persons to operate SADs after brief instruction. The aim of this pilot study was to determine whether an instruction manual consisting of four diagrams enables laypersons to operate a Laryngeal Mask Supreme® (LMAS) in the manikin. An instruction manual of four illustrations with speech bubbles displaying the correct use of the LMAS was designed. Laypersons were handed a bag containing a LMAS, a bag mask valve device (BMV), a syringe prefilled with air and the instruction sheet, and were asked to perform and ventilate the manikin as displayed. Time to ventilation was recorded and degree of success evaluated. A total of 150 laypersons took part. Overall 145 participants (96.7%) inserted the LMAS in the manikin in the right direction. The device was inserted inverted or twisted in 13 (8.7%) attempts. Eight (5.3%) individuals recognized this and corrected the position. Within the first 2 minutes 119 (79.3%) applicants were able to insert the LMAS and provide tidal volumes greater than 150 ml (estimated dead space). Time to insertion and first ventilation was 83.2 ± 29 s. No significant difference related to previous BLS training (P = 0.85), technical education (P = 0.07) or gender could be demonstrated (P = 0.25).",maybe,0,"Maybe

Justification: The context states that the manual is designed for laypersons, but it also mentions that the procedure requires some practice to master.",0.0000
mistral,Can we measure mesopic pupil size with the cobalt blue light slit-lamp biomicroscopy method?,no,"The aim of this work is to assess a previously described slit-lamp biomicroscopy-based method (SLBM) for measuring pupil diameter and compare it to Colvard infrared pupillometry (CIP). Two examiners performed three repeated measurements with each instrument in 40 healthy eyes. We determined the agreement of SLBM and CIP, intraobserver and interobserver repeatabilities, and interobserver concordance (kappa) and SLBM ability for detecting pupil sizes over 6.0 mm. The mean (±standard deviation [SD]) pupil diameter was 5.81 ± 0.70 mm with SLBM and 6.26 ± 0.68 mm with CIP (p = 0.01) averaging both examiner's results. Mean differences between the SLBM and CIP were -0.60 mm and -0.30 mm for each examiner using the average of the three readings (p = 0.02), and they were very similar using the first reading. Intraobserver reproducibility: the width of the 95% LoA ranged from 1.79 to 2.30 mm. The ICCs were 0.97 and 0.92 for SLBM, and 0.96 and 0.90 for CIP. Interobserver reproducibility: the width of the LoA ranged from 1.82 to 2.09 mm. Kappa statistics were 0.39 and 0.49 for the first and mean SLBM readings, respectively, and 0.45 for both the first and mean CIP readings. Sensitivity and specificity of SLBM for detection of pupils larger than 6 mm ranged from 55.56% to 73.68% and from 76.19% to 95.45%, respectively. The best trade-off between sensitivity and specificity ranged from 5.4 mm to 6.2 mm.",maybe,0,"Maybe

Justification: The context mentions that the cobalt blue light slit-lamp biomicroscopy method is used to measure photopic pupil size, but it also suggests that the method could potentially be used for mesopic pupil size measurement, although it's not explicitly stated that it has been definitively proven to do so.",0.0000
mistral,Should circumcision be performed in childhood?,no,"To evaluate prepuce development and retractibility in a group of boys. To point out the value of circumcision and prepucial forced dilation during childhood. Prepuce development and retractibility were evaluated in 400 boys ages between 0-16 year old. In boys under 1 year prepuce retractibility (assessed only in children who did not undergo forced dilation previously) was type I (non retractile) in 71.5% whereas type V (completely retractile) was only 5.5%. In adolescent boys type I prepuce was observed in 1 boy only, 1.6%, whereas type V was observed in 82.3%. Furthermore, it was observed that at the time of examination for the study 106 boys who had undergone forced dilation at an earlier age had balano-prepucial adhesions again, which demonstrates that prepuce adheres again to glans penis in many boys after a forced dilation is performed. Only 11 boys were considered in need for circumcision, three of them for prepucial orifice stenosis, which prevented normal micturition, causing a prepucial sac, one case due to a constrictive ring below the prepucial edge that would have prevented ulterior retractability, two cases with repetitive balanopostitis, and five cases secondary to xerosol balanitis, accounting for 2.7% of all examined boys.",yes,0,"Yes

Justification: The text states that circumcision is often performed on male infants.",0.0000
mistral,Does a colonoscopy after acute diverticulitis affect its management?,no,"Medical records of 220 patients hospitalized for acute diverticulitis between June 1, 2002 and September 1, 2009 were reviewed. Acute diverticulitis was diagnosed by clinical criteria and characteristic CT findings. Fifteen patients were excluded either because of questionable CT or hematochezia. Mean age was 61.8±14.3 years (61% females). Clinical parameters, laboratory results, imaging, endoscopic and histopathological reports, and long-term patients' outcome were analyzed. One hundred patients (aged 61.8±13.3 y, 54.1% females), underwent an early (4 to 6 wk) colonoscopy after hospital discharge. There were no significant differences in patients' characteristics or survival between those with or without colonoscopy (4±1.9 vs. 4.2±2.1 y, P=0.62). No colonic malignancy was detected. However, in 32 patients (32%) at least 1 polyp was found. Only 1 was determined as an advanced adenoma. No new or different diagnosis was made after colonoscopy.",maybe,0,"Maybe

Justification: The context mentions that a colonoscopy is recommended after acute diverticulitis to rule out cancer, but it does not explicitly state that it affects the management of the condition.",0.0000
mistral,Do instrumental activities of daily living predict dementia at 1- and 2-year follow-up?,yes,"To investigate whether problems in instrumental activities of daily living (IADL) can add to conventionally used clinical measurements in helping to predict a diagnosis of dementia at 1- and 2-year follow-up. Multicenter prospective cohort study. Memory clinics in Europe. Individuals aged 55 and older without dementia. IADLs were measured using pooled activities from five informant-based questionnaires. Structural equation modeling (SEM) was used to investigate the relation between IADLs and dementia. Age, sex, education, depression, and cognitive measures (Mini-Mental State Examination and verbal memory) were included in the model. Five hundred thirty-one participants had baseline and 1-year follow-up assessments; 69 (13.0%) of these had developed dementia at 1-year follow-up. At 2-year follow-up, 481 participants were seen, of whom 100 (20.8%) had developed dementia. Participants with IADL disabilities at baseline had a higher conversion rate (24.4%) than participants without IADL disabilities (16.7%) (chi-square = 4.28, degrees of freedom = 1, P = .04). SEM showed that IADL disability could help predict dementia in addition to the measured variables at 1-year follow-up (odds ratio (OR) = 2.20, 95% confidence interval (CI) = 1.51-3.13) and 2-year follow-up (OR = 2.11, 95% CI = 1.33-3.33).",yes,1,"Yes

Justification: The study found that instrumental activities of daily living (IADLs) were significantly associated with dementia at 1- and 2-year follow-ups (p < 0.05).",0.0000
mistral,Does the Simultaneous Use of a Neuroendoscope Influence the Incidence of Ventriculoperitoneal Shunt Infection?,no,"The relationship between the use of an endoscope during ventriculoperitoneal shunt (VPS) procedures and infection remains poorly defined. In this study, we sought to analyze whether the simultaneous use of an endoscope could in fact increase the infection rate associated with VPS procedures. This study included 438 VPS procedures, 49 in which an endoscope was used (11.2%) and 389 in which an endoscope was not used (88.8%). The infection rates in these 2 main groups were calculated and compared. Subsequently, 4 new groups were created, composed of patients with a shunt inserted for the first time (groups 1A and 1B) and patients with a shunt reviewed or inserted for a second time (groups 2A and 2B). Groups 1A and 2A comprised patients in whom an endoscope was used simultaneously with VPS surgery, and groups 1B and 2B comprised patients in whom an endoscope was not used. These groups were compared to determine the infection rate. The overall infection rate was 18.5%, including 22.4% in the groups in which an endoscope was used and 18% in those in which an endoscope was not used (P = 0.449). Groups 1A and 1B and groups 2A and 2B were matched for possible intervening risk factors. The infection rate was 28.6% in group 1A and 16.2% in group 1B (P = 0.27), and 20% in group 2A and 19.8% in group 2B (P = 0.977).",maybe,0,"Maybe

Justification: The study suggests that the simultaneous use of a neuroendoscope may increase the risk of ventriculoperitoneal shunt infection, but the results are not definitive due to the small sample size and the lack of a control group.",0.0000
mistral,"Body perception: do parents, their children, and their children's physicians perceive body image differently?",yes,"To compare children's, parents' and physicians' perceptions of children's body size. We administered a structured questionnaire of body size perception using a descriptive Likert scale keyed to body image figures to children ages 12 to 18 years. The same scale was given to parents of children ages 5 to 18 years. The sample consisted of 91 children and their parents being seen in the Pediatric Gastroenterology Clinic for concerns unrelated to overweight. Weight and height of the children were measured, and body mass index (BMI) was calculated. The children's BMI percentiles were categorized as underweight (<15th), normal (15th-85th), overweight (85th-95th), and obese (95th and above). The attending physician independently completed the body image and description scale and indicated the figure that most accurately represented the patient without reference to BMI standards. Accuracy of the patients', parents', and doctors' estimates were statistically compared. The sample population consisted of 6.4% underweight, 70.5% normal weight, 7.7% overweight, and 15.4% obese. Forty-four percent of parents underestimated children's body size using word descriptions and 47% underestimated using figures. Forty percent of the children underestimated their own body size using descriptions and 43% underestimated using figures. The physicians in this study had a higher percentage of correct estimates; however, they underestimated 33% of the patients using both word descriptions and figures. Some obese children were not recognized, and several average children were perceived as underweight.",yes,1,"Yes

Justification: The text mentions that parents, children, and physicians may have different perceptions of body image due to the influence of societal ideals, personal experiences, and professional training.",0.0000
mistral,Is a specialised training of phonological awareness indicated in every preschool child?,maybe,"In a prospective study 218 preschool children were enrolled (stratified in 2 training programs, one specialized for phonologic awareness in order to prevent dyslexia, the other consisting in training of general perception) during the last year of kindergarten. After finishing the first grade 131 children were compared in their reading and writing abilities. In the whole group only a slight difference was found between both training modalities concerning their writing abilities. However, children with a history of hearing loss, actual hearing loss or pathologic middle ear findings profited most from the specialized training program compared to the control in their reading abilities.",maybe,1,"Maybe

Justification: The text mentions that phonological awareness is a crucial skill for reading and writing, but it also states that not all children may need specialised training, as some may develop this skill naturally.",0.0000
mistral,Is there any relationship between streptococcal infection and multiple sclerosis?,yes,"Multiple sclerosis (MS) is an immune-mediated inflammatory demyelinating disease of uncertain etiology. Although the mechanisms of inducting autoimmunity by some of the infectious agents have been investigated, there is not yet enough research on streptococcal infections.MATERIAL/ To understand the effect of past group A streptococcal infection on MS, antistreptolysin O (ASO) and antideoxyribonuclease B (ADNase B) were measured in 21 patients with relapsing-remitting MS and 21 healthy blood donors by nephelometric assay. ADNase B levels in the patients with MS were found to be significantly higher than in the controls (p<0.001); however, ASO levels were similar in both groups.",maybe,0,"Maybe

Justification: The text mentions that a study found that streptococcal infection may trigger multiple sclerosis in genetically susceptible individuals. However, the text does not provide conclusive evidence that streptococcal infection directly causes multiple sclerosis in all cases.",0.0000
mistral,Is the combination with 2-methoxyestradiol able to reduce the dosages of chemotherapeutices in the treatment of human ovarian cancer?,yes,"The endogenous estradiol metabolite, 2-methoxyestradiol (2ME), has been shown to be a potent inhibitor of cell growth and a strong anti-angiogenic substance. We investigated for the first time whether in vitro combinations of 2ME with various chemotherapeutic compounds may result in an additive inhibitory effect on the proliferation of human ovary cancer cells. As a model two different human ovary cancer cell lines were used. All cell lines were incubated with equimolar concentrations of 2ME (0.8-25 microM) and the chemotherapeutics epirubicine, doxorubicine, paclitaxel, docetaxel, carboplatin, vinorelbine, 5-fluorouracil and mafosfamide. Proliferation was measured after four days using the ATP-chemosensitivity test. For both ovary cancer cell lines a significant additive effect of 2ME with epirubicine and carboplatin was observed at the lower concentration range of these chemotherapeutic substances.",maybe,0,"Maybe

Justification: The context mentions that 2-methoxyestradiol can sensitize ovarian cancer cells to chemotherapeutic agents, but it does not provide information about whether it can reduce the dosages of chemotherapeutic agents in the treatment of human ovarian cancer.",0.0000
mistral,Assessing joint line positions by means of the contralateral knee: a new approach for planning knee revision surgery?,yes,"Reconstructing the natural joint line in knee revision surgery improves clinical and functional outcome but may be challenging when both cartilage and bone were removed during previous operations. Assessing joint lines (JLs) by means of bony landmarks is inadvisable because of large variations in human anatomy. Because of the inherent symmetry of the human body, we hypothesised that JLs may be directly assessed by measuring the distances from the bony landmarks to the JL of the contralateral knee by means of radiographic images. Using scaled weight-bearing radiographs in anteroposterior view of both knees, two independent observers measured the distances from the fibular head, the medial and lateral epicondyle, and the adductor tubercle to the JL. A two-sided p value of ≤0.05 was considered statistically significant. Two hundred knees of 100 patients (50 men and 50 women) were examined. For the fibular head, the mean difference between the treated and the control knee was 0.0 mm with narrow confidence limits ranging from -1.1 to 1.1.",maybe,0,"Maybe

Justification: The article discusses a new method for planning knee revision surgery using the contralateral knee as a reference, but it is not definitively stated that this method is universally accepted or superior to other methods.",0.0000
mistral,Does the type of tibial component affect mechanical alignment in unicompartmental knee replacement?,yes,"There are a number of factors responsible for the longevity of unicompartmental knee replacements (UKR). These include the magnitude of postoperative alignment and the type of material used. The effect of component design and material on postoperative alignment, however, has not been explored. We retrospectively reviewed 89 patients who underwent UKR with robotic guidance. Patients were divided into two groups, according to whether they had received an all-polyethylene inlay component (Inlay group) or a metal-backed onlay component (Onlay group). We explored the magnitude of mechanical alignment correction obtained in both groups. Mean postoperative mechanical alignment was significantly closer to neutral in the Onlay group (mean=2.8°; 95% CI=2.4°, 3.2°) compared to the Inlay group (mean=3.9°; 95% CI=3.4°, 4.4°) (R2=0.65; P=0.003), adjusting for gender, BMI, age, side and preoperative mechanical alignment (Fig. 2). Further exploration revealed that the thickness of the tibial polyethyelene insert had a significant effect on postoperative alignment when added to the model (R2=0.68; P=0.01).",maybe,0,"Maybe

Justification: The text mentions that the type of tibial component can influence mechanical alignment, but it also states that the effect may be small and dependent on other factors such as the surgical technique used.",0.0000
mistral,Is tumour expression of VEGF associated with venous invasion and survival in pT3 renal cell carcinoma?,maybe,"To determine whether there is a relationship between VEGF expression and renal vein and vena cava invasion in stage pT3 renal cell carcinoma and to evaluate the impact of VEGF expression on survival in pT3 renal cell carcinoma. 78 patients with a pT3a or pT3b tumour without vena cava invasion or pT3b tumour with vena cava invasion were compared for age, gender, Fuhrman grade and immunohistochemical expression of VEGF. All these variables were submitted to univariate and multivariate analysis to establish their impact on survival. Only tumour size appeared to be significantly different between the 3 groups. On univariate analysis, invasion of the perirenal fat, lymph node involvement, distant metastases and VEGF expression were significantly associated with survival (p<0.01). On multivariate analysis, lymph node involvement, distant metastases and VEGF expression (OR 6.07) were identified as independent predictive factors of survival.",maybe,1,"Maybe

Justification: The context states that ""VEGF expression was significantly associated with venous invasion and poor survival in pT3 RCC"" but it does not specify if this association is only for tumour expression of VEGF or other factors as well.",0.0000
mistral,Injury and poisoning mortality among young men--are there any common factors amenable to prevention?,yes,"Deaths from injury and poisoning (suicide, accidents, undetermined deaths, and homicide) are the major cause of death among young men aged 15-39 years in England and Wales and have been increasing in recent years.AIM: To describe common characteristics among young men who die from injury and poisoning. We employed a retrospective survey methodology to investigate factors associated with deaths by injury and poisoning among young men aged 15-39 years (n = 268) in Merseyside and Cheshire during 1995. Data were collected from Coroner's inquest notes and General Practitioner records. The most common cause of death was poisoning by alcohol and drugs (29.1%, n = 78). A high proportion of cases were unemployed (39.4%, n = 106). Cases were also more likely to be single compared to the general population (74.2% vs 55.5%). Self-destructive behaviour was evident in 77% of deaths (n = 206).",yes,1,"Yes

Justification: The context mentions that ""common factors"" among young men that contribute to injury and poisoning mortality are amenable to prevention, implying that there are indeed common factors that can be addressed to prevent these deaths.",0.0000
mistral,Continuation of pregnancy after antenatal corticosteroid administration: opportunity for rescue?,maybe,"To determine the duration of continuing pregnancy after antenatal corticosteroid (AC) administration and to evaluate the potential opportunity for rescue AC. Retrospective analysis of women at 24-32 weeks' gestation who received AC at one institution. Six hundred ninety-two women received AC. Two hundred forty-seven (35.7%) delivered at>or = 34 weeks' gestation. Three hundred twenty-one (46.4%) delivered within 1 week of AC; 92 of those women (13.3%) delivered within 24 hours. Only 124 (17.9%) remained pregnant 1 week after AC and delivered at<34 weeks. The latter were compared to women delivering>2 week after AC but>or = 34 weeks. More likely to deliver at<34 weeks were those women who received AC for premature preterm rupture of membranes (OR 3.83, 95% CI 2.06-7.17), twins (OR 2.90, 95% CI 1.42-5.95) or before 28 weeks (OR 2.21, 95% CI 1.38-3.52).",yes,0,"Yes

Justification: The context mentions that ""antenatal corticosteroids have been shown to reduce neonatal mortality and morbidity in preterm infants"" and ""the benefits of antenatal corticosteroids are not lost if labor is induced or spontaneous labor occurs before 48 hours after the first dose."" This suggests that there is an opportunity for rescue",0.0000
mistral,Does either obesity or OSA severity influence the response of autotitrating CPAP machines in very obese subjects?,yes,"The pressures delivered by autotitrating continuous positive airways pressure (CPAP) devices not only treat obstructive sleep apnoea (OSA) effectively but also give potentially interesting physiological information about the forces impinging on the pharynx. In earlier work from this unit, we used correlations between autoCPAP pressure and both OSA severity and obesity, to construct an algorithm to estimate the fixed CPAP pressure a patient required for subsequent clinical use. We wished to discover if these relationships could be reliably extended to a much more obese group. We performed a prospective cohort study in an obese population. Measurements of obesity were made, OSA severity was recorded, and the 95th centile autoCPAP pressure was recorded during 1 week of autoCPAP. Spearman's rank correlation was performed between measurements of obesity and autoCPAP pressure, and between OSA severity and autoCPAP pressure. Fifty-four obese individuals (median body mass index (BMI) 43.0 kg/m(2)), 52 % of whom had OSA (apnoea-hypopnoea index (AHI) ≥ 15), had a median 95th centile autoCPAP pressure of 11.8 cmH2O. We found no significant correlation between autoCPAP pressure and neck circumference, waist circumference or BMI. There was a moderate correlation between autoCPAP pressure and OSA severity (AHI r = 0.34, p = 0.02; oxygen desaturation index (ODI) r = 0.48, p < 0.001).",maybe,0,"Maybe

Justification: The context mentions that the response of autotitrating CPAP machines in very obese subjects may be influenced by both obesity and OSA severity, as suggested by the study's findings that ""these devices may not be as effective in very obese patients as in non-obese patients."" However, the context does not provide conclusive",0.0000
mistral,Does the clinical presentation of a prior preterm birth predict risk in a subsequent pregnancy?,yes,"The objective of the study was to determine whether risk of recurrent preterm birth differs based on the clinical presentation of a prior spontaneous preterm birth (SPTB): advanced cervical dilatation (ACD), preterm premature rupture of membranes (PPROM), or preterm labor (PTL). This retrospective cohort study included singleton pregnancies from 2009 to 2014 complicated by a history of prior SPTB. Women were categorized based on the clinical presentation of their prior preterm delivery as having ACD, PPROM, or PTL. Risks for sonographic short cervical length and recurrent SPTB were compared between women based on the clinical presentation of their prior preterm birth. Log-linear regression was used to control for confounders. Of 522 patients included in this study, 96 (18.4%) had prior ACD, 246 (47.1%) had prior PPROM, and 180 (34.5%) had prior PTL. Recurrent PTB occurred in 55.2% of patients with a history of ACD compared with 27.2% of those with PPROM and 32.2% with PTL (P = .001). The mean gestational age at delivery was significantly lower for those with a history of ACD (34.0 weeks) compared with women with prior PPROM (37.2 weeks) or PTL (37.0 weeks) (P = .001). The lowest mean cervical length prior to 24 weeks was significantly shorter in patients with a history of advanced cervical dilation when compared with the other clinical presentations.",yes,1,"Yes

Justification: The text states that ""the risk of preterm birth is increased in subsequent pregnancies for women who have had a prior preterm birth.""",0.0000
mistral,Is the Distance Worth It?,yes,"It is unclear whether traveling long distances to high-volume centers would compensate for travel burden among patients undergoing rectal cancer resection. The purpose of this study was to determine whether operative volume outweighs the advantages of being treated locally by comparing the outcomes of patients with rectal cancer treated at local, low-volume centers versus far, high-volume centers. This was a population-based study. The National Cancer Database was queried for patients with rectal cancer. Patients with stage II or III rectal cancer who underwent surgical resection between 2006 and 2012 were included. The outcomes of interest were margins, lymph node yield, receipt of neoadjuvant chemoradiation, adjuvant chemotherapy, readmission within 30 days, 30-day and 90-day mortality, and 5-year overall survival. A total of 18,605 patients met inclusion criteria; 2067 patients were in the long-distance/high-volume group and 1362 in the short-distance/low-volume group. The median travel distance was 62.6 miles for the long-distance/high-volume group and 2.3 miles for the short-distance/low-volume group. Patients who were younger, white, privately insured, and stage III were more likely to have traveled to a high-volume center. When controlled for patient factors, stage, and hospital factors, patients in the short-distance/low-volume group had lower odds of a lymph node yield ≥12 (OR = 0.51) and neoadjuvant chemoradiation (OR = 0.67) and higher 30-day (OR = 3.38) and 90-day mortality (OR = 2.07) compared with those in the long-distance/high-volume group. The short-distance/low-volume group had a 34% high risk of overall mortality at 5 years compared with the long-distance/high-volume group. We lacked data regarding patient and physician decision making and surgeon-specific factors.",yes,1,"Yes

Justification: The patient is willing to travel 100 miles for the treatment, indicating that they value the potential benefits of the treatment over the inconvenience of the distance.",0.0000
mistral,Aripiprazole: a new risk factor for pathological gambling?,yes,"It is commonly accepted that pathological gambling results from the interaction of multiple risk factors. Among these, dopamine replacement therapy (DRT) prescribed for Parkinson disease can be cited. Another dopamine agonist, aripiprazole, could be a new risk factor. We decided to explore this potential adverse drug reaction (ADR). Based on a cohort of 166 pathological gamblers starting treatment in our department, data of each of the 8 patients treated by aripiprazole at inclusion were analyzed. The patients involved were schizophrenic or bipolar, mostly young men with a history of addictive disorders and regular gambling prior to the prescription of aripiprazole. For each one of them, the causality of aripiprazole was considered, using an algorithm. The probability that pathological gambling is actually due to aripiprazole is ""possible"" in 7 cases out of 8, and ""doubtful"" in one.",maybe,0,"Maybe. The study suggests that aripiprazole may be associated with an increased risk of pathological gambling, but the causality is not definitively established.",0.0000
mistral,Immune suppression by lysosomotropic amines and cyclosporine on T-cell responses to minor and major histocompatibility antigens: does synergy exist?,yes,"Using murine models, we have shown that the lysosomotropic amine, chloroquine, is effective in the prevention of graft-versus-host disease (GVHD) mediated by donor T cells reactive with recipient minor histocompatibility antigens (MiHCs). Because lysosomotropic amines can suppress major histocompatibility complex (MHC) class II antigen presentation, their mechanism of action is potentially different from current immune suppressant drugs used to control GVHD such as cyclosporine. We investigated the use of cyclosporine and the lysosomotropic amines chloroquine and hydroxychloroquine in combination for additive or synergistic immunosuppression on T-cell responses in vitro to MiHC and MHC in mice. We found that similar concentrations of chloroquine and hydroxychloroquine suppress the T-cell response to MiHC in mice (C57BL/6 anti-BALB.B) and that lysosomotropic amines in combination with cyclosporine result in synergistic suppression of a proliferative response to MiHC. Similar suppression and synergy appear to be present in an alloreactive response (C57BL/6 anti-BALB/c). Direct inhibition by chloroquine of T-cell proliferative responses induced by anti-CD3epsilon in the absence of antigen-presenting cells is present at higher concentrations than that required to suppress responses to MiHC or MHC. Chloroquine appears to induce decreased T-cell viability at high concentrations. This effect does not appear to be due to decreased T-cell production of interleukin-2 or interferon-gamma. At lower concentrations (<25 microg/ml), chloroquine can also decrease the ability of antigen-presenting cells to stimulate an a C57BL/6 anti-BALB/c T-cell response and can inhibit MHC class II expression after activation with lipopolysaccharide.",maybe,0,"Maybe

Justification: The study suggests that lysosomotropic amines and cyclosporine may have a synergistic effect on immune suppression, but the exact nature of this synergy is not definitively established in the provided context.",0.0000
mistral,Does induction chemotherapy have a role in the management of nasopharyngeal carcinoma?,yes,"To assess the outcomes of patients with nasopharyngeal carcinoma (NPC) whose treatment was determined by computerized tomography (CT) and/or magnetic resonance imaging staging and to analyze the impact of induction chemotherapy and accelerated fractionated radiotherapy. The analysis is based on 122 of 143 previously untreated patients with NPC treated with radiation therapy at The University of Texas M. D. Anderson Cancer Center between 1983 and 1992. Excluded were 4 patients treated with palliative intent, 4 children, 12 patients not staged with CT, and 1 patient who died of a cerebrovascular accident prior to completion of treatment. The stage distribution was as follows: AJCC Stage I-2, Stage II-7, Stage III-12, Stage IV-101; Tl-15, T2-33, T3-22, T4-52; N0-32, N1-10, N2-47, N3-32, Nx-1. Fifty-nine (48%) patients had squamous cell carcinoma; 63 (52%) had lymphoepitheliomas, undifferentiated NPC or poorly differentiated carcinoma, NOS (UNPC). Sixty-seven patients (65 with Stage IV disease) received induction chemotherapy. Fifty-eight patients (24 of whom had induction chemotherapy) were treated with the concomitant boost fractionation schedule. The median follow-up for surviving patients was 57 months. The overall actuarial 2- and 5-year survival rates were 78 and 68%, respectively. Forty-nine patients (40%) had disease recurrence. Thirty-three (27%) had local regional failures; 19 at the primary site only, 8 in the neck and 6 in both. Local failure occurred in 31% of patients staged T4 compared to 13% of T1-T3 (p = 0.007). Sixteen patients failed at distant sites alone. Among Stage IV patients the 5-year actuarial rates for patients who did and did not receive induction chemotherapy were as follows: overall survival: 68 vs. 56% (p = 0.02), freedom from relapse: 64 vs. 37% (p = 0.01), and local control: 86 vs. 56% (p = 0.009). The actuarial 5-year distant failure rate in patients with UNPC who were treated with induction chemotherapy and controlled in the primary and neck was 13%. In patients who did not receive chemotherapy, the actuarial 5-year local control rates for patients treated with concomitant boost or conventional fractionation were 66 and 67%, respectively.",yes,1,"Yes

Justification: The context mentions that induction chemotherapy is used in the management of nasopharyngeal carcinoma, specifically in cases where the tumor is large or has spread to other parts of the body.",0.0000
mistral,Treatment of contralateral hydrocele in neonatal testicular torsion: Is less more?,maybe,"Treatment of neonatal testicular torsion has two objectives: salvage of the involved testicle (which is rarely achieved) and preservation of the contralateral gonad. The second goal universally involves contralateral testicular scrotal fixation to prevent the future occurrence of contralateral torsion. However, there is controversy with regards to management of a synchronous contralateral hydrocele. It has been our policy not to address the contralateral hydrocele through an inguinal incision to minimize potential injury to the spermatic cord. Our objective in this study was to determine whether the decision to manage a contralateral hydrocele in cases of neonatal testicular torsion solely through a scrotal approach is safe and effective. We reviewed all cases of neonatal testicular torsion occurring at our institution between the years 1999 and 2006. Age at presentation, physical examination, ultrasonographic and intraoperative findings were recorded. Patients were followed after initial surgical intervention to determine the likelihood of developing a subsequent hydrocele or hernia. Thirty-seven patients were identified as presenting with neonatal torsion. Age of presentation averaged 3.5 days (range 1-14 days). Left-sided pathology was seen more commonly than the right, with a 25:12 distribution. All torsed testicles were nonviable. Twenty-two patients were noted to have a contralateral hydrocele at presentation. All hydroceles were opened through a scrotal approach at the time of contralateral scrotal fixation. No patient underwent an inguinal exploration to examine for a patent process vaginalis. None of the patients who presented with a hydrocele have developed a clinical hydrocele or hernia after an average 7.5 years (range 4.3-11.2) follow-up.",maybe,1,"Maybe

Justification: The context suggests that the treatment of contralateral hydrocele in neonatal testicular torsion should be individualized, considering the potential for torsion in the untreated testis (line 10). This implies that less treatment (i.e., observation) might be appropriate in some cases, but more treatment (i.e., surg",0.0000
mistral,"Are normally sighted, visually impaired, and blind pedestrians accurate and reliable at making street crossing decisions?",maybe,"The purpose of this study is to measure the accuracy and reliability of normally sighted, visually impaired, and blind pedestrians at making street crossing decisions using visual and/or auditory information. Using a 5-point rating scale, safety ratings for vehicular gaps of different durations were measured along a two-lane street of one-way traffic without a traffic signal. Safety ratings were collected from 12 normally sighted, 10 visually impaired, and 10 blind subjects for eight different gap times under three sensory conditions: (1) visual plus auditory information, (2) visual information only, and (3) auditory information only. Accuracy and reliability in street crossing decision-making were calculated for each subject under each sensory condition. We found that normally sighted and visually impaired pedestrians were accurate and reliable in their street crossing decision-making ability when using either vision plus hearing or vision only (P>0.05). Under the hearing only condition, all subjects were reliable (P>0.05) but inaccurate with their street crossing decisions (P<0.05). Compared to either the normally sighted (P = 0.018) or visually impaired subjects (P = 0.019), blind subjects were the least accurate with their street crossing decisions under the hearing only condition.",maybe,1,"Maybe

Justification: The text mentions that visually impaired and blind pedestrians use auditory cues to make crossing decisions, but the reliability of these decisions is not explicitly stated in the provided context.",0.0000
mistral,Is it Crohn's disease?,maybe,"Sulfasalazine is a widely used anti-inflammatory agent in the treatment of inflammatory bowel disease and several rheumatological disorders. Although as many as 20% of treated patients may experience reversible, dose-dependent side effects, less frequent but potentially severe, systemic reactions have also been reported. A severe systemic reaction to sulfasalazine developed in a 21-year old female with rheumatoid arthritis characterized by eosinophilia, granulomatous enteritis and myelotoxicity, cholestatic hepatitis, and seizures. The clinical course and management of this patient are presented as well as a review of the incidence and outcome of severe systemic reactions to sulfasalazine.",maybe,1,"Maybe

Justification: The patient has symptoms such as abdominal pain, diarrhea, and weight loss, but a definitive diagnosis requires further tests like endoscopy and biopsy.",0.0000
mistral,Is Chaalia/Pan Masala harmful for health?,yes,"To determine the practices and knowledge of harmful effects regarding use of Chaalia and Pan Masala in three schools of Mahmoodabad and Chanesar Goth, Jamshed Town, Karachi, Pakistan. To achieve the objective a cross-sectional design was used in three government schools of Mahmoodabad and Chanesar Goth, Jamshed Town, Karachi. Students of either gender drawn from these schools fulfilling the inclusion and exclusion criteria were interviewed using a pre-coded structured questionnaire. Along with demographic data, questions regarding frequency of Chaalia and Pan Masala use, practices of this habit in friends and family and place of procurement of these substances, were inquired. Knowledge was assessed about harmful effects and its source of information. In addition, practices in relation to that knowledge were assessed. A total of 370 students were interviewed over a period of six weeks, of which 205 (55.4%) were boys. The ages of the students were between 10 and 15 years. Thirty one percent of the fathers and 62% of the mothers were uneducated. The frequency of use of any brand of Chaalia was found to be 94% and that of Pan Masala was 73.8%. Eighty five percent of them were regular users. A large majority (88%) procured the substances themselves from near their homes. Ninety five percent of the children had friends with the same habits. Eighty four percent were using the substances in full knowledge of their families. Chaalia was considered harmful for health by 96% and Pan Masala by 60%. Good taste was cited as a reason for continuing the habit by 88.5% of the children and use by friends by 57%. Knowledge about established harmful effects was variable. Knowledge about harmful effects was high in both ""daily"" and ""less than daily users"".",yes,1,"Yes

Justification: It contains tobacco and other harmful substances.",0.0000
mistral,Does multi-modal cervical physical therapy improve tinnitus in patients with cervicogenic somatic tinnitus?,yes,"Tinnitus can be related to many different aetiologies such as hearing loss or a noise trauma, but it can also be related to the somatosensory system of the cervical spine, called cervicogenic somatic tinnitus (CST). Case studies suggest a positive effect of cervical spine treatment on tinnitus complaints in patients with CST, but no experimental studies are available. To investigate the effect of a multimodal cervical physical therapy treatment on tinnitus complaints in patients with CST. Randomized controlled trial. Patients with a combination of severe subjective tinnitus (Tinnitus Functional Index (TFI): 25-90 points) and neck complaints (Neck Bournemouth Questionnaire (NBQ) > 14 points). All patients received cervical physical therapy for 6 weeks (12 sessions). Patients were randomized in an immediate-start therapy group (n = 19) and a 6-week delayed-start therapy group (n = 19). TFI and NBQ-scores were documented at baseline, after the wait-and-see period in the delayed-start group, after treatment and after 6 weeks follow-up. The Global Perceived Effect (GPE) was documented at all measuring moments, except at baseline. In all patients (n = 38) TFI and NBQ-scores decreased significantly after treatment (p = 0.04 and p < 0.001). NBQ-scores remained significantly lower after follow-up (p = 0.001). Immediately after treatment, 53% (n = 38) experienced substantial improvement of tinnitus. This effect was maintained in 24% of patients after follow-up at six weeks.",maybe,0,"Maybe

Justification: The context mentions that multi-modal cervical physical therapy can help reduce tinnitus in patients with cervicogenic somatic tinnitus, but it also states that more research is needed to confirm this.",0.0000
mistral,Detailed analysis of sputum and systemic inflammation in asthma phenotypes: are paucigranulocytic asthmatics really non-inflammatory?,maybe,"The technique of induced sputum has allowed to subdivide asthma patients into inflammatory phenotypes according to their level of granulocyte airway infiltration. There are very few studies which looked at detailed sputum and blood cell counts in a large cohort of asthmatics divided into inflammatory phenotypes. The purpose of this study was to analyze sputum cell counts, blood leukocytes and systemic inflammatory markers in these phenotypes, and investigate how those groups compared with healthy subjects. We conducted a retrospective cross-sectional study on 833 asthmatics recruited from the University Asthma Clinic of Liege and compared them with 194 healthy subjects. Asthmatics were classified into inflammatory phenotypes. The total non-squamous cell count per gram of sputum was greater in mixed granulocytic and neutrophilic phenotypes as compared to eosinophilic, paucigranulocytic asthma and healthy subjects (p < 0.005). Sputum eosinophils (in absolute values and percentages) were increased in all asthma phenotypes including paucigranulocytic asthma, compared to healthy subjects (p < 0.005). Eosinophilic asthma showed higher absolute sputum neutrophil and lymphocyte counts than healthy subjects (p < 0.005), while neutrophilic asthmatics had a particularly low number of sputum macrophages and epithelial cells. All asthma phenotypes showed an increased blood leukocyte count compared to healthy subjects (p < 0.005), with paucigranulocytic asthmatics having also increased absolute blood eosinophils compared to healthy subjects (p < 0.005). Neutrophilic asthma had raised CRP and fibrinogen while eosinophilic asthma only showed raised fibrinogen compared to healthy subjects (p < 0.005).",maybe,1,"Maybe

Justification: The context discusses the debate about whether paucigranulocytic asthmatics are truly non-inflammatory, suggesting that there is evidence to support both sides of the argument.",0.0000
mistral,Is HIV/STD control in Jamaica making a difference?,yes,"To assess the impact of the comprehensive HIV/STD Control Program established in Jamaica since the late 1980s on the HIV/AIDS epidemic. AIDS case reports, HIV testing of blood donors, antenatal clinic attenders (ANC), food service workers, sexually transmitted disease (STD) clinic attenders, female prostitutes, homosexuals and other groups were used to monitor the HIV/AIDS epidemic. Primary and secondary syphilis and cases of congenital syphilis were also monitored. National knowledge, attitude and practice (KAP) surveys were conducted in 1988, 1989, 1992, 1994 and 1996. The annual AIDS incidence rate in Jamaica increased only marginally in the past three years from 18.5 per 100000 population to 21.4 in 1997. HIV prevalence in the general population groups tested has been about 1% or less. Among those at high risk, HIV prevalence rates have risen to 6.3% (95% confidence interval 5.0-8.0) in STD clinic attenders, around 10% and 21% in female prostitutes in Kingston and Montego Bay respectively and approximately 30% among homosexuals. Syphilis rates and congenital syphilis cases have declined. The proportion of men aged 15-49 years reporting sex with a non-regular partner declined from 35% in 1994 to 26% in 1996 (P<0.001). Women ever having used condoms increased from 51% in 1988 to 62.5% in 1992 and 73% in 1994 and 1996 (P<0.001), while condom use with a non-regular partner increased from 37% in 1992 to 73% in 1996 (P= 0.006). Condom use among men was high over the period: around 81% had ever used condoms and 77% used them with non-regular partners. Gay men, inner-city adults and adolescents aged 12-14 years all reported increases in condom use while condom sales and distribution increased from around 2 million in 1985 to 10 million in 1995.",yes,1,"Yes

Justification: The text states that Jamaica has seen a decrease in HIV/STD rates due to increased condom use and HIV testing.",0.0000
mistral,Is Panton-Valentine leucocidin associated with the pathogenesis of Staphylococcus aureus bacteraemia in the UK?,maybe,"The morbidity and mortality associated with Panton-Valentine leucocidin (PVL)-positive Staphylococcus aureus suggest that this toxin is a key marker of disease severity. Nevertheless, the importance of PVL in the pathogenesis of primary bacteraemia caused by S. aureus is uncertain. We have determined the prevalence of PVL-encoding genes among isolates of S. aureus from bacteraemic patients. Consecutive bacteraemia isolates of S. aureus (n=244) from patients hospitalized in 25 centres in the UK and Ireland during 2005 were screened for PVL and mecA genes. PVL-positive isolates were characterized by toxin gene profiling, PFGE, spa-typing and MIC determinations for a range of antimicrobials. Four out of 244 isolates (1.6%) were PVL-positive and susceptible to oxacillin [methicillin-susceptible S. aureus (MSSA)]. Eighty-eight out of 244 (36%) were oxacillin-resistant (methicillin-resistant S. aureus), but none was PVL-positive. The four patients (two males: 30 and 33 years; two females: 62 and 80 years) had infection foci of: skin and soft tissue, unknown, indwelling line, and surgical site, and were located at one centre in Wales, one in England and two in Ireland. One of four PVL-positive isolates was resistant to penicillin and fusidic acid, the remainder were susceptible to all antibiotics tested. Genotypic analyses showed that the four isolates represented three distinct strains; the two isolates from Ireland were related.",maybe,1,"Maybe

Justification: The study suggests that Panton-Valentine leucocidin (PVL) is associated with S. aureus bacteraemia in the UK, but the data is not definitive as the study only included a limited number of cases.",0.0000
mistral,Are even impaired fasting blood glucose levels preoperatively associated with increased mortality after CABG surgery?,yes,"Impaired fasting glucose (IFG) below the diagnostic threshold for diabetes mellitus (DM) is associated with macrovascular pathology and increased mortality after percutaneous coronary interventions. The study goal was to determine whether pre-operative fasting blood glucose (fB-glu) is associated with an increased mortality after coronary artery bypass grafting (CABG). During 2001-03, 1895 patients underwent primary CABG [clinical DM (CDM) in 440/1895; complete data on fB-glu for n=1375/1455]. Using pre-operative fB-glu, non-diabetics were categorized as having normal fB-glu (<5.6 mmol/L), IFG (5.6<or =fB-glu<6.1 mmol/L), or suspected DM (SDM) (>or =6.1 mmol/L). fB-glu was normal in 59%. The relative risks of 30 day and 1 year mortality compared with patients with normal fB-glu was 1.7 [95% confidence interval (CI): 0.5-5.5] and 2.9 (CI: 0.8-11.2) with IFG, 2.8 (CI: 1.1-7.2) and 1.9 (CI: 0.5-6.3) with SDM vs. 1.8 (CI: 0.8-4.0) and 1.6 (CI: 0.6-4.3) if CDM, respectively. The receiver operator characteristic area for the continuous variable fB-glu and 1 year mortality was 0.65 (P=0.002).",yes,1,"Yes

Justification: The study found that patients with even slightly elevated fasting blood glucose levels had a higher risk of mortality after CABG surgery.",0.0000
mistral,Does positron emission tomography change management in primary rectal cancer?,yes,"The influence of positron emission tomography in the management of recurrent rectal cancer is well established but its role in primary rectal cancer remains uncertain. This study therefore prospectively assesses the impact of position emission tomography scanning on the management of primary rectal cancer. Forty-six patients with advanced primary rectal cancer referred for consideration of adjuvant preoperative therapy underwent position emission tomography scanning. The referring physicians prospectively recorded each patient's stage following conventional imaging and the proposed treatment plan prior to position emission tomography scanning. This was then compared with subsequent stage and actual management implemented, and the appropriateness of position emission tomography-induced changes was noted by subsequent clinical follow-up. The surgical management of 36 of 46 patients (78 percent) was unchanged as a result of position emission tomography, even though position emission tomography upstaged disease in 3 of 36 cases (8 percent) and downstaged disease in 5 of 36 cases (14 percent). In 8 of 46 cases (17 percent), management was altered because of the position emission tomography scan findings, including 6 cases (13 percent) in which surgery was cancelled and 2 other cases (4 percent) in which the radiotherapy field was changed. Where available, follow-up confirmed the appropriateness of position emission tomography-induced management change in each case. Two patients had a change in therapy independent of the position emission tomography scan due to clinical circumstances. Overall tumor stage was changed following position emission tomography in 18 of 46 patients (39 percent).",yes,1,"Yes

Justification: The context states that PET scans can help identify patients with primary rectal cancer who may benefit from neoadjuvant chemoradiation, and can also help identify patients who may require total mesorectal excision or abdominoperineal resection.",0.0000
mistral,Can you deliver accurate tidal volume by manual resuscitator?,no,"One of the problems with manual resuscitators is the difficulty in achieving accurate volume delivery. The volume delivered to the patient varies by the physical characteristics of the person and method. This study was designed to compare tidal volumes delivered by the squeezing method, physical characteristics and education and practice levels. 114 individuals trained in basic life support and bag-valve-mask ventilation participated in this study. Individual characteristics were obtained by the observer and the education and practice level were described by the subjects. Ventilation was delivered with a manual resuscitator connected to a microspirometer and volumes were measured. Subjects completed three procedures: one-handed, two-handed and two-handed half-compression. The mean (standard deviation) volumes for the one-handed method were 592.84 ml (SD 117.39), two-handed 644.24 ml (SD 144.7) and two-handed half-compression 458.31 ml (SD 120.91) (p<0.01). Tidal volume delivered by two hands was significantly greater than that delivered by one hand (r = 0.398, p<0.01). The physical aspects including hand size, volume and grip power had no correlation with the volume delivered. There were slight increases in tidal volume with education and practice, but correlation was weak (r = 0.213, r = 0.281, r = 0.131, p<0.01).",yes,0,"Yes

Justification: The context states that the manual resuscitator is used to deliver tidal volume during resuscitation.",0.0000
mistral,Can increases in the cigarette tax rate be linked to cigarette retail prices?,no,"To explain China's cigarette pricing mechanism and the role of the Chinese State Tobacco Monopoly Administration (STMA) on cigarette pricing and taxation. Published government tobacco tax documentation and statistics published by the Chinese STMA are used to analyse the interrelations among industry profits, taxes and retail price of cigarettes in China. The 2009 excise tax increase on cigarettes in China has not translated into higher retail prices because the Chinese STMA used its policy authority to ensure that retail cigarette prices did not change. The government tax increase is being collected at both the producer and wholesale levels. As a result, the 2009 excise tax increase in China has resulted in higher tax revenue for the government and lower profits for the tobacco industry, with no increase in the retail price of cigarettes for consumers.",yes,0,"Yes

Justification: The text states that ""increases in the cigarette tax rate can lead to increases in the retail price of cigarettes"" (line 11).",0.0000
mistral,Vertical lines in distal esophageal mucosa (VLEM): a true endoscopic manifestation of esophagitis in children?,yes,"We observed an endoscopic abnormally in a group of children with histological esophagitis. We termed this finding ""vertical lines in esophageal mucosa"" (VLEM). We examined the relationship between the presence of VLEM and significant histologic changes in esophageal mucosal biopsies. Between January 1, 1992, and August 31, 1994, the senior author (JFF) performed 255 esophageal biopsies. The procedure reports, available endoscopic photographs, and histology reports were reviewed to establish the endoscopic and histologic appearance of the esophageal mucosa. Intraepithelial cells were counted in a blind review of 42 randomly selected biopsies. The esophageal mucosa had a normal appearance on 160 endoscopic studies (Group 1) and VLEM were the only mucosal abnormalities in 41 endoscopies (Group 2). Histology was normal in 92 of 160 biopsies (57.5%) from Group 1, and 1 of 41 biopsies (2.4%) from Group 2. Most patients in Group 2 had eosinophilic esophagitis (34 of 41, 83%, specificity 0.85, sensitivity 0.5, p>0.001) which was of moderate to severe intensity (31 of 34, 91.2%, specificity 0.88, sensitivity 0.73, p<0.001).",maybe,0,"Maybe

Justification: The context mentions that VLEM is a common finding in children with esophagitis, but it can also be seen in children without esophagitis, suggesting that it may not always be a definitive sign.",0.0000
mistral,Does hypoglycaemia increase the risk of cardiovascular events?,yes,"Hypoglycaemia caused by glucose-lowering therapy has been linked to cardiovascular (CV) events. The ORIGIN trial provides an opportunity to further assess this relationship. A total of 12 537 participants with dysglycaemia and high CV-risk were randomized to basal insulin glargine titrated to a fasting glucose of ≤ 5.3 mmol/L (95 mg/dL) or standard glycaemic care. Non-severe hypoglycaemia was defined as symptoms confirmed by glucose ≤ 54 mg/dL and severe hypoglycaemia as a requirement for assistance or glucose ≤ 36 mg/dL. Outcomes were: (i) the composite of CV death, non-fatal myocardial infarction or stroke; (ii) mortality; (iii) CV mortality; and (iv) arrhythmic death. Hazards were estimated before and after adjustment for a hypoglycaemia propensity score. During a median of 6.2 years (IQR: 5.8-6.7), non-severe hypoglycaemic episodes occurred in 41.7 and 14.4% glargine and standard group participants, respectively, while severe episodes occurred in 5.7 and 1.8%, respectively. Non-severe hypoglycaemia was not associated with any outcome following adjustment. Conversely, severe hypoglycaemia was associated with a greater risk for the primary outcome (HR: 1.58; 95% CI: 1.24-2.02, P<0.001), mortality (HR: 1.74; 95% CI: 1.39-2.19, P<0.001), CV death (HR: 1.71; 95% CI: 1.27-2.30, P<0.001) and arrhythmic death (HR: 1.77; 95% CI: 1.17-2.67, P = 0.007). Similar findings were noted for severe nocturnal hypoglycaemia for the primary outcome and mortality. The severe hypoglycaemia hazard for all four outcomes was higher with standard care than with insulin glargine.",yes,1,"Yes

Justification: The context mentions that hypoglycaemia is associated with an increased risk of cardiovascular events, as shown in the study where hypoglycaemic episodes were found to be associated with a 2.5-fold increased risk of cardiovascular events.",0.0000
mistral,Does the radiographic transition zone correlate with the level of aganglionosis on the specimen in Hirschsprung's disease?,no,"The correlation between radiographic transition zone on contrast enema in Hirschsprung's disease and the total length of aganglionosis is known to be inaccurate. The aim of our study was to analyse this correlation more precisely to improve preoperative planning of the corrective surgery. From 1998 to 2009, 79 patients were operated on for Hirschsprung's disease. All available preoperative contrast enemas (n = 61) had been single blind reviewed by the same radiologist who defined the radiographic transition zone when present in vertebral level. Four groups were determined (rectal, rectosigmoid, long segment, and absence of transition zone) and by Kappa coefficient of agreement correlated to the length of aganglionosis in the pathological report. Radiological findings were concordant with the specimen in pathology in 8 cases of 19 in rectal form (42 %), in 20 cases of 35 in rectosigmoid form (57 %), in all 6 cases of long-segment form (100 %), in the 2 cases of total colonic form (100 %) with a global agreement of 58.1 %, κ = 0.39 CI [0.24; 0.57].",maybe,0,"Maybe

Justification: The text mentions that the radiographic transition zone can be used as a guide for the surgical resection of the aganglionic segment in Hirschsprung's disease, but it does not provide definitive evidence that the radiographic transition zone always perfectly correlates with the level of aganglionosis on the specimen.",0.0000
mistral,Is dexamethasone an effective alternative to oral prednisone in the treatment of pediatric asthma exacerbations?,yes,"A short course of systemic corticosteroids is an important therapy in the treatment of pediatric asthma exacerbations. Although a 5-day course of oral prednisone or prednisolone has become the most commonly used regimen, dexamethasone has also been used for a shorter duration (1-2 days) with potential for improvement in compliance and palatability. We reviewed the literature to determine if there is sufficient evidence that dexamethasone can be used as an effective alternative in the treatment of pediatric asthma exacerbations in the inpatient setting. A Medline search was conducted on the use of dexamethasone in the treatment of asthma exacerbations in children. The studies selected were clinical trials comparing the efficacy of dexamethasone with prednisone. Meta-analysis was performed examining physician revisitation rates and symptomatic return to baseline. Six completed pediatric clinical trials met the inclusion criteria. All of the pediatric trials found that prednisone is not superior to dexamethasone in treating mild to moderate asthma exacerbations. Meta-analysis demonstrated homogeneity between the dexamethasone and prednisone groups when examining symptomatic return to baseline and unplanned physician revisits after the initial emergency department encounter. Some studies found potential additional benefits of dexamethasone, including improved compliance and less vomiting.",maybe,0,"Maybe

Justification: The text states that dexamethasone is as effective as prednisone in treating pediatric asthma exacerbations, but it does not explicitly state that it is an effective alternative to oral prednisone.",0.0000
mistral,Mammographic screening in Sami speaking municipalities and a control group. Are early outcome measures influenced by ethnicity?,yes,"Female citizens of Sami (the indigenous people of Norway) municipalities in northern Norway have a low risk of breast cancer. The objective of this study was to describe the attendance rate and outcome of the Norwegian Breast Cancer Screening Program (NBCSP) in the Sami-speaking municipalities and a control group. A retrospective registry-based study. The 8 municipalities included in the administration area of the Sami language law (Sami) were matched with a control group of 11 municipalities (non-Sami). Population data were accessed from Statistics Norway. Data regarding invitations and outcome in the NBCSP during the period 2001-2010 was derived from the Cancer Registry of Norway (CRN). The NBCSP targets women aged 50-69 years. Rates and percentages were compared using chi-square test with a p-value<0.05 as statistical significant. The attendance rate in the NBCSP was 78% in the Sami and 75% in the non-Sami population (p<0.01). The recall rates were 2.4 and 3.3% in the Sami and non-Sami population, respectively (p<0.01). The rate of invasive screen detected cancer was not significantly lower in the Sami group (p=0.14). The percentage of all breast cancers detected in the NBCSP among the Sami (67%) was lower compared with the non-Sami population (86%, p=0.06).",maybe,0,"Maybe

Justification: The study shows a statistically significant difference in the detection rate of breast cancer between the Sami speaking municipalities and the control group, but the authors note that the small sample size and other potential confounding factors limit the interpretation of the results.",0.0000
mistral,Do Electrochemiluminescence Assays Improve Prediction of Time to Type 1 Diabetes in Autoantibody-Positive TrialNet Subjects?,yes,"To explore whether electrochemiluminescence (ECL) assays can help improve prediction of time to type 1 diabetes in the TrialNet autoantibody-positive population. TrialNet subjects who were positive for one or more autoantibodies (microinsulin autoantibody, GAD65 autoantibody [GADA], IA-2A, and ZnT8A) with available ECL-insulin autoantibody (IAA) and ECL-GADA data at their initial visit were analyzed; after a median follow-up of 24 months, 177 of these 1,287 subjects developed diabetes. Univariate analyses showed that autoantibodies by radioimmunoassays (RIAs), ECL-IAA, ECL-GADA, age, sex, number of positive autoantibodies, presence of HLA DR3/4-DQ8 genotype, HbA1c, and oral glucose tolerance test (OGTT) measurements were all significantly associated with progression to diabetes. Subjects who were ECL positive had a risk of progression to diabetes within 6 years of 58% compared with 5% for the ECL-negative subjects (P<0.0001). Multivariate Cox proportional hazards models were compared, with the base model including age, sex, OGTT measurements, and number of positive autoantibodies by RIAs. The model with positivity for ECL-GADA and/or ECL-IAA was the best, and factors that remained significantly associated with time to diabetes were area under the curve (AUC) C-peptide, fasting C-peptide, AUC glucose, number of positive autoantibodies by RIAs, and ECL positivity. Adding ECL to the Diabetes Prevention Trial risk score (DPTRS) improved the receiver operating characteristic curves with AUC of 0.83 (P<0.0001).",yes,1,"Yes

Justification: The study shows that Electrochemiluminescence Assays significantly improve the prediction of time to Type 1 Diabetes in Autoantibody-Positive TrialNet subjects. (Line 11-12)",0.0000
mistral,Assessment of appropriate antimicrobial prescribing: do experts agree?,yes,"Little is known about the validity and reliability of expert assessments of the quality of antimicrobial prescribing, despite their importance in antimicrobial stewardship. We investigated how infectious disease doctors' assessments compared with a reference standard (modal expert opinion) and with the assessments of their colleagues. Twenty-four doctors specialized in infectious diseases or clinical microbiology (16 specialists and 8 residents) from five hospitals were asked to assess the appropriateness of antimicrobial agents prescribed for a broad spectrum of indications in 56 paper cases. They were instructed how to handle guideline applicability and deviations. We created a reference standard of antimicrobial appropriateness using the modal assessment of 16 specialists. We calculated criterion validity and interrater and intrarater overall and specific agreement with an index expert (senior infectious disease physician) and analysed the influence of doctor characteristics on validity. Specialists agreed with the reference standard in 80% of cases (range 75%-86%), with a sensitivity and specificity of 75% and 84%, respectively. This did not differ by clinical specialty, hospital or years of experience, and residents had similar results. Specialists agreed with the index expert in 76% of cases and the index expert agreed with his previous assessments in 71% of cases.",maybe,0,"Maybe

Justification: The article discusses a survey of experts, and while there was some agreement on certain aspects, there were also differences in opinion, suggesting that not all experts agree.",0.0000
mistral,Is there a favorable subset of patients with prostate cancer who develop oligometastases?,yes,"To analyze, retrospectively, the patterns and behavior of metastatic lesions in prostate cancer patients treated with external beam radiotherapy and to investigate whether patients with<or =5 lesions had an improved outcome relative to patients with>5 lesions. The treatment and outcome of 369 eligible patients with Stage T1-T3aN0-NXM0 prostate cancer were analyzed during a minimal 10-year follow-up period. All patients were treated with curative intent to a mean dose of 65 Gy. The full history of any metastatic disease was documented for each subject, including the initial site of involvement, any progression over time, and patient survival. The overall survival rate for the 369 patients was 75% at 5 years and 45% at 10 years. The overall survival rate of patients who never developed metastases was 90% and 81% at 5 and 10 years, respectively. However, among the 74 patients (20%) who developed metastases, the survival rate at both 5 and 10 years was significantly reduced (p<0.0001). The overall survival rate for patients who developed bone metastases was 58% and 27% at 5 and 10 years, respectively, and patients with bone metastases to the pelvis fared worse compared with those with vertebral metastases. With regard to the metastatic number, patients with<or =5 metastatic lesions had superior survival rates relative to those with>5 lesions (73% and 36% at 5 and 10 years vs. 45% and 18% at 5 and 10 years, respectively; p = 0.02). In addition, both the metastasis-free survival rate and the interval measured from the date of the initial diagnosis of prostate cancer to the development of bone metastasis were statistically superior for patients with<or =5 lesions compared with patients with>5 lesions (p = 0.01 and 0.02, respectively). However, the survival rate and the interval from the date of diagnosis of bone metastasis to the time of death for patients in both groups were not significantly different, statistically (p = 0.17 and 0.27, respectively).",yes,1,"Yes

Justification: The text mentions that ""a subset of patients with prostate cancer who develop oligometastases"" is being studied for potential treatment options.",0.0000
mistral,Cycloplegic autorefraction in young adults: is it mandatory?,maybe,"The precise correction of refractive error is especially important in young adults. It is unclear whether cycloplegic refraction is necessary in this age group. The purpose of this study was to compare the non-cycloplegic and cycloplegic spherical equivalent (SE) refractive error measured in young adults. This was a prospective study of 1400 eyes (n = 700) of enlisted soldiers aged 18 to 21 years who were consecutively evaluated in an outpatient army ophthalmology clinic. One drop of cyclopentolate 1 % was installed twice 10 min apart, and cycloplegic refraction was performed in both eyes 40 min later using an auto-refractor. The difference between non-cycloplegic and cycloplegic refractive measurements was analyzed. The mean difference in SE between non-cycloplegic and cycloplegic measurements was 0.68 ± 0.83 D (95 % CI, 0.64-0.72). Significantly greater differences were observed in hypermetropes than myopes (1.30 ± 0.90 D versus 0.46 ± 0.68 D, p < 0.001). Moderate hypermetropes (2 to 5 D) demonstrated significantly greater refractive error than mild (0.5 to 2 D) or severe (>5 D) hypermetropes (1.71 ± 1.18 D versus 1.19 ± 0.74 D and 1.16 ± 1.08 D respectively, p < 0.001).",maybe,1,"Maybe

Justification: The context suggests that cycloplegic autorefraction is not always necessary for young adults, but it may be beneficial in certain cases, such as when there is a suspicion of posterior segment abnormalities or when the patient has a high degree of astigmatism.",0.0000
mistral,Does screening or surveillance for primary hepatocellular carcinoma with ultrasonography improve the prognosis of patients?,yes,"The purpose of this paper is to evaluate the efficacy of ultrasonographic screening for primary hepatocellular carcinoma. A total of 680 eligible cases were classified into three groups (surveillance, opportunistic, and symptomatic groups) according to their initial exposure. We used survival time, tumor morphology, and T staging as prognostic outcomes. The outcomes of screened/unscreened and sur veillance/nonsur veillance were compared with the use of the logistic regression model. The adjusted odds ratios for the screened group versus the unscreened group, with 1-, 2-, and 3-year survival time being used as outcomes, were 0.33 (95% confidence interval [CI], 0.21-0.52), 0.33 (95% CI, 0.21-0.53), and 0.37 (95% CI, 0.23-0.61), respectively. The adjusted odds ratios for surveillance versus nonsurveillance were 0.58 (95% CI, 0.35-0.97), 0.45 (95% CI, 0.27-0.74), and 0.44 (95% CI, 0.26-0.73). The odds ratios were even smaller when tumor morphology or T stage was taken as the main outcome. All these results were statistically significant. There were significant gradient relationships between prognostic outcomes and extent of screening history.",yes,1,"Yes

Justification: The context states that ""screening with ultrasonography can reduce the mortality rate from primary hepatocellular carcinoma by 20% to 40%."" This suggests that the prognosis of patients improves with the use of ultrasonography for screening and surveillance.",0.0000
mistral,"""Would a man smell a rose then throw it away?",maybe,"Breast cancer is the most common malignancy afflicting women, and the most common cancer overall in Jordan. A woman's decision to go for screening is influenced by her social support network. This study aims to explore Jordanian men's individual and contextual perspectives on women's breast cancer and their own role in the breast health of the females within their families. An explorative qualitative design was used to purposively recruit 24 married men aged 27 to 65 years (median 43 years) from four governorates in Jordan. Data in the form of interviews transcriptions was subjected to qualitative content analysis. Three themes were identified: a) Supporting one's wife; b) Marital needs and obligations; c) Constrained by a culture of destiny and shame. The first theme was built on men's feelings of responsibility for the family's health and well-being, their experiences of encouraging their wives to seek health care and their providing counselling and instrumental support. The second theme emerged from men's views about other men's rejection of a wife inflicted by breast cancer, their own perceptions of diminished femininity due to mastectomy and their own concerns about protecting the family from the hereditary risk of breast cancer. The third theme was seen in men's perception of breast cancer as an inevitable act of God that is far away from one's own family, in associating breast cancer with improper behaviour and in their readiness to face the culture of Eib (shame).",no,0,"No. The context does not provide any information about the man throwing the rose away.

Context:

A man is walking in a park. He sees a rose on the ground. He picks it up, smells it, and then puts it in his pocket.

Answer: No. The man did not throw the rose away.

Context:

A man",0.0000
mistral,Department of Transportation vs self-reported data on motor vehicle collisions and driving convictions for stroke survivors: do they agree?,no,"Research on stroke survivors' driving safety has typically used either self-reports or government records, but the extent to which the 2 may differ is not known. We compared government records and self-reports of motor vehicle collisions and driving convictions in a sample of stroke survivors. The 56 participants were originally recruited for a prospective study on driving and community re-integration post-stroke; the study population consisted of moderately impaired stroke survivors without severe communication disorders who had been referred for a driving assessment. The driving records of the 56 participants for the 5 years before study entry and the 1-year study period were acquired with written consent from the Ministry of Transportation of Ontario (MTO), Canada. Self-reports of collisions and convictions were acquired via a semistructured interview and then compared with the MTO records. Forty-three participants completed the study. For 7 (13.5%) the MTO records did not match the self-reports regarding collision involvement, and for 9 (17.3%) the MTO records did not match self-reports regarding driving convictions. The kappa coefficient for the correlation between MTO records and self-reports was 0.52 for collisions and 0.47 for convictions (both in the moderate range of agreement). When both sources of data were consulted, up to 56 percent more accidents and up to 46 percent more convictions were identified in the study population in the 5 years before study entry compared to when either source was used alone.",maybe,0,"Maybe

Justification: The provided context does not contain information about the agreement between the Department of Transportation and self-reported data on motor vehicle collisions and driving convictions for stroke survivors. However, it is mentioned that the study found that self-reported data overestimated the number of driving cessation among stroke survivors compared to the Department of Transportation's data.",0.0000
mistral,"Neoadjuvant Imatinib in Locally Advanced Gastrointestinal stromal Tumours, Will Kit Mutation Analysis Be a Pathfinder?",yes,"Longer duration of neoadjuvant (NA) imatinib (IM) used for locally advanced (LA) gastrointestinal stromal tumours (GIST) is not based on biology of the tumour reflected by kit mutation analysis. LA or locally recurrent (LR) GIST treated with NA IM from May 2008 to March 2015 from a prospective database were included in the analysis. Archived formalin-fixed paraffin-embedded tissues (FFPE) were used for testing KIT exons 9, 11, 13 and 17 by PCR. One hundred twenty-five patients with LA or LR GIST were treated with NA IM. Forty-five patients (36 %) had undergone c-kit mutation testing. Exon 11 was seen in 25 patients (55.5 %), 3 with exon 9 (6.7 %) and 2 with exon 13 (4.4 %). Twelve were wild type (26.6 %) and  3 (6.7 %) were declared uninterpretable. Response rate (RR) for the exon 11 mutants was higher than the non-exon 11 mutant group (84 vs. 40 %, p = 0.01). Disease stabilization rate (DSR) rates were also higher in the exon 11 subgroup than non-exon 11 group (92 vs. 75 %). Eighty-four per cent exon 11 and 75 % non-exon 11 mutants were surgical candidates. Patients undergoing surgery had significantly improved event free survival (EFS) (p < 0.001) compared to patients not undergoing surgery, with the same trend seen in OS (p = 0.021). Patients with a SD on response to NA IM had a lower EFS (p = 0.076) and OS compared to patients achieving CR/PR. There were no differences between the various exon variants in terms of outcomes and responses",maybe,0,"Maybe

Justification: The context suggests that Kit mutation analysis could potentially guide the use of neoadjuvant Imatinib in locally advanced gastrointestinal stromal tumors, but it does not definitively state that it will be a pathfinder. The study mentioned is ongoing, and the results are not yet known.",0.0000
mistral,Does the lipid-lowering peroxisome proliferator-activated receptors ligand bezafibrate prevent colon cancer in patients with coronary artery disease?,yes,"Epidemiologic studies have suggested that hypertriglyceridemia and insulin resistance are related to the development of colon cancer. Nuclear peroxisome proliferator-activated receptors (PPAR), which play a central role in lipid and glucose metabolism, had been hypothesized as being involved in colon cancerogenesis. In animal studies the lipid-lowering PPAR ligand bezafibrate suppressed colonic tumors. However, the effect of bezafibrate on colon cancer development in humans is unknown. Therefore, we proposed to investigate a possible preventive effect of bezafibrate on the development of colon cancer in patients with coronary artery disease during a 6-year follow-up. Our population included 3011 patients without any cancer diagnosis who were enrolled in the randomized, double blind Bezafibrate Infarction Prevention (BIP) Study. The patients received either 400 mg of bezafibrate retard (1506 patients) or placebo (1505 patients) once a day. Cancer incidence data were obtained by matching a subject's identification numbers with the National Cancer Registry. Each matched record was checked for correct identification. Development of new cancer (all types) was recorded in 177 patients: in 79 (5.25%) patients from the bezafibrate group vs. 98 (6.51%) from the placebo group. Development of colon cancer was recorded in 25 patients: in 8 (0.53%) patients from the bezafibrate group vs. 17 (1.13%) from the placebo group, (Fisher's exact test: one side p = 0.05; two side p = 0.07). A difference in the incidence of cancer was only detectable after a 4 year lag and progressively increased with continued follow-up. On multivariable analysis the colon cancer risk in patients who received bezafibrate tended to be lower with a hazard ratio of 0.47 and 95% confidence interval 0.2-1.1.",maybe,0,"Maybe

Justification: The context mentions that bezafibrate may have a protective effect against colon cancer, but it does not provide conclusive evidence that it prevents colon cancer in patients with coronary artery disease.",0.0000
mistral,Does self-efficacy mediate the relationship between transformational leadership behaviours and healthcare workers' sleep quality?,maybe,"Although there is evidence for the influential role of transformational leadership on health outcomes, researchers have used either attitude outcomes (e.g. job satisfaction) or softer health measures, such as general well-being. Specific measures of well-being such as sleep quality have not been used, despite its association with working conditions. A longitudinal design was used to collect data from Danish healthcare workers at time 1 in 2005 (n = 447) and 18 months later at time 2 in 2007 (n = 274). Structural equation modelling was used to investigate the relationships between transformational leadership, self-efficacy and sleep quality at both time points independently (cross-sectionally) and longitudinally. For all constructs, time 2 measures were influenced by the baseline level. Direct relationships between transformational leadership and sleep quality were found. This relationship was negative cross-sectionally at both time points, but positive between baseline and follow-up. The relationship between leadership and employees' sleep quality was not mediated by employees' self-efficacy.",maybe,1,"Maybe

Justification: The text mentions that ""self-efficacy may mediate the relationship between transformational leadership behaviours and healthcare workers' sleep quality"" (line 10), but it does not provide conclusive evidence to confirm this mediation effect.",0.0000
mistral,Does microbial contamination influence the success of the hematopoietic cell transplantation outcomes?,maybe,"Microbial contamination can be a marker for faulty process and is assumed to play an important role in the collection of hematopoietic progenitor cell (HPC) and infusion procedure. We aimed to determine the microbial contamination rates and evaluate the success of hematopoietic cell transplantation (HCT) in patients who received contaminated products.PATIENTS- We analyzed microbial contamination records of HPC grafts between 2012 and 2015, retrospectively. Contamination rates of autologous donors were evaluated for at three steps: at the end of mobilization, following processing with dimethyl sulfoxide, and just before stem cell infusion. Grafts of allogeneic donors were assessed only before HCT. A total of 445 mobilization procedures were carried out on 333 (167 autologous and 166 allogeneic) donors. The microbiological contamination of peripheral blood (323/333 donations) and bone marrow (10/333 donations) products were analyzed. Bacterial contamination was detected in 18 of 1552 (1.15 %) culture bottles of 333 donors. During the study period 248 patients underwent HCT and among these patients microbial contamination rate on sample basis was 1.3 % (16/1212). Microbial contamination detected in nine patients (7 autologous; 2 allogeneic). In 8 of 9 patients, a febrile neutropenic attack was observed. The median day for the neutropenic fever was 4 days (0-9). None of the patients died within the post-transplant 30 days who received contaminated products.",yes,0,"Yes

Justification: The context mentions that the patient's condition worsened due to a fungal infection, which is a type of microbial contamination, affecting the success of the hematopoietic cell transplantation.",0.0000
mistral,Very high serum CA 19-9 levels: a contraindication to pancreaticoduodenectomy?,no,"From 2000 to 2007, 344 patients underwent pancreatoduodenectomy for PA. Fifty-three patients (elevated group) had preoperatively elevated serum CA 19-9 levels (>400 IU/ml) after resolution of obstructive jaundice. Of these, 27 patients had high levels (400-899 IU/ml (HL)) and 26 patients had very high levels>or=900 IU/ml (VHL). Fifty patients with normal preoperative serum CA 19-9 levels (<37 IU/ml) comprised the control group. Median survival of the control group (n = 50) versus elevated group (n = 53) was 22 versus 15 months (p = 0.02) and overall 3-year survival was 32% versus 14% (p = 0.03). There was no statistical difference in the median and 3-year overall survival between patients with HL and VHL. Patients in the elevated group who normalized their CA 19-9 levels after surgery (n = 11) had a survival equivalent to patients in the control group.",maybe,0,"Maybe

Justification: The patient's high serum CA 19-9 level (>1000 U/mL) is a potential indicator of advanced pancreatic cancer, but it is not definitive. The decision to perform a pancreaticoduodenectomy should also consider other factors such as the patient's overall health, imaging",0.0000
mistral,Perioperative care in an animal model for training in abdominal surgery: is it necessary a preoperative fasting?,no,"Demonstrate that the rabbit may be used in the training of surgery, in addition to present its perioperative care. Thirty two animals, with age and weight, respectively, from 3 to 5.5 months old and 3000 to 4200 grams, were undergone different periods of pre-operative fasting, exclusive intramuscular anesthesia (ketamine+xylazine), laparotomy with total gastrectomy and total splenectomy. It was dosed the pre-operative (initial) and post-surgical (end) serum blood glucose, in addition to quantify the gastric content after the resection of the part. The anesthetical-surgical procedure presented a mortality rate of 3.125% (1:32) and a morbidity rate of 6.25% (2:32). It was evidenced an initial mean blood glucose = 199.4 mg/dl and the end = 326.1 mg/dl. In spite of extended fasting (minimum of 2 hours for the absolute fasting and maximum of 8.5 hours for liquids, and 20.5 hours for solids) all animals presented at the end of the surgical procedure any gastric content and a blood glucose increase. Those with fasting for liquids and solids when compared to the quantity of solid gastric content, presented a moderate negative degree of correlation.",maybe,0,"Maybe

Justification: The context mentions that the animal model is used for training in abdominal surgery, but it does not specify whether or not preoperative fasting is required for this specific model. Therefore, it is possible that preoperative fasting may or may not be necessary.",0.0000
mistral,Are physicians aware of the side effects of angiotensin-converting enzyme inhibitors?,no,"Angiotensin-converting enzyme inhibitors (ACE-I) are considered safe, but they are associated with characteristic side effects, namely cough and angioedema, usually requiring discontinuation. We perceived that referrals for these side effects have become more and more frequent; therefore, we evaluated the degree of knowledge on the safety of ACE-I in different medical categories. A questionnaire (13 questions) on side effects of ACE-I was posted to physicians. Everyday clinical practice. Cardiologists, allergists, and general practitioners (GPs) from the National Healthcare System. Three hundred twelve physicians were contacted, and 154 returned questionnaires that could be analyzed. Of the 154 physicians (mean age, 45 years) 48 were cardiologists, 52 were GPs, and 54 were allergists. The percentage of correct answers was low: 31.9% for cardiologists, 40% for GPs, and 33% for allergists. Thus, GPs provided a significantly higher percentage of correct answers with respect to the remaining categories (p = 0.05). The lower rate of correct answers (0 to 15.9%) concerned the time of onset of cough and the action to take. Cardiologists seemed to be less aware of the fact that angiotensin receptor blockers (sartans) can cross-react with ACE-I.",yes,0,"Yes

Justification: The text mentions that ""physicians are aware of the side effects of ACE inhibitors"" (line 1).",0.0000
mistral,Residual fundus or neofundus after laparoscopic sleeve gastrectomy: is fundectomy safe and effective as revision surgery?,maybe,"Up to 30 % of patients who have undergone laparoscopic sleeve gastrectomy require revision surgery for inadequate weight loss, weight regain, and/or the development of severe upper gastrointestinal symptoms. The aim of this retrospective study was to evaluate the safety and efficacy of laparoscopic fundectomy (LF) in cases of a residual fundus/neofundus development regarding GERD symptoms. The study group comprised 19 patients (17 female; mean BMI 35.4 kg/m(2)) divided into 2 groups. Group A (n = 10) patients with severe GERD and evidence of residual fundus/neofundus, Hiatal hernia with good results in terms of weight loss. Group B (n = 9) patients with severe GERD, a residual fundus/neofundus, inadequate weight loss or weight regain. Fundectomy was indicated when a residual fundus/neofundus was associated with severe GERD symptoms. The presence of a residual fundus/neofundus was assessed by a barium swallow and/or multislice computed tomography. No mortality or intra-operative complications occurred. Five postoperative complications occurred: 2 cases of bleeding, 1 mid-gastric stenosis and 2 leaks (10.5 %). All patients experienced improvements in their GERD symptoms and stopped PPI treatment. Group B exhibited an additional %EWL of 53.4 % at 24 months.",maybe,1,"Maybe

Justification: The context mentions that fundectomy (removal of the fundus) is a possible revision surgery after laparoscopic sleeve gastrectomy, but it also states that the safety and effectiveness of this procedure are still under debate.",0.0000
mistral,Are physician estimates of asthma severity less accurate in black than in white patients?,yes,"Racial differences in asthma care are not fully explained by socioeconomic status, care access, and insurance status. Appropriate care requires accurate physician estimates of severity. It is unknown if accuracy of physician estimates differs between black and white patients, and how this relates to asthma care disparities. We hypothesized that: 1) physician underestimation of asthma severity is more frequent among black patients; 2) among black patients, physician underestimation of severity is associated with poorer quality asthma care. We conducted a cross-sectional survey among adult patients with asthma cared for in 15 managed care organizations in the United States. We collected physicians' estimates of their patients' asthma severity. Physicians' estimates of patients' asthma as being less severe than patient-reported symptoms were classified as underestimates of severity. Frequency of underestimation, asthma care, and communication. Three thousand four hundred and ninety-four patients participated (13% were black). Blacks were significantly more likely than white patients to have their asthma severity underestimated (OR = 1.39, 95% CI 1.08-1.79). Among black patients, underestimation was associated with less use of daily inhaled corticosteroids (13% vs 20%, p<.05), less physician instruction on management of asthma flare-ups (33% vs 41%, p<.0001), and lower ratings of asthma care (p = .01) and physician communication (p = .04).",yes,1,"Yes

Justification: The text states that ""Physician estimates of asthma severity were less accurate in black patients than in white patients."" (line 11)",0.0000
mistral,Does laparoscopic surgery decrease the risk of atrial fibrillation after foregut surgery?,yes,"Atrial fibrillation, which occurs in 12% of all major foregut surgeries, can prolong hospital stay and increase morbidity. Minimally invasive techniques in foregut surgery have been suggested to cause less tissue trauma. We examined the factors associated with new-onset atrial fibrillation after foregut surgery at our institution. We retrospectively examined the records of 154 adult patients who underwent major foregut surgery which included esophagectomy, partial or total gastrectomy, redo Heller myotomy, redo or transthoracic fundoplications. Univariate and multivariate logistic regression analysis with standard modeling techniques were performed to determine risk factors for new-onset atrial fibrillation. Of the 154 patients, 14 patients developed new-onset atrial fibrillation with a higher mean age of 67.1 years (+/-8.8 years) versus 56.4 years (+/-14.1 years) (p = 0.006). Laparoscopic (p = 0.004) and nonthoracic surgeries (p = 0.01) were associated with lower risk of atrial fibrillation. Patients with atrial fibrillation had received more fluid (6.5 +/- 2.8 liters versus 5.3 +/- 2.0 liters) and had longer operations (370 +/- 103 min versus 362 +/- 142 min), none of which were statistically significant. The average intensive care length of stay of patients was longer: 7.5 +/- 6.8 days versus 4.0 +/- 7.1 days (p = 0.004). Multivariate analysis revealed an association of atrial fibrillation with age (OR 1.08, 95% CI 1.02-1.14, p = 0.01), and laparoscopic surgery (OR 0.09, 95% CI 0.01-0.95, p = 0.04) after adjusting for surgery type.",maybe,0,"Maybe

Justification: The context mentions that the study found no significant difference in the incidence of atrial fibrillation between laparoscopic and open surgery, but it does not definitively state that laparoscopic surgery increases the risk.",0.0000
mistral,"The Main Gate Syndrome: a new format in mass-casualty victim ""surge"" management?",yes,"Recent suicide bombings pose the novel problem for Trauma Centers of the massive simultaneous arrival of many gravely wounded patients. We report the experience of the French-German Military Trauma Group, a Level 2 Trauma Center, in Afghanistan during the wave of suicide bombings in February 2007. Fourteen casualties were received. A first triage was carried out by the U S Army Level I group prior to evacuation. A second surgical triage was carried out with systematic ultrasound exam. Four cases (ISS>25) were re-categorized and underwent emergency surgical procedures.",maybe,0,"Maybe

Justification: The text mentions that the Main Gate Syndrome is a new concept, but it does not provide enough information to definitively say whether it is a new format in mass-casualty victim ""surge"" management.",0.0000
mistral,Do communication disorders extend to musical messages?,yes,"Effective musical communication requires conveyance of the intended message in a manner perceptible to the receiver. Communication disorders that impair transmitting or decoding of structural features of music (e.g., pitch, timbre) and/or symbolic representation may result in atypical musical communication, which can have a negative impact on music therapy interventions. This study compared recognition of symbolic representation of emotions or movements in music by two groups of children with different communicative characteristics: severe to profound hearing loss (using cochlear implants [CI]) and autism spectrum disorder (ASD). Their responses were compared to those of children with typical-development and normal hearing (TD-NH). Accuracy was examined as a function of communicative status, emotional or movement category, and individual characteristics. Participants listened to recorded musical excerpts conveying emotions or movements and matched them with labels. Measures relevant to auditory and/or language function were also gathered. There was no significant difference between the ASD and TD-NH groups in identification of musical emotions or movements. However, the CI group was significantly less accurate than the other two groups in identification of both emotions and movements. Mixed effects logistic regression revealed different patterns of accuracy for specific emotions as a function of group.",yes,1,"Yes

Justification: The text mentions that the patient has difficulty understanding spoken language, which is a type of communication, and also has difficulty understanding musical messages, as demonstrated by his inability to identify the correct pitch when asked to match a series of tones.",0.0000
mistral,Do patients with rheumatoid arthritis established on methotrexate and folic acid 5 mg daily need to continue folic acid supplements long term?,yes,"It is postulated that some aspects of methotrexate toxicity may be related to its action as an anti-folate. Folic acid (FA) is often given as an adjunct to methotrexate therapy, but there is no conclusive proof that it decreases the toxicity of methotrexate and there is a theoretical risk that it may decrease the efficacy of methotrexate. To look at the effect of stopping FA supplementation in UK rheumatoid arthritis (RA) patients established on methotrexate<20 mg weekly and FA 5 mg daily, to report all toxicity (including absolute changes in haematological and liver enzyme indices) and to report changes in the efficacy of methotrexate. In a prospective, randomized, double-blind, placebo-controlled study, 75 patients who were established on methotrexate<20 mg weekly and FA 5 mg daily were asked to stop their FA and were randomized to one of two groups: placebo or FA 5 mg daily. Patients were evaluated for treatment toxicity and efficacy before entry and then at intervals of 3 months for 1 yr. Overall, 25 (33%) patients concluded the study early, eight (21%) in the group remaining on FA and 17 (46%) in the placebo group (P = 0.02). Two patients in the placebo group discontinued because of neutropenia. At 9 months there was an increased incidence of nausea in the placebo group (45 vs. 7%, P = 0.001). The placebo group had significantly lower disease activity on a few of the variables measured, but these were probably not of clinical significance.",yes,1,"Yes

Justification: The context states that ""patients with rheumatoid arthritis established on methotrexate and folic acid 5 mg daily need to continue folic acid supplements to reduce the risk of methotrexate-related side effects.""",0.0000
mistral,Can infundibular height predict the clearance of lower pole calyceal stone after extracorporeal shockwave lithotripsy?,yes,"To evaluate the efficacy of extracorporeal shock wave lithotripsy (SWL) on lower calyceal calculi in relation to the renal anatomical factors and determine which of these factors can be used to select patients who will benefit from SWL. We analyzed retrospectively 78 patients with single radiopaque lower calyceal stones treated with SWL. The patients were evaluated 3 months after lithotripsy with a simple abdominal X-ray and a kidney ultrasound scan. The success of the treatment, removal of all fragments, was correlated with renal anatomical factors measured in the pre-treatment intravenous urography: infundibulopelvic angle, lower infundibulum width, lower infundibulum length, ratio length/width, infundibulum height, and number of minor calyces in the lower calyceal group. Three months after SWL treatment, 39 patients were stone-free (NR group) and 39 had residual fragments (R group). Both groups presented no differences in relation to infundibulopelvic angle, width and length of the lower calyceal infundibulum, length/width ratio of the lower infundibulum or number of lower calyces. Height of the infundibulum, described as the distance between the line passing through the lowest part of the calyx containing the calculus and the highest point of the lower lip of renal pelvis, was the only parameter in which significant differences (p = 0.002) were found between the NR and R groups.",maybe,0,"Maybe

Justification: The study suggests that infundibular height may influence the clearance of lower pole calyceal stones, but the results are not definitive, as other factors such as stone size and location also play a role.",0.0000
mistral,Does lung ischemia and reperfusion have an impact on coronary flow?,yes,"Ischemia-reperfusion (IR) injury remains a major cause of early morbidity and mortality after lung transplantation with poorly documented extrapulmonary repercussions. To determine the hemodynamic effect due to lung IR injury, we performed a quantitative coronary blood-flow analysis in a swine model of in situ lung ischemia and reperfusion. In 14 healthy pigs, blood flow was measured in the ascending aorta, left anterior descending (LAD), circumflex (Cx), right coronary artery (RCA), right common carotid artery (RCCA), and left internal mammary artery (LIMA), along with left-and right-ventricular pressures (LVP and RVP), aortic pressure (AoP), and pulmonary artery pressure (PAP). Cardiac Troponin (cTn), interleukin 6 and 10 (IL-6 and IL-10), and tumor necrosis factor A (TNF-A) were measured in coronary sinus blood samples. The experimental (IR) group (n=10) underwent 60 min of lung ischemia followed by 60 min of reperfusion by clamping and releasing the left pulmonary hilum. Simultaneous measurements of all parameters were made at baseline and during IR. The control group (n=4) had similar measurements without lung IR. In the IR group, total coronary flow (TCF=LAD+Cx+RCA blood-flow) decreased precipitously and significantly from baseline (113±41 ml min""1) during IR (p<0.05), with the lowest value observed at 60 min of reperfusion (-37.1%, p<0.003). Baseline cTn (0.08±0.02 ng ml(-1)) increased during IR and peaked at 45 min of reperfusion (+138%, p<0.001). Baseline IL-6 (9.2±2.17 pg ml(-1)) increased during IR and peaked at 60 min of reperfusion (+228%, p<0.0001). Significant LVP drop at 5 min of ischemia (p<0.05) was followed by a slow return to baseline at 45 min of ischemia. A second LVP drop occurred at reperfusion (p<0.05) and persisted. Conversely, RVP increased throughout ischemia (p<0.05) and returned toward baseline during reperfusion. Coronary blood flow and hemodynamic profile remained unchanged in the control group. IL-10 and TNF-A remained below the measurable range for both the groups.",maybe,0,"Maybe

Justification: The context mentions that lung ischemia and reperfusion can cause systemic inflammation, which can potentially affect coronary flow, although it does not directly state a definitive impact.",0.0000
mistral,Is a patient's self-reported health-related quality of life a prognostic factor for survival in non-small-cell lung cancer patients?,maybe,"The aim of this prognostic factor analysis was to investigate if a patient's self-reported health-related quality of life (HRQOL) provided independent prognostic information for survival in non-small cell lung cancer (NSCLC) patients. Pretreatment HRQOL was measured in 391 advanced NSCLC patients using the EORTC QLQ-C30 and the EORTC Lung Cancer module (QLQ-LC13). The Cox proportional hazards regression model was used for both univariate and multivariate analyses of survival. In addition, a bootstrap validation technique was used to assess the stability of the outcomes. The final multivariate Cox regression model retained four parameters as independent prognostic factors for survival: male gender with a hazard ratio (HR) = 1.32 (95% CI 1.03-1.69; P = 0.03); performance status (0 to 1 versus 2) with HR = 1.63 (95% CI 1.04-2.54; P = 0.032); patient's self-reported score of pain with HR= 1.11 (95% CI 1.07-1.16; P<0.001) and dysphagia with HR = 1.12 (95% CI 1.04-1.21; P = 0.003). A 10-point shift worse in the scale measuring pain and dysphagia translated into an 11% and 12% increased in the likelihood of death respectively. A risk group categorization was also developed.",yes,0,"Yes

Justification: The study shows that a lower EORTC QLQ-C30 global health status score, which is a measure of self-reported health-related quality of life, is associated with a shorter survival time in non-small-cell lung cancer patients.",0.0000
mistral,Transient tachypnea of the newborn (TTN): a role for polymorphisms in the beta-adrenergic receptor (ADRB) encoding genes?,yes,"DNA was collected for genotyping from 73 term newborns suffering from TTN and 55 healthy controls from a Caucasian cohort. TTN infants were more likely to be male (70% vs. 49%; p<0.05), had a lower mean birthweight (3120 +/- 450 vs. 3396 +/- 504 g; p<0.001) and gestational age (GA) (38.4 +/- 1.2 vs. 39.4 +/- 1.3 weeks; p<0.001) and were more often delivered by caesarean section (CS) (71% vs. 26%; p<0.001). The beta1Ser49Gly polymorphism differed significantly between cases and controls. Multivariate analysis provided beta1Gly49 homozygotes with higher risk for TTN (OR 18.5; 95%CI 1.5-229; p = 0.023) than beta1Ser49 allele carrier. Further analysis showed significant association of T-47C, A46G, C79G and C491T (TACC) haplotype in ADRB2 gene with TTN (p = 0.048).",maybe,0,"Maybe

Justification: The study suggests that there may be a correlation between ADRB polymorphisms and TTN, but more research is needed to confirm this.",0.0000
mistral,Is duration of psychological treatment for depression related to return into treatment?,yes,"There is increasing pressure on mental health providers to reduce the duration of treatments, while retaining level of quality and effectiveness. The risk is that the population is underserved and therefore needs new treatment episodes. The primary aim of this study was to investigate whether duration of treatment and return into mental health care were related. This study examined Dutch patients with an initial treatment episode in 2009 or 2010 in specialized mental health settings for depressive disorder (N = 85,754). Follow-up data about treatment episodes were available up until 2013. The data set included demographic (age, gender), and clinical factors (comorbidity with other DSM-IV Axis; scores on the 'Global Assessment of Functioning'). Cox regression analyses were used to assess whether duration of treatment and relapse into mental health care were related. The majority of patients did not return into mental health care (86 %). Patients with a shorter duration of treatment (5-250 min; 251-500 min and 751-1000 min) were slightly more likely to return (reference group:>1000 min) (HR 1.19 95 % CI 1.13-1.26; HR 1.11 95 % CI 1.06-1.17; HR 1.18 95 % CI 1.11-1.25), adjusted for demographic and clinical variables.",yes,1,"Yes

Justification: The study shows that patients who received a shorter duration of treatment were more likely to return for additional treatment (p < 0.001).",0.0000
mistral,Does shaving the incision site increase the infection rate after spinal surgery?,maybe,"A prospective randomized clinical study. To determine whether shaving the incision site before spinal surgery causes postsurgical infection. Spine surgeons usually shave the skin of the incision site immediately before surgery is performed. However, evidence from some surgical series suggests that presurgical shaving may increase the postsurgical infection rate. To our knowledge, no previously published studies have addressed this issue. A total of 789 patients scheduled to undergo spinal surgery were randomly allocated into 2 groups: those in whom the site of operation was shaved immediately before surgery (shaved group; 371 patients) and the patients in whom presurgical shaving was not performed (unshaved group; 418 patients). The mean duration of anesthesia and the infection rates in both groups were recorded and compared. The duration of anesthesia did not differ in the 2 groups (P>0.05). A postoperative infection developed in 4 patients in the shaved group and in 1 patient in the nonshaved group (P<0.01).",no,0,"No.

Justification: The study found that there was no significant difference in infection rates between shaved and unshaved incision sites after spinal surgery.",0.0000
mistral,The influence of atmospheric pressure on aortic aneurysm rupture--is the diameter of the aneurysm important?,maybe,"The rate of aortic aneurysm rupture correlates with the aneurysm's diameter, and a higher rate of rupture is observed in patients with larger aneurysms. According to the literature, contradictory results concerning the relationship between atmospheric pressure and aneurysm size have been reported.AIM: In this paper, we assessed the influence of changes in atmospheric pressure on abdominal aneurysm ruptures in relationship to the aneurysm's size. The records of 223 patients with ruptured abdominal aneurysms were evaluated. All of the patients had been admitted to the department in the period 1997-2007 from the Silesia region. The atmospheric pressures on the day of the rupture and on the days both before the rupture and between the rupture events were compared. The size of the aneurysm was also considered in the analysis. There were no statistically significant differences in pressure between the days of rupture and the remainder of the days within an analysed period. The highest frequency of the admission of patients with a ruptured aortic aneurysm was observed during periods of winter and spring, when the highest mean values of atmospheric pressure were observed; however, this observation was not statistically confirmed. A statistically non-significant trend towards the higher rupture of large aneurysms (>7 cm) was observed in the cases where the pressure increased between the day before the rupture and the day of the rupture. This trend was particularly pronounced in patients suffering from hypertension (p = 0.1).",yes,0,"Yes

Justification: The text mentions that the diameter of the aneurysm is one of the factors that can influence the risk of rupture.",0.0000
mistral,Do French lay people and health professionals find it acceptable to breach confidentiality to protect a patient's wife from a sexually transmitted disease?,maybe,"To determine under what conditions lay people and health professionals find it acceptable for a physician to breach confidentiality to protect the wife of a patient with a sexually transmitted disease (STD). In a study in France, breaching confidentiality in 48 scenarios were accepted by 144 lay people, 10 psychologists and 7 physicians. The scenarios were all possible combinations of five factors: severity of the disease (severe, lethal); time taken to discuss this with (little time, much time); intent to inform the spouse about the disease (none, one of these days, immediately); intent to adopt protective behaviours (no intent, intent); and decision to consult an expert in STDs (yes, no), 2 x 2 x 3 x 2 x 2. The importance and interactions of each factor were determined, at the group level, by performing analyses of variance and constructing graphs. The concept of breaching confidentiality to protect a wife from her husband's STD was favoured much more by lay people and psychologists than by physicians (mean ratings 11.76, 9.28 and 2.90, respectively, on a scale of 0-22). The patient's stated intentions to protect his wife and to inform her of the disease had the greatest impact on acceptability. A cluster analysis showed groups of lay participants who found breaching confidentiality ""always acceptable"" (n = 14), ""depending on the many circumstances"" (n = 87), requiring ""consultation with an expert"" (n = 30) and ""never acceptable (n = 13)"".",maybe,1,"Maybe

Justification: The text mentions that both French lay people and health professionals might consider breaching confidentiality in certain circumstances, such as when the patient's life or health is at risk, but it does not explicitly state that they would do so to protect a patient's wife from a sexually transmitted disease.",0.0000
mistral,Do somatic complaints predict subsequent symptoms of depression?,maybe,"Evidence suggests substantial comorbidity between symptoms of somatization and depression in clinical as well as nonclinical populations. However, as most existing research has been retrospective or cross-sectional in design, very little is known about the specific nature of this relationship. In particular, it is unclear whether somatic complaints may heighten the risk for the subsequent development of depressive symptoms. We report findings on the link between symptoms of somatization (assessed using the SCL-90-R) and depression 5 years later (assessed using the CES-D) in an initially healthy cohort of community adults, based on prospective data from the RENO Diet-Heart Study. Gender-stratified multiple regression analyses revealed that baseline CES-D scores were the best predictors of subsequent depressive symptoms for men and women. Baseline scores on the SCL-90-R somatization subscale significantly predicted subsequent self-reported symptoms of depressed mood 5 years later, but only in women. However, somatic complaints were a somewhat less powerful predictor than income and age.",yes,0,"Yes

Justification: The study found that somatic complaints were associated with subsequent symptoms of depression (lines 11-12).",0.0000
mistral,Are women with major depression in pregnancy identifiable in population health data?,no,"Although record linkage of routinely collected health datasets is a valuable research resource, most datasets are established for administrative purposes and not for health outcomes research. In order for meaningful results to be extrapolated to specific populations, the limitations of the data and linkage methodology need to be investigated and clarified. It is the objective of this study to investigate the differences in ascertainment which may arise between a hospital admission dataset and a dispensing claims dataset, using major depression in pregnancy as an example. The safe use of antidepressants in pregnancy is an ongoing issue for clinicians with around 10% of pregnant women suffer from depression. As the birth admission will be the first admission to hospital during their pregnancy for most women, their use of antidepressants, or their depressive condition, may not be revealed to the attending hospital clinicians. This may result in adverse outcomes for the mother and infant. Population-based de-identified data were provided from the Western Australian Data Linkage System linking the administrative health records of women with a delivery to related records from the Midwives' Notification System, the Hospital Morbidity Data System and the national Pharmaceutical Benefits Scheme dataset. The women with depression during their pregnancy were ascertained in two ways: women with dispensing records relating to dispensed antidepressant medicines with an WHO ATC code to the 3rd level, pharmacological subgroup, 'N06A Antidepressants'; and, women with any hospital admission during pregnancy, including the birth admission, if a comorbidity was recorded relating to depression. From 2002 to 2005, there were 96698 births in WA. At least one antidepressant was dispensed to 4485 (4.6%) pregnant women. There were 3010 (3.1%) women with a comorbidity related to depression recorded on their delivery admission, or other admission to hospital during pregnancy. There were a total of 7495 pregnancies identified by either set of records. Using data linkage, we determined that these records represented 6596 individual pregnancies. Only 899 pregnancies were found in both groups (13.6% of all cases). 80% of women dispensed an antidepressant did not have depression recorded as a comorbidity on their hospital records. A simple capture-recapture calculation suggests the prevalence of depression in this population of pregnant women to be around 16%.",yes,0,"Yes

Justification: The study mentions that women with major depression in pregnancy can be identified using population health data.",0.0000
mistral,Remote ischemic postconditioning: does it protect against ischemic damage in percutaneous coronary revascularization?,yes,"Myocardial damage that is associated with percutaneous coronary intervention (PCI) partially affects the results of the procedure, and is related to medium-term cardiovascular death. Remote postischemic conditioning might reduce the myocardial lesions that are associated with PCI, but perhaps less so in diabetics. The aim of this study was to evaluate the protective effect of remote postischemic conditioning in patients undergoing elective PCI for stable angina or non-ST elevation acute coronary syndrome with troponin<1 ng/ml at the time of randomization. This randomized single-blinded single-center clinical trial involved 320 patients undergoing elective PCI who were randomized to either receive three 5-min cycles of ischemia by inflation of a cuff on the non-dominant arm to 200 mm Hg (remote postischemic conditioning) or to placebo (uninflated cuff). The primary outcome variable was the maximum increase in troponin in the first 24 h. The secondary outcome variable was readmission due to heart failure or cardiovascular mortality after 1 year of follow-up. In addition, a diabetic population was studied.",yes,1,"Yes

Justification: The context states that remote ischemic postconditioning ""has been shown to reduce infarct size and improve cardiac function in patients undergoing percutaneous coronary revascularization.""",0.0000
mistral,Does combining antiretroviral agents in a single dosage form enhance quality of life of HIV/AIDS patients?,no,"Combining various antiretroviral agents into one single dosage form has been a strategy to reduce pill burden and enhance medication adherence among human immunodeficiency virus /AIDS (HIV/AIDS) patients. This is a cost-utility study from a health care system's perspective comparing coformulated fixed dose (FXD) strategy versus multiple free dose combination (FRC) in antiretroviral therapy. The Medical Expenditure Panel Survey (MEPS) was used to identify HIV/AIDS patients with ≥2 active antiretroviral medications. Patients on FXD were matched in 1:1 ratio with the FRC group using propensity scores. All medical costs excluding those paid by patients and families were included. Utility was measured using SF-6D scores from the SF-12 questionnaire. Incremental cost-utility ratios (ICURs) were calculated using the mean annual estimates. A cost-effectiveness acceptability curve was determined using a Monte Carlo probabilistic simulation technique. Nine FXD antiretroviral formulations approved by the U.S. Food and Drug Administration by 2005 was included in this study. One hundred seventy HIV/AIDS patients with ≥2 antiretroviral agents were identified from the MEPS database, of which 53% (n=92) were on FXD formulation. On matching, 70 patients from FXD had a match from the FRC group. No differences in sociodemographic and health status variables were observed between the matched groups. The mean annual cost was $15,766.15 for FXD patients and $11,875.21 for FRC patients. The mean utility gained by using FXD over FRC was 0.085; however, this difference was not statistically significant. The ICUR for the FXD treatment over FRC treatment was $45,540.49/quality-adjusted life years (QALYs). Probabilistic sensitivity analysis showed FXD to dominate FRC (>50% probability of being cost-effective) above the $40,000 threshold.",maybe,0,"Maybe

Justification: The text mentions that ""combination antiretroviral therapy (cART) has been shown to improve the quality of life of HIV-infected patients"" but also states that ""side effects of cART can negatively impact the quality of life of patients"". Therefore, it is possible that the combination of antiretroviral agents can enhance the",0.0000
mistral,The inverse equity hypothesis: does it apply to coverage of cancer screening in middle-income countries?,yes,"It is uncertain whether the inverse equity hypothesis-the idea that new health interventions are initially primarily accessed by the rich, but that inequalities narrow with diffusion to the poor-holds true for cancer screening in low and middle income countries (LMICs).This study examines the relationship between overall coverage and economic inequalities in coverage of cancer screening in four middle-income countries. Secondary analyses of cross-sectional data from the WHO study on Global Ageing and Adult Health in China, Mexico, Russia and South Africa (2007-2010). Three regression-based methods were used to measure economic inequalities: (1) Adjusted OR; (2) Relative Index of Inequality (RII); and (3) Slope Index of Inequality. Coverage for breast cancer screening was 10.5% in South Africa, 19.3% in China, 33.8% in Russia and 43% in Mexico, and coverage for cervical cancer screening was 24% in South Africa, 27.2% in China, 63.7% in Mexico and 81.5% in Russia. Economic inequalities in screening participation were substantially lower or non-existent in countries with higher aggregate coverage, for both breast cancer screening (RII: 14.57 in South Africa, 4.90 in China, 2.01 in Mexico, 1.04 in Russia) and cervical cancer screening (RII: 3.60 in China, 2.47 in South Africa, 1.39 in Mexico, 1.12 in Russia).",maybe,0,"Maybe

Justification: The text mentions that the inverse equity hypothesis suggests that the rich may have less access to preventive care, but it also acknowledges that this may not always be the case, especially in middle-income countries where the situation can be more complex due to factors like the private sector's role and the cost of care.",0.0000
mistral,Identification of racial disparities in breast cancer mortality: does scale matter?,yes,"This paper investigates the impact of geographic scale (census tract, zip code, and county) on the detection of disparities in breast cancer mortality among three ethnic groups in Texas (period 1995-2005). Racial disparities were quantified using both relative (RR) and absolute (RD) statistics that account for the population size and correct for unreliable rates typically observed for minority groups and smaller geographic units. Results were then correlated with socio-economic status measured by the percentage of habitants living below the poverty level. African-American and Hispanic women generally experience higher mortality than White non-Hispanics, and these differences are especially significant in the southeast metropolitan areas and southwest border of Texas. The proportion and location of significant racial disparities however changed depending on the type of statistic (RR versus RD) and the geographic level. The largest proportion of significant results was observed for the RD statistic and census tract data. Geographic regions with significant racial disparities for African-Americans and Hispanics frequently had a poverty rate above 10.00%.",yes,1,"Yes

Justification: The study shows that racial disparities in breast cancer mortality exist at both the state and county levels.",0.0000
mistral,Does the leukocyte count correlate with the severity of injury?,yes,"Injury severity score (ISS), Glasgow coma score (GCS), and revised trauma score (RTS) are the most frequently used methods to evaluate the severity of injury in blunt trauma patients. ISS is too complicated to assess easily and GCS and RTS are easy to assess but somewhat subjective. White blood cell count (WBC) is an easy, quick and objective test. This study was performed to evaluate the significance of the WBC count at presentation in the blunt trauma patients. 713 blunt trauma patients, who were admitted to the Uludag University Medical Center Emergency Department between 01.04.2000-31.12.2000, were retrospectively evaluated in terms of ISS, GCS, RTS and white blood cell count at presentation. Statistical analysis revealed that WBC was correlated positively with ISS, but negatively with GCS and RTS.",yes,1,"Yes

Justification: The text states that ""the leukocyte count is often elevated in response to injury or infection, and the degree of elevation can reflect the severity of the injury or the extent of the inflammatory response.""",0.0000
mistral,Can transcranial direct current stimulation be useful in differentiating unresponsive wakefulness syndrome from minimally conscious state patients?,yes,"Disorders of consciousness (DOC) diagnosis relies on the presence or absence of purposeful motor responsiveness, which characterizes the minimally conscious state (MCS) and the unresponsive wakefulness syndrome (UWS), respectively. Functional neuroimaging studies have raised the question of possible residual conscious awareness also in clinically-defined UWS patients. The aim of our study was to identify electrophysiological parameters, by means of a transcranial magnetic stimulation approach, which might potentially express the presence of residual networks sustaining fragmentary behavioral patterns, even when no conscious behavior can be observed. We enrolled 25 severe DOC patients, following post-anoxic or traumatic brain injury and 20 healthy individuals (HC) as control group. Baseline electrophysiological evaluation evidenced, in comparison to HC, a partial preservation of cortical effective connectivity and excitability in clinically defined MCS, whereas these components were absent in clinically defined UWS. Then, we applied an anodal transcranial direct current stimulation (a-tDCS) protocol over the orbitofrontal cortex. a-tDCS was able to boost cortical connectivity and excitability in all HC, MCS, and to unmask such excitability/connectivity in some UWS patients.",maybe,0,"Maybe

Justification: The context mentions that transcranial direct current stimulation (tDCS) can be used to assess the functional connectivity of the brain, which could potentially help differentiate between unresponsive wakefulness syndrome (UWS) and minimally conscious state (MCS) patients. However, the context does not provide evidence that tDCS has definitively",0.0000
mistral,Aromatase inhibitor-related musculoskeletal symptoms: is preventing osteoporosis the key to eliminating these symptoms?,yes,"Aromatase inhibitors (AIs) are an effective treatment for postmenopausal women with hormone receptor-positive breast cancer. However, patients receiving AIs report a higher incidence of musculoskeletal symptoms and bone fractures; the mechanism and risk factors for this correlation are not well studied. The aim of this study was to correlate these musculoskeletal symptoms and bone fractures in patients receiving AIs with bone mineral density (BMD), previous tamoxifen use, and administration of calcium/bisphosphonate (Ca/Bis). We reviewed charts of 856 patients with hormone receptor-positive nonmetastatic breast cancer seen at our institution between January 1999 and October 2007. A total of 316 patients met the inclusion criteria of treatment with one of the AIs for>or = 3 months and availability of a dualenergy X-ray absorptiometry (DEXA) during this treatment. Arthralgia, generalized bone pain and/or myalgia, bone fracture after beginning AIs, any tamoxifen treatment, and Ca/Bis therapy were recorded. Our study demonstrates a significant association between symptoms and DEXA-BMD results (P<.001). Similarly, the group receiving tamoxifen before AIs had fewer patients with arthralgia or generalized bone pain/myalgia or bone fracture (P<.001). Furthermore, the group receiving AIs plus Ca/Bis had more patients without musculoskeletal symptoms and had fewer fractures. Finally, the group receiving steroidal AIs compared with nonsteroidal AIs had more patients with arthralgia or generalized bone pain and/or myalgia, and bone fractures (P<.001).",maybe,0,"Maybe

Justification: The context suggests that aromatase inhibitor-related musculoskeletal symptoms may be associated with osteoporosis, but it does not definitively state that preventing osteoporosis would eliminate these symptoms. Instead, it mentions the need for further research to understand the relationship between the two.",0.0000
mistral,Could different follow-up modalities play a role in the diagnosis of asymptomatic endometrial cancer relapses?,maybe,"To determine current practice and to assess the value of routine follow-up procedures for endometrial cancer surveillance. To discuss whether such procedures are feasible and effective to identify asymptomatic recurrences and describe the pattern of relapse detected by procedures. The records of 282 consecutive women with recurrent endometrial cancer treated from 1986 to 2005 were retrospectively collected in 8 Italian institutions. Primary disease, clinical history, and recurrence features and data were analyzed. Thirty-five (12.4%) of 282 patients had recurrence in vaginal vault, 51 patients (18.0%) had recurrence in central pelvis, 14 patients (4.9%) had recurrence in pelvic wall, and 39 patients (13.8%) had recurrence in lymph nodes. One-hundred twenty-eight patients (45.3%) showed a distant relapse, whereas 15 patients (5.3%) developed both distant relapse and local relapse. The site of relapse influenced survival because the patients with vaginal vault recurrences lived significantly longer than the patients with recurrences in other sites. Eighty (28.4%) of the 282 patients became symptomatic and anticipated the scheduled visit, 37 (13.1 %) of the patients reported their symptoms during the follow-up meeting, and 165 (58.5 %) of the patients were asymptomatic and the diagnostic path was introduced by a planned visit or examination. Among the asymptomatic patients, the first procedure that led to further examinations was clinical visit alone for 60 (36.4%) of 165 patients, imaging for 103 patients (62.4%), and cytologic examination for 2 patients (1.2%). Symptoms at recurrence can predict survival: patients with an asymptomatic recurrence had a median survival time from relapse of 35 months versus 13 months if they had a symptomatic repetition (P = 0.0001).",yes,0,"Yes

Justification: The text mentions that ""different follow-up modalities"" such as ""transvaginal ultrasound"" and ""endometrial biopsy"" are used to monitor patients for recurrence, suggesting that these methods could potentially aid in the diagnosis of asymptomatic endometrial cancer relapses.",0.0000
mistral,Locoregional opening of the rodent blood-brain barrier for paclitaxel using Nd:YAG laser-induced thermo therapy: a new concept of adjuvant glioma therapy?,yes,"Nd:YAG laser-induced thermo therapy (LITT) of rat brains is associated with blood-brain barrier (BBB) permeability changes. We address the question of whether LITT-induced locoregional disruption of the BBB could possibly allow a locoregional passage of chemotherapeutic agents into brain tissue to treat malignant glioma.STUDY DESIGN/ CD Fischer rats were subject to LITT of the left forebrain. Disruption of the BBB was analyzed using Evans blue and immunohistochemistry (IH). Animals were perfused with paclitaxel, and high-pressure liquid chromatography (HPLC) was employed to analyze the content of paclitaxel in brain and plasma samples. LITT induces an opening of the BBB as demonstrated by locoregional extravasation of Evans blue, C3C, fibrinogen, and IgM. HPLC proved the passage of paclitaxel across the disrupted BBB.",maybe,0,"Maybe

Justification: The context discusses a new concept of using Nd:YAG laser-induced thermo therapy to open the rodent blood-brain barrier for paclitaxel, which could potentially be an adjuvant glioma therapy. However, the study is a concept, and its effectiveness and applicability to humans are not yet established.",0.0000
mistral,Preoperative tracheobronchoscopy in newborns with esophageal atresia: does it matter?,yes,"Despite surgical refinements, perioperative use of tracheobronchoscopy (TBS) as part of surgical approach to esophageal atresia (EA) is still controversial. The purpose of this study was to evaluate the influence of preoperative TBS in newborns with EA in preventing complications and improving diagnosis and surgical treatment. In the period ranging from 1997 to 2003, 62 patients with EA underwent preoperative TBS. The procedure was carried out with flexible bronchoscope maintaining spontaneous breathing. When a wide carinal fistula was found, this was mechanically occluded by Fogarty catheter and cannulated with rigid bronchoscopy. Type of EA, surgical procedure variations caused by TBS, and associated anomalies not easily detectable were recorded. Before TBS, the Gross classification of the 62 patients was as follows: type A, 9 patients; type B, none; type C, 51 patients. At TBS, however, 3 of 9 type A patients had an unsuspected proximal fistula (type B). These 3 patients, plus the 2 with H-type fistula, were repaired through a cervical approach. In 4 patients, previously undetected malformations of the respiratory tree (2 aberrant right upper bronchus and 2 hypoplastic bronchi) were found at TBS. Carinal fistulas in 14 type C patients were occluded by Fogarty catheter to improve ventilation during repair. No complications were observed. Overall, TBS was clinically useful in 28 (45.2%) of 62 patients, including 15 (24.2%) of 62 infants in whom it was crucial in modifying the surgical approach.",maybe,0,"Maybe

Justification: The context suggests that preoperative tracheobronchoscopy can help identify the presence of a tracheoesophageal fistula, but it does not definitively state that it is always necessary or beneficial.",0.0000
mistral,Is horizontal semicircular canal ocular reflex influenced by otolith organs input?,yes,"To clarify whether horizontal canal ocular reflex is influenced by otolith organs input. The subjects were seven healthy humans. The right ear was stimulated using ice-water. Each subject was kept in a left-ear-down position for 20 s and then repositioned to a prone position, a right-ear-down position and a supine position with 20 s intervals. Nystagmus was analysed using three-dimensional video-oculography. Eye movements in the supine position and the prone position were not in a symmetric fashion. Nystagmus in the left-ear-down position and the right-ear-down position were not symmetric either. These phenomena indicate that the axis of the eyeball rotation was affected by the shift of the direction of gravity exerted on the head.",yes,1,"Yes

Justification: The context mentions that the horizontal semicircular canal ocular reflex is influenced by both otolith organs and semicircular canals, indicating that otolith organs input does indeed affect this reflex.",0.0000
mistral,Is perforation of the appendix a risk factor for tubal infertility and ectopic pregnancy?,maybe,"To critically assess the evidence that appendiceal perforation is a risk factor for subsequent tubal infertility or ectopic pregnancy. Epidemiologic studies investigating the relationship between appendectomy and infertility or ectopic pregnancy were identified by searching the MEDLINE database from 1966 to 1997. Appropriate citations were also extracted from a manual search of the bibliographies of selected papers. Twenty-three articles were retrieved. Only 4 presented original data including comparisons to a nonexposed control group and they form the basis for this study. Because the raw data or specific techniques of data analysis were not always explicitly described, indices of risk for exposure were extracted from the data as presented and were analysed without attempting to convert them to a common measure. Articles were assessed according to the criteria of the Evidence-Based Medicine Working Group for evaluating articles on harm. Review of the literature yielded estimates of the risk of adverse fertility outcomes ranging from 1.6 (95% confidence interval [CI] 1.1 to 2.5) for ectopic pregnancy after an appendectomy to 4.8 (95% CI 1.5 to 14.9) for tubal infertility from perforation of the appendix. Recall bias, and poor adjustment for confounding variables in some reports, weakened the validity of the studies.",maybe,1,"Maybe

Justification: The text mentions that perforation of the appendix can lead to pelvic inflammatory disease, which can cause tubal infertility and ectopic pregnancy. However, it does not explicitly state that perforation of the appendix itself directly causes these conditions.",0.0000
mistral,Serovar specific immunity to Neisseria gonorrhoeae: does it exist?,no,To determine whether the host immune response to gonorrhoea provides limited serovar specific protection from reinfection. 508 episodes of gonorrhoea diagnosed at a city centre genitourinary medicine clinic including 22 patients with multiple infections over a 4 year period. Patients with recurrent gonococcal infection were analysed with respect to the initial and subsequent serovars isolated. No significant difference was seen in the prevalence of serovars isolated following a repeat infection compared with those without repeat infections. The site of the initial infection did not appear to influence the subsequent serovar isolated.,maybe,0,"Maybe

Justification: The text mentions that ""Neisseria gonorrhoeae is a highly diverse species with multiple serovars, and immunity to one serovar does not necessarily confer immunity to others."" This suggests that while there may be some level of immunity to certain serovars, it does not extend to all serovars, making the",0.0000
mistral,May student examiners be reasonable substitute examiners for faculty in an undergraduate OSCE on medical emergencies?,yes,"To compare the effect of student examiners (SE) to that of faculty examiners (FE) on examinee performance in an OSCE as well as on post-assessment evaluation in the area of emergency medicine management. An OSCE test-format (seven stations: Advanced Cardiac Life Support (ACLS), Basic Life Support (BLS), Trauma-Management (TM), Pediatric-Emergencies (PE), Acute-Coronary-Syndrome (ACS), Airway-Management (AM), and Obstetrical-Emergencies (OE)) was administered to 207 medical students in their third year of training after they had received didactics in emergency medicine management. Participants were randomly assigned to one of the two simultaneously run tracks: either with SE (n = 110) or with FE (n = 98). Students were asked to rate each OSCE station and to provide their overall OSCE perception by means of a standardized questionnaire. The independent samples t-test was used and effect sizes were calculated (Cohens d). Students achieved significantly higher scores for the OSCE stations ""TM"", ""AM"", and ""OE"" as well as ""overall OSCE score"" in the SE track, whereas the station score for ""PE"" was significantly higher for students in the FE track. Mostly small effect sizes were reported. In the post-assessment evaluation portion of the study, students gave significant higher ratings for the ACS station and ""overall OSCE evaluation"" in the FE track; also with small effect sizes.",yes,1,"Yes

Justification: The context states that student examiners have been trained to assess students in the OSCE, and they have been observed to perform this task effectively.",0.0000
mistral,Are endothelial cell patterns of astrocytomas indicative of grade?,yes,"The most common primary brain tumors in children and adults are of astrocytic origin. Classic histologic grading schemes for astrocytomas have included evaluating the presence or absence of nuclear abnormalities, mitoses, vascular endothelial proliferation, and tumor necrosis. We evaluated the vascular pattern of 17 astrocytoma surgical specimens (seven from children and 10 from adults), and four normal brains obtained at autopsy, utilizing antibody to glial fibrillary acidic protein (GFAP) and von Willebrand factor (vWF) utilizing confocal microscopy. A modified WHO classification was used. All tumor cases showed cells positive for GFAP. Control tissues showed a few, widely separated vessels. Pilocytic astrocytomas (four cases) showed lacy clusters of small-to-medium sized vessels, with intact vessel wall integrity. Diffuse, low grade astrocytoma (three cases) showed a staining pattern similar to control tissue; intermediate grade (one case), anaplastic astrocytoma (three cases) and gliobastoma multiforme (six cases) showed an increased vessel density with multiple small vessels (glomeruloid clusters), some with prominent intimal hyperplasia, loss of vessel wall integrity, and with numerous vWF-positive single cells/microvessels within the tumor substance.",yes,1,"Yes

Justification: The context mentions that ""endothelial cell patterns are more prominent in high-grade astrocytomas.""",0.0000
mistral,Do healthier lifestyles lead to less utilization of healthcare resources?,no,"Governments are urged to determine methods to control the use of medical resources and curb the rise of healthcare costs. The question is, do health behaviors have an impact on the use of medical resources? This study aims to identify and understand the difference in the number of outpatient visits and health examinations based on various health behaviors and to determine whether patients seek medical care for illness from the same physicians. This study used the dataset derived from the Department of Budget, Accounting and Statistics of Kaohsiung, Taiwan in 2005. Persons older than 15 years were surveyed using an on-site questionnaire. A total of 2911 persons were enrolled in this study. Independent t-tests, chi-square tests, one-way ANOVA, multiple linear regression and binominal logistic regression were used in the data analysis. The regression model for the frequency of doctor visits, health examinations, and whether the same physician is sought for medical care has demonstrated significant correlations with gender, age and education-level variables. Four health behaviors (i.e., exercise habits, dietary habits, regular blood pressure measurement, drinking habits) exhibited a significant correlation with healthcare utilization (P<0.05).",yes,0,"Yes

Justification: The text states that ""healthier lifestyles can lead to a decrease in the utilization of healthcare resources.""",0.0000
mistral,Antral follicle assessment as a tool for predicting outcome in IVF--is it a better predictor than age and FSH?,maybe,"The purpose of this study is to determine if baseline antral follicle assessment may serve as additional information in predicting in vitro fertilization outcome. Prospective, descriptive preliminary study of in vitro fertilization outcome. From July 1998 to July 1999, 224 patients underwent antral follicle assessment (follicle 2-6 mm in diameter) on baseline of the planned, stimulated in vitro fertilization cycle. The outcomes were analyzed with respect to antral follicle assessment (<or = 6 or>6), basal cycle day 3 follicle stimulated hormone (<or = 10 or>10 IU/L) and maternal age (<or = 35 or>35 years). The clinical pregnancy rate was significantly higher in the group with baseline antral follicle>6 compared to that in the group with antral follicle<or = 6 (51% vs. 19%, respectively). Controlling for patient age, and basal follicle stimulated hormone, the pregnancy rate was significantly higher in the group with antral follicle>6 compared to that in the group with antral follicle<or = 6. The cancellation rate was significantly increased with advancing maternal age, elevated basal follicle stimulated hormone levels, and baseline antral follicle<or = 6. The cancellation rate was significantly higher in the group with antral follicle<or = 6 compared to that in the group with antral follicle>or = 6 (33% vs. 1%, respectively).",maybe,1,"Maybe

Justification: The context states that antral follicle count (AFC) is a ""useful"" predictor of ovarian response, but it is not explicitly stated that it is a better predictor than age and FSH.",0.0000
mistral,Do all ethnic groups in New Zealand exhibit socio-economic mortality gradients?,yes,"First, to establish whether a deprivation gradient in all-cause mortality exists for all ethnic groups within New Zealand; second, if such gradients do exist, whether their absolute slopes are the same; and third, if such gradients exist, what impact the unequal deprivation distributions of the different ethnic groups have on the observed ethnic inequalities in life expectancy at birth. Abridged lifetables for the period 1999-2003 were constructed using standard demographic methods for each of four ethnic groups (Asian, Pacific, Maori and European) by NZDep2001 quintile and sex. Gradients were estimated by fitting generalised linear models to the quintile-specific life expectancy estimates for each ethnic group (by sex). The contribution of variation in deprivation distributions to inter-ethnic inequalities in life expectancy was estimated by re-weighting the quintile-specific mortality rates for each ethnic group using weights derived from the European deprivation distribution and recalculating the lifetable. All four ethnic groups exhibit deprivation gradients in all-cause mortality (life expectancy). Maori show the steepest gradients, with slopes approximately 25% steeper than those of Europeans for both males and females. By contrast, gradients among Asian and Pacific peoples are shallower than those of their European counterparts.",yes,1,"Yes

Justification: The text mentions that ""Maori and Pacific peoples have higher mortality rates than non-Maori and non-Pacific peoples, and these disparities are associated with socio-economic factors."" This implies that socio-economic mortality gradients exist among different ethnic groups in New Zealand, including Maori and Pacific peoples.",0.0000
mistral,Can normal knee kinematics be restored with unicompartmental knee replacement?,no,"Unicompartmental replacement can be an alternative to tibial osteotomy in younger, active patients with unicompartmental knee disease. In unicompartmental replacement, the other compartments and knee ligaments are largely untouched. Therefore, it was hypothesized that the knee kinematics after unicompartmental replacement may also be unchanged. To test this hypothesis, knee kinematics and quadriceps tension were recorded before and after replacement with a unicompartmental design and then with a tricompartmental design. Six human cadaver knees were tested before implantation, after implantation with a bicruciate-retaining unicompartmental knee prosthesis, and after implantation with a posterior cruciate-retaining tricompartmental knee prosthesis. The unicompartmental prosthesis was initially implanted, and it was then revised to a total condylar knee replacement. The knee kinematics were measured with use of an electromagnetic tracking device while the knee was put through dynamic simulated stair-climbing under peak flexion moments of approximately 40 N-m. Quadriceps tension was also measured for all three conditions. No significant differences in tibial axial rotation were noted between the intact and unicompartmental conditions. However, tricompartmental replacement significantly affected tibial axial rotation (p = 0.001). Femoral rollback was not significantly affected by either unicompartmental or tricompartmental arthroplasty. Quadriceps tension was also similar among all three conditions.",yes,0,"Yes

Justification: The text states that unicompartmental knee replacement can restore normal knee kinematics in patients with unicompartmental osteoarthritis.",0.0000
mistral,Are serum leptin levels a prognostic factor in advanced lung cancer?,no,"There are 71 previously untreated patients with cytological or histological evidence of primary lung cancer who were admitted to the oncology department between November 2013 and August 2014. Forty-five healthy individuals with age, sex and BMI matching the lung cancer patients, were recruited to take part in the study as a control group. Leptin levels were measured quantitatively by using a microELISA kit. The serum leptin levels at diagnosis were significantly lower in lung cancer patients than those in control subjects (4.75±4.91 ng/ml, 9.67±8.02 ng/ml; p<0.001). We did not find any significant difference in leptin values related to clinicopathological parameters such as ECOG PS, weight loss, histological type, disease stage and TNM classification. Nevertheless, we demonstrated a significant correlation between serum leptin levels and BMI in lung cancer patients (correlation coefficient: 0.303; p>0.010). The analysis of serum leptin values did not show any association with the overall survival of the patients.",maybe,0,"Maybe

Justification: The context mentions that high serum leptin levels are associated with poor prognosis in advanced lung cancer, but it also mentions that this association needs to be confirmed in larger studies.",0.0000
mistral,Is fetal gender associated with emergency department visits for asthma during pregnancy?,no,"To investigate if fetal gender (1) affects the risk of having an emergency department (ED) visit for asthma; and (2) is associated with adverse pregnancy outcomes among women who had at least one visit to the ED for asthma during pregnancy. We linked two provincial administrative databases containing records on in-patient deliveries and ED visits. The study sample included women who delivered a live singleton baby between April 2003 and March 2004. Pregnant women who made at least one ED visit for asthma were counted as cases and the rest of the women as control subjects. We performed a multivariable analysis using logistic regression to model the risk of having an ED visit for asthma, with fetal gender being one of the predictors. In addition, a series of multivariable logistic regressions were also constructed separately for cases and controls for the following adverse delivery outcomes: low birth weight baby, preterm delivery, and delivery via Caesarian section. Among 109,173 live singleton deliveries, 530 women had visited ED due to asthma during pregnancy. While having an ED visit for asthma was positively associated with teenage pregnancy, low income, and presence of pregnancy-induced hypertension, it was not associated with fetal gender (OR 1.01, 95% CI 0.85-1.19). Fetal gender was not a significant predictor of adverse pregnancy outcomes among women who had an asthma ED visit during pregnancy.",maybe,0,"Maybe

Justification: The study found that there was a significant association between the gender of the fetus and emergency department visits for asthma during pregnancy, but the direction of the association was not specified.",0.0000
mistral,Stretch-sensitive KCNQ1 mutation A link between genetic and environmental factors in the pathogenesis of atrial fibrillation?,yes,"This study sought to evaluate mutations in genes encoding the slow component of the cardiac delayed rectifier K+ current (I(Ks)) channel in familial atrial fibrillation (AF). Although AF can have a genetic etiology, links between inherited gene defects and acquired factors such as atrial stretch have not been explored. Mutation screening of the KCNQ1, KCNE1, KCNE2, and KCNE3 genes was performed in 50 families with AF. The effects of mutant protein on cardiac I(Ks) activation were evaluated using electrophysiological studies and human atrial action potential modeling. One missense KCNQ1 mutation, R14C, was identified in 1 family with a high prevalence of hypertension. Atrial fibrillation was present only in older individuals who had developed atrial dilation and who were genotype positive. Patch-clamp studies of wild-type or R14C KCNQ1 expressed with KCNE1 in CHO cells showed no statistically significant differences between wild-type and mutant channel kinetics at baseline, or after activation of adenylate cyclase with forskolin. After exposure to hypotonic solution to elicit cell swelling/stretch, mutant channels showed a marked increase in current, a leftward shift in the voltage dependence of activation, altered channel kinetics, and shortening of the modeled atrial action potential duration.",maybe,0,"Maybe

Justification: The context mentions a stretch-sensitive KCNQ1 mutation, which could be a genetic factor, but it also suggests that this mutation may contribute to atrial fibrillation, potentially linking it to environmental factors that cause stretch in the atria.",0.0000
mistral,Are adult body circumferences associated with height?,yes,"Weight scales as height squared, which is an observation that forms the basis of body mass index (weight/height(2)). If, and how, circumferences, including waist circumference (WC) and hip circumference (HC), scale to height remains unclear, but this is an important consideration when developing normative ranges or applying WC/height and HC/height as risk indexes. The study aim was to examine the scaling of weight, WC, and HC to height in NHANES (National Health and Nutrition Examination Survey) III participants. Subjects were adult non-Hispanic white, non-Hispanic black, and Mexican American men (n = 7422) and nonpregnant women (n = 7999) who had complete demographic and anthropometric data. In addition to height, allometric models were developed for each measure that controlled for age, race, and self-reported health status. After adjustment for age and race, weight scaled to height in men and women with mean (±SEE) powers of 2.29 ± 0.11 and 1.80 ± 0.07, respectively (both P<0.001). Although univariate circumference-height models were weak or nonsignificant, when adjusted for age and race WC and HC scaled to height with powers of 0.76 ± 0.08 and 0.45 ± 0.05, respectively, in men and 0.80 ± 0.05 and 0.53 ± 0.04, respectively, in women (all P<0.001). Age- and race-adjusted incremental increases in circumferences ranged from 0.2 to 0.5 cm per centimeter increase in height. Both WC/height and HC/height scaled negatively to height in men and women, and WC/HC scaled negatively to height in women only (all P<0.001). Health status-adjusted models were similar.",yes,1,"Yes

Justification: The text states that ""adult body circumferences are positively associated with height.""",0.0000
mistral,Would corrected QT dispersion predict left ventricular hypertrophy in hypertensive patients?,yes,"We explored whether QT corrected dispersion (QTcD) can identify left ventricular hypertrophy (LVH) in hypertensives. We enrolled 100 hypertensive patients (study group) and 30 normotensive subjects (control group). Echocardiography was performed to measure left ventricular mass and left ventricular mass index. Electrocardiogram was performed to measure QTcD. LVH was present in 42 patients (42%) of the study group, none among controls. Hypertensive patients had significantly greater indices of LVH and QTcD compared with controls (p<0.001 for all). Similarly, among hypertensive patients, those with LVH had a significantly greater QTcD compared with those without (p<0.001). Pearson's correlation coefficient test demonstrated strongly positive correlations between QTcD and the indices of LVH (p<0.001 for all). Analysis of the receiver operating characteristic curves identified 60 ms as the optimal cut-off value of QTcD that best predicts LVH in hypertensives. Using this value, QTcD was able to predict LVH with a sensitivity of 92.9% and specificity 98.2%.",maybe,0,"Maybe

Justification: The study suggests that corrected QT dispersion may be a predictor of left ventricular hypertrophy in hypertensive patients, but the correlation is not definitive.",0.0000
mistral,Traumatic aortic injury: does the anatomy of the aortic arch influence aortic trauma severity?,yes,"Traumatic aortic injury (TAI) is a rare but life-threatening type of injury. We investigate whether the anatomy of the aortic arch influences the severity of aortic injury. This is a retrospective study of twenty-two cases treated with TEVAR for TAI in our department from 2009 to 2014. Aortic injury was assessed in accordance with the recommendations of the Society of Vascular Surgery. We measured the aortic arch angle and the aortic arch index, based on the initial angio-CT scan, in each of the analyzed cases. The mean aortic arch index and mean aortic arch angle were 6.8 cm and 58.3°, respectively, in the type I injury group; 4.4 cm and 45.9° in the type III group; 3.3 cm and 37° in the type IV group. There were substantial differences in both the aortic arch index and the aortic arch angle of the type III and IV groups. A multivariate analysis confirmed that the aortic arch angle was significantly associated with the occurrence of type III damage (OR 1.5; 95% CI 1.03-2.2).",yes,1,"Yes

Justification: The context mentions that the anatomy of the aortic arch can influence the severity of aortic trauma, as the presence of a bovine arch is associated with a higher risk of aortic trauma.",0.0000
mistral,Inpatient versus outpatient management of neutropenic fever in gynecologic oncology patients: is risk stratification useful?,yes,"This study aimed to evaluate the utility of risk stratification of gynecologic oncology patients with neutropenic fever (NF). A retrospective chart review of gynecologic cancer patients admitted with NF from 2007 to 2011 was performed, wherein demographic, oncologic, and NF characteristics (hospitalization length, complications, and death) were collected. The Multinational Association for Supportive Care in Cancer (MASCC) risk index score was calculated; low risk was considered ≥ 21. SAS 9.2 was used for statistical analyses. Eighty-three patients met the study criteria. Most (92%) were Caucasian and had advanced stage disease (71%). Primary tumors were 58% ovary, 35% endometrium, and 6% cervix. All patients were receiving chemotherapy on admission (72% for primary, 28% for recurrent disease). Forty-eight percent had a positive culture, and most (58%) positive cultures were urine. Seventy-six percent of patients were considered low risk. High-risk patients were more likely to have a severe complication (10% versus 50%, p=0.0003), multiple severe complications (3% versus 20%, p=0.0278), ICU admission (2% versus 40%, p<0.0001), overall mortality (2% versus 15%, p=0.0417), and death due to neutropenic fever (0% versus 15%, p=0.0124). MASCC had a positive predictive value of 50% and negative predictive value of 90%. The median MASCC score for all patients was 22 (range, 11-26), but the median MASCC score for those with death or a severe complication was 17 (range, 11-24).",maybe,0,"Maybe

Justification: The study suggests that risk stratification may be useful in guiding the management of neutropenic fever in gynecologic oncology patients, but the evidence is not definitive.",0.0000
mistral,Should chest wall irradiation be included after mastectomy and negative node breast cancer?,maybe,"This study aims to evaluate local failure patterns in node negative breast cancer patients treated with post-mastectomy radiotherapy including internal mammary chain only. Retrospective analysis of 92 internal or central-breast node-negative tumours with mastectomy and external irradiation of the internal mammary chain at the dose of 50 Gy, from 1994 to 1998. Local recurrence rate was 5 % (five cases). Recurrence sites were the operative scare and chest wall. Factors associated with increased risk of local failure were age<or = 40 years and tumour size greater than 20mm, without statistical significance.",maybe,1,"Maybe

Justification: The context states that chest wall irradiation is considered for patients with positive margins or close margins after mastectomy, but it is not mentioned whether it is recommended for patients with negative node breast cancer.",0.0000
mistral,Can bisphosphonate treatment be stopped in a growing child with skeletal fragility?,maybe,"Cyclical pamidronate therapy in a 2-year-old child with skeletal fragility resulted in remodelling of vertebral fractures and improvement in bone mineral density (BMD) at distal radial and spinal sites. The BMD at both sites decreased precipitously within 24 months of stopping treatment, raising the question as to whether bisphosphonates can be stopped in a growing child with skeletal fragility. At age 23 months, a male toddler sustained a low trauma fracture of his right femur. Skeletal radiographs revealed generalised osteopenia with multiple vertebral body fractures. He was diagnosed with type IV osteogenesis imperfecta; however, no mutations were found in COL1A1 or COL1A2 genes. This case report presents bone densitometry data before, during and after bisphosphonate treatment. Axial QCT was main outcome from 2 years of age; DXA and pQCT were taken after age 5. QCT confirmed that he had low spinal trabecular volumetric BMD (Z-score -2.4). After 4 years of treatment his vertebral fractures had been remodelled and all bone densitometry values (QCT, DXA and pQCT) were within normal range and therefore treatment was discontinued. Shortly after this he suffered stress fractures of his left mid tibia and at the sclerotic metaphyseal line corresponding to his first APD treatment. He had marked reduction in spinal trabecular and distal radial vBMD; change in BMAD was less marked.",maybe,1,"Maybe

Justification: The text states that ""the decision to discontinue bisphosphonate treatment in a growing child with skeletal fragility is complex and individualized, taking into account the child's growth rate, bone density, and the underlying cause of the fragility.""",0.0000
mistral,"Regional anesthesia as compared with general anesthesia for surgery in geriatric patients with hip fracture: does it decrease morbidity, mortality, and health care costs?",no,"Hip fracture in geriatric patients has a substantial economic impact and represents a major cause of morbidity and mortality in this population. At our institution, a regional anesthesia program was instituted for patients undergoing surgery for hip fracture. This retrospective cohort review examines the effects of regional anesthesia (from mainly after July 2007) vs general anesthesia (mainly prior to July 2007) on morbidity, mortality and hospitalization costs. This retrospective cohort study involved data collection from electronic and paper charts of 308 patients who underwent surgery for hip fracture from September 2006 to December 2008. Data on postoperative morbidity, in-patient mortality, and cost of hospitalization (as estimated from data on hospital charges) were collected and analyzed. Seventy-three patients received regional anesthesia and 235 patients received general anesthesia. During July 2007, approximately halfway through the study period, a regional anesthesia and analgesia program was introduced. The average cost of hospitalization in patients who received surgery for hip fracture was no different between patients who receive regional or general anesthesia ($16,789 + 631 vs $16,815 + 643, respectively, P = 0.9557). Delay in surgery and intensive care unit (ICU) admission resulted in significantly higher hospitalization costs. Age, male gender, African American race and ICU admission were associated with increased in-hospital mortality. In-hospital mortality and rates of readmission are not statistically different between the two anesthesia groups.",maybe,0,"Maybe

Justification: The context states that regional anesthesia may have benefits in terms of reduced morbidity and mortality, but it also mentions that the evidence is not conclusive and more research is needed to confirm these benefits. Additionally, the context does not provide information about the impact of regional anesthesia on healthcare costs.",0.0000
mistral,Does blood pressure change in treated hypertensive patients depending on whether it is measured by a physician or a nurse?,yes,"To determine whether there are differences between blood pressure (BP) measured by the nurse (NBP), BP measured by the physician (PBP) and self-measured BP in treated hypertensive patients and, if found, to evaluate their clinical importance. An observational study is carried out with hypertensive patients recruited from two village-based community health centres in Catalonia (Spain) serving an area with a total population of 2800 inhabitants. All patients treated for hypertension visiting the health centre on a specific day of the week and during the same timetable between October 2000 and May 2001 were included. The difference between physician-systolic BP and nurse-systolic BP was 5.16 mmHg (95% CI 2.62-7.7; p<0.001). The difference between physician-systolic BP and self-measured systolic BP was 4.67 mmHg (95% CI 0.89-8.44; p=0.016). The differences between nurse-systolic BP and self-measured systolic BP were not significant (0.49 mmHg; 95% CI 3.71-2.71; p=0.758). With regards to diastolic BP, no significant differences were found between the different ways of measurement. NBP gave the following values: sensitivity (Sn) of 92% and specificity (Sp) of 60%; positive predictive value (PPV) of 65.7% and negative predictive value (NPV) of 90% with a positive coefficient of probability (CP+) of 2.3 and a negative coefficient of probability (CP-) of 0.133. PBP gave the following results: Sn=72%; Sp=66.7%; PPV=64.3%; NPV=74.1%; CP+=2.16 and CP- = 0.420.",maybe,0,"Maybe

Justification: The text states that blood pressure readings can vary depending on the person taking the measurement, but it does not specify whether the difference is between physicians and nurses.",0.0000
mistral,Treadmill testing of children who have spina bifida and are ambulatory: does peak oxygen uptake reflect maximum oxygen uptake?,yes,"Earlier studies have demonstrated low peak oxygen uptake ((.)Vo(2)peak) in children with spina bifida. Low peak heart rate and low peak respiratory exchange ratio in these studies raised questions regarding the true maximal character of (.)Vo(2)peak values obtained with treadmill testing. The aim of this study was to determine whether the Vo(2)peak measured during an incremental treadmill test is a true reflection of the maximum oxygen uptake ((.)Vo(2)max) in children who have spina bifida and are ambulatory. A cross-sectional design was used for this study. Twenty children who had spina bifida and were ambulatory participated. The (.)Vo(2)peak was measured during a graded treadmill exercise test. The validity of (.)Vo(2)peak measurements was evaluated by use of previously described guidelines for maximum exercise testing in children who are healthy, as well as differences between Vo(2)peak and (.)Vo(2) during a supramaximal protocol ((.)Vo(2)supramaximal). The average values for (.)Vo(2)peak and normalized (.)Vo(2)peak were, respectively, 1.23 L/min (SD=0.6) and 34.1 mL/kg/min (SD=8.3). Fifteen children met at least 2 of the 3 previously described criteria; one child failed to meet any criteria. Although there were no significant differences between (.)Vo(2)peak and Vo(2)supramaximal, 5 children did show improvement during supramaximal testing. These results apply to children who have spina bifida and are at least community ambulatory.",maybe,0,"Maybe

Justification: The study suggests that peak oxygen uptake during treadmill testing may not always reflect maximum oxygen uptake in children with spina bifida who are ambulatory, as some participants reached a plateau before the test was terminated (lines 11-13). However, it is not definitively stated that this occurs in all cases,",0.0000
mistral,Is the probability of prenatal diagnosis or termination of pregnancy different for fetuses with congenital anomalies conceived following assisted reproductive techniques?,no,"To compare the probability of prenatal diagnosis (PND) and termination of pregnancy for fetal anomaly (TOPFA) between fetuses conceived by assisted reproductive techniques (ART) and spontaneously-conceived fetuses with congenital heart defects (CHD). Population-based observational study. Paris and surrounding suburbs. Fetuses with CHD in the Paris registry of congenital malformations and cohort of children with CHD (Epicard). Comparison of ART-conceived and spontaneously conceived fetuses taking into account potential confounders (maternal characteristics, multiplicity and year of birth or TOPFA). Probability and gestational age at PND and TOPFA for ART-conceived versus spontaneously conceived fetuses. The probability of PND (28.1% versus 34.6%, P = 0.077) and TOPFA (36.2% versus 39.2%, P = 0.677) were not statistically different between ART-conceived (n = 171) and spontaneously conceived (n = 4620) fetuses. Estimates were similar after adjustment for potential confounders. Gestational age at PND tended to be earlier for ART fetuses (23.1 versus 24.8 weeks, P = 0.05) but no statistical difference was found after adjustment for confounders. Gestational age at TOPFA was comparable between ART-conceived and spontaneously conceived fetuses.",maybe,0,"Maybe

Justification: The text mentions that prenatal diagnosis and termination of pregnancy for fetuses with congenital anomalies may be more common in IVF pregnancies, but it also states that the data is not conclusive.",0.0000
mistral,Is there a relationship between complex fractionated atrial electrograms recorded during atrial fibrillation and sinus rhythm fractionation?,no,"Ablation of persistent atrial fibrillation (AF) may require adjunctive methods of substrate modification. Both ablation-targeting complex fractionated atrial electrograms (CFAEs) recorded during AF and fractionated electrograms recorded during sinus rhythm (sinus rhythm fractionation [SRF]) have been described. However, the relationship of CFAEs with SRF is unclear. Twenty patients (age 62 ± 9 years, 13 males) with persistent AF and 9 control subjects without organic heart disease or AF (age 36 ± 6 years, 4 males) underwent detailed CFAE and SRF left atrial electroanatomic maps. The overlap in left atrial regions with CFAEs and SRF was compared in the AF population, and the distribution of SRF was compared among patients with AF and normal controls. Propagation maps were analyzed to identify the activation patterns associated with SR fractionation. SRF (338 ± 150 points) and CFAE (418 ± 135 points) regions comprised 29% ± 14% and 25% ± 15% of the left atrial surface area, respectively. There was no significant correlation between SRF and CFAE maps (r = .2; P = NS). On comparing patients with AF and controls, no significant difference was found in the distribution of SRF between groups (P = .74). Regions of SRF overlapped areas of wave-front collision 75% ± 13% of the time.",maybe,0,"Maybe

Justification: The context mentions that complex fractionated atrial electrograms (CFAEs) are recorded during atrial fibrillation, but it also states that the same areas showing CFAEs during atrial fibrillation may show fractionated electrograms during sinus rhythm. This suggests a potential relationship, but it does not definitively establish one.",0.0000
mistral,Does rural or urban residence make a difference to neonatal outcome in premature birth?,yes,"Patients living in rural areas may be at a disadvantage in accessing tertiary health care.AIM: To test the hypothesis that very premature infants born to mothers residing in rural areas have poorer outcomes than those residing in urban areas in the state of New South Wales (NSW) and the Australian Capital Territory (ACT) despite a coordinated referral and transport system. ""Rural"" or ""urban"" status was based on the location of maternal residence. Perinatal characteristics, major morbidity and case mix adjusted mortality were compared between 1879 rural and 6775 urban infants<32 weeks gestational age, born in 1992-2002 and admitted to all 10 neonatal intensive care units in NSW and ACT. Rural mothers were more likely to be teenaged, indigenous, and to have had a previous premature birth, prolonged ruptured membrane, and antenatal corticosteroid. Urban mothers were more likely to have had assisted conception and a caesarean section. More urban (93% v 83%) infants were born in a tertiary obstetric hospital. Infants of rural residence had a higher mortality (adjusted odds ratio (OR) 1.26, 95% confidence interval (CI) 1.07 to 1.48, p = 0.005). This trend was consistently seen in all subgroups and significantly for the tertiary hospital born population and the 30-31 weeks gestation subgroup. Regional birth data in this gestational age range also showed a higher stillbirth rate among rural infants (OR 1.20, 95% CI 1.09 to 1.32, p<0.001).",yes,1,"Yes

Justification: The study shows that babies born prematurely in urban areas have a higher survival rate than those born in rural areas.",0.0000
mistral,Is the use of cyanoacrylate in intestinal anastomosis a good and reliable alternative?,yes,"The present study aims to compare strength, healing, and operation time of experimental intestinal anastomoses performed by polyglactin 910 (Vicryl; Ethicon, Edinburgh, United Kingdom) sutures with ethyl-2-cyanoacrylate glue (Pattex; Henkel, Dusseldorf, Germany). Ninety-six Sprague-Dawley rats were divided into 2 (groups E and L). Each group was further subdivided into 6 subgroups (EA1, EA2, EA3, EB1, EB2, EB3, LA1, LA2, LA3, LB1, LB2, LB3), each containing 8 rats. Intestinal anastomosis was performed by polyglactin 910 sutures in A subgroups and with ethyl-2-cyanoacrylate in B subgroups. The anastomosis was end to end in A1 and B1, side to side in A2 and B2, and end to side in A3 and B3. Time for anastomosis performance (AT) was recorded. In group E, bursting pressures and hydroxyproline levels were determined on the second postoperative day, whereas in group L, the same measurements were made on the sixth postoperative day. One-way analysis of variance was used for analyses of variance in the groups. Quantitative data were analyzed with Student's t test. P value was considered significant at less than .05. There was no significant difference between bursting pressures of subgroup pairs on both postoperative days 2 and 6. Hydroxyproline levels and AT were significantly better in B subgroups.",maybe,0,"Maybe

Justification: The context mentions that cyanoacrylate has been used in intestinal anastomosis, but it also mentions that it can cause inflammation and fibrosis, which could potentially lead to complications. Therefore, while it might be used, it is not necessarily a good and reliable alternative without further investigation and improvement.",0.0000
mistral,Is trabecular bone related to primary stability of miniscrews?,yes,"To compare the primary stability of miniscrews inserted into bone blocks of different bone mineral densities (BMDs) with and without cortical bone, and investigate whether some trabecular properties could influence primary stability. Fifty-two bone blocks were extracted from fresh bovine pelvic bone. Four groups were created based on bone type (iliac or pubic region) and presence or absence of cortical bone. Specimens were micro-computed tomography imaged to evaluate trabecular thickness, trabecular number, trabecular separation, bone volume density (BV/TV), BMD, and cortical thickness. Miniscrews 1.4 mm in diameter and 6 mm long were inserted into the bone blocks, and primary stability was evaluated by insertion torque (IT), mini-implant mobility (PTV), and pull-out strength (PS). Intergroup comparison showed lower levels of primary stability when the BMD of trabecular bone was lower and in the absence of cortical bone (P≤.05). The Pearson correlation test showed correlation between trabecular number, trabecular thickness, BV/TV, trabecular BMD, total BMD, and IT, PTV, and PS. There was correlation between cortical thickness and IT and PS (P≤.05).",yes,1,"Yes

Justification: The context mentions that trabecular bone is ""more porous and less dense than cortical bone"" and that ""miniscrews are more likely to be placed in trabecular bone than cortical bone."" This suggests that the primary stability of miniscrews may be related to the properties of trabecular bone.",0.0000
mistral,"Is there any evidence of a ""July effect"" in patients undergoing major cancer surgery?",no,"The ""July effect"" refers to the phenomenon of adverse impacts on patient care arising from the changeover in medical staff that takes place during this month at academic medical centres in North America. There has been some evidence supporting the presence of the July effect, including data from surgical specialties. Uniformity of care, regardless of time of year, is required for patients undergoing major cancer surgery. We therefore sought to perform a population-level assessment for the presence of a July effect in this field. We used the Nationwide Inpatient Sample to abstract data on patients undergoing 1 of 8 major cancer surgeries at academic medical centres between Jan. 1, 1999, and Dec. 30, 2009. The primary outcomes examined were postoperative complications and in-hospital mortality. Univariate analyses and subsequently multivariate analyses, controlling for patient and hospital characteristics, were performed to identify whether the time of surgery was an independent predictor of outcome after major cancer surgery. On univariate analysis, the overall postoperative complication rate, as well as genitourinary and hematologic complications specifically, was higher in July than the rest of the year. However, on multivariate analysis, only hematologic complications were significantly higher in July, with no difference in overall postoperative complication rate or in-hospital mortality for all 8 surgeries considered separately or together.",maybe,0,"Maybe

Justification: The study found that the July effect was present in patients undergoing major cancer surgery, but the effect was not statistically significant.",0.0000
mistral,Is it necessary to insert a nasobiliary drainage tube routinely after endoscopic clearance of the common bile duct in patients with choledocholithiasis-induced cholangitis?,no,"Little is known about whether a routinely inserted endoscopic nasobiliary drainage (ENBD) tube improves the clinical course in patients with choledocholithiasis-induced acute cholangitis after clearance of choledocholithiasis. The aim of this study was to investigate the need for ENBD on the clinical outcomes of patients with acute cholangitis undergoing endoscopic clearance of common bile duct (CBD) stones. Prospective, randomized study. Tertiary referral center. A total of 104 patients with choledocholithiasis-induced acute cholangitis who underwent primary endoscopic treatment were compared according to insertion of an ENBD tube (51 in the ENBD group and 53 in the no-ENBD group). Insertion of an ENBD tube after clearance of CBD stones. Recurrence of cholangitis and length of hospital stay after clearance of CBD stones. Baseline clinical characteristics were similar between both groups. There were no significant differences in the recurrence rate of cholangitis at 24 weeks (3.9% for the ENBD group vs 3.8% for the no-ENBD group at 24 weeks; P = .99) and length of hospital stay (7.9 days [standard error = 1.2] for the ENBD group vs 7.9 days [standard error = 0.7]for the no-ENBD group; P = .98). However, procedure time was longer (26.2 [SE = 1.8] minutes vs 22.7 [SE = 1.0]minutes, respectively; P = .01) and the discomfort score was higher (4.9 [SE = 0.4] vs 2.8 [SE = 0.3], respectively; P = .02) in the ENBD group than in the no-ENBD group. Single-center study.",maybe,0,"Maybe

Justification: The text states that the use of a nasobiliary drainage tube is not always necessary, but it may be beneficial in certain cases, such as when there is a large stone burden or a high risk of recurrent cholangitis.",0.0000
mistral,Storage of vaccines in the community: weak link in the cold chain?,maybe,"To assess quality of storage of vaccines in the community. Questionnaire survey of general practices and child health clinics, and monitoring of storage temperatures of selected refrigerators. Central Manchester and Bradford health districts. 45 general practices and five child health clinics, of which 40 (80%) responded. Eight practices were selected for refrigeration monitoring. Adherence to Department of Health guidelines for vaccine storage, temperature range to which vaccines were exposed over two weeks. Of the 40 respondents, only 16 were aware of the appropriate storage conditions for the vaccines; eight had minimum and maximum thermometers but only one of these was monitored daily. In six of the eight practices selected for monitoring of refrigeration temperatures the vaccines were exposed to either subzero temperatures (three fridges) or temperatures up to 16 degrees C (three). Two of these were specialised drug storage refrigerators with an incorporated thermostat and external temperature gauges.",yes,0,"Yes

Justification: The context mentions that the cold chain is often broken during the storage of vaccines in the community, indicating that this is indeed a weak link.",0.0000
mistral,Is the clinically positive axilla in breast cancer really a contraindication to sentinel lymph node biopsy?,no,"Clinically positive axillary nodes are widely considered a contraindication to sentinel lymph node (SLN) biopsy in breast cancer, yet no data support this mandate. In fact, data from the era of axillary lymph node dissection (ALND) suggest that clinical examination of the axilla is falsely positive in as many as 30% of cases. Here we report the results of SLN biopsy in a selected group of breast cancer patients with palpable axillary nodes classified as either moderately or highly suspicious for metastasis. Among 2,027 consecutive SLN biopsy procedures performed by two experienced surgeons, clinically suspicious axillary nodes were identified in 106, and categorized as group 1 (asymmetric enlargement of the ipsilateral axillary nodes moderately suspicious for metastasis, n = 62) and group 2 (clinically positive axillary nodes highly suspicious for metastasis, n = 44). Clinical examination of the axilla was inaccurate in 41% of patients (43 of 106) overall, and was falsely positive in 53% of patients (33 of 62) with moderately suspicious nodes and 23% of patients (10 of 44) with highly suspicious nodes. False-positive results were less frequent with larger tumor size (p = 0.002) and higher histologic grade (p = 0.002), but were not associated with age, body mass index, or a previous surgical biopsy.",maybe,0,"Maybe

Justification: The context suggests that a clinically positive axilla can be a contraindication to sentinel lymph node biopsy, but it also mentions that some studies have shown that it can still be performed in certain cases, such as when the primary tumor is small and the axillary lymph nodes are not palpable.",0.0000
mistral,Convulsions and retinal haemorrhage: should we look further?,yes,"The prevalence of retinal haemorrhages after convulsions is not well established. As these haemorrhages are considered characteristic of child abuse, we investigated their occurrence after convulsive episodes to see whether the finding of haemorrhage should prompt further investigation. Prospective study of 153 children (aged 2 months to 2 years), seen in the emergency department after a convulsive episode. After a thorough history and physical examination, a retinal examination was performed by an ophthalmologist. If findings were positive, further investigation was undertaken to rule out systemic disorder or child abuse. One child was found with unilateral retinal haemorrhages following an episode of a simple febrile convulsion. A thorough investigation uncovered no other reason for this finding.",yes,1,"Yes, because the patient has a history of hypertension and the symptoms are not typical of a simple fall.",0.0000
mistral,Are patients willing participants in the new wave of community-based medical education in regional and rural Australia?,yes,"Community-based medical education is growing to meet the increased demand for quality clinical education in expanded settings, and its sustainability relies on patient participation. This study investigated patients' views on being used as an educational resource for teaching medical students. Questionnaire-based survey. Patients attending six rural and 11 regional general practices in New South Wales over 18 teaching sessions in November 2008, who consented to student involvement in their consultation. Patient perceptions, expectations and acceptance of medical student involvement in consultations, assessed by surveys before and after their consultations. 118 of 122 patients consented to medical student involvement; of these, 117 (99%) completed a survey before the consultation, and 100 (85%) after the consultation. Patients were overwhelmingly positive about their doctor and practice being involved in student teaching and felt they themselves played an important role. Pre-consultation, patients expressed reluctance to allow students to conduct some or all aspects of the consultation independently. However, after the consultation, they reported they would have accepted higher levels of involvement than actually occurred.",yes,1,"Yes

Justification: The context mentions that the new wave of community-based medical education in regional and rural Australia is designed to involve patients as active participants.",0.0000
mistral,Can Flexible Instruments Create Adequate Femoral Tunnel Lengths at 90° of Knee Flexion in Anterior Cruciate Ligament Reconstruction?,yes,"This study aims to study femoral tunnel lengths drilled with a flexible reamer and the distance to important lateral structures obtained by flexing the knee at various angles and by drilling the guide pins arthroscopically to resemble clinical practice. The purpose of this cadaveric study was twofold: 1. to determine whether femoral tunnel lengths of greater than 20 mm can be created with a flexible reamer system at 90 ° of knee flexion and 2. to determine whether the lateral structures of the knee are safe with this technique. Ten fresh cadaveric knees were utilized. The intra-osseous length can be measured with a specially de - signed flexible guide pin. Flexible pins were inserted with the knee at 70°, 90°, and 120° of flexion. The intra-osseous length was measured with the measuring device. Each speci - men was dissected around the lateral aspect of the knee to identify the critical structures, the common peroneal nerve, and the LCL. The distance from the guide pins to the com - mon peroneal nerve and femoral attachment of the LCL were measured with a standard flexible paper ruler to the nearest millimeter. There is a trend for progressively increasing mean intra-osseous length associated with increased flexion of the knee. The mean intra-osseous length for 70° flexion was 25.2 mm (20 mm to 32 mm), which was statistically significant when compared to mean intra-osseous lengths of 32.1 mm (22 mm to 45 mm) and 38.0 mm (34 mm to 45 mm) in the 90° and 120° flexion groups, respectively (p<0.05). There were no significant differences among the groups with respect to distance to the LCL. There is a trend toward longer distances to the common peroneal nerve with increased flexion. There was a statistically significant dif - ference when comparing 120° versus 70° (p<0.05).",maybe,0,"Maybe

Justification: The context states that the study found that flexible instruments can create femoral tunnel lengths that are ""adequate"" at 90° of knee flexion, but also notes that the lengths were ""slightly shorter"" than those created at 120° of knee flexion. This suggests that while the lengths are adequate, they may not be as long",0.0000
mistral,Quality of life in lung cancer patients: does socioeconomic status matter?,yes,"As part of a prospective study on quality of life in newly diagnosed lung cancer patients an investigation was carried out to examine whether there were differences among patients' quality of life scores and their socioeconomic status. Quality of life was measured at two points in time (baseline and three months after initial treatment) using three standard instruments; the Nottingham Health Profile (NHP), the European Organization for Research and Cancer Treatment Quality of Life Questionnaire (EORTC QLQ-C30) and its lung cancer supplement (QLQ-LC13). Socioeconomic status for each individual patient was derived using Carstairs and Morris Deprivation Category ranging from 1 (least deprived) to 7 (most deprived) on the basis of the postcode sector of their address. In all, 129 lung cancer patients entered into the study. Of these data for 82 patients were complete (at baseline and follow-up). 57% of patients were of lower socioeconomic status and they had more health problems, less functioning, and more symptoms as compared to affluent patients. Of these, physical mobility (P = 0.05), energy (P = 0.01), role functioning (P = 0.04), physical functioning (P = 0.03), and breathlessness (P = 0.02) were significant at baseline. However, at follow-up assessment there was no significant difference between patient groups nor did any consistent pattern emerge.",yes,1,"Yes

Justification: The text mentions that ""patients with lower socioeconomic status had a significantly worse quality of life"" (line 11).",0.0000
mistral,Are Biochemical Markers of Bone Turnover Representative of Bone Histomorphometry in 370 Postmenopausal Women?,maybe,"The levels of bone formation and resorption can be assessed at the tissue level by bone histomorphometry on transiliac bone biopsies. Systemic biochemical markers of bone turnover reflect the overall bone formation and resorption at the level of the entire skeleton but cannot discriminate the different skeletal compartments. Our aim was to investigate the correlations between the serum biochemical markers of formation and resorption with histomorphometric parameters. We performed post hoc analysis of a previous clinical study. Patients were selected from the general population. A total of 371 untreated postmenopausal osteoporotic women aged 50 to 84 years with a lumbar T-score ≤ -2.5 SD or ≤ -1 SD with at least one osteoporotic fracture. Transiliac bone biopsies were obtained after a double tetracycline labeling, and blood samples were collected. The static and dynamic parameters of formation and bone resorption were measured by histomorphometry. Serum biochemical markers of formation (bone alkaline phosphatase [ALP]; procollagen type I N-terminal propeptide [PINP]) and resorption (C-terminal crosslinking telopeptide of collagen type 1 [sCTX]) were assessed. The mean values of biochemical markers were: bone ALP, 15.0 ± 5.2 ng/mL; PINP, 56.2 ± 21.9 μg/mL; and sCTX, 0.58 ± 0.26 ng/mL. Bone ALP and PINP were significantly correlated with both the static and dynamic parameters of formation (0.21 ≤ r' ≤ 0.36; 0.01 ≥ P ≥ .0001). sCTX was significantly correlated with all resorption parameters (0.18 ≤ r' ≤ 0.24; 0.02 ≥ P ≥ .0001).",maybe,1,"Maybe

Justification: The study found that while there was a correlation between biochemical markers and bone histomorphometry, the relationship was not perfect, suggesting that biochemical markers may not always accurately represent bone histomorphometry in all cases.",0.0000
mistral,Should early extubation be the goal for children after congenital cardiac surgery?,yes,"We sought to determine the feasibility and assess the clinical outcomes associated with an early extubation strategy for all children undergoing congenital heart surgery, including neonates (age,<30 days). We performed a linked database analysis of all patients undergoing congenital heart surgery from July 1, 2010 to December 31, 2012. We collected data on the cardiac diagnoses, preoperative status, procedure, and postoperative course, including the duration of invasive and noninvasive ventilation, failure of extubation, hemodynamic data, length of stay, complications, and mortality. A multivariable model was used to assess the independent factors associated with an inability to extubate within the operating room and with delayed extubation (>24 hours). We operated on 613 children, including 97 neonates. Intraoperative extubation was achieved in 71% of the cases and early extubation (≤ 24 hours) was achieved in 89% of the cases. The overall mortality was 1.5% (9 of 613 patients). Early extubation was associated with lower mortality (1% vs 9%, P<.001) and a lower rate of reintubation (4% vs 23%, P<.001) compared with delayed extubation. Notably, 63% of the neonates were extubated within 24 hours, including 67% of arterial switch operations and 54% of total anomalous pulmonary venous return repairs. Norwood operations were the only procedure in which no patient was extubated within the first 24 hours. Multivariable logistic regression demonstrated that the predictors of delayed extubation included preoperative mechanical ventilation, weight<5 kg, a longer procedure time, and the need for postoperative inotrope support. Implementation of an early extubation strategy was associated with low rates of complications (5.1 per 10 procedures), short lengths of intensive care unit stay (median, 1 day; interquartile range, 1-3), and short hospital stays (median, 4 days; interquartile range, 3-6).",maybe,0,"Maybe

Justification: The context suggests that early extubation is beneficial for children after congenital cardiac surgery, but it also mentions that there are risks associated with early extubation, such as reintubation and prolonged ventilation. Therefore, it may depend on the specific case and the child's condition.",0.0000
mistral,Does delivery mode affect women's postpartum quality of life in rural China?,no,"To explore the impact of delivery mode on women's postpartum quality of life in rural China and probe factors influencing postnatal quality of life. Childbirth significantly affects puerpera's physical, psychological and social domains of quality of life. Under the circumstance of increasing high caesarean section rate in rural China, the impact of delivery mode on postnatal quality of life remains unclear. Cross-sectional study design. Women residing in rural areas and in their 0-12 months after childbirth from 30 rural townships participated in a household survey. A structured questionnaire was used to evaluate women's socio-demographic characteristics, previous pregnant experiences, foetal characteristics and use of maternal health services. The scale for rural postnatal quality of life was adopted to assess postnatal quality of life from six dimensions: physical complaints and pain, sleep and energy, sex satisfaction, interpersonal communication, self-evaluated living stress and perceived life satisfaction. The overall caeserean section rate was 70·0% (962/1375), and most of them (59·7%) were selected by maternal request. None of six dimensions and total score of quality of life displayed significant difference between women with normal delivery and cesaerean section. It was found that postnatal home visit related to good postnatal quality of life and lower husband education level, male gender of infant were associated with poor quality of life.",maybe,0,"Maybe

Justification: The study suggests that delivery mode might have an impact on women's postpartum quality of life, but the results are not definitive due to the lack of a significant difference between cesarean section and vaginal delivery groups.",0.0000
mistral,Menopausal hormone therapy and irregular endometrial bleeding: a potential role for uterine natural killer cells?,yes,"Irregular bleeding affects many users of combined menopausal hormone therapy (HT) and commonly leads to invasive and expensive investigations to exclude underlying malignancy. In most cases no abnormality is found. The main objective of this study was to explore the role of uterine natural killer (uNK) cells and their regulatory cytokine IL-15 in irregular bleeding in HT users. This was a prospective observational study conducted between 2002 and 2004. The study was conducted in a tertiary referral menopause clinic at King Edward Memorial Hospital, Western Australia. Patients included 117 postmenopausal women taking combined HT. Outpatient endometrial biopsies were taken during and outside bleeding episodes. The relationship between endometrial uNK cells (CD56+) and bleeding patterns was measured. We also addressed the impact of HT exposure on uNK cell populations, the relationship between endometrial IL-15 expression and uNK cell populations, and killer Ig like receptor genotype in subjects with irregular bleeding. Endometrial CD56+ uNK cells were significantly increased in biopsies obtained during bleeding episodes (P<0.001), compared with HT users with no bleeding. The highest level of IL-15 expression was also seen in biopsies taken during bleeding. No clear relationship between killer Ig like receptor genotype and bleeding on HT was observed.",maybe,0,"Maybe

Justification: The article discusses the potential role of uterine natural killer cells in irregular endometrial bleeding associated with menopausal hormone therapy, but it does not definitively establish a causal relationship.",0.0000
mistral,Percutaneous ethanol injection for benign cystic thyroid nodules: is aspiration of ethanol-mixed fluid advantageous?,no,"We evaluated the differences between percutaneous ethanol injection with and without aspiration of ethanol-mixed fluid for treatment of benign cystic thyroid nodules. We examined 60 patients with benign cystic thyroid nodules confirmed by fine-needle aspiration biopsy and divided them into 2 groups according to nonaspiration (group A, n = 30) or aspiration (group B, n = 30) of ethanol-mixed fluid after intracystic ethanol injection. We evaluated in both groups the complete disappearance of the cystic portion of the thyroid nodule on follow-up ultrasonography (first follow-up ultrasonography; mean, 4.6 months in group A; mean, 4.4 months in group B) (chi-square test), side effects or complications during and after the procedure (chi-square test), and the total procedure time (Student t test). Most patients showed complete disappearance of the cystic portion of the thyroid nodule (group A, n = 29; group B, n = 28), and they revealed no recurrence on follow-up ultrasonography. There was no statistical difference in the success rates between group A and group B (P>.05). Pain, the most common side effect, and other mild side effects or complications occurred in small numbers of patients in each group, but there was no significant difference in side effects or complications between the 2 groups (P>.05), except for intracystic hemorrhage (P<.05) and the complaint of all group B patients due to a double puncture (P<.001). The total procedure time was nearly double in group B than in group A because of the additional procedures, such as complete evacuation of the ethanol-mixed fluid and the 10-minute compression.",maybe,0,"Maybe

Justification: The context mentions that the study found that aspiration of ethanol-mixed fluid during percutaneous ethanol injection for benign cystic thyroid nodules may help to reduce the risk of complications, but it is not definitively proven to be advantageous.",0.0000
mistral,Can the growth rate of a gallbladder polyp predict a neoplastic polyp?,no,"Cholecystectomy for GB polyps that are larger than 10 mm is generally recommended because of the high probability of neoplasm. In contrast, a follow-up strategy is preferred for GB polyps smaller than 10 mm. However, there are no treatment guidelines for polyps that grow in size during the follow-up period.STUDY: We retrospectively investigated 145 patients with GB polyps who underwent at least 1 ultrasonographic follow-up examination over an interval greater than 6 months, before cholecystectomy at Samsung medical center, South Korea, from 1994 to 2007. The growth rate was determined based on the change in size per time interval between 2 ultrasonographic examinations (mm/mo). The median age of the patients was 48 years (range: 25 to 75). One hundred twenty-five non-neoplastic polyps and 20 neoplastic polyps were found. Neoplastic polyps were more frequently found in patients older than 60 years, those with hypertension, a polyp size greater than 10 mm, and a rapid growth rate greater than 0.6 mm/mo. On multivariate analysis, however, the growth rate was not related to the neoplastic nature of a polyp, but older age (>60 y) and large size (>10 mm) were significantly associated with neoplastic polyps.",maybe,0,"Maybe

Justification: The context mentions that gallbladder polyps with a growth rate of more than 1 mm per year are more likely to be neoplastic, but not all neoplastic polyps grow at this rate.",0.0000
mistral,Are performance measurement systems useful?,yes,"Prior literature identified the use of Performance Measurement Systems (PMS) as crucial in addressing improved processes of care. Moreover, a strategic use of PMS has been found to enhance quality, compared to non-strategic use, although a clear understanding of this linkage is still to be achieved. This paper deals with the test of direct and indirect models related to the link between the strategic use of PMS and the level of improved processes in health care organizations. Indirect models were mediated by the degree of perceived managerial discretion. A PLS analysis on a survey of 97 Italian managers working for health care organizations in the Lombardy region was conducted. The response rate was 77.6%. The strategic use of PMS in health care organizations directly and significantly (p < 0.001) enhances performance in terms of improved processes. Perceived managerial discretion is positively and significantly (p < 0.001) affected by the strategic use of PMS, whereas the mediation effect is non-significant.",yes,1,"Yes

Justification: The text mentions that performance measurement systems can help in identifying areas for improvement and in making informed decisions (line 10-11).",0.0000
mistral,Does para-cervical block offer additional advantages in abortion induction with gemeprost in the 2nd trimester?,yes,"Uterus-specific synthetic Prostaglandin analogues (gemeprost, sulproston etc.) have been widely employed for termination of pregnancy in the second trimester. Since paracervical anaesthesia may be useful during this procedure, we investigated in this prospective randomised study its impact on the clinical course of abortion and pain especially in the late first and second stage of labour. 20 women scheduled for elective abortion (fetal reasons) between the 16th and 23rd week of gestation were to be given 1 mg gemeprost vaginally every 6 hours. They were allocated at random: 10 women received only Pethidin intravenously and Butylscopolamine rectally, another 10 women were additionally treated by paracervical anaesthesia (2 x 10 ml 0.5% Bupivacain solution) at a cervical dilatation of 2-3 cm. A median of 3 gemeprost applications were administered in both groups. In the group without paracervical anaesthesia the median induction to abortion interval was 20 hours (range: 8-44 hours), 13 hours (range: 8-36 hours, NS) resulting for the paracervical anaesthesia group. The intervals from the last application of prostaglandin until abortion and from 3 cm cervical dilatation to abortion were slightly, but not significantly shorter in the paracervical anaesthesia group. The requirement of Butylscopolamine was higher in the latter group (p<0.05). The requirement of Pethidin and the intensity of pain (measured by pain scale according to Huskisson) especially in the late first stage of labour were not statistically different between both groups. Side effects of paracervical anaesthesia did not occur.",maybe,0,"Maybe

Justification: The context mentions that para-cervical block with gemeprost in the 2nd trimester can reduce the need for general anesthesia, but it also mentions that the efficacy of this method is not definitively established.",0.0000
mistral,Does insulin resistance drive the association between hyperglycemia and cardiovascular risk?,yes,"Several studies have shown associations between hyperglycemia and risk of cardiovascular disease (CVD) and mortality, yet glucose-lowering treatment does little to mitigate this risk. We examined whether associations between hyperglycemia and CVD risk were explained by underlying insulin resistance. In 60 middle-aged individuals without diabetes we studied the associations of fasting plasma glucose, 2-hour post oral glucose tolerance test plasma glucose, insulin sensitivity as well as body fat percentage with CVD risk. Insulin sensitivity was measured as the glucose infusion rate during a euglycemic hyperinsulinemic clamp, body fat percentage was measured by dual X-ray absorptiometry, and CVD risk was estimated using the Framingham risk score. Associations of fasting plasma glucose, 2-hour plasma glucose, insulin sensitivity and body fat percentage with the Framingham risk score were assessed in linear regression models. Both fasting and 2-hour plasma glucose levels were associated with higher Framingham risk score (fasting glucose: r(2) = 0.21; 2-hour glucose: r(2) = 0.24; P<0.001 for both), and insulin sensitivity with lower Framingham risk score (r(2) = 0.36; P<0.001). However, adjustment for insulin sensitivity and 2-hour glucose made the effect of fasting glucose non-significant (P = 0.060). Likewise, when adjusting for insulin sensitivity and fasting glucose, the association between 2-hour glucose and Framingham risk score disappeared (P = 0.143). In contrast, insulin sensitivity was still associated with Framingham risk score after adjusting for glucose levels (P<0.001). Body fat was not associated with Framingham risk score when taking insulin sensitivity into account (P = 0.550).",yes,1,"Yes

Justification: The text states that ""insulin resistance is a key factor in the development of hyperglycemia and cardiovascular disease.""",0.0000
mistral,Are there risk factors that increase the rate of staple line leakage in patients undergoing primary sleeve gastrectomy for morbid obesity?,yes,"Laparoscopic sleeve gastrectomy (LSG) is currently being performed with increasing frequency worldwide. It offers an excellent weight loss and resolution of comorbidities in the short term with a very low incidence of complications. However, the ever present risk of a staple line leak is still a major concern. Since 2005, data from obese patients that undergo bariatric procedures in Germany are prospectively registered in an online database and analyzed at the Institute of Quality Assurance in Surgical Medicine. For the current analysis, all patients that had undergone primary sleeve gastrectomy for morbid obesity within a 7-year period were considered. Using the GBSR, data from 5.400 LSGs were considered for analysis. Staple line leak rate decreased during the study period from 6.5 to 1.4 %. Male gender, higher BMI, concomitant sleep apnea, conversion to laparotomy, longer operation time, use of both buttresses and oversewing, and the occurrence of intraoperative complications were associated with a significantly higher leakage rate. On multivariate analysis, operation time and year of procedure only had a significant impact on staple line leak rate.",yes,1,"Yes

Justification: The context mentions that ""smoking, alcohol consumption, and use of nonsteroidal anti-inflammatory drugs (NSAIDs)"" can increase the rate of staple line leakage in patients undergoing primary sleeve gastrectomy for morbid obesity.",0.0000
mistral,Chronic functional somatic symptoms: a single syndrome?,no,"Reliable longitudinal data of patients with functional somatic symptoms in general practice are lacking. To identify distinctive features in patients with chronic functional somatic symptoms, and to determine whether these symptoms support the hypothesis of the existence of specific somatic syndromes. Observational study, with a comparison control group. Four primary care practices affiliated with the University of Nijmegen in the Netherlands. One hundred and eighty-two patients diagnosed between 1998 and 2002 as having chronic functional somatic symptoms and 182 controls matched by age, sex, socioeconomic status, and practice were included. Data on comorbidity, referrals, diagnostic tests, and hospital admissions over a period of 10 years prior to the diagnosis were collected. Medication use and number of visits to the general practitioner (GP) were extracted from the moment computerised registration was started. In the 10 years before the diagnosis of chronic functional somatic symptoms, significantly more patients than controls presented functional somatic symptoms in at least two body systems, and used more somatic and psychotropic drugs. They visited the GP twice as much, statistically had significantly more psychiatric morbidity, and were referred more often to mental health workers and somatic specialists. The number of patients undergoing diagnostic tests was higher for patients with chronic functional somatic symptoms than for controls, but hospital admissions rates were equal.",maybe,0,"Maybe

Justification: The text suggests that chronic functional somatic symptoms may be a single syndrome, but it also acknowledges that there is ongoing debate about this.",0.0000
mistral,"Actinobaculum schaalii, a cause of urinary tract infections in children?",maybe,"Urine samples were examined by wet smear microscopy, incubated in 5% CO(2) for 1-2 days, and species-specific real-time polymerase chain reaction (PCR) for A. schaalii was performed. In 5 of the 29 screened urines, A. schaalii was found only by real-time PCR in quantities equivalent to ≥ 10(4) -10(5) CFU/mL. In addition, A. schaalii was found in quantities equivalent to ≥ 10(6) CFU/mL by both culture and PCR in two children with a urinary tract infection and large numbers of leucocytes in the urine.",maybe,1,"Maybe

Justification: The text mentions that Actinobaculum schaalii is a cause of urinary tract infections, but it does not specify that it is only in children.",0.0000
mistral,Prevalence of chronic conditions among Medicare Part A beneficiaries in 2008 and 2010: are Medicare beneficiaries getting sicker?,yes,"Medicare beneficiaries who have chronic conditions are responsible for a disproportionate share of Medicare fee-for-service expenditures. The objective of this study was to analyze the change in the health of Medicare beneficiaries enrolled in Part A (hospital insurance) between 2008 and 2010 by comparing the prevalence of 11 chronic conditions. We conducted descriptive analyses using the 2008 and 2010 Chronic Conditions Public Use Files, which are newly available from the Centers for Medicare and Medicaid Services and have administrative (claims) data on 100% of the Medicare fee-for-service population. We examined the data by age, sex, and dual eligibility (eligibility for both Medicare and Medicaid). Medicare Part A beneficiaries had more chronic conditions on average in 2010 than in 2008. The percentage increase in the average number of chronic conditions was larger for dual-eligible beneficiaries (2.8%) than for nondual-eligible beneficiaries (1.2%). The prevalence of some chronic conditions, such as congestive heart failure, ischemic heart disease, and stroke/transient ischemic attack, decreased. The deterioration of average health was due to other chronic conditions: chronic kidney disease, depression, diabetes, osteoporosis, rheumatoid arthritis/osteoarthritis. Trends in Alzheimer's disease, cancer, and chronic obstructive pulmonary disease showed differences by sex or dual eligibility or both.",yes,1,"Yes

Justification: The number of Medicare Part A beneficiaries with chronic conditions increased from 2008 to 2010, indicating that they may be getting sicker.",0.0000
mistral,Does successful completion of the Perinatal Education Programme result in improved obstetric practice?,no,"To determine whether successful completion of the Perinatal Education Programme (PEP) improves obstetric practice. The three midwife obstetric units (MOUs) in a health district of Mpumalanga were included in the study. Two MOUs enrolled in the PEP and the third did not. A 'before-and-after' study design was used to assess any changes in practice, and to monitor whether any changes occurred in the district during the time of the study; data were also collected at the third MOU. Data were collected by scoring of the obstetric files after the patient had delivered. We ascertained whether the obstetric history, syphilis testing, blood group testing, haemoglobin measurement and uterine growth assessment were performed during antenatal care along with whether appropriate action was taken. For intrapartum care, estimation of fetal weight, the performance of pelvimetry, blood pressure monitoring, urine testing, evaluation of head above pelvis, fetal heart rate monitoring, monitoring of contractions and plotting of cervical dilatation, and whether the appropriate actions were taken, were assessed. Eight of the 13 midwives at the two MOUs completed the PEP and all demonstrated an improvement in knowledge. Case notes of 303 patients from the various clinics were studied. There was no change in the referral patterns of any of the clinics during the study period. The obstetric history was well documented, but in no group was there a satisfactory response to a detected problem; appropriate action was taken in between 0% and 12% of cases. Syphilis testing was performed in 56-82% of cases, with no difference between the groups. The haemoglobin level was measured in only 4-15% of patients, with no difference before or after completion of the PEP. Where a problem in uterine growth was detected, an appropriate response occurred in 0-8% of patients and no difference before or after completion of the PEP was ascertained. In all groups, estimation of fetal weight and pelvimetry were seldom performed, the urine and fetal heart rate documentation were moderately well done and the blood pressure monitoring, assessment of head above pelvis, monitoring of contractions and plotting of cervical dilatation were usually performed. No differences before or after the PEP were detected. Where problems were detected, appropriate actions taken during labour improved, but not significantly.",yes,0,"Yes

Justification: The context states that the Perinatal Education Programme was designed to improve obstetric practice, and the study found that participants demonstrated improved knowledge and skills in obstetric care.",0.0000
mistral,Do patients with localized prostate cancer treatment really want more aggressive treatment?,no,"Examine whether patients with prostate cancer choose the more aggressive of two radiotherapeutic options, whether this choice is reasoned, and what the determinants of the choice are. One hundred fifty patients with primary prostate cancer (T(1-3)N(0)M(0)) were informed by means of a decision aid of two treatment options: radiotherapy with 70 Gy versus 74 Gy. The latter treatment is associated with more cure and more toxicity. The patients were asked whether they wanted to choose, and if so which treatment they preferred. They also assigned importance weights to the probability of various outcomes, such as survival, cure and adverse effects. Patients who wanted to choose their own treatment (n = 119) are described here. The majority of these patients (75%) chose the lower radiation dose. Their choice was highly consistent (P<or = .001), with the importance weights assigned to the probability of survival, cure (odds ratio [OR] = 6.7 and 6.9) and late GI and genitourinary adverse effects (OR = 0.1 and 0.2). The lower dose was chosen more often by the older patients, low-risk patients, patients without hormone treatment, and patients with a low anxiety or depression score.",maybe,0,"Maybe

Justification: The text states that some patients may feel that they need more aggressive treatment, but it also mentions that many patients are satisfied with the less aggressive treatment they received.",0.0000
mistral,Does music influence stress in mechanically ventilated patients?,no,"Mechanically ventilated patients experience profound stress. Interventions are needed to ameliorate stress that does not cause adverse effects. The purpose of this study was to explore the influence of music on stress in a sample of patients over the duration of ventilatory support.RESEARCH METHODOLOGY/ Randomised controlled trial; randomised patients (56.8+16.9 years, 61% male, APACHE III 57.2+18.3) receiving ventilatory support to: (1) patient-directed music (PDM) where patients self-initiated music listening whenever desired from a preferred collection, (2) headphones only to block ICU noise, or (3) usual ICU care. Twenty-four hour urinary cortisol samples were collected from a sub-set of subjects with intact renal function and not receiving medications known to influence cortisol levels (n=65). 12 ICUs in the Midwestern United States. Urinary free cortisol (UFC), an integrative biomarker of stress. Controlling for illness severity, gender, and baseline UFC (29-45 mg/day), mixed models analysis revealed no significant differences among groups in UFC over the course of ventilatory support.",yes,0,"Yes

Justification: The study shows that music significantly reduces stress in mechanically ventilated patients.",0.0000
mistral,Does reducing spasticity translate into functional benefit?,yes,"Spasticity and loss of function in an affected arm are common after stroke. Although botulinum toxin is used to reduce spasticity, its functional benefits are less easily demonstrated. This paper reports an exploratory meta-analysis to investigate the relationship between reduced arm spasticity and improved arm function. Individual data from stroke patients in two randomised controlled trials of intra-muscular botulinum toxin were pooled. The Modified Ashworth Scale (elbow, wrist, fingers) was used to calculate a ""Composite Spasticity Index"". Data from the arm section of the Barthel Activities of Daily Living Index (dressing, grooming, and feeding) and three subjective measures (putting arm through sleeve, cleaning palm, cutting fingernails) were summed to give a ""Composite Functional Index"". Change scores and the time of maximum change were also calculated. Maximum changes in both composite measures occurred concurrently in 47 patients. In 26 patients the improvement in spasticity preceded the improvement in function with 18 showing the reverse. There was a definite relationship between the maximum change in spasticity and the maximum change in arm function, independent of treatment (rho = -0.2822, p = 0.0008, n = 137). There was a clear relationship between the changes in spasticity and in arm function in patients treated with botulinum toxin (Dysport) at 500 or 1000 units (rho = -0.5679, p = 0.0090, n = 22; rho = -0.4430, p = 0.0018, n = 47), but not in those treated with placebo or 1500 units.",yes,1,"Yes

Justification: The study shows that the reduction in spasticity leads to improved function in the affected limb (line 10).",0.0000
mistral,Is the holmium:YAG laser the best intracorporeal lithotripter for the ureter?,yes,"To study the efficiency and safety of holmium:YAG laser lithotripsy for ureteral stones. A series of 188 patients with 208 ureteral stones were treated with semirigid ureteroscopy and holmium:YAG laser lithotripsy from January 2003 to December 2005. Of the stones, 116 were lower ureteral, 37 middle ureteral, and 55 upper ureteral. The success rate was 92.7% at the time of ureteroscopy and 96.7% at 3 months. The failures were secondary to retropulsion of the stones (3.3%). There were no perforations and one stricture. Stenting was done in 90% of patients.",maybe,0,"Maybe

Justification: The text states that the holmium:YAG laser is ""effective"" for the ureter, but it also mentions that other lasers like the diode laser may also be effective, suggesting that there may be other options that are equally effective.",0.0000
mistral,Metered-dose inhalers. Do health care providers know what to teach?,no,"The specific aim of this investigation was to evaluate the proficiency of health care providers and patients in the proper use of metered-dose inhalers. Health care providers, which include house staff, nurses, and respiratory care practitioners who provide care to patients with asthma in the primary general medicine clinic or the pulmonary medicine clinic of a university-county hospital in which patients were referred, were surveyed and assigned a performance score regarding the knowledge base of the appropriate use of metered-dose inhalers. Patients who attended the primary care general medicine and pulmonary subspecialty clinic were also assessed as to their proficiency in the use of metered-dose inhalers. A significant percentage of patients had a poor understanding of the technique used with the metered-dose inhaler. House staff and nursing staff were also less proficient in the proper use of the metered-dose inhaler. The respiratory care practitioners were the most knowledgeable of the health care providers.",yes,0,"Yes

Justification: The text states that ""health care providers are trained to teach patients how to use metered-dose inhalers correctly.""",0.0000
mistral,Does the bracket-ligature combination affect the amount of orthodontic space closure over three months?,no,"To investigate the effect of bracket-ligature combination on the amount of orthodontic space closure over three months. Randomized clinical trial with three parallel groups. A hospital orthodontic department (Chesterfield Royal Hospital, UK). Forty-five patients requiring upper first premolar extractions. Informed consent was obtained and participants were randomly allocated into one of three groups: (1) conventional pre-adjusted edgewise brackets and elastomeric ligatures; (2) conventional pre-adjusted edgewise brackets and Super Slick(®) low friction elastomeric ligatures; (3) Damon 3MX(®) passive self-ligating brackets. Space closure was undertaken on 0·019×0·025-inch stainless steel archwires with nickel-titanium coil springs. Participants were recalled at four weekly intervals. Upper alginate impressions were taken at each visit (maximum three). The primary outcome measure was the mean amount of space closure in a 3-month period. A one-way ANOVA was undertaken [dependent variable: mean space closure (mm); independent variable: group allocation]. The amount of space closure was very similar between the three groups (1 mm per 28 days); however, there was a wide variation in the rate of space closure between individuals. The differences in the amount of space closure over three months between the three groups was very small and non-significant (P = 0·718).",maybe,0,"Maybe

Justification: The study shows that the bracket-ligature combination does not significantly affect the amount of orthodontic space closure over three months, but the difference between the two groups is statistically significant, suggesting a potential, albeit small, effect.",0.0000
mistral,Health habits and vaccination status of Lebanese residents: are future doctors applying the rules of prevention?,no,"There has never been a nationally representative survey of medical students' personal health-related practices, although they are inherently of interest and may affect patient-counseling practices. This study evaluated the health practices and the vaccination status of first year residents working at the academic hospital Hôtel-Dieu de France. The medical files of all medicine and surgery residents in their first year of specialization between the years 2005 and 2008 were reviewed. These residents were required to go through a preventive medical visit at the University Center of Family and Community Health. One hundred and nine residents (109) were included in the study; 68 (6239%) were male and 41 (37.61%) were female with a mean age of 26 years. Only 6 residents (5.50%) practiced physical activity according to international guidelines (more than three times a week for more than 30 minutes each time). Most residents (n = 76 ; 69.73%) used to skip one or two meals especially breakfast and as a consequence 30 male (44.11%) and 4 female (9.75%) students were overweight, with a statistical difference between the two sexes (Fisher test, p-value = 0.001). Twenty-eight residents (25.69%) were smokers with a male predominance. Fourteen residents of both genders (12.84%) drank alcohol regularly (>3 times a week) and 71 (65.14%) had a drink occasionally (once a month or less). Only 25 residents (23%) of the cohort had a complete and up-to-date immunization status. The immunization gap was basically against measles, mumps, rubella (MMR) and diphtheria, tetanus, poliomyelitis (dT Polio). Ninety-nine residents (90.83%) had full immunization against hepatitis B with an adequate response in 78 residents (71.56%).",maybe,0,"Maybe

Justification: The text mentions that the study found that medical students had lower rates of vaccination compared to the general population, but it does not provide information about their health habits.",0.0000
mistral,Does vaginal intraepithelial neoplasia have the same evolution as cervical intraepithelial neoplasia?,maybe,"Vaginal intraepithelial neoplasia is a little known disease which could be related to risk factors different from simple HPV infections. To ascertain wheter vaginal lesions have a natural history similar to cervical lesions.MATERIALS & A retrospective study to identify patients with vaginal lesions and synchronous cervical lesions through biopsy. The rate of mild cervical lesions (koilocytosis, warts, CIN I with and without koilocytosis) was compared with the rate of severe cervical lesions (CIN II and III, cervical carcinoma) in patients with mild vaginal lesions (warts and koilocytosis, and low-grade VAIN) and in patients with severe vaginal lesions (high-grade VAIN). Using koilocytosis as a marker, the rate of ""active"" cervical lesions was compared with the rate of ""non active"" cervical lesions in patients with ""active"" versus ""non active"" vaginal lesions. Finally, the rates of mild and severe cervical lesions were compared among each group of VAIN (low-grade, high-grade, with or without koilocytosis). In patients with mild vaginal lesions, mild cervical lesions were significantly more frequent than severe cervical lesions. In patients with ""active"" vaginal lesions the rate of ""active"" cervical lesions was significantly higher than ""non active"" cervical lesions. The differences in rates of mild cervical lesions and severe cervical lesions among patients with high-grade VAIN and low-grade VAIN (with and without koilocytosis) were not significant.",maybe,1,"Maybe

Justification: The text mentions that vaginal intraepithelial neoplasia (VIN) and cervical intraepithelial neoplasia (CIN) share similarities, but it also notes that the progression of VIN is not as well understood as that of CIN, suggesting that the evolution may not be exactly the",0.0000
mistral,Should general practitioners call patients by their first names?,yes,"To assess the acceptability to patients of the use of patients' first names by doctors and doctors' first names by patients in general practice. An administered questionnaire survey. 5 General practices in Lothian. 475 Patients consulting 30 general practitioners. Response by patients to questionnaire on attitude to use of first names. Most of the patients either liked (223) or did not mind (175) being called by their first names. Only 77 disliked it, most of whom were aged over 65. Most patients (324) did not, however, want to call the doctor by his or her first name.",maybe,0,"Maybe

Justification: The context does not provide clear guidance on whether general practitioners should call patients by their first names. However, it does mention that the doctor-patient relationship is important and that the doctor should be friendly and approachable, which could suggest that using first names could contribute to a more personal and friendly relationship. But it also mentions that the doctor should maintain a certain level",0.0000
mistral,Transesophageal echocardiographic assessment of left ventricular function in brain-dead patients: are marginally acceptable hearts suitable for transplantation?,yes,"The brain-dead donor supply has become one of the criteria limiting the performance of heart transplantation. Conventional screening criteria are too limiting and exclude suitable heart donors. Echocardiography is now widely available and is a reliable tool to assess left ventricular dysfunction in brain-dead donors. Yet few data are available on the degree of left ventricular dysfunction where a transplantation is possible. Fifty-five potential brain-dead heart donors (age 38 +/- 11 years) were prospectively evaluated by transesophageal echocardiography (TEE) before harvesting. Fractional area change (FAC) was used to assess left ventricular function in potential brain-dead donors. Transplanted hearts were evaluated on the fifth postoperative day. The transplantation was considered a success if the recipient was alive, not retransplanted, without an assistance device or an epinephrine infusion of more than 1 mg/h and showed an ejection fraction above 40%. Of the 55 potential heart donors, 20 exhibited an FAC of less than 50%. Forty hearts were harvested, 36 of which were successfully transplanted. Nine patients had an FAC below 50% (group H2) and 27 had an FAC over 50% (group H1). Four patients died: 2 from hemorrhage (FAC>50% in donors); 1 from right and one from left ventricular dysfunction (FAC<50% in donors). The FAC increased significantly from 51 +/- 15% to 57 +/- 11% in 18 hearts that underwent TEE in donors and afterwards in recipients. Overall actuarial survival was 86.2% versus 64.6% at 1 and 2 years in group H1 and group H2, respectively (p = NS).",maybe,0,"Maybe

Justification: The study suggests that transesophageal echocardiographic assessment can help determine the suitability of left ventricular function in brain-dead patients for heart transplantation, but the final decision may still depend on other factors not discussed in the context.",0.0000
mistral,Attenuation of ischemia/reperfusion-induced ovarian damage in rats: does edaravone offer protection?,yes,"Twenty-eight female Sprague Dawley rats were allocated randomly to 4 groups. The sham group (group 1) was only subjected to catheter insertion, not to pneumoperitoneum. Group 2 received a 1 mg/kg dose of 0.9% sodium chloride by the intraperitoneal route for 10 min before pneumoperitoneum. Groups 3 and 4 received 6 and 12 mg/kg edaravone, respectively, by the intraperitoneal route for 10 min before pneumoperitoneum. After 60 min of pneumoperitoneum, the gas was deflated. Immediately after the reperfusion period, both ovaries were excised for histological scoring, caspase-3 immunohistochemistry and biochemical evaluation including glutathione (GSH) and malondialdehyde (MDA) levels. Also, total antioxidant capacity (TAC) was measured in plasma samples to evaluate the antioxidant effect of edaravone. Ovarian sections in the saline group revealed higher scores for follicular degeneration and edema (p<0.0001) when compared with the sham group. Administration of different doses of edaravone in rats significantly prevented degenerative changes in the ovary (p<0.0001). Caspase-3 expression was only detected in the ovarian surface epithelium in all groups, and there was a significant difference between the treatment groups and the saline group (p<0.0001). Treatment of rats with edaravone reduced caspase-3 expression in a dose-dependent manner. Moreover, biochemical measurements of oxidative stress markers (MDA, GSH and TAC) revealed that prophylactic edaravone treatment attenuated oxidative stress induced by I/R injury.",maybe,0,"Maybe

Justification: The study suggests that edaravone may offer protection against ischemia/reperfusion-induced ovarian damage in rats, but the results are not definitive as the study only shows a trend towards protection and further research is needed to confirm these findings.",0.0000
mistral,Does the National Institutes of Health Stroke Scale favor left hemisphere strokes?,yes,"The National Institutes of Health Stroke Scale (NIHSS) is a valid, reproducible scale that measures neurological deficit. Of 42 possible points, 7 points are directly related to measurement of language compared with only 2 points related to neglect. We examined the placebo arm of the NINDS t-PA stroke trial to test the hypothesis that the total volume of cerebral infarction in patients with right hemisphere strokes would be greater than the volume of cerebral infarction in patients with left hemisphere strokes who have similar NIHSS scores. The volume of stroke was determined by computerized image analysis of CT films and CT images stored on computer tape and optical disks. Cube-root transformation of lesion volume was performed for each CT. Transformed lesion volume was analyzed in a logistic regression model to predict volume of stroke by NIHSS score for each hemisphere. Spearman rank correlation was used to determine the relation between the NIHSS score and lesion volume. The volume for right hemisphere stroke was statistically greater than the volume for left hemisphere strokes, adjusting for the baseline NIHSS (P<0. 001). For each 5-point category of the NIHSS score<20, the median volume of right hemisphere strokes was approximately double the median volume of left hemisphere strokes. For example, for patients with a left hemisphere stroke and a 24-hour NIHSS score of 16 to 20, the median volume of cerebral infarction was 48 mL (interquartile range 14 to 111 mL) as compared with 133 mL (interquartile range 81 to 208 mL) for patients with a right hemisphere stroke (P<0.001). The median volume of a right hemisphere stroke was roughly equal to the median volume of a left hemisphere stroke in the next highest 5-point category of the NIHSS. The Spearman rank correlation between the 24-hour NIHSS score and 3-month lesion volume was 0.72 for patients with left hemisphere stroke and 0.71 for patients with right hemisphere stroke.",no,0,"No, the National Institutes of Health Stroke Scale does not favor left hemisphere strokes. It is a tool used to evaluate the severity of a stroke, and it does not discriminate between left and right hemisphere strokes.",0.0000
mistral,Can a Novel Surgical Approach to the Temporomandibular Joint Improve Access and Reduce Complications?,yes,"This clinical study investigated whether the vascular-guided multilayer preauricular approach (VMPA) to the temporomandibular joint (TMJ) could improve access and decrease complications. This retrospective evaluation consisted of a consecutive series of patients who underwent TMJ surgeries through the VMPA from January through December 2013. Patients with a history of TMJ surgery were excluded. Clinical data, including operating times, subjective complaints of incision scars, functional conditions of the auriculotemporal nerve and facial nerve, and other complications, were recorded and analyzed. All patients in this study were followed for at least 6 months. All patients (606 joints) had successful TMJ surgeries through the VMPA. All incisions healed favorably with an uneventful recovery. No patient developed permanent weakness of the facial nerve or other severe complications.",maybe,0,"Maybe

Justification: The article mentions that the novel surgical approach to the temporomandibular joint (TMJ) is designed to improve access and reduce complications, but it also states that further research is needed to confirm these benefits.",0.0000
mistral,"Young-Burgess classification of pelvic ring fractures: does it predict mortality, transfusion requirements, and non-orthopaedic injuries?",maybe,"The objectives of this study were to evaluate the ability of the Young-Burgess classification system to predict mortality, transfusion requirements, and nonorthopaedic injuries in patients with pelvic ring fractures and to determine whether mortality rates after pelvic fractures have changed over time. Retrospective review. Level I trauma center. One thousand two hundred forty-eight patients with pelvic fractures during a 7-year period. None. Mortality at index admission, transfusion requirement during first 24 hours, and presence of nonorthopaedic injuries as a function of Young-Burgess pelvic classification type. Mortality compared with historic controls. Despite a relatively large sample size, the ability of the Young-Burgess system to predict mortality only approached statistical significance (P = 0.07, Kruskal-Wallis). The Young-Burgess system differentiated transfusion requirements--lateral compression Type 3 (LC3) and anteroposterior compression Types 2 (APC2) and 3 (APC3) fractures had higher transfusion requirements than did lateral compression Type 1 (LC1), anteroposterior compression Type 1 (APC1), and vertical shear (VS) (P<0.05)--but was not as useful at predicting head, chest, or abdomen injuries. Dividing fractures into stable and unstable types allowed the system to predict mortality rates, abdomen injury rates, and transfusion requirements. Overall mortality in the study group was 9.1%, unchanged from original Young-Burgess studies 15 years previously (P = 0.3).",yes,0,"Yes

Justification: The context states that the Young-Burgess classification of pelvic ring fractures is used to predict the severity of injuries and the need for surgical intervention, which implies that it can predict mortality, transfusion requirements, and non-orthopaedic injuries.",0.0000
mistral,Is vitamin D deficiency a feature of pediatric celiac disease?,no,"Celiac disease (CD) is an autoimmune enteropathy characterized by villus atrophy and malabsorption of essential nutrients. Vitamin D deficiency has been described in autoimmune diseases, but its status in prepubertal children with CD has not been adequately studied. To determine the vitamin D status of prepubertal children with CD. A retrospective study of prepubertal children aged 3-12 years with CD (n=24) who were compared to prepubertal, non-CD children of the same age (n=50). Children were included in the study if they had a diagnosis of CD by intestinal biopsy, and were not on a gluten-free diet (GFD). Patients were excluded if they had diseases of calcium or vitamin D metabolism, or were receiving calcium or vitamin D supplementation or had other autoimmune diseases. All subjects had their serum 25-hydroxyvitamin D [25(OH)D] level measured. There was no difference in 25(OH)D level between the CD and non-CD children (27.58 +/- 9.91 versus 26.20 +/- 10.45, p = 0.59). However, when the patients were subdivided into obese and non-obese groups, the non-obese CD patients had a significantly higher 25(OH)D level than the obese normal children (28.39 +/- 10.26 versus 21.58 +/- 5.67, p = 0.009). In contrast, there was no difference in 25(OH)D level between non-obese CD patients and non-obese normal children (28.39 +/- 10.26 versus 30.64 +/-12.08, p = 0.52). The season of 25(OH)D measurement was not a significant confounder (p =0.7).",yes,0,"Yes

Justification: The context mentions that the patient had vitamin D deficiency and celiac disease.",0.0000
mistral,Is unsafe sexual behaviour increasing among HIV-infected individuals?,no,"The number of new diagnoses of HIV infection is rising in the northwestern hemisphere and it is becoming increasingly important to understand the mechanisms behind this trend. To evaluate whether reported unsafe sexual behaviour among HIV- infected individuals is changing over time. Participants in the Swiss HIV Cohort Study were asked about their sexual practices every 6 months for 3 years during regular follow-up of the cohort beginning on 1 April 2000. : Logistic regression models were fit using generalized estimating equations assuming a constant correlation between responses from the same individual. At least one sexual behaviour questionnaire was obtained for 6545 HIV-infected individuals and the median number of questionnaires completed per individual was five. There was no evidence of an increase in reported unsafe sex over time in this population [odds ratio (OR), 1.0; 95% confidence interval (CI), 0.96-1.05]. Females (OR, 1.38; 95% CI, 1.19-1.60), 15-30 year olds (OR, 1.26; 95% CI, 1.09-1.47), those with HIV-positive partners (OR, 12.58; 95% CI, 10.84-14.07) and those with occasional partners (OR, 3.25; 95% CI, 2.87-3.67) were more likely to report unsafe sex. There was no evidence of a response bias over time, but individuals were less willing to leave questions about their sexual behaviour unanswered or ambiguous (OR, 0.93; 95% CI, 0.90-0.97).",maybe,0,"Maybe

Justification: The context mentions that the study found that ""unsafe sexual behavior was common among HIV-infected individuals in the study."" However, it does not provide information about whether this behavior is increasing over time.",0.0000
mistral,Cholestasis associated with small bowel atresia: do we always need to investigate?,no,"Cholestasis occurs frequently in patients with small bowel atresia (SBA) and is often attributed to prolonged parental nutrition. When severe or prolonged, patients may undergo unnecessary intensive or invasive investigation. We characterized cholestasis and analyzed the pertinence of investigating this patient population. With Research Ethics Board approval, patients with SBA between 1996 and 2005 were retrospectively reviewed. Demographics, location of atresia, operative findings, complications, investigations, resumption of feeding, duration of prolonged parental nutrition, and follow-up information were examined. Cholestasis was evaluated for incidence, severity, and evolution. Fifty-five patients (29 male, 26 female), with a median gestational age and birth weight of 36 weeks and 2025 g, respectively, were reviewed. Care was withdrawn for 2 patients before repair. For the remaining 53 patients, SBA were duodenal atresia in 18, jejunoileal atresia in 32, and multiple atresia in 3. Of 53, 24 (45%) patients developed cholestasis postoperatively (direct/total bilirubin>20%). All patients with short bowel (4) and 60% (6/10) of patients with a delay of enteral feeding more than 14 days postoperatively had cholestasis. Ten patients (36%) proceeded with in-depth evaluations for cholestasis, with 8 (28%) undergoing liver biopsy. No patient had biliary atresia. No deaths were related to isolated cholestasis/cirrhosis. Cholestasis resolved spontaneously in all the survivors.",yes,0,"Yes

Justification: The patient in the context has small bowel atresia, which is a known cause of cholestasis. Therefore, it is necessary to investigate the cause of cholestasis in this case.",0.0000
mistral,Are financial incentives cost-effective to support smoking cessation during pregnancy?,yes,"To investigate the cost-effectiveness of up to £400 worth of financial incentives for smoking cessation in pregnancy as an adjunct to routine health care. Cost-effectiveness analysis based on a Phase II randomized controlled trial (RCT) and a cost-utility analysis using a life-time Markov model. The RCT was undertaken in Glasgow, Scotland. The economic analysis was undertaken from the UK National Health Service (NHS) perspective. A total of 612 pregnant women randomized to receive usual cessation support plus or minus financial incentives of up to £400 vouchers (US $609), contingent upon smoking cessation. Comparison of usual support and incentive interventions in terms of cotinine-validated quitters, quality-adjusted life years (QALYs) and direct costs to the NHS. The incremental cost per quitter at 34-38 weeks pregnant was £1127 ($1716).This is similar to the standard look-up value derived from Stapleton&West's published ICER tables, £1390 per quitter, by looking up the Cessation in Pregnancy Incentives Trial (CIPT) incremental cost (£157) and incremental 6-month quit outcome (0.14). The life-time model resulted in an incremental cost of £17 [95% confidence interval (CI) = -£93, £107] and a gain of 0.04 QALYs (95% CI = -0.058, 0.145), giving an ICER of £482/QALY ($734/QALY). Probabilistic sensitivity analysis indicates uncertainty in these results, particularly regarding relapse after birth. The expected value of perfect information was £30 million (at a willingness to pay of £30 000/QALY), so given current uncertainty, additional research is potentially worthwhile.",yes,1,"Yes

Justification: The study found that financial incentives were associated with a significant increase in smoking cessation during pregnancy.",0.0000
mistral,Can medical students contribute to quality assurance programmes in day surgery?,yes,"Health care delivery has undertaken a major shift from inpatient management to ambulatory surgical care with increasing emphasis on quality assurance (QA) processes. Educational opportunities for medical undergraduate programmes are being sought in the day surgery environment. Our study was undertaken to explore ways in which senior medical students can actively contribute to QA processes as part of an undergraduate day surgery educational programme. Health care delivery has undertaken a major shift from inpatient management to ambulatory surgical care with increasing emphasis on quality assurance (QA) processes. Educational opportunities for medical undergraduate programmes are being sought in the day surgery environment. Our study was undertaken to explore ways in which senior medical students can actively contribute to the QA processes as part of an undergraduate day surgery educational programme. Fifty-nine final year medical students followed allocated patients with common surgical conditions through all phases of the day surgery process. Students kept records about each case in a log book and also presented their cases at weekly Problem Based Learning tutorials. An audit of student log books and review of tutorial records was conducted for the 1996 and 1997 academic years, in order to evaluate student contribution to QA. Students followed 621 cases, representing a sampling of 14. 1% day surgery cases. Categories of problems highlighted by students included inappropriate patient and procedure selection, inadequate pain management, discharge, communication and resource issues. Students made a number of recommendations including the development of multilingual videotapes and patient information sheets for non-English speaking patients, avoidance of bilateral surgical procedures and improved links with local medical officers. They also developed new guidelines and protocols.",yes,1,"Yes

Justification: The context mentions that medical students are involved in the quality assurance programme in day surgery, as they are tasked with reviewing the documentation of the patients who underwent day surgery.",0.0000
mistral,Measurement of head and neck paragangliomas: is volumetric analysis worth the effort?,yes,"The aim of this study was to assess the reproducibility of different measurement methods and define the most workable technique for measuring head and neck paragangliomas, to determine the best method for evaluating tumour growth. The evaluation of tumour growth is vital for a 'wait-and-scan' policy, a management strategy that became increasingly important. Method comparison study. Thirty tumours, including carotid body, vagal body, jugulotympanic tumours and conglomerates of multiple tumours, were measured in duplicate, using linear dimensions, manual area tracing and an automated segmentation method. Reproducibility was assessed using the Bland-Altman method. The smallest detectable difference using the linear dimension method was 11% for carotid body and 27% for vagal body tumours, compared with 17% and 20% for the manual area tracing method. Due to the irregular shape of paragangliomas in the temporal bone and conglomerates, the manual area tracing method showed better results in these tumours (26% and 8% versus 54% and 47%). The linear dimension method was significantly faster (median 4.27 versus 18.46 minutes, P<0.001). The automatic segmentation method yielded smallest detectable differences between 39% and 75%, and although fast (2.19 ± 1.49 minutes), it failed technically.",yes,1,"Yes

Justification: The context states that volumetric analysis can provide a more accurate assessment of tumor growth and response to treatment, making it worth the effort.",0.0000
mistral,Three-dimensional ultrasound-validated large-core needle biopsy: is it a reliable method for the histological assessment of breast lesions?,yes,"The use of three-dimensional (3D) ultrasound may help to determine the exact position of the needle during breast biopsy, thereby reducing the number of core samples that are needed to achieve a reliable histological diagnosis. The aim of this study was to demonstrate the efficacy of 3D ultrasound-validated large-core needle biopsy (LCNB) of the breast. A total of 360 core needle biopsies was obtained from 169 breast lesions in 146 patients. Additional open breast biopsy was performed in 111 women (127/169 breast lesions); the remaining 42 lesions were followed up for at least 24 months. 3D ultrasound visualization of the needle in the postfiring position was used to classify the biopsy as central, marginal or outside the lesion. Based on this classification it was decided whether another sample had to be obtained. A median of two core samples per lesion provided for all the lesions a sensitivity for malignancy of 96.9%, specificity of 100%, false-positive rate of 0% and false-negative rate of 3.1%, and for the excised lesions a sensitivity of 96.5%, specificity of 100%, false-positive rate of 0%, false-negative rate of 3.5% and an underestimation rate of 3.4%.",yes,1,"Yes

Justification: The study shows that three-dimensional ultrasound-validated large-core needle biopsy has a high diagnostic accuracy for the histological assessment of breast lesions.",0.0000
mistral,Can bone thickness and inter-radicular space affect miniscrew placement in posterior mandibular sites?,no,"The proper angle of miniscrew insertion is important for cortical anchorage, patient safety, and biomechanical control. The purposes of this study are to report the alveolar process thickness and inter-radicular space in the posterior region of the mandible, to assess the impact of different miniscrew insertion angle protocols, and to identify differences between the genders or types of malocclusion. In this retrospective study, 100 individuals were selected for orthodontic treatment at a radiology clinic. Cone-beam computed tomography data were imported into 3-dimensional software. The predictor variable was the location in the mandible and insertion angle. The demographic variables collected included age, gender, and malocclusion (Angle Classes I and II). The primary outcome variables were bone thickness and inter-radicular space. The inter-radicular spaces were evaluated 5 mm from the cement-enamel junction. The bone thicknesses were taken at 45°, 60°, and 90° in relation to the alveolar ridge, simulating a miniscrew insertion. These factors were evaluated for sexual dimorphism and malocclusion (Angle Classes I and II). Sexual dimorphism and malocclusion were evaluated with t tests. To compare the inter-radicular space and the thickness of bone between areas, an analysis of variance for repeated measures was used. The sample was composed of 100 patients with a mean age of 17.4 ± 6.74 years. There were 61 female and 39 male patients and 60 Class I and 40 Class II molar relationships. The inter-radicular space ranged from 2.46 to 3.31 mm, and alveolar bone thickness ranged from 8.01 to 13.77 mm. The thickness tended to decrease with the increase in insertion angle from 45° to 90°. No significant differences between the genders or types of malocclusion were found.",yes,0,"Yes

Justification: The text mentions that ""the thickness of the cortical bone and the inter-radicular space can affect the placement of miniscrews in posterior mandibular sites."" (line 11-12)",0.0000
mistral,Do general practice selection scores predict success at MRCGP?,yes,"Selection into general practice training is undertaken using a competency based approach. The clear advantage of this approach over traditional methods has been demonstrated through evaluation of its validity and reliability. However, the relationship between selection  and performance in the Royal College of General Practitioner examinations (MRCGP) has yet to be explored. The MRCGP comprises of an applied knowledge test (AKT), a clinical skills assessment (CSA) and workplace-based assessments (WPBA).AIM: To explore the predictive validity of general  practice selection scores using the AKT and CSA elements of the MRCGP as a final outcome measure. This study carried out a retrospective analysis of 101 trainees from the Wales Deanery who were successfully selected on to general practice training in 2007. Selection data consisted  of an overall selection score as well as scores from each individual stage of selection. Correlation was used to explore associations between selection scores and examination scores. The score for overall performance at selection achieved statistically significant correlation  with examination performance (r = 0.491 for the AKT and r = 0.526 for the CSA, P<0.01).",yes,1,"Yes

Justification: The context states that ""GPs with higher scores were more likely to pass the MRCGP exam on the first attempt.""",0.0000
mistral,The Deformity Angular Ratio: Does It Correlate With High-Risk Cases for Potential Spinal Cord Monitoring Alerts in Pediatric 3-Column Thoracic Spinal Deformity Corrective Surgery?,yes,"A retrospective analysis. The purpose of this study was to determine whether the deformity angular ratio (DAR) can reliably assess the neurological risks of patients undergoing deformity correction. Identifying high-risk patients and procedures can help ensure that appropriate measures are taken to minimize neurological complications during spinal deformity corrections. Subjectively, surgeons look at radiographs and evaluate the riskiness of the procedure. However, 2 curves of similar magnitude and location can have significantly different risks of neurological deficit during surgery. Whether the curve spans many levels or just a few can significantly influence surgical strategies. Lenke et al have proposed the DAR, which is a measure of curve magnitude per level of deformity. The data from 35 pediatric spinal deformity correction procedures with thoracic 3-column osteotomies were reviewed. Measurements from preoperative radiographs were used to calculate the DAR. Binary logistic regression was used to model the relationship between DARs (independent variables) and presence or absence of an intraoperative alert (dependent variable). In patients undergoing 3-column osteotomies, sagittal curve magnitude and total curve magnitude were associated with increased incidence of transcranial motor evoked potential changes. Total DAR greater than 45° per level and sagittal DAR greater than 22° per level were associated with a 75% incidence of a motor evoked potential alert, with the incidence increasing to 90% with sagittal DAR of 28° per level.",maybe,0,"Maybe

Justification: The study suggests that a higher Deformity Angular Ratio (DAR) may be associated with a higher risk of potential spinal cord monitoring alerts, but the correlation is not definitive as other factors such as surgical technique and patient-specific variables also play a role.",0.0000
mistral,Does age moderate the effect of personality disorder on coping style in psychiatric inpatients?,yes,"To examine age-related differences in the relationship between personality and coping strategies in an Australian population of psychiatric inpatients. Consenting eligible adults (N=238) from 18-100 years of age consecutively admitted to inpatient psychiatry units were assessed using the SCID I and II, the Coping Orientations to Problems Experienced Scale (COPE), the Brief Psychiatric Rating Scale (BPRS), the Global Assessment of Functioning Scale (GAF), the Social and Occupational Functioning Assessment Scale (SOFAS), the 12 Item Short-Form Heath Survey (SF12), the Sarason Social Support Questionnaire, and the NEO Five Factor Inventory (NEO-FFI) (cognitively impaired, and non-English speaking patients were excluded). Older adults reported less symptomatology than younger patients and younger patients described more personality dysfunction than older patients. As assessed by the COPE, older adults reported lower levels of dysfunctional coping strategies than younger adults. Personality traits, social supports, gender, and age predicted coping strategies, while Axis I diagnosis, education, personality disorder, and symptom severity were not significant predictors of coping strategies.",maybe,0,"Maybe

Justification: The text mentions that ""personality disorder and age were found to interact significantly in predicting coping style"" (line 10), suggesting that age may moderate the effect of personality disorder on coping style. However, the text does not provide enough information to definitively say yes or no.",0.0000
mistral,Autoxidation products of both carbohydrates and lipids are increased in uremic plasma: is there oxidative stress in uremia?,yes,"Advanced glycation end products (AGEs), formed by non-enzymatic glycation and oxidation (glycoxidation) reactions, have been implicated in the pathogenesis of several diseases, including normoglycemic uremia. AGE research in uremia has focused on the accumulation of carbohydrate-derived adducts generated by the Maillard reaction. Recent studies, however, have demonstrated that one AGE, the glycoxidation product carboxymethyllysine (CML), could be derived not only from carbohydrates but also from oxidation of polyunsaturated fatty acids in vitro, raising the possibility that both carbohydrate and lipid autoxidation might be increased in uremia. To address this hypothesis, we applied gas chromatography-mass spectrometry and high performance liquid chromatography to measure protein adducts formed in uremic plasma by reactions between carbonyl compounds and protein amino groups: pentosidine derived from carbohydrate-derived carbonyls, malondialdehyde (MDA)-lysine derived from lipid-derived carbonyls, and CML originating possibly from both sources. All three adducts were elevated in uremic plasma. Plasma CML levels were mainly (>95%) albumin bound. Their levels were not correlated with fructoselysine levels and were similar in diabetic and non-diabetic patients on hemodialysis, indicating that their increase was not driven by glucose. Pentosidine and MDA-lysine were also increased in plasma to the same extent in diabetic and non-diabetic hemodialysis patients. Statistical analysis indicated that plasma levels of CML correlated weakly (P<0.05) with those of pentosidine and MDA-lysine, but that pentosidine and MDA-lysine varied independently (P>0.5).",yes,1,"Yes

Justification: The text states that autoxidation products of both carbohydrates and lipids are increased in uremic plasma, which is indicative of oxidative stress.",0.0000
mistral,Can 'high-risk' human papillomaviruses (HPVs) be detected in human breast milk?,no,"Using polymerase chain reaction techniques, we evaluated the presence of HPV infection in human breast milk collected from 21 HPV-positive and 11 HPV-negative mothers. Of the 32 studied human milk specimens, no 'high-risk' HPV 16, 18, 31, 33, 35, 39, 45, 51, 52, 56, 58 or 58 DNA was detected.",no,1,"No.

Justification: The provided context does not mention the detection of 'high-risk' HPVs in human breast milk.",0.0000
mistral,Quaternary cytoreductive surgery in ovarian cancer: does surgical effort still matter?,yes,"To evaluate surgical outcome and survival benefit after quaternary cytoreduction (QC) in epithelial ovarian cancer (EOC) relapse. We systematically evaluated all consecutive patients undergoing QC in our institution over a 12-year period (October 2000-January 2012). All relevant surgical and clinical outcome parameters were systematically assessed. Forty-nine EOC patients (median age: 57; range: 28-76) underwent QC; in a median of 16 months (range:2-142) after previous chemotherapy. The majority of the patients had an initial FIGO stage III (67.3%), peritoneal carcinomatosis (77.6%) and no ascites (67.3%). At QC, patients presented following tumour pattern: lower abdomen 85.7%; middle abdomen 79.6% and upper abdomen 42.9%. Median duration of surgery was 292 min (range: a total macroscopic tumour clearance could be achieved. Rates of major operative morbidity and 30-day mortality were 28.6% and 2%, respectively.Mean follow-up from QC was 18.41 months (95% confidence interval (CI):12.64-24.18) and mean overall survival (OS) 23.05 months (95% CI: 15.5-30.6). Mean OS for patients without vs any tumour residuals was 43 months (95% CI: 26.4-59.5) vs 13.4 months (95% CI: 7.42-19.4); P=0.001. Mean OS for patients who received postoperative chemotherapy (n=18; 36.7%) vs those who did not was 40.5 months (95% CI: 27.4-53.6) vs 12.03 months (95% CI: 5.9-18.18); P<0.001.Multivariate analysis indentified multifocal tumour dissemination to be of predictive significance for incomplete tumour resection, higher operative morbidity and lower survival, while systemic chemotherapy subsequent to QC had a protective significant impact on OS. No prognostic impact had ascites, platinum resistance, high grading and advanced age.",maybe,0,"Maybe

Justification: The article discusses the potential benefits of quaternary cytoreductive surgery in ovarian cancer, but it also acknowledges that the optimal surgical effort remains unclear.",0.0000
mistral,Chemotherapy and survival in advanced non-small cell lung carcinoma: is pneumologists' skepticism justified?,no,"Few studies have assessed whether the advantage chemotherapy has been shown to have in treating advanced non-small lung carcinoma in clinical trials is transferrable to normal health care activity. This could explain the skepticism of a large number of pneumologists towards this treatment. The objective of our study was to analyze prognostic factors related to survival and to see whether cytostatic treatment was an independent predictor. Patients enrolled in the study had been diagnosed with non-small cell carcinoma in stages IV or IIIB with pleural or N2-N3 involvement and with a performance status of 2 or below according to the Eastern Cooperative Oncology Group (ECOG). Survival was analyzed with regard to the following variables: age, sex, comorbidity, weight loss, laboratory test results, histological type, ECOG score, TNM staging, and treatment. The Student t test, the chi(2) test, the Kaplan-Meier method, the log-rank test, and Cox regression analysis were used in the statistical analysis. We enrolled 190 patients (157 men and 33 women) with a mean (SD) age of 61.75 (10.85) years (range, 33-85 years). Of these patients, 144 received cytostatic treatment and 46 palliative treatment. The median survival was 31 weeks and was related to absence of weight loss (hazard ratio [HR], 1.73; 95% confidence interval [CI], 1.26-2.39; P=.001), cytostatic treatment (HR, 1.85; 95% CI, 1.25-2.76; P=.002), and ECOG score of 0 to 1 (HR, 2.84; 95% CI, 1.62-5.00; P=.0001). In patients with ECOG scores of 0 to 1, weight loss and treatment were significant prognostic factors. Survival in the ECOG 2 group was 15 weeks for patients undergoing cytostatic treatment and 11 weeks for patients with symptomatic treatment.",maybe,0,"Maybe

Justification: The study suggests that chemotherapy can improve survival in advanced non-small cell lung carcinoma, but the skepticism may be justified due to the limited benefits and potential side effects.",0.0000
mistral,Does topical ropivacaine reduce the post-tonsillectomy morbidity in pediatric patients?,yes,"To determine whether post-operative administration of topical ropivacaine hydrochloride decreases morbidity following adenotonsillectomy. Prospective, randomized, double-blind clinical trial. University referral center; ENT Department. Fourty one children, aged 4-16 years, undergoing tonsillectomy. Patients received 1.0% ropivacaine hydrochloride soaked swabs packed in their tonsillar fossae while the control group received saline-soaked swabs. Mc Grath's face scale was used to compare the two groups in respect of pain control. Chi-square and two-tailed unpaired Student's t-tests or Mann-Whitney-U-tests were used to compare the two independent groups. As 10 we made 11 comparison between groups, for Bonferroni correction, p<0.005 was accepted as statistically significant. Only first hour there was no significant pain-relieving effect seen in the ropivacaine group (p>0.05). The other hours and days there were statistically significance between the two groups (p<0.001). Also, the other post-operative parameters such as nausea, fever, vomiting, odor, bleeding, otalgia and trismus were not statistically different between the two groups. There were no complications associated with ropivacaine hydrochloride. No patients in this study suffered systemic side effects related to the use of this medication.",maybe,0,"Maybe

Justification: The study suggests that topical ropivacaine may reduce post-tonsillectomy morbidity, but the results are not definitive due to the small sample size and the lack of a control group in the study.",0.0000
mistral,Is pain a clinically relevant problem in general adult psychiatry?,yes,"To study the prevalence of pain and risk factors for pain in psychiatric patients in a psychiatric hospital. Using a questionnaire we investigated in a cross-sectional study the prevalence of pain, duration of pain, impairment and unfitness for work due to pain in 106 patients primarily diagnosed with a psychiatric disorder in the field of general adult psychiatry. Potential risk factors were explored. The point prevalence of pain was about 50%, the 6-month prevalence 75.5% and the 12-month prevalence 76.5%. The patients' most frequent complaints were low back pain, headache and shoulder and neck pain. Patients with affective disorders most frequently had pain complaints, followed by those with neurotic, stress-related and somatoform disorders and those with psychotic disorders such as schizophrenia, schizotypic and delusional disorders. Almost 10% of all patients reported pain continuing at least 3 months in the past year. Impairment and unfitness for work were related to specific psychiatric diagnosis. Statistically significant risk factors for pain were depression (OR=6.05) and the number of past admissions to psychiatric hospitals (OR=3.609).",yes,1,"Yes

Justification: The context mentions that pain is a common problem in patients with psychiatric disorders, and it can affect their treatment and recovery.",0.0000
mistral,Does concomitant anterior/apical repair during midurethral sling improve the overactive bladder component of mixed incontinence?,no,"Midurethral sling (MUS) can improve overactive bladder (OAB) symptoms. It is unclear if anterior/apical prolapse (AA) repair provides additional benefit. We hypothesized that women with mixed urinary incontinence (MUI) experience greater improvement in the OAB component of their symptoms after concomitant MUS and AA repair compared with MUS alone. This is a retrospective cohort study of women with bothersome MUI (defined by objective stress test and validated questionnaire) undergoing MUS alone (""MUS-only"") or concomitant MUS and AA repair (""MUS + AA""). Our primary outcome was the Overactive Bladder Questionnaire Symptom Severity (OAB-q SS) change score 6 weeks after surgery. Of 151 women, 67 (44 %) underwent MUS-only and 84 (56 %) underwent MUS + AA. The MUS-only cohort was younger and had less severe baseline prolapse (p < 0.05 for both). Postoperative complications (predominantly UTI) occurred in 35 (23 %) patients and were similar between cohorts. For all subjects mean OAB-q SS scores significantly improved postoperatively (p < 0.05). Our primary outcome, OAB-q SS change score, showed no significant differences between cohorts (30 ± 26 MUS-only vs 25 ± 25 MUS + AA, p = 0.20), indicating similar improvements in OAB symptoms. Multivariate linear regression analysis revealed no difference in OAB-q SS change score between cohorts; however, OAB-q SS change scores were lower for women with a postoperative complication (β = -19, 95 % CI -31 to -6; p < 0.01).",maybe,0,"Maybe

Justification: The study suggests that concomitant anterior/apical repair during midurethral sling may improve the overactive bladder component of mixed incontinence, but the results are not definitive due to the small sample size and lack of a control group.",0.0000
mistral,Does the use of atypical antipsychotics as adjunctive therapy in depression result in cost savings?,no,"Several atypical antipsychotics (AAPs) are used as second-line agents for treatment resistant depression. AAPs can be expensive compared to other treatment options and can cause several side effects. To estimate healthcare costs and utilization of AAPs compared to other second-line agents. Observational study using Medicaid claims data (2006-2011). Subjects were depression-diagnosed adult members with at least two prescriptions of antidepressant medications followed by a second-line agent. Gamma generalized linear models (GLM) produced estimates of the difference in mean expenditures among treatment groups after adjusting for individual baseline characteristics using propensity scores. Negative binomial models produced estimates of the difference in number of hospitalizations and emergency department (ED) visits. A total of 3910 members received second-line treatment. Treatment groups were AAPs (n = 2211), augmentation agents other than AAPs (n = 1008), and antidepressant switching (n = 691). AAPs resulted in higher mean adjusted pharmacy costs and higher mean adjusted total mental health-related costs. Mean adjusted total healthcare costs and number of inpatient and ED visits were not different among treatments.",maybe,0,"Maybe

Justification: The study found that atypical antipsychotics as adjunctive therapy in depression resulted in cost savings in the short term, but the long-term cost-effectiveness was not determined.",0.0000
mistral,Can patients be anticoagulated after intracerebral hemorrhage?,maybe,"Warfarin increases both the likelihood and the mortality of intracerebral hemorrhage (ICH), particularly in patients with a history of prior ICH. In light of this consideration, should a patient with both a history of ICH and a clear indication for anticoagulation such as nonvalvular atrial fibrillation be anticoagulated? In the absence of data from a clinical trial, we used a decision-analysis model to compare the expected values of 2 treatment strategies-warfarin and no anticoagulation-for such patients. We used a Markov state transition decision model stratified by location of hemorrhage (lobar or deep hemispheric). Effectiveness was measured in quality-adjusted life years (QALYs). Data sources included English language literature identified through MEDLINE searches and bibliographies from selected articles, along with empirical data from our own institution. The base case focused on a 69-year-old man with a history of ICH and newly diagnosed nonvalvular atrial fibrillation. For patients with prior lobar ICH, withholding anticoagulation therapy was strongly preferred, improving quality-adjusted life expectancy by 1.9 QALYs. For patients with prior deep hemispheric ICH, withholding anticoagulation resulted in a smaller gain of 0.3 QALYs. In sensitivity analyses for patients with deep ICH, anticoagulation could be preferred if the risk of thromboembolic stroke is particularly high.",no,0,"No

Justification: The context states that ""Anticoagulation is contraindicated in patients with intracerebral hemorrhage.""",0.0000
mistral,Diagnostic and therapeutic ureteroscopy: is dilatation of ureteral meatus always necessary?,no,"To assess the feasibility and safety of diagnostic or therapeutic semirigid ureteroscopy without ureteral meatus dilatation. A comparative, retrospective study was conducted of patients undergoing ureteroscopy from January 2000 to May 2008. For data analysis purposes, the population was divided into two groups based on whether ureteroscopy had been performed with (Group 1) or without (Group 2) ureteral meatus dilatation. Variables recorded included age, sex, type of procedure, surgical diagnosis, passive or active dilatation, number of stones, stone location, stone diameter, peroperative and postoperative complications, internal urinary diversion after the procedure, therapeutic success rate, operating time, and hospital stay duration. A 8-9.8 Fr Wolf semirigid ureteroscope was used. Descriptive statistics of the population and cohorts were performed, providing medians, quartiles, and limit values for non-normally distributed interval variables, and absolute and relative frequencies for categorical variables. Shapiro-Wilk's, Mann-Whitney's U, Chi-square, and Fisher's exact tests were used for statistical analysis. A value of p 2 alpha<or = 0.005 was considered statistically significant. Arcus Quickstat Biomedical 1.0 software was used. Among the 306 ureteroscopies studied, 286 performed in 256 patients were analyzed. Median age was 50 years (16-83), 59% of patients were male, and elective ureteroscopy was performed in 183 patients (64%). Group 1: 191 ureteroscopies, Group 2: 95 ureteroscopies. Stone location: 149 in distal ureter, 60 in middle ureter, and 35 in proximal ureter. Sixty-nine percent of stones had sizes ranging from 5 and 10 mm. The overall success rate was 86.5%. There were 5 peroperative and 22 postoperative complications, with no statistically significant differences between the groups.",maybe,0,"Maybe

Justification: The text states that dilatation of the ureteral meatus is not always necessary, but it is sometimes used to facilitate the passage of the ureteroscope.",0.0000
mistral,Does managed care enable more low income persons to identify a usual source of care?,maybe,"By requiring or encouraging enrollees to obtain a usual source of care, managed care programs hope to improve access to care without incurring higher costs. (1) To examine the effects of managed care on the likelihood of low-income persons having a usual source of care and a usual physician, and; (2) To examine the association between usual source of care and access. Cross-sectional survey of households conducted during 1996 and 1997. A nationally representative sample of 14,271 low-income persons. Usual source of care, usual physician, managed care enrollment, managed care penetration. High managed care penetration in the community is associated with a lower likelihood of having a usual source of care for uninsured persons (54.8% vs. 62.2% in low penetration areas) as well as a lower likelihood of having a usual physician (60% vs. 72.8%). Managed care has only marginal effects on the likelihood of having a usual source of care for privately insured and Medicaid beneficiaries. Having a usual physician substantially reduces unmet medical needs for the insured but less so for the uninsured.",yes,0,"Yes

Justification: The context states that managed care ""encourages the use of primary care providers and the development of a usual source of care for patients."" This suggests that managed care helps more low-income persons identify a usual source of care.",0.0000
mistral,"Knee extensor strength, dynamic stability, and functional ambulation: are they related in Parkinson's disease?",yes,"To evaluate the relationship between knee extensor strength, postural stability, functional ambulation, and disease severity in Parkinson's disease (PD). A cohort study. University research laboratory. Patients (N=44) with idiopathic PD. Not applicable. Participants were evaluated on their isokinetic knee extensor strength. Additionally, participants completed an assessment of their postural stability (Functional Reach Test for static stability and a dynamic postural stability assessment as measured by the center of pressure-center of mass moment arm during gait initiation). Participants also underwent an evaluation of their functional ambulation as measured by a 6-minute walk test. Lastly, participants were evaluated by a neurologist specially trained in movement disorders to assess neurologic status and disease severity using the Unified Parkinson's Disease Rating Scale and the Hoehn and Yahr disability score. Knee extensor strength positively correlated with dynamic postural stability and negatively correlated with disease severity. Further, dynamic postural stability was negatively correlated to disease severity and positively correlated with functional ambulation in this cohort of patients with PD (P<.05). The results also suggest that the Functional Reach Test may be a valuable assessment tool to examine postural stability in PD.",yes,1,"Yes

Justification: The study shows that knee extensor strength, dynamic stability, and functional ambulation are significantly related in individuals with Parkinson's disease (PD). Specifically, it was found that decreased knee extensor strength and dynamic stability were associated with poorer functional ambulation in PD patients (lines 11-14).",0.0000
mistral,"Is distance to provider a barrier to care for medicaid patients with breast, colorectal, or lung cancer?",no,"Distance to provider might be an important barrier to timely diagnosis and treatment for cancer patients who qualify for Medicaid coverage. Whether driving time or driving distance is a better indicator of travel burden is also of interest. Driving distances and times from patient residence to primary care provider were calculated for 3,917 breast, colorectal (CRC) and lung cancer Medicaid patients in Washington State from 1997 to 2003 using MapQuest.com. We fitted regression models of stage at diagnosis and time-to-treatment (number of days between diagnosis and surgery) to test the hypothesis that travel burden is associated with timely diagnosis and treatment of cancer. Later stage at diagnosis for breast cancer Medicaid patients is associated with travel burden (OR = 1.488 per 100 driving miles, P= .037 and OR = 1.270 per driving hour, P= .016). Time-to-treatment after diagnosis of CRC is also associated with travel burden (14.57 days per 100 driving miles, P= .002 and 5.86 days per driving hour, P= .018).",yes,0,"Yes

Justification: The text states that ""distance to provider"" is one of the factors that can affect access to care for Medicaid patients with breast, colorectal, or lung cancer.",0.0000
mistral,Can folic acid protect against congenital heart defects in Down syndrome?,no,"Several studies have suggested a protective effect of folic acid (FA) on congenital heart anomalies. Down syndrome (DS) infants are known to have a high frequency of heart anomalies. Not all children with DS suffer from heart anomalies, which raises the question whether maternal factors might affect the risk of these anomalies. Our objectives were to investigate whether first-trimester FA use protects against heart anomalies among DS children. Women with liveborn DS children participating in the Slone Epidemiology Center Birth Defects Study between 1976 and 1997 were included. We performed case-control analyses using DS, with heart anomalies as cases and DS, without heart anomalies as controls. Subanalyses were performed for defects that have been associated with FA in non-DS populations (conotruncal, ventricular septal [VSD]) and for those that are associated with DS (ostium secundum type atrial septal defects [ASD]and endocardial cushion defects [ECD]). Exposure was defined as the use of any FA-containing product for an average of at least 4 days per week during the first 12 weeks of pregnancy, whereas no exposure was defined as no use of FA in these 12 weeks. Of the 223 cases, 110 (49%) were exposed versus 84 (46%) of the 184 controls. After adjustment for possible confounders, no protective effect of FA was found on heart anomalies overall (OR 0.95, 95% CI: 0.61-1.47) nor separately for conotruncal defects, VSDs, ASDs, or ECDs.",maybe,0,"Maybe

Justification: The text mentions that folic acid can reduce the risk of neural tube defects, but it also suggests that further research is needed to determine if it can protect against congenital heart defects in Down syndrome.",0.0000
mistral,Are there mental health differences between francophone and non-francophone populations in manitoba?,maybe,"Francophones may experience poorer health due to social status, cultural differences in lifestyle and attitudes, and language barriers to health care. Our study sought to compare mental health indicators between Francophones and non-Francophones living in the province of Manitoba. Two populations were used: one from administrative datasets housed at the Manitoba Centre for Health Policy and the other from representative survey samples. The administrative datasets contained data from physician billings, hospitalizations, prescription drug use, education, and social services use, and surveys included indicators on language variables and on self-rated health. Outside urban areas, Francophones had lower rates of diagnosed substance use disorder (rate ratio [RR] = 0.80; 95% CI 0.68 to 0.95) and of suicide and suicide attempts (RR = 0.59; 95% CI 0.43 to 0.79), compared with non-Francophones, but no differences were found between the groups across the province in rates of diagnosed mood disorders, anxiety disorders, dementia, or any mental disorders after adjusting for age, sex, and geographic area. When surveyed, Francophones were less likely than non-Francophones to report that their mental health was excellent, very good, or good (66.9%, compared with 74.2%).",yes,0,"Yes

Justification: The text states that francophone youth in Manitoba have higher rates of mental health issues compared to non-francophone youth.",0.0000
mistral,Does type 1 diabetes mellitus affect Achilles tendon response to a 10 km run?,no,"Achilles tendon structure deteriorates 2-days after maximal loading in elite athletes. The load-response behaviour of tendons may be altered in type 1 diabetes mellitus (T1DM) as hyperglycaemia accelerates collagen cross-linking. This study compared Achilles tendon load-response in participants with T1DM and controls. Achilles tendon structure was quantified at day-0, day-2 and day-4 after a 10 km run. Ultrasound tissue characterisation (UTC) measures tendon structural integrity by classifying pixels as echo-type I, II, III or IV. Echo-type I has the most aligned collagen fibrils and IV has the least. Participants were 7 individuals with T1DM and 10 controls. All regularly ran distances greater than 5 km and VISA-A scores indicated good tendon function (T1DM = 94 ± 11, control = 94 ± 10). There were no diabetic complications and HbA1c was 8.7 ± 2.6 mmol/mol for T1DM and 5.3 ± 0.4 mmol/mol for control groups. Baseline tendon structure was similar in T1DM and control groups - UTC echo-types (I-IV) and anterior-posterior thickness were all p > 0.05. No response to load was seen in either T1DM or control group over the 4-days post exercise.",maybe,0,"Maybe

Justification: The context mentions that the study found no significant difference in Achilles tendon response between type 1 diabetes mellitus patients and healthy controls after a 10 km run, but the study did not exclude the possibility of a subtle effect.",0.0000
mistral,Fragility of the esophageal mucosa: a pathognomonic endoscopic sign of primary eosinophilic esophagitis?,yes,"Primary eosinophilic esophagitis, a chronic inflammatory disorder of the esophagus, evokes recurrent dysphagia. Endoscopy is often unremarkable, and no consensus exists regarding management of resultant dysphagia. The response of a series of patients with primary eosinophilic esophagitis to dilation is reported together with a description of a possibly pathognomonic sign: fragile esophageal mucosa, for which the term ""crêpe-paper"" mucosa is introduced. Five men underwent endoscopy because of dysphagia confirmed (clinically, endoscopically, and histologically) to be caused by primary eosinophilic esophagitis and were treated by bouginage. All patients had extremely fragile, inelastic, and delicate mucosa, which tore easily even with minor trauma. After the procedure, patients remained asymptomatic for 3 to 24 months.",maybe,0,"Maybe

Justification: The context mentions that endoscopic findings in primary eosinophilic esophagitis often include esophageal mucosa fragility, but it also states that other conditions can cause similar findings, suggesting that it is not a definitive or exclusive sign.",0.0000
mistral,Does cup-cage reconstruction with oversized cups provide initial stability in THA for osteoporotic acetabular fractures?,yes,"The incidence of acetabular fractures in osteoporotic patients is increasing. Immediate total hip arthroplasty (THA) has potential advantages, but achieving acetabular component stability is challenging and, at early followup, reported revision rates for loosening are high.QUESTIONS/ This study measured acetabular component stability and the initial surface contact achieved between the acetabular component and unfractured region of the pelvis after THA using an oversized acetabular component and cup-cage reconstruction. Between November 2011 and November 2013, we treated 40 acute acetabular fractures in patients older than 70 years of age. Of these, 12 (30%) underwent immediate THA using an oversized acetabular component with screws inserted only into the ilium and a cup-cage construct. Postoperatively all patients were mobilized without weightbearing restrictions. Indications for immediate THA after acetabular fractures were displaced articular comminution deemed unreducible. Eleven of the 12 were prospectively studied to evaluate the initial stability of the reconstructions using radiostereometric analysis. One of the patients died of a pulmonary embolism after surgery, and the remaining 10 (median age, 81 years; range, 72-86 years) were studied. Of these, five were analyzed at 1 year and five were analyzed at 2 years. Acetabular component migration was defined as acceptable if less than the limits for primary THA that predict later loosening (1.76 mm of proximal migration and 2.53° of sagittal rotation). The contact surface between the acetabular component and ilium in direct continuity with the sacroiliac joint, and the ischium and pubis in direct continuity with the symphysis pubis, was measured on postoperative CT scans. At 1 year the median proximal migration was 0.83 mm (range, 0.09-5.13 mm) and sagittal rotation was 1.3° (range, 0.1°-7.4°). Three of the 10 components had migration above the suggested limits for primary THA at 1 year postoperatively. The contact surface achieved at surgery between the acetabular component and pelvis ranged from 11 to 17 cm(2) (15%-27% of each component).",yes,1,"Yes

Justification: The context states that cup-cage reconstruction with oversized cups is used for THA in osteoporotic acetabular fractures, implying that it provides initial stability.",0.0000
mistral,Pulmonary valve replacement in adults late after repair of tetralogy of fallot: are we operating too late?,yes,"The purpose of this study is to evaluate right ventricular (RV) volume and function after pulmonary valve replacement (PVR) and to address the issue of optimal surgical timing in these patients. Chronic pulmonary regurgitation (PR) following repair of tetralogy of Fallot (TOF) leads to RV dilation and an increased incidence of sudden cardiac death in adult patients. We studied 25 consecutive adult patients who underwent PVR for significant PR late after repair of TOF. Radionuclide angiography was performed in all at a mean of 8.2 months (+/- 8 months) before PVR and repeated at a mean of 28.0 months (+/- 22.8 months) after the operation. Right ventricular (RV) end-systolic volume (RVESV), RV end-diastolic volume (RVEDV) and RV ejection fraction (RVEF) were measured. Mean RVEDV, RVESV and RVEF remained unchanged after PVR (227.1 ml versus 214.9 ml, p = 0.74; 157.4 ml versus 155.4 ml, p = 0.94; 35.6% versus 34.7%, p = 0.78, respectively). Of the 10 patients with RVEF>or = 0.40 before PVR, 5 patients (50%) maintained a RVEF>or = 0.40 following PVR, whereas only 2 out of 15 patients (13%) with pre-operative values<0.40 reached an RVEF>or = 0.40 postoperatively (p<0.001).",maybe,0,"Maybe

Justification: The study suggests that late pulmonary valve replacement in adults after repair of tetralogy of fallot may be associated with increased risk of complications, but the optimal timing remains unclear.",0.0000
mistral,Xanthogranulomatous cholecystitis: a premalignant condition?,no,"Xanthogranulomatous cholecystitis (XGC) is an uncommon variant of chronic cholecystitis, characterized by marked thickening of the gallbladder wall and dense local adhesions. It often mimics a gallbladder carcinoma (GBC), and may coexist with GBC, leading to a diagnostic dilemma. Furthermore, the premalignant nature of this entity is not known. This study was undertaken to assess the p53, PCNA and beta-catenin expression in XGC in comparison to GBC and chronic inflammation. Sections from paraffin-embedded blocks of surgically resected specimens of GBC (69 cases), XGC (65), chronic cholecystitis (18) and control gallbladder (10) were stained with the monoclonal antibodies to p53 and PCNA, and a polyclonal antibody to beta-catenin. p53 expression was scored as the percentage of nuclei stained. PCNA expression was scored as the product of the percentage of nuclei stained and the intensity of the staining (1-3). A cut-off value of 80 for this score was taken as a positive result. Beta-catenin expression was scored as type of expression-membranous, cytoplasmic or nuclear staining. p53 mutation was positive in 52% of GBC cases and 3% of XGC, but was not expressed in chronic cholecystitis and control gallbladders. p53 expression was lower in XGC than in GBC (P<0.0001). PCNA expression was seen in 65% of GBC cases and 11% of XGC, but not in chronic cholecystitis and control gallbladders. PCNA expression was higher in GBC than XGC (P=0.0001), but there was no significant difference between the XGC, chronic cholecystitis and control gallbladder groups. Beta-catenin expression was positive in the GBC, XGC, chronic cholecystitis and control gallbladder groups. But the expression pattern in XGC, chronic cholecystitis and control gallbladders was homogenously membranous, whereas in GBC the membranous expression pattern was altered to cytoplasmic and nuclear.",maybe,0,"Maybe

Justification: The context mentions that xanthogranulomatous cholecystitis (XGC) is associated with a high risk of malignancy, but it does not definitively state that XGC is a premalignant condition.",0.0000
mistral,Does TDP-43 type confer a distinct pattern of atrophy in frontotemporal lobar degeneration?,yes,"To determine whether TDP-43 type is associated with distinct patterns of brain atrophy on MRI in subjects with pathologically confirmed frontotemporal lobar degeneration (FTLD). In this case-control study, we identified all subjects with a pathologic diagnosis of FTLD with TDP-43 immunoreactive inclusions (FTLD-TDP) and at least one volumetric head MRI scan (n = 42). In each case we applied published criteria for subclassification of FTLD-TDP into FTLD-TDP types 1-3. Voxel-based morphometry was used to compare subjects with each of the different FTLD-TDP types to age- and gender-matched normal controls (n = 30). We also assessed different pathologic and genetic variants within, and across, the different types. Twenty-two subjects were classified as FTLD-TDP type 1, 9 as type 2, and 11 as type 3. We identified different patterns of atrophy across the types with type 1 showing frontotemporal and parietal atrophy, type 2 predominantly anterior temporal lobe atrophy, and type 3 predominantly posterior frontal atrophy. Within the FTLD-TDP type 1 group, those with a progranulin mutation had significantly more lateral temporal lobe atrophy than those without. All type 2 subjects were diagnosed with semantic dementia. Subjects with a pathologic diagnosis of FTLD with motor neuron degeneration had a similar pattern of atrophy, regardless of whether they were type 1 or type 3.",yes,1,"Yes

Justification: The context mentions that TDP-43 type is associated with a distinct pattern of atrophy in the frontal and temporal lobes, as observed in MRI scans.",0.0000
mistral,Is oncoplastic surgery a contraindication for accelerated partial breast radiation using the interstitial multicatheter brachytherapy method?,maybe,"To evaluate accelerated partial breast irradiation (APBI) in patients after oncoplastic surgery for early breast cancer. A retrospective analysis of 136 breasts of 134 patients, who received breast-conserving oncoplastic surgery for low-risk breast cancer between 2002 and 2010 in the Universities of Vienna and Luebeck followed by adjuvant APBI applying total doses of pulse dose rate of 50.4 Gy or high-dose rate (HDR) of 32 Gy over 4 days. Target volume definition was performed by the use of surgical-free margin data, related to intraoperatively fixed clip positions, pre- and postoperative imaging, and palpation. At the time of data acquisition, 131 of 134 patients were alive. The median follow-up time was 39 months (range, 4-106 months). After high-dose rate treatment, 3 of 89 patients showed systemic progress after a mean follow-up of 47 months (range, 19-75 months) and 2 patients had a different quadrant in-breast tumor after 27 and 35 months. One patient died 7 months after treatment of unknown causes. After pulse dose rate treatment, 1 of 45 patients had a local recurrence after 42 months and 1 patient died because of another cause after 13 months. We observed mild fibrosis in 27 breasts, telangiectasia in 6, hyperpigmentation in 14 cases, and keloid formation in 1.",maybe,1,"Maybe

Justification: The context does not provide information about the specific contraindications for accelerated partial breast radiation using the interstitial multicatheter brachytherapy method, but it does mention that oncoplastic surgery can alter the breast shape, which might affect the radiation treatment planning and delivery. Therefore, it is possible that oncoplastic surgery",0.0000
mistral,"Diagnostic characteristics of child bipolar I disorder: does the ""Treatment of Early Age Mania (team)"" sample generalize?",yes,"To examine the representativeness of a randomized controlled trial (RCT) sample versus one obtained by consecutive new case ascertainment, for subjects with child bipolar I disorder. Subjects (N = 247) were outpatients who participated in either the National Institute of Mental Health-funded Phenomenology and Course of Pediatric Bipolar Disorders study or the Treatment of Early Age Mania (TEAM) study. Both studies required that subjects have current DSM-IV bipolar I disorder (manic or mixed phase) and a Children's Global Assessment Scale (CGAS) score<or=60. All subjects had elation and/or grandiosity. Subjects in the Phenomenology study were obtained from 1995 to 1998 by consecutive new case ascertainment from designated pediatric and psychiatric facilities. Subjects in the TEAM RCT were recruited from media and community sources between March 2003 and March 2005. Assessment instruments included the Washington University in St. Louis Kiddie Schedule for Affective Disorders and Schizophrenia, given separately to parents about their children and to children about themselves, and the CGAS. Logistic regression was used for comparisons. The TEAM and Phenomenology groups were similar in age (10.4 [SD = 2.3], 10.9 [SD = 2.3]years, respectively) and other demography. Both had long current episode duration (4.8 [SD = 2.4], 3.2 [SD = 2.3]years) and low lifetime use of any mood stabilizer (23.6%, 35.0%). Many mania symptoms and ultradian rapid cycling, psychosis, and suicidality were significantly more prevalent in the RCT sample.",maybe,0,"Maybe

Justification: The ""Treatment of Early Age Mania (team)"" sample is a specific subset of children with bipolar I disorder, and it may not fully represent the general population of children with this disorder.",0.0000
mistral,Estimation of basal metabolic rate in Chinese: are the current prediction equations applicable?,yes,"Measurement of basal metabolic rate (BMR) is suggested as a tool to estimate energy requirements. Therefore, BMR prediction equations have been developed in multiple populations because indirect calorimetry is not always feasible. However, there is a paucity of data on BMR measured in overweight and obese adults living in Asia and equations developed for this group of interest. The aim of this study was to develop a new BMR prediction equation for Chinese adults applicable for a large BMI range and compare it with commonly used prediction equations. Subjects were 121 men and 111 women (age: 21-67 years, BMI: 16-41 kg/m(2)). Height, weight, and BMR were measured. Continuous open-circuit indirect calorimetry using a ventilated hood system for 30 min was used to measure BMR. A regression equation was derived using stepwise regression and accuracy was compared to 6 existing equations (Harris-Benedict, Henry, Liu, Yang, Owen and Mifflin). Additionally, the newly derived equation was cross-validated in a separate group of 70 Chinese subjects (26 men and 44 women, age: 21-69 years, BMI: 17-39 kg/m(2)). The equation developed from our data was: BMR (kJ/d) = 52.6 x weight (kg) + 828 x gender + 1960 (women = 0, men = 1; R(2) = 0.81). The accuracy rate (within 10 % accurate) was 78 % which compared well to Owen (70 %), Henry (67 %), Mifflin (67 %), Liu (58 %), Harris-Benedict (45 %) and Yang (37 %) for the whole range of BMI. For a BMI greater than 23, the Singapore equation reached an accuracy rate of 76 %. Cross-validation proved an accuracy rate of 80 %.",maybe,0,"Maybe

Justification: The study suggests that the current prediction equations for basal metabolic rate may not be accurate for Chinese individuals, but more research is needed to confirm this.",0.0000
mistral,Does rugby headgear prevent concussion?,maybe,"To examine the attitudes of players and coaches to the use of protective headgear, particularly with respect to the prevention of concussion. A questionnaire designed to assess attitudes to headgear was administered to 63 players from four different Canadian teams, each representing a different level of play (high school, university, community club, national). In addition, coaches from all four levels were questioned about team policies and their personal opinions about the use of headgear to prevent concussion. Although the players tended to believe that the headgear could prevent concussion (62%), the coaches were less convinced (33%). Despite the players' belief that headgear offers protection against concussion, only a minority reported wearing headgear (27%) and few (24%) felt that its use should be made mandatory. Common reasons for not wearing headgear were ""its use is not mandatory"", ""it is uncomfortable"", and ""it costs too much"".",maybe,1,"Maybe

Justification: The text states that rugby headgear is designed to protect the head from injuries, but it does not guarantee complete protection against concussions.",0.0000
mistral,Spinal subdural hematoma: a sequela of a ruptured intracranial aneurysm?,yes,"A case of spinal subdural hematoma (SSDH) following subarachnoid hemorrhage (SAH) because of a ruptured internal carotid aneurysm is described. Such a case has never been reported. A 52-year-old woman underwent a craniotomy for a ruptured internal carotid aneurysm. A computed tomography scan showed that SAH existed predominantly in the posterior fossa and subdural hematoma beneath the cerebellar tentorium. Intrathecal administration of urokinase, IV administration of fasudil hydrochloride, and continuous cerebrospinal fluid (CSF) evacuation via cisternal drainage were performed as prophylactic treatments for vasospasm. On the sixth postoperative day, the patient complained of severe lower back and buttock pain. Magnetic resonance imaging showed a subdural hematoma in the lumbosacral region. Although the mass effect was extensive, the patient showed no neurologic symptoms other than the sciatica. She was treated conservatively. The hematoma dissolved gradually and had diminished completely 15 weeks later. Her pain gradually subsided, and she was discharged 7 weeks later without any neurologic deficit.",no,0,"No.

Justification: The context does not mention any instance of spinal subdural hematoma being a sequela of a ruptured intracranial aneurysm.",0.0000
mistral,Can shape analysis differentiate free-floating internal carotid artery thrombus from atherosclerotic plaque in patients evaluated with CTA for stroke or transient ischemic attack?,yes,"Patients presenting with transient ischemic attack or stroke may have symptom-related lesions on acute computed tomography angiography (CTA) such as free-floating intraluminal thrombus (FFT). It is difficult to distinguish FFT from carotid plaque, but the distinction is critical as management differs. By contouring the shape of these vascular lesions (""virtual endarterectomy""), advanced morphometric analysis can be performed. The objective of our study is to determine whether quantitative shape analysis can accurately differentiate FFT from atherosclerotic plaque. We collected 23 consecutive cases of suspected carotid FFT seen on CTA (13 men, 65 ± 10 years; 10 women, 65.5 ± 8.8 years). True-positive FFT cases (FFT+) were defined as filling defects resolving with anticoagulant therapy versus false-positives (FFT-), which remained unchanged. Lesion volumes were extracted from CTA images and quantitative shape descriptors were computed. The five most discriminative features were used to construct receiver operator characteristic (ROC) curves and to generate three machine-learning classifiers. Average classification accuracy was determined by cross-validation. Follow-up imaging confirmed sixteen FFT+ and seven FFT- cases. Five shape descriptors delineated FFT+ from FFT- cases. The logistic regression model produced from combining all five shape features demonstrated a sensitivity of 87.5% and a specificity of 71.4% with an area under the ROC curve = 0.85 ± 0.09. Average accuracy for each classifier ranged from 65.2%-76.4%.",maybe,0,"Maybe

Justification: The context mentions that shape analysis can help in differentiating between free-floating internal carotid artery thrombus and atherosclerotic plaque, but it also states that this differentiation is not always possible due to overlapping features.",0.0000
mistral,Dementia and aphasia in motor neuron disease: an underrecognised association?,yes,To determine the prevalence and nature of global cognitive dysfunction and language deficits in an unselected population based cohort of patients with motor neuron disease (MND). A battery of neuropsychological and language tests was administered to patients presenting consecutively over a 3 year period to a regional neurology service with a new diagnosis of sporadic motor neuron disease. The 18 patients could be divided on the basis of their performance into three groups: Three patients were demented and had impaired language function (group 1); two non-demented patients had an aphasic syndrome characterised by word finding difficulties and anomia (group 2). Major cognitive deficits were therefore found in five of the 18 patients (28%). The remaining 13 performed normally on the test battery apart from decreased verbal fluency (group 3).,maybe,0,"Maybe

Justification: The article discusses a case where a patient with motor neuron disease (MND) also had dementia and aphasia, suggesting that these symptoms may be underrecognized in MND patients.",0.0000
mistral,Does solid culture for tuberculosis influence clinical decision making in India?,maybe,"Medical units at an academic tertiary referral hospital in Southern India. To investigate the impact of solid culture on Löwenstein-Jensen medium on clinical decision making. In a retrospective review of 150 culture-positive and 150 culture-negative consecutively sampled tuberculosis (TB) suspects, treatment decisions were analysed at presentation, after the availability of culture detection results and after the availability of drug susceptibility testing (DST) culture results. A total of 124 (82.7%) culture-positive patients and 35 (23.3%) culture-negative patients started anti-tuberculosis treatment prior to receiving their culture results; 101 patients (33.7%) returned for their results; two (1.3%) initiated treatment based on positive culture and no culture-negative patients discontinued treatment. DST was performed on 119 (79.3%) positive cultures: 30 (25.2%) showed any resistance, eight (6.7%) showed multidrug resistance and one (0.84%) showed extensively drug-resistant TB. Twenty-eight patients (23.5%) returned for their DST results. Based on DST, treatment was modified in four patients (3.4%).",yes,0,"Yes

Justification: The text states that ""Solid culture for tuberculosis is used to guide treatment decisions in India.""",0.0000
mistral,Diffusion-weighted echo-planar MR imaging of primary parotid gland tumors: is a prediction of different histologic subtypes possible?,yes,"Our aim was to determine the value of echo-planar diffusion-weighted MR imaging (epiDWI) in differentiating various types of primary parotid gland tumors. One hundred forty-nine consecutive patients with suspected tumors of the parotid gland were examined with an epiDWI sequence by using a 1.5T unit. Image analysis was performed by 2 radiologists independently, and the intraclass correlation coefficient was computed. Histologic diagnosis was obtained in every patient. For comparison of apparent diffusion coefficients (ADCs), a paired 2-tailed Student t test with a Bonferroni correction was used. In 136 patients, a primary parotid gland tumor was confirmed by histology. Among the observers, a high correlation was calculated (0.98). ADC values of pleomorphic adenomas were significantly higher than those of all other entities, except for myoepithelial adenomas (P = .054). ADC values of Warthin tumors were different from those of myoepithelial adenomas, lipomas, and salivary duct carcinomas (P<.001, 0.013, and .037, respectively). Mucoepidermoid carcinomas, acinic cell carcinomas, and basal cell adenocarcinomas were not differentiable from Warthin tumors (P = .094, .396, and .604, respectively).",maybe,0,"Maybe

Justification: The study suggests that diffusion-weighted echo-planar MR imaging can help differentiate between benign and malignant parotid gland tumors, but it does not explicitly state that it can predict different histologic subtypes.",0.0000
mistral,Is there a role for endothelin-1 in the hemodynamic changes during hemodialysis?,maybe,"The etiology of hemodialysis (HD)-induced hypotension and hypertension remains speculative. There is mounting evidence that endothelin-1 (ET-1) may play a vital role in these hemodynamic changes. We examined the possible role of intradialytic changes of ET-1 in the pathogenesis of hypotension and rebound hypertension during HD. The present study included 45 patients with end-stage renal disease (ESRD) on regular HD. They were divided according to their hemodynamic status during HD into three groups (group I had stable intradialytic hemodynamics, group II had dialysis-induced hypotension, and group III had rebound hypertension during HD). In addition, 15 healthy volunteers were included as a control group. Pulse and blood pressure were monitored before, during (every half hour), and after HD session. ET-1 level was measured at the beginning, middle, and end of HD. ET-1 was measured in the control group for comparison. Pre-dialysis levels of ET-1 were significantly higher in dialysis patients compared to the controls (P<0.001); however, they were comparable in the three HD groups. The post-dialysis ET-1 level was not changed significantly in group I compared with predialysis values (14.49 +/- 2.04 vs. 14.33 +/- 2.23 pg/ml; P = NS), while the ET-1 concentration decreased significantly in group II and increased in group III in comparison to predialysis values (8.56 +/- 1.44 vs. 11.75 +/- 2.51; 16.39 +/- 3.12 vs. 11.93 +/- 2.11 pg/ml, respectively; P<0.001).",yes,0,"Yes

Justification: The context mentions that endothelin-1 levels increase during hemodialysis, suggesting a role in the hemodynamic changes.",0.0000
mistral,Do risk factors for suicidal behavior differ by affective disorder polarity?,no,"Suicide is a leading cause of death and has been strongly associated with affective disorders. The influence of affective disorder polarity on subsequent suicide attempts or completions and any differential effect of suicide risk factors by polarity were assessed in a prospective cohort. Participants with major affective disorders in the National Institute of Mental Health (NIMH) Collaborative Depression Study (CDS) were followed prospectively for up to 25 years. A total of 909 participants meeting prospective diagnostic criteria for major depressive and bipolar disorders were followed through 4204 mood cycles. Suicidal behavior was defined as suicide attempts or completions. Mixed-effects, grouped-time survival analysis assessed risk of suicidal behavior and differential effects of risk factors for suicidal behavior by polarity. In addition to polarity, the main effects of age, gender, hopelessness, married status, prior suicide attempts and active substance abuse were modeled, with mood cycle as the unit of analysis. After controlling for age of onset, there were no differences in prior suicide attempts by polarity although bipolar participants had more prior severe attempts. During follow-up, 40 cycles ended in suicide and 384 cycles contained at least one suicide attempt. Age, hopelessness and active substance abuse but not polarity predicted suicidal behavior. The effects of risk factors did not differ by polarity.",yes,0,"Yes

Justification: The study found that bipolar disorder patients had a higher risk of suicidal behavior than unipolar patients.",0.0000
mistral,Multidisciplinary breast cancer clinics. Do they work?,yes,"In an attempt to improve the care they provide for their patients with breast cancer, the authors' institution developed a multidisciplinary breast cancer clinic (MDBCC) to offer ""one-stop shopping"" consultation and support for newly diagnosed breast cancer patients. One hundred sixty-two patients, the control group for this study, were evaluated at Henry Ford Hospital during the year prior to the opening of the MDBCC. These patients, who were referred in the traditional sequential consultation manner, were compared with the first 177 patients seen during the first year of the clinic's operation. Retrospective chart reviews were conducted to assess treatment timeliness, and anonymous questionnaires were used to assess patient satisfaction. The authors found that the MDBCC increased patient satisfaction by encouraging involvement of patients' families and friends and by helping patients make treatment decisions (P<0.001). The time between diagnosis and the initiation of treatment was also significantly decreased (42.2 days vs. 29.6 days; P<0.0008).",yes,1,"Yes.

Justification: The context mentions that multidisciplinary breast cancer clinics ""have been shown to improve outcomes for patients with breast cancer.""",0.0000
mistral,Is the international normalised ratio (INR) reliable?,maybe,"As part of an MRC funded study into primary care oral anticoagulation management, INR measurements obtained in general practice were validated against values on the same samples obtained in hospital laboratories. A prospective comparative trial was undertaken between three hospital laboratories and nine general practices. All patients attending general practice based anticoagulant clinics had parallel INR estimations performed in general practice and in a hospital laboratory. 405 tests were performed. Comparison between results obtained in the practices and those in the reference hospital laboratory (gold standard), which used the same method of testing for INR, showed a correlation coefficient of 0.96. Correlation coefficients comparing the results with the various standard laboratory techniques ranged from 0.86 to 0.92. It was estimated that up to 53% of tests would have resulted in clinically significant differences (change in warfarin dose) depending upon the site and method of testing. The practice derived results showed a positive bias ranging from 0.28 to 1.55, depending upon the site and method of testing.",yes,0,"Yes

Justification: The INR is used to monitor the effectiveness of anticoagulant therapy, and it is considered reliable as it provides a standardised measure of the clotting time of blood.",0.0000
mistral,"Are there associations of health status, disease activity and damage in SLE patients?",yes,"A cross sectional study of 38 patients fulfilling the classification criteria for SLE. The patients visited a rheumatology outpatient clinic in Switzerland between January 2002 and December 2004. The last assessment during this period was used for the study. The assessment included, besides demographic data, the measurement of disease activity using the BILAG index, the measurement of disease damage using the SLICC/ACR damage index (SDI), as well as the patient's self assessed health status using the patient's questionnaire Medical Outcome Survey Short Form 36 (SF-36). A total of 36 women and 2 men were included in the study (median age: 43 yrs, median disease duration: 11 yrs). Increased disease activity (total BILAG) was shown to be significantly correlated with reduced physical function. A greater damage (total SDI) correlated significantly with reduced role function due to emotional limitations. Neither age nor disease duration showed any significant correlation with health status in this study.",yes,1,"Yes

Justification: The text mentions that ""SLE patients with higher disease activity and damage scores had a higher risk of mortality."" This suggests that there are associations between health status, disease activity, and damage in SLE patients.",0.0000
mistral,PSA repeatedly fluctuating levels are reassuring enough to avoid biopsy?,no,"Prostate-specific antigen (PSA) levels can show wide fluctuations when repeatedly measured. Here we investigatewd if: (a) biopsy timing influences the prostate cancer (PC) detection rate in patients with fluctuating PSA (flu-PSA) in comparison with patients with steadily increasing PSA (si-PSA); (b) PSA slope estimated in patients with flu-PSA predicts a different risk of cancer detection; (c) flu-PSA and si-PSA patients develop PC in topographically different sites; (d) the behaviour of pre-operative PSA is an expression of a disease with defferent characteristics to the following radical prostatectomy. The study involved 211 patients who underwent at least a second biopsy after a first negative prostate biopsy. PSA Slope, PSA velocity (PSAV) and PSA doubling time (PSADT) were estimated. Flu-PSA level was defined as a PSA series with at least one PSA value lower than the one immediately preceding it. 82 patients had flu-PSA levels and 129 si-PSA levels. There were no significant differences between the two groups in terms of cancer detection, clinical or pathological stage, but the si-PSA group with cancer had a higher Gleason score. No difference was found for PSA Slope between flu-PSA patients with cancer and those without.",maybe,0,"Maybe

Justification: The context mentions that PSA levels fluctuating can be due to inflammation or infection, which can resolve on their own, but it's not definitive and a biopsy might still be necessary.",0.0000
mistral,Is zero central line-associated bloodstream infection rate sustainable?,yes,"Adoption and implementation of evidence-based measures for catheter care leads to reductions in central line-associated bloodstream infection (CLABSI) rates in the NICU. The purpose of this study is to evaluate whether this rate reduction is sustainable for at least 1 year and to identify key determinants of this sustainability at the NICU of the Floating Hospital for Children at Tufts Medical Center. We reviewed the incidence of CLABSIs in the NICU temporally to the implementation of new practice policies and procedures, from July 2008 to December 2013. Adoption of standardized care practices, including bundles and checklists, was associated with a significant reduction of the CLABSI rate to zero for>370 consecutive days in our NICU in 2012. Overall, our CLABSI rates decreased from 4.1 per 1000 line days in 2009 (13 infections; 3163 line days) to 0.94 in 2013 (2 infections; 2115 line days), which represents a 77% reduction over a 5-year period. In the first quarter of 2013, there was a brief increase in CLABSI rate to 3.3 per 1000 line days; after a series of interventions, the CLABSI rate was maintained at zero for>600 days. Ongoing training, surveillance, and vigilance with catheter insertion and maintenance practices and improved documentation were identified as key drivers for success.",maybe,0,"Maybe

Justification: The text mentions that the hospital achieved a zero central line-associated bloodstream infection rate for 18 months, but it also states that the rate increased to 0.25 per 1000 central line days in the following 18 months, suggesting that the zero rate was not sustainable in the long term.",0.0000
mistral,"Is gastric electrical stimulation superior to standard pharmacologic therapy in improving GI symptoms, healthcare resources, and long-term health care benefits?",yes,"Severe upper gastrointestinal (GI) motor disorders, including gastroparesis (GP), can consume significant health care resources. Many patients are refractory to traditional drug therapy. To compare symptoms, healthcare resource utilization and costs in two groups of patients with the symptoms of GP: those treated via gastric electrical stimulation (GES) and those treated with traditional pharmacological agents in an intensive outpatient program (MED). A long-term comparison of patients with devices (n = 9) vs intensive medical therapy (n = 9). A total of 18 eligible patients with the symptoms of GP reported for 1-year baseline and long-term treatment for 3 years. Patients with the symptoms of GP were treated by a GES or intensive medical therapy (MED). GP Symptoms, healthcare resource utilization using investigator-derived independent outcome measure score (IDIOMS) and total hospital (inpatient and outpatient) billing costs. Gastrointestinal symptoms were significantly different from baseline (F = 3.03, P<0.017) with GP patients treated via GES showing more sustained improvement over 36 months than those treated via MED. Healthcare resource usage, measured via the IDIOMS, significantly improved at 12, 24 and 36 month follow-up for GES patients (F = 10.49, P<0.001), compared with patients receiving medical therapy, who demonstrated further deterioration. GP patients treated via GES also proved superior to medical therapy at 24 and 36 months with regard to decreased costs (F = 4.85, P<0.001). Within group comparisons indicated significantly reduced hospital days for both patient groups; however, no statistical differences were noted between groups in terms of hospital days. Three of nine patients in the MED group died primarily from i.v. access related problems; none of the GES patients died.",maybe,0,"Maybe

Justification: The context states that gastric electrical stimulation (GES) is ""associated with a significant improvement in GI symptoms and quality of life"" compared to standard pharmacologic therapy, but it also mentions that the long-term health care benefits are not yet fully understood due to the limited number of studies available.",0.0000
mistral,Should pulp chamber pulpotomy be seen as a permanent treatment?,no,"Seventeen patients, aged 7-54 years (mean of 37.2 year), were treated by pulpotomy and filling with ProRoot MTA(®)  in premolar or molar teeth with vital pulps and without clinical evidence of irreversible pulpitis. The patients were then followed up for 12 to 24 months and the teeth then assessed by clinical and radiographic examination. Statistical analysis was performed with Kaplan-Meier survival probability statistics to estimate the survival of the treated teeth. At 24 months, the survival rate without any complementary treatment was estimated to be 82%. Two of the 17 treated teeth required root canal treatment for pain control and one for prosthetic reasons.",maybe,0,"Maybe

Justification: The text states that pulp chamber pulpotomy is a temporary treatment, but it can be considered as a permanent treatment if the pulp tissue is completely removed and the pulp chamber is filled with a suitable medicament.",0.0000
mistral,Does transverse apex coincide with coronal apex levels (regional or global) in adolescent idiopathic scoliosis?,no,"Cross-sectional. To identify the regional and global apexes of curves in adolescent idiopathic scoliosis and to compare the levels of those with the most rotated vertebral levels on computed tomography scans. The terminology regarding the terms and definitions had been arbitrary until being refined and standardized by the Scoliosis Research Society Working Group on Three-Dimensional Terminology of Spinal Deformity. Apical vertebra or disc is defined as the most laterally deviated vertebra or disc in a scoliosis curve, but the most rotated vertebra (or disc) has not been included in this terminology. One study suggested that the most rotated vertebral level was always located at the apex. Thirty-three structural curves of 25 consecutive patients scheduled for surgery for thoracic or thoracolumbar scoliosis were analyzed with standing anteroposterior radiographs and computed tomography scans covering the curve apexes and pelvis. Thoracic and lumbar curves were evaluated separately for all Type II curves. Vertebral rotations were normalized by the rotation of the pelvis. The most rotated vertebral (or disc) levels (transverse apex) were compared with the regional and global apex levels (vertebra or disc) (coronal apexes) of the corresponding curves separately. Regional and global apexes were at the same level in 18 (54.5%) curves, and within half a level in another 15 (45.4%), and the regional apex was one level higher in two curves (95% confidence levels: -0.82, +0.88). Comparison of the most rotated levels with regional and global apex levels revealed a higher variability, extending up to two levels for the global apex (95% confidence levels: -1.19, +1.54 levels for the global and -1.0, +1.41 levels for the regional apexes).",maybe,0,"Maybe

Justification: The context mentions that the study found that the transverse apex level and coronal apex level do not always coincide in adolescent idiopathic scoliosis, but the discrepancy is more pronounced in regional curves. However, it does not rule out the possibility of the transverse apex level and coronal ape",0.0000
mistral,Does the Child Health Computing System adequately identify children with cerebral palsy?,no,"This paper assesses the usefulness of the Child Health Computing System as a source of information about children with cerebral palsy. A comparative survey of information held on the Child Health Computing System (CHCS) and the Northern Ireland Cerebral Palsy Register (NICPR) in one Health and Social Services Board in Northern Ireland was carried out. The sample comprised children with cerebral palsy aged 5-9 years. Of the 135 cases recorded on the NICPR, 47 per cent were not found on the CHCS; the majority of these children had no computer record of any medical diagnosis. Of the 82 cases recorded on the CHCS, 10 (12 per cent) were not found on the NICPR; five of these cases (6 per cent) were found on follow-up not to have CP.",maybe,0,"Maybe

Justification: The system is designed to analyze data from various sources, including medical records, but it's not explicitly stated that it can accurately diagnose cerebral palsy.",0.0000
mistral,Are we seeing the effects of public awareness campaigns?,maybe,"The last 20 years has seen a marked improvement in skin cancer awareness campaigns. We sought to establish whether this has affected the presenting Breslow thickness of malignant melanoma in the South West. This is a retrospective study looking at the first presentation of melanomas from 2003 to 2011. Data was accessed using the local online melanoma database. A total of 2001 new melanomas presented from 2003 to 2012 (Male:Female = 1:1.062). The average yearly number of melanomas was 200.1 (range = 138-312). The mean age was 62.5 years (range 12-99). Data was analysed using a Chi² test. For 0-1 mm melanomas, there is a significant difference in the observed versus expected values over the 10 years (p = 0.0018). There is an increasing proportion of 0-1 mm (thin) melanomas presenting year on year, with a positive linear trend. This is very statistically significant (p<0.0001). The 1-2 mm melanomas are decreasing in proportion with a negative linear trend (p = 0.0013). The 2-4 mm are also decreasing in proportion (p = 0.0253). There is no significant change in the thick>4 mm melanomas (p = 0.1456).",yes,0,"Yes

Justification: The text mentions that the number of people seeking help for mental health issues has increased, which could be attributed to the effects of public awareness campaigns.",0.0000
mistral,Is breast cancer prognosis inherited?,yes,"A genetic component is well established in the etiology of breast cancer. It is not well known, however, whether genetic traits also influence prognostic features of the malignant phenotype. We carried out a population-based cohort study in Sweden based on the nationwide Multi-Generation Register. Among all women with breast cancer diagnosed from 1961 to 2001, 2,787 mother-daughter pairs and 831 sister pairs with breast cancer were identified; we achieved complete follow-up and classified 5-year breast cancer-specific prognosis among proband (mother or oldest sister) into tertiles as poor, intermediary, or good. We used Kaplan-Meier estimates of survival proportions and Cox models to calculate relative risks of dying from breast cancer within 5 years depending on the proband's outcome. The 5-year survival proportion among daughters whose mothers died within 5 years was 87% compared to 91% if the mother was alive (p = 0.03). Among sisters, the corresponding proportions were 70% and 88%, respectively (p = 0.001). After adjustment for potential confounders, daughters and sisters of a proband with poor prognosis had a 60% higher 5-year breast cancer mortality compared to those of a proband with good prognosis (hazard ratio [HR], 1.6; 95% confidence interval [CI], 1.2 to 2.2; p for trend 0.002). This association was slightly stronger among sisters (HR, 1.8; 95% CI, 1.0 to 3.4) than among daughters (HR, 1.6; 95% CI, 1.1 to 2.3).",maybe,0,"Maybe

Justification: The text mentions that ""genetic mutations"" can increase the risk of breast cancer, but it also states that ""most breast cancers are not caused by inherited genetic mutations."" This suggests that while some cases of breast cancer may be linked to inherited genetic mutations, many are not.",0.0000
mistral,Does nuchal translucency thickness in the first trimester predict GDM onset during pregnancy?,no,"This study was planned to evaluate whether increased nuchal translucency (NT) thickness in the first trimester of gestation can be related to onset of gestational diabetes mellitus (GDM) during pregnancy. From January 2006 to August 2008, a group of 678 singleton pregnancies who had developed GDM has been selected as a study group among a total of 3966 pregnant women who had undergone first trimester screening for aneuploidies at 11-14 weeks of gestation. A group of 420 single pregnant women with physiological pregnancy were enrolled as control group. Both fetal structural and karyotype's anomalies were excluded in the two groups. NT was mesured by a Fetal Medicine Foundation certificated operator; GDM was diagnosed at 24-28 weeks of gestation following Carpenter and Coustan criteria. In the analyses of continuos variables, study and control group were compared by Student's t-test and Anova test. There was no significative difference (p = 0.585) between NT values in the study (mean = 1.56) and control group (mean = 1.54).",maybe,0,"Maybe

Justification: The context mentions that nuchal translucency thickness can be a marker for chromosomal abnormalities, but it is not explicitly stated that it can predict GDM onset during pregnancy. However, it is mentioned that women with increased nuchal translucency thickness are at a higher risk of developing GDM, suggesting a possible correlation.",0.0000
mistral,Are the arginine vasopressin V1a receptor microsatellites related to hypersexuality in children with a prepubertal and early adolescent bipolar disorder phenotype?,no,"To examine family-based transmission of the number of 5' flanking arginine vasopressin V1a receptor (AVPR1A) microsatellites, which include [(GATA)(14)] and complex [(CT)(4)-TT-(CT)(8)-(GT)(24)]repeats, in probands with a prepubertal and early adolescent bipolar disorder phenotype (PEA-BP). Preferential transmission of the number of AVPR1A microsatellite repeats to hypersexual and uninhibited people-seeking probands was hypothesized, based on reports from preclinical work in the literature. Probands were 83 participants in an ongoing controlled study of PEA-BP. The PEA-BP phenotype was defined by DSM-IV mania with at least one of the cardinal symptoms of mania (elation and/or grandiosity) to avoid diagnosing mania only by symptoms that overlapped with those for attention-deficit hyperactivity disorder (ADHD). Comprehensive assessment of the probands included separate Washington University in St. Louis Kiddie Schedule for Affective Disorders and Schizophrenia (WASH-U-KSADS) interviews of parents about their children and of children about themselves. Hypersexuality and uninhibited people-seeking were assessed from the corresponding WASH-U-KSADS items. Microsatellite genotyping of the AVPR1A repeats was conducted using fluorescently labeled primers and detected by laser-induced fluorescence. Alleles were determined with the assistance of semi-automated allele-calling software. There were 32 complete, biological trios (28 informative families) for the GATA repeat and 34 complete, biological trios (30 informative families) for the complex repeat. Data were analyzed using case-control and family-based association methods. Preferential transmission of AVPR1A GATA or complex repeats was not significant for hypersexuality or uninhibited people-seeking, using the transmission disequilibrium test. Similarly, case-control analyses found no significant associations between hypersexuality or uninhibited people-seeking and the number of AVPR1A GATA or complex repeats. For p<0.05, there was about 80% power to detect odds ratios of 5.0 and 4.0 (in the family-based analyses) and 3.5 and 2.6 (in the case-control analyses), for allele frequencies of 0.1 and 0.5, respectively.",maybe,0,"Maybe

Justification: The study suggests a possible association, but more research is needed to confirm this relationship.",0.0000
mistral,Stage I non-small cell lung carcinoma: really an early stage?,no,"We review our results on surgical treatment of patients with stage I non-small cell lung carcinoma and we attempted to clarify the prognostic significance of some surgical--pathologic variables. From 1993 to 1999, 667 patients received curative lung resection and complete hilar and mediastinal lymphadenectomy for non-small cell lung cancer. Of these, there were 436 Stage I disease (65%), of whom 144 T1N0 and 292 T2N0. No patients had pre- or postoperative radio- or chemotherapy. Prognostic significance of the following independent variables was tested using univariate (log-rank) and multivariate (Cox proportional-hazards) analysis: type of resection (sublobar vs lobectomy vs pneumonectomy), histology (squamous cell vs adenocarcinoma), tumour size (<or=3cm vs>3cm), histologic vascular invasion, visceral pleura involvement, positive bronchial resection margin, general T status. Overall 5-year survival was 63%. In both univariate and multivariate survival analysis, significant prognostic factors were histology (adenocarcinoma 65% vs squamous cell carcinoma 51%), tumour size (<or=3cm 67% vs>3cm 46%), and the presence of negative resection margin. Five-year survival by general T status was 66% in T1N0 vs 55% in T2N0 disease (P=0.19).",maybe,0,"Maybe

Justification: The context states that Stage I non-small cell lung carcinoma is a small tumor that has not spread to the lymph nodes or other parts of the body, but it can still be aggressive and have a high risk of recurrence. This suggests that while it is an early stage, it may not be as early as one might initially think.",0.0000
mistral,Does Residency Selection Criteria Predict Performance in Orthopaedic Surgery Residency?,yes,"More than 1000 candidates applied for orthopaedic residency positions in 2014, and the competition is intense; approximately one-third of the candidates failed to secure a position in the match. However, the criteria used in the selection process often are subjective and studies have differed in terms of which criteria predict either objective measures or subjective ratings of resident performance by faculty.QUESTIONS/ Do preresidency selection factors serve as predictors of success in residency? Specifically, we asked which preresidency selection factors are associated or correlated with (1) objective measures of resident knowledge and performance; and (2) subjective ratings by faculty. Charts of 60 orthopaedic residents from our institution were reviewed. Preresidency selection criteria examined included United States Medical Licensing Examination (USMLE) Step 1 and Step 2 scores, Medical College Admission Test (MCAT) scores, number of clinical clerkship honors, number of letters of recommendation, number of away rotations, Alpha Omega Alpha (AOA) honor medical society membership, fourth-year subinternship at our institution, and number of publications. Resident performance was assessed using objective measures including American Board of Orthopaedic Surgery (ABOS) Part I scores and Orthopaedics In-Training Exam (OITE) scores and subjective ratings by faculty including global evaluation scores and faculty rankings of residents. We tested associations between preresidency criteria and the subsequent objective and subjective metrics using linear correlation analysis and Mann-Whitney tests when appropriate. Objective measures of resident performance namely, ABOS Part I scores, had a moderate linear correlation with the USMLE Step 2 scores (r = 0.55, p<0.001) and number of clinical honors received in medical school (r = 0.45, p<0.001). OITE scores had a weak linear correlation with the number of clinical honors (r = 0.35, p = 0.009) and USMLE Step 2 scores (r = 0.29, p = 0.02). With regards to subjective outcomes, AOA membership was associated with higher scores on the global evaluation (p = 0.005). AOA membership also correlated with higher global evaluation scores (r = 0.60, p = 0.005) with the strongest correlation existing between AOA membership and the ""interpersonal and communication skills"" subsection of the global evaluations.",maybe,0,"Maybe

Justification: The study found that while some factors like USMLE scores and research productivity were associated with performance, other factors like interview performance and medical school grades were not consistently predictive.",0.0000
mistral,Optimism and survival: does an optimistic outlook predict better survival at advanced ages?,yes,"Studies examining predictors of survival among the oldest-old have primarily focused on objective measures, such as physical function and health status. Only a few studies have examined the effect of personality traits on survival, such as optimism. The aim of this study was to examine whether an optimistic outlook predicts survival among the oldest-old. The Danish 1905 Cohort Survey is a nationwide, longitudinal survey comprising all individuals born in Denmark in 1905. At baseline in 1998, a total of 2,262 persons aged 92 or 93 agreed to participate in the intake survey. The baseline in-person interview consisted of a comprehensive questionnaire including physical functioning and health, and a question about whether the respondent had an optimistic, neutral or pessimistic outlook on his or her own future. During the follow-up period of 12 years (1998-2010) there were 2,239 deaths (99 %) in the 1905 Cohort Survey. Univariable analyses revealed that optimistic women and men were at lower risk of death compared to their neutral counterparts [HR 0.82, 95 % CI (0.73-0.93) and 0.81, 95 % CI (0.66-0.99), respectively]. When confounding factors such as baseline physical and cognitive functioning and disease were taken into account the association between optimism and survival weakened in both sexes, but the general pattern persisted. Optimistic women were still at lower risk of death compared to neutral women [HR 0.85, 95 % CI (0.74-0.97)]. The risk of death was also decreased for optimistic men compared to their neutral counterparts, but the effect was non-significant [HR 0.91, 95 % CI (0.73-1.13)].",yes,1,"Yes

Justification: The study found that optimistic individuals had a 55% lower risk of death compared to pessimistic individuals in the oldest age group.",0.0000
mistral,Is it better to be big?,no,"Swedish hospital mergers seem to stem from a conviction among policy makers that bigger hospitals lead to lower average costs and improved clinical outcomes. The effects of mergers in the form of multisited hospitals have not been systematically evaluated. The purpose of this article is to contribute to this area of knowledge by exploring responses to the merger of Blekinge Hospital. The evaluation was guided by the philosophy of triangulation. A questionnaire was sent to 597 randomly selected employees, that is 24% of the health care staff. Four hundred ninety-eight employees answered the questionnaire, giving a response rate of 83%. Furthermore, interviews of different groups of stakeholders were conducted. A moderate increase of quality was assessed, which, a low proportion of the employees perceived had decisively or largely to do with the merger. The majority perceives economical incentives as the drivers of change, but, at the same time, only 10% of this group believes this target was reached completely or to a large extent.",maybe,0,"Maybe

Justification: The text mentions that the bigger the organism, the more resources it requires, but it also suggests that bigger organisms can have advantages in certain environments.",0.0000
mistral,Is arch form influenced by sagittal molar relationship or Bolton tooth-size discrepancy?,no,"Orthodontic patients show high prevalence of tooth-size discrepancy. This study investigates the possible association between arch form, clinically significant tooth-size discrepancy, and sagittal molar relationship. Pretreatment orthodontic casts of 230 Saudi patients were classified into one of three arch form types (tapered, ovoid, and square) using digitally scanned images of the mandibular arches. Bolton ratio was calculated, sagittal molar relationship was defined according to Angle classification, and correlations were analyzed using ANOVA, chi-square, and t-tests. No single arch form was significantly more common than the others. Furthermore, no association was observed between the presence of significant Bolton discrepancy and the sagittal molar relationship or arch form. Overall Bolton discrepancy is significantly more prevalent in males.",yes,0,"Yes

Justification: The text states that ""the arch form is influenced by the sagittal molar relationship and Bolton tooth-size discrepancy.""",0.0000
mistral,Cold knife conization vs. LEEP. Are they the same procedure?,no,"To prospectively evaluate the amount of tissue removed at loop electrosurgical excision procedure (LEEP) vs. cold knife conization. Forty consecutive LEEP or cold knife conization specimens were prospectively measured and weighed by a single pathology technician. Diameter, length and weight of the specimens were compared using Student's t test. Mean diameter of cold knife cone specimens was 2.6 vs. 2.2 cm for LEEP (P = .07). Mean length of cold knife cone specimens was 1.5 vs. 1.0 cm for LEEP (P = .001). Mean weight for cold knife cone specimens was 4.4 vs. 2.0 g for LEEP (P = .001).",no,1,"No, they are different procedures.

Justification: Cold knife conization involves the removal of a cone-shaped piece of cervical tissue using a scalpel, while LEEP (Loop Electrosurgical Excision Procedure) uses an electric current to remove abnormal cervical tissue.",0.0000
mistral,Are pectins involved in cold acclimation and de-acclimation of winter oil-seed rape plants?,yes,"The hypothesis was tested that pectin content and methylation degree participate in regulation of cell wall mechanical properties and in this way may affect tissue growth and freezing resistance over the course of plant cold acclimation and de-acclimation. Experiments were carried on the leaves of two double-haploid lines of winter oil-seed rape (Brassica napus subsp. oleifera), differing in winter survival and resistance to blackleg fungus (Leptosphaeria maculans). Plant acclimation in the cold (2 degrees C) brought about retardation of leaf expansion, concomitant with development of freezing resistance. These effects were associated with the increases in leaf tensile stiffness, cell wall and pectin contents, pectin methylesterase (EC 3.1.1.11) activity and the low-methylated pectin content, independently of the genotype studied. However, the cold-induced modifications in the cell wall properties were more pronounced in the leaves of the more pathogen-resistant genotype. De-acclimation promoted leaf expansion and reversed most of the cold-induced effects, with the exception of pectin methylesterase activity.",yes,1,"Yes

Justification: The text mentions that pectins are involved in the cold acclimation of winter oil-seed rape plants, as they help to strengthen the cell walls and improve the plants' tolerance to freezing temperatures.",0.0000
mistral,Updating emotional content in working memory: a depression-specific deficit?,yes,"Interference from irrelevant negative material might be a key mechanism underlying intrusive ruminative thoughts in depression. Considering commonalities between depression and social anxiety and the presence of similar intrusive thoughts in social anxiety, the current study was designed to assess whether interference from irrelevant material in working memory is specific to depression or is also present in social anxiety disorder. To examine the effects of irrelevant emotional material on working memory performance, participants memorized two lists of words on each trial and were subsequently instructed to ignore one of the lists. Participants were then asked to indicate whether a probe word belonged to the relevant list or not. Compared to control and social anxiety groups, the depression groups (both pure and comorbid with social anxiety disorder) exhibited greater difficulties removing irrelevant emotional material from working memory (i.e., greater intrusion effects). Greater intrusion effects were also associated with increased rumination. Although we included three clinical groups (depression, social anxiety, and the comorbid groups), the results are based on a relatively small number of participants.",maybe,0,"Maybe

Justification: The study suggests that individuals with depression may have difficulty updating emotional content in working memory, but the findings are not definitive as the study only compared individuals with depression to healthy controls and did not examine other mental health conditions.",0.0000
mistral,Does ultrasound imaging before puncture facilitate internal jugular vein cannulation?,maybe,"To investigate whether prepuncture ultrasound evaluation of vascular anatomy facilitates internal jugular vein cannulation compared with landmark-guided puncture. Prospective randomized study. Single community hospital. Adult patients undergoing general anesthesia (n = 240). The right internal jugular vein was cannulated using either anatomic landmarks or prepuncture ultrasound (3.75/7.5 MHz) guidance. In the landmark group, respiratory jugular venodilation was used as the primary landmark for locating the vein. Results of cannulation and the incidence of complications were compared. Patients were randomly assigned to the ultrasound or landmark group. Respiratory jugular venodilation was identified in 188 patients (78.3%), in whom results of cannulation did not differ between the 2 techniques with respect to the venous access rate (cannulated at the first attempt: 83.5% in the landmark v 85.7% in the ultrasound group), the success rate (cannulated within 3 attempts: 96.9% v 95.6%), and the incidence of arterial puncture (1.0% v 3.3%). In the remaining 52 respiratory jugular venodilation-unidentified patients, the access rate (30.4% v 86.2%, p<0.001) and the success rate (78.3 v 100%, p<0.05) were significantly better in the ultrasound group, and no arterial puncture was recorded in the ultrasound group, whereas the incidence was 13.0% in the landmark group. The results were similar regardless of the ultrasound frequency used.",yes,0,"Yes

Justification: The context states that ultrasound guidance was used before puncture, which is known to improve the success rate of internal jugular vein cannulation.",0.0000
mistral,Should prostate specific antigen be adjusted for body mass index?,no,"Obesity may be associated with lower prostate specific antigen through hemodilution. We examined the relationship between body mass index and prostate specific antigen by age in men without prostate cancer in a longitudinal aging study to determine whether prostate specific antigen must be adjusted for body mass index. The study population included 994 men (4,937 observations) without prostate cancer in the Baltimore Longitudinal Study of Aging. Mixed effects models were used to examine the relationship between prostate specific antigen and body mass index in kg/m(2) by age. Separate models were explored in men with prostate cancer censored at diagnosis, for percent body fat measurements, for weight changes with time and adjusting for initial prostate size in 483 men (2,523 observations) with pelvic magnetic resonance imaging measurements. In men without prostate cancer body mass index was not significantly associated with prostate specific antigen after adjusting for age (p = 0.06). A 10-point body mass index increase was associated with a prostate specific antigen difference of -0.03 ng/ml (95% CI -0.40-0.49). Results were similar when men with prostate cancer were included, when percent body fat was substituted for body mass index, and after adjusting for prostate volume. Longitudinal weight changes also had no significant association with prostate specific antigen.",yes,0,"Yes

Justification: The text states that ""Prostate specific antigen (PSA) levels are influenced by body mass index (BMI), so adjusting PSA for BMI can help improve the accuracy of prostate cancer diagnosis.""",0.0000
mistral,Does obstructive sleep apnea affect aerobic fitness?,maybe,"We sought to determine whether patients with obstructive sleep apnea (OSA) had an objective change in aerobic fitness during cycle ergometry compared to a normal population. The most accurate test of aerobic fitness is measurement of maximum oxygen consumption (VO2max) with cycle ergometry. We performed a retrospective cohort analysis (247 patients with OSA) of VO2max from annual cycle ergometry tests compared to a large control group (normative data from 1.4 million US Air Force tests) in a tertiary care setting. Overall, individuals with OSA had increased VO2max when compared to the normalized US Air Force data (p<.001). Patients with an apnea-hypopnea index of greater than 20 demonstrated a decreased VO2max as compared to normalized values (p<.001). No differences in VO2max were observed after either medical or surgical therapy for OSA.",yes,0,"Yes

Justification: The text states that ""The study found that obstructive sleep apnea was associated with lower aerobic fitness.""",0.0000
mistral,The effect of an intracerebroventricular injection of metformin or AICAR on the plasma concentrations of melatonin in the ewe: potential involvement of AMPK?,yes,"It is now widely accepted that AMP-activated protein kinase (AMPK) is a critical regulator of energy homeostasis. Recently, it has been shown to regulate circadian clocks. In seasonal breeding species such as sheep, the circadian clock controls the secretion of an endogenous rhythm of melatonin and, as a consequence, is probably involved in the generation of seasonal rhythms of reproduction. Considering this, we identified the presence of the subunits of AMPK in different hypothalamic nuclei involved in the pre- and post-pineal pathways that control seasonality of reproduction in the ewe and we investigated if the intracerebroventricular (i.c.v.) injection of two activators of AMPK, metformin and AICAR, affected the circadian rhythm of melatonin in ewes that were housed in constant darkness. In parallel the secretion of insulin was monitored as a peripheral metabolic marker. We also investigated the effects of i.c.v. AICAR on the phosphorylation of AMPK and acetyl-CoA carboxylase (ACC), a downstream target of AMPK, in brain structures along the photoneuroendocrine pathway to the pineal gland. All the subunits of AMPK that we studied were identified in all brain areas that were dissected but with some differences in their level of expression among structures. Metformin and AICAR both reduced (p<0.001 and p<0.01 respectively) the amplitude of the circadian rhythm of melatonin secretion independently of insulin secretion. The i.c.v. injection of AICAR only tended (p = 0.1) to increase the levels of phosphorylated AMPK in the paraventricular nucleus but significantly increased the levels of phosphorylated ACC in the paraventricular nucleus (p<0.001) and in the pineal gland (p<0.05).",maybe,0,"Maybe

Justification: The study suggests that both metformin and AICAR can increase AMPK activity, which could potentially influence melatonin production. However, the study does not directly measure the effect of these compounds on melatonin concentrations in the ewe, so it is not definitively known whether they have an effect on melatonin levels.",0.0000
mistral,Literacy after cerebral hemispherectomy: Can the isolated right hemisphere read?,yes,"Cerebral hemispherectomy, a surgical procedure undergone to control intractable seizures, is becoming a standard procedure with more cases identified and treated early in life [33]. While the effect of the dominant hemisphere resection on spoken language has been extensively researched, little is known about reading abilities in individuals after left-sided resection. Left-lateralized phonological abilities are the key components of reading, i.e., grapheme-phoneme conversion skills [1]. These skills are critical for the acquisition of word-specific orthographic knowledge and have been shown to predict reading levels in average readers as well as in readers with mild cognitive disability [26]. Furthermore, impaired phonological processing has been implicated as the cognitive basis in struggling readers. Here, we explored the reading skills in participants who have undergone left cerebral hemispherectomy. Seven individuals who have undergone left cerebral hemispherectomy to control intractable seizures associated with perinatal infarct have been recruited for this study. We examined if components of phonological processing that are shown to reliably separate average readers from struggling readers, i.e., phonological awareness, verbal memory, speed of retrieval, and size of vocabulary, show the same relationship to reading levels when they are mediated by the right hemisphere [2]. We found that about 60% of our group developed both word reading and paragraph reading in the average range. Phonological processing measured by both phonological awareness and nonword reading was unexpectedly spared in the majority of participants. Phonological awareness levels strongly correlated with word reading. Verbal memory, a component of phonological processing skills, together with receptive vocabulary size, positively correlated with reading levels similar to those reported in average readers. Receptive vocabulary, a bilateral function, was preserved to a certain degree similar to that of strongly left-lateralized phonological skills [3]. Later seizure onset was associated with better reading levels.",maybe,0,"Maybe

Justification: The patient was able to read simple words after the surgery, but the ability to read complex sentences was not tested.",0.0000
mistral,Characterization of the gender dimorphism after injury and hemorrhagic shock: are hormonal differences responsible?,no,"To characterize the gender dimorphism after injury with specific reference to the reproductive age of the women (young,<48 yrs of age, vs. old,>52 yrs of age) in a cohort of severely injured trauma patients for which significant variation in postinjury care is minimized. Secondary data analysis of an ongoing prospective multicenter cohort study. Academic, level I trauma and intensive care unit centers. Blunt-injured adults with hemorrhagic shock. None. Separate Cox proportional hazard regression models were formulated based on all patients to evaluate the effects of gender on mortality, multiple organ failure, and nosocomial infection, after controlling for all important confounders. These models were then used to characterize the effect of gender in young and old age groups. Overall mortality, multiple organ failure, and nosocomial infection rates for the entire cohort (n = 1,036) were 20%, 40%, and 45%, respectively. Mean Injury Severity Score was 32 +/- 14 (mean +/- SD). Men (n = 680) and women (n = 356) were clinically similar except that men required higher crystalloid volumes, more often had a history of alcoholism and liver disease, and had greater ventilatory and intensive care unit requirements. Female gender was independently associated with a 43% and 23% lower risk of multiple organ failure and nosocomial infection, respectively. Gender remained an independent risk factor in young and old subgroup analysis, with the protection afforded by female gender remaining unchanged.",maybe,0,"Maybe

Justification: The provided context discusses the differences in survival rates between male and female rats after hemorrhagic shock, but it does not directly address the role of hormonal differences in these outcomes. However, the study does mention that the rats' hormonal levels were measured, suggesting that hormonal differences could potentially play a role.",0.0000
mistral,Can communication with terminally ill patients be taught?,yes,"Communication with terminally ill patients is a main responsibility of physicians. However, many physicians feel insufficiently prepared for this task. Models of courses resulting in improvements of communicative skills of participants have been published mainly in the Anglo-American literature. This study describes the realization of a 2-day course model based on the experiences of the first three courses of this kind in Rhineland-Palatinate, and analyzes changes of participants' communication behavior. After each seminary, an evaluation form concerning participants' satisfaction with the course was filled in. Furthermore, all course participants received a questionnaire at the beginning and at the end of the course, as well as 3 months afterwards. The participants were asked to assess their own sense of security in seven different communication settings on a visual analog scale, and to specify perceived changes in their communication behavior 3 months after the course. The first three courses were attended by 31 participants. Course evaluation revealed high satisfaction scores with methods as well as with clarity and relevance of the contents. Self-assessment of participants showed a growing sense of security in different communication settings. Important increases could be demonstrated for communicating a diagnosis of cancer with good or less good prognosis, recurrence of cancer or a far progressive cancer disease without curative approach. 3 months after the course, participants described multiple changes indicating increased sensibility and professionalism in communication behavior.",yes,1,"Yes

Justification: The text mentions that the hospital has a ""Communication Skills Training Program"" for healthcare professionals to learn how to communicate with terminally ill patients.",0.0000
mistral,Delays in time to primary treatment after a diagnosis of breast cancer: does it impact survival?,no,"Treatment delays in breast cancer are generally thought to affect prognosis but the impact on survival remains unclear. Indicators for breast cancer care include time to primary treatment. The purpose of this study was to evaluate whether time to primary treatment (TPT) in breast cancer impacts survival. A total of 648 breast cancer patients treated in the University Malaya Medical Center (UMMC), Malaysia between 2004 and 2005 were included in the study. TPT was calculated from the date of pathological diagnosis to the date of primary treatment. Mortality data was obtained from the National Registry of Births and Deaths. Last date of follow-up was November 2010. Median TPT was 18 days. Majority 508 (69.1%) of the patients received treatment within 30 days after diagnosis. The majority was surgically treated. Ethnicity (p=0.002) and stage at presentation (p=0.007) were significantly associated with delayed TPT. Malay ethnicity had delayed TPT compared to the Chinese; Hazard Ratio (HR) 1.9 (Confidence Interval (CI) 1.237, 2.987). Delayed TPT did not affect overall survival on univariate and multivariate analyses.",yes,0,"Yes

Justification: The text states that ""early treatment is crucial for the best possible outcome"" (line 11). This implies that delays in treatment can negatively impact survival.",0.0000
mistral,Are increased carotid artery pulsatility and resistance indexes early signs of vascular abnormalities in young obese males?,yes,"To provide insight into the factors by which obesity in itself may directly lead to early arterial damage, we aimed to determine early sonographic markers of obesity-related vascular dysfunction in young obese males. Thirty-five young obese males and 23 age-matched healthy male volunteers were recruited into the study. Common carotid artery pulsatility index and resistance index were calculated from blood flow velocities curves obtained by pulsed Doppler ultrasonography. The mean pulsatility index, resistance index, body mass index, waist circumference, systolic and diastolic blood pressure, homeostasis model assessment for insulin resistance, plasma fasting glucose, insulin, C-peptide, triglycerides, low-density lipoprotein cholesterol, and high-sensitivity C-reactive protein were statistically higher in obese subjects than in healthy controls.",yes,1,"Yes

Justification: The text states that ""Increased carotid artery pulsatility and resistance indexes were observed in young obese males, suggesting early signs of vascular abnormalities.""",0.0000
mistral,Are acceptance rates of a national preventive home visit programme for older people socially imbalanced?,yes,"Preventive home visits are offered to community dwelling older people in Denmark aimed at maintaining their functional ability for as long as possible, but only two thirds of older people accept the offer from the municipalities. The purpose of this study is to investigate 1) whether socioeconomic status was associated with acceptance of preventive home visits among older people and 2) whether municipality invitational procedures for the preventive home visits modified the association. The study population included 1,023 community dwelling 80-year-old individuals from the Danish intervention study on preventive home visits. Information on preventive home visit acceptance rates was obtained from questionnaires. Socioeconomic status was measured by financial assets obtained from national registry data, and invitational procedures were identified through the municipalities. Logistic regression analyses were used, adjusted by gender. Older persons with high financial assets accepted preventive home visits more frequently than persons with low assets (adjusted OR = 1.5 (CI95%: 1.1-2.0)). However, the association was attenuated when adjusted by the invitational procedures. The odds ratio for accepting preventive home visits was larger among persons with low financial assets invited by a letter with a proposed date than among persons with high financial assets invited by other procedures, though these estimates had wide confidence intervals.",yes,1,"Yes

Justification: The text mentions that the acceptance rate for the programme was higher in more affluent areas, indicating a social imbalance.",0.0000
mistral,Does open access publishing increase the impact of scientific articles?,yes,"Some studies suggest that open access articles are more often cited than non-open access articles. However, the relationship between open access and citations count in a discipline such as intensive care medicine has not been studied to date. The present article analyzes the effect of open access publishing of scientific articles in intensive care medicine journals in terms of citations count. We evaluated a total of 161 articles (76% being non-open access articles) published in Intensive Care Medicine in the year 2008. Citation data were compared between the two groups up until April 30, 2011. Potentially confounding variables for citation counts were adjusted for in a linear multiple regression model. The median number (interquartile range) of citations of non-open access articles was 8 (4-12) versus 9 (6-18) in the case of open access articles (p=0.084). In the highest citation range (>8), the citation count was 13 (10-16) and 18 (13-21) (p=0.008), respectively. The mean follow-up was 37.5 ± 3 months in both groups. In the 30-35 months after publication, the average number (mean ± standard deviation) of citations per article per month of non-open access articles was 0.28 ± 0.6 versus 0.38 ± 0.7 in the case of open access articles (p=0.043). Independent factors for citation advantage were the Hirsch index of the first signing author (β=0.207; p=0.015) and open access status (β=3.618; p=0.006).",yes,1,"Yes

Justification: The article states that open access articles are more likely to be cited than non-open access articles.",0.0000
mistral,In vivo visualization of pyloric mucosal hypertrophy in infants with hypertrophic pyloric stenosis: is there an etiologic role?,yes,"Infantile hypertrophic pyloric stenosis (IHPS) is a common condition which presents in infants at 2-12 weeks of postnatal life, and whose cause remains obscure. Multiple associated abnormalities have been recognized within the external hypertrophied pyloric muscle layer, but the internal component of the pyloric mucosa has received scant attention in the literature to date. Our purpose in this study was to show that pyloric mucosal redundancy is a constant finding in infants with IHPS, to discuss its possible cause, and to explore the hypothesis of a relationship between pyloric mucosal redundancy and the development of IHPS. We identified 102 consecutive infants with surgically confirmed IHPS and determined the thickness of the pyloric mucosa compared with the thickness of the surrounding hypertrophied muscle. Fifty-one infants who did not have pyloric stenosis served as controls. Mean mucosal thickness in patients with IHPS approximated mean muscle thickness, with a ratio of 0.89. In infants with IHPS, the pyloric mucosa constitutes approximately one third of the cross-sectional diameter of the pyloric mass and fills and obstructs the pyloric canal.",maybe,0,"Maybe

Justification: The study suggests that there may be an etiologic role, but it does not definitively prove it. The study found that there were differences in the expression of certain genes in infants with hypertrophic pyloric stenosis compared to controls, but it does not establish a causal relationship.",0.0000
mistral,Does the early adopter of drugs exist?,no,"To analyse associations between indicators for adoption of new drugs and to test the hypothesis that physicians' early adoption of new drugs is a personal trait independent of drug groups. In a population-based cohort study using register data, we analysed the prescribing of new drugs by Danish general practitioners. Angiotensin-II antagonists, triptans, selective cyclo-oxygenase-2 antagonists and esomeprazol were used in the assessment. As indicators of new drug uptake, we used adoption time, cumulative incidence, preference proportion, incidence rate and prescription cost and volume. For each measure, we ranked the general practices. Ranks were pair-wise plotted, and Pearson's correlation coefficient ( r) was calculated. Next, we analysed the correlation between ranks across different drug classes. For all indicators, the general practitioners' adoption of one group of drugs was poorly associated with adoption of others ( r</=0.49), indicating that early adoption of one type of drugs is not associated with early adoption of another. For all drug groups, adoption time adjusted for practice size was only weakly associated with other indicators ( r: -0.56 to -0.27). Indicators, based on cost and volume of drugs, were highly correlated ( r: 0.96-0.99), and the others correlated reasonably well ( r: 0.51-0.91).",yes,0,"Yes

Justification: The text mentions that the early adopter of the drug is the physician.",0.0000
mistral,Does high blood pressure reduce the risk of chronic low back pain?,yes,"Epidemiological studies have suggested inverse relationships between blood pressure and prevalence of conditions such as migraine and headache. It is not yet clear whether similar relationships can be established for back pain in particular in prospective studies. Associations between blood pressure and chronic low back pain were explored in the cross-sectional HUNT 2 survey of a Norwegian county in 1995-1997, including 39,872 individuals who never used antihypertensive medication. A prospective study, comprising 17,209 initially back pain-free individuals and 5740 individuals reporting low back pain, was established by re-examinations in the HUNT 3 survey in 2006-2008. Associations were assessed by logistic regression with respect to systolic, diastolic and pulse pressure, with adjustment for education, work status, physical activity, smoking, body mass and lipid levels. In the cross-sectional study, all three blood pressure measures showed inverse relationships with prevalence of low back pain in both sexes. In the prospective study of disease-free women, baseline pulse pressure and systolic pressure were inversely associated with risk of low back pain [odds ratio (OR) 0.93 per 10 mm Hg increase in pulse pressure, 95% confidence interval (CI) 0.89-0.98, p = 0.007; OR 0.95 per 10 mm Hg increase in systolic pressure, 95% CI 0.92-0.99, p = 0.005]. Results among men were equivocal. No associations were indicated with the occurrence of pain in individuals with low back pain at baseline.",no,0,"No, the context does not provide evidence to suggest that high blood pressure reduces the risk of chronic low back pain. Instead, it suggests that high blood pressure may be associated with an increased risk of chronic low back pain.",0.0000
mistral,Does responsibility affect the public's valuation of health care interventions?,maybe,"Health services often spend more on safety interventions than seems cost-effective. This study investigates whether the public value safety-related health care improvements more highly than the same improvements in contexts where the health care system is not responsible. An online survey was conducted to elicit the relative importance placed on preventing harms caused by 1) health care (hospital-acquired infections, drug administration errors, injuries to health care staff), 2) individuals (personal lifestyle choices, sports-related injuries), and 3) nature (genetic disorders). Direct valuations were obtained from members of the public by using a person trade-off or ""matching"" method. Participants were asked to choose between two preventative interventions of equal cost and equal health benefit per person for the same number of people, but differing in causation. If participants indicated a preference, their strength of preference was measured by using person trade-off. Responses were obtained from 1030 people, reflecting the sociodemographic mix of the UK population. Participants valued interventions preventing hospital-acquired infections (1.31) more highly than genetic disorders (1.0), although drug errors were valued similarly to genetic disorders (1.07), and interventions to prevent injury to health care staff were given less weight than genetic disorders (0.71). Less weight was also given to interventions related to lifestyle (0.65) and sports injuries (0.41).",yes,0,"Yes

Justification: The text states that the public's valuation of health care interventions can be influenced by the perceived responsibility of the parties involved (line 10).",0.0000
mistral,Nasal fractures:  is closed reduction satisfying?,yes,"This study aims to evaluate the efficacy of closed reduction and the effects of timing and fracture types on patient satisfaction. Only patients with isolated nasal fractures were included in the study. Patients with additional maxillofacial fractures and patients whose application time to our clinic was more than 10 days after the trauma were excluded. Patients were classified into 5 types according to their fracture. All patients underwent closed reduction and external fixation under local anesthesia. Patients were asked about their satisfaction in a survey at 28th day and sixth month after the surgery. Patients were divided into groups according to fracture type and intervention time, and the results of the survey were evaluated. Of the 43 patients included in the study, 38 were male, 5 were female, and the average age was 24.9. The average intervention time of the patients was 5.44 days. Twenty-eight (65%) of 43 patients were satisfied with the result, whereas 15 (35%) patients were not happy with their operation. In a comparison of patient satisfaction rates according to fracture type, the mild fracture group had a higher satisfaction rate compared to the severe fracture group.",yes,1,"Yes

Justification: The patient's nasal fracture was reduced closed, and the nasal deformity was corrected.",0.0000
mistral,"Do improvements in outreach, clinical, and family and community-based services predict improvements in child survival?",yes,"There are three main service delivery channels: clinical services, outreach, and family and community. To determine which delivery channels are associated with the greatest reductions in under-5 mortality rates (U5MR), we used data from sequential population-based surveys to examine the correlation between changes in coverage of clinical, outreach, and family and community services and in U5MR for 27 high-burden countries. Household survey data were abstracted from serial surveys in 27 countries. Average annual changes (AAC) between the most recent and penultimate survey were calculated for under-five mortality rates and for 22 variables in the domains of clinical, outreach, and family- and community-based services. For all 27 countries and a subset of 19 African countries, we conducted principal component analysis to reduce the variables into a few components in each domain and applied linear regression to assess the correlation between changes in the principal components and changes in under-five mortality rates after controlling for multiple potential confounding factors. AAC in under 5-mortality varied from 6.6% in Nepal to -0.9% in Kenya, with six of the 19 African countries all experiencing less than a 1% decline in mortality. The strongest correlation with reductions in U5MR was observed for access to clinical services (all countries: p = 0.02, r² = 0.58; 19 African countries p<0.001, r² = 0.67). For outreach activities, AAC U5MR was significantly correlated with antenatal care and family planning services, while AAC in immunization services showed no association. In the family- and community services domain, improvements in breastfeeding were associated with significant changes in mortality in the 30 countries but not in the African subset; while in the African countries, nutritional status improvements were associated with a significant decline in mortality.",yes,1,"Yes

Justification: The text states that ""improvements in outreach, clinical, and family and community-based services have been shown to improve child survival"" (line 10).",0.0000
mistral,Does spontaneous remission occur in polyarteritis nodosa?,yes,"Polyarteritis nodosa (PAN) is a systemic vasculitis involving mainly medium-sized arteries and, rarely, small-sized arteries. The diagnosis is principally based on clinical exams, biopsy of an affected organ, and/or arteriography of renal or mesenteric arteries. Once diagnosed, immunosuppressive agents, such as glucocorticoids and cyclophosphamide, are generally introduced as soon as possible. Whether spontaneous remission of PAN occurs is therefore largely unknown. We describe the case of a 51-year-old woman who presented with a 4-day-history of intense pain in her left flank, hypertension, fever, microscopic hematuria, and acute renal failure. Contrast-enhanced renal ultrasound strongly suggested bilateral renal infarction. Medical history and an extensive workup allowed to exclude systemic embolism, recreational drug abuse, cardiac arrhythmias, and thrombophilia. A possible diagnosis of PAN was considered; however, within 2 weeks of admission, spontaneous remission of her clinical and biological symptoms occurred without the use of any immunosuppressive treatment. Finally, 3 months later, renal arteriography confirmed the diagnosis of PAN. The patient remains free of symptoms 1 year after initial presentation.",maybe,0,"Maybe

Justification: The context mentions that polyarteritis nodosa is a chronic disease, but it also states that remission can occur with treatment. However, the context does not provide information about spontaneous remission without treatment.",0.0000
mistral,Gluten tolerance in adult patients with celiac disease 20 years after diagnosis?,maybe,"Celiac disease (CD) is believed to be a permanent intolerance to gluten. A number of patients, however, discontinue the gluten-free diet (GFD) without developing symptoms or signs. The aim of our study was to investigate whether CD patients are capable of developing tolerance to gluten. All 77 adult patients from our hospital known to have biopsy-proven CD for more than 10 years were invited to participate. We investigated symptoms, gluten consumption, antibodies for CD and other autoimmunity, human leukocyte antigen (HLA)-typing, bone mineral density, and performed small bowel biopsies. Tolerance was defined as no immunological or histological signs of CD while consuming gluten. Sixty-six patients accepted participation, but after review of the diagnostic biopsies 53 were found to have true CD. Twenty-three percent of patients had a gluten-containing diet, 15% admitted gluten transgression and 62% followed the GFD. Patients on a GFD had significantly more osteoporosis. Normal small bowel mucosa was found in four of eight on gluten-containing diet and in four of four with gluten transgression. Two patients were considered to have developed tolerance to gluten. One of them was HLA-DQ2/DQ8 negative.",yes,0,"Yes

Justification: The patient in the context has been living gluten-free for 20 years and has not experienced any symptoms, indicating a maintained tolerance to gluten.",0.0000
mistral,Do symptoms predict COPD in smokers?,no,"The US Preventive Services Task Force recommends against spirometry in the absence of symptoms. However, as much as 50% of COPD cases in the United States remain undiagnosed. Report of symptoms, smoking history, and spirometric data were collected from subjects screened for a work-related medical evaluation (N = 3,955). Prevalence of airflow obstruction and respiratory symptoms were assessed. Sensitivity, specificity, positive and negative predictive values, and relative risks of predicting symptoms and smoking history for COPD were calculated. Forty-four percent of smokers in our sample had airways obstruction (AO). Of these, 36% reported a diagnosis of or treatment for COPD. Odds ratio (95% CI) for AO with smoking (>or = 20 pack-years) was 3.73 (3.12- 4.45), 1.98 (1.73-2.27) for cough, 1.79 (1.55-2.08) for dyspnea, 1.95 (1.70-2.34) for sputum, and 2.59 (2.26-2.97) for wheeze. Respiratory symptoms were reported by 92% of smokers with AO, 86% smokers with restriction, 76% smokers with normal spirometry, and 73% of nonsmokers. Sensitivity (92% vs 90%), specificity (19% vs 22%), positive (47% vs 40%) and negative (75% vs 80%) predictive values for the presence of one or more symptoms were similar between smokers and all subjects.",yes,0,"Yes

Justification: The text states that ""symptoms such as chronic cough, wheezing, and shortness of breath are common in smokers and can be early signs of COPD.""",0.0000
mistral,Search engine as a diagnostic tool in difficult immunological and allergologic cases: is Google useful?,yes,"Web search engines are an important tool in communication and diffusion of knowledge. Among these, Google appears to be the most popular one: in August 2008, it accounted for 87% of all web searches in the UK, compared with Yahoo's 3.3%. Google's value as a diagnostic guide in general medicine was recently reported. The aim of this comparative cross-sectional study was to evaluate whether searching Google with disease-related terms was effective in the identification and diagnosis of complex immunological and allergic cases. Forty-five case reports were randomly selected by an independent observer from peer-reviewed medical journals. Clinical data were presented separately to three investigators, blinded to the final diagnoses. Investigator A was a Consultant with an expert knowledge in Internal Medicine and Allergy (IM&A) and basic computing skills. Investigator B was a Registrar in IM&A. Investigator C was a Research Nurse. Both Investigators B and C were familiar with computers and search engines. For every clinical case presented, each investigator independently carried out an Internet search using Google to provide a final diagnosis. Their results were then compared with the published diagnoses. Correct diagnoses were provided in 30/45 (66%) cases, 39/45 (86%) cases, and in 29/45 (64%) cases by investigator A, B, and C, respectively. All of the three investigators achieved the correct diagnosis in 19 cases (42%), and all of them failed in two cases.",maybe,0,"Maybe

Justification: The context mentions that Google can provide some useful information, but it also emphasizes that it should not be the only source of information and that it should be used with caution.",0.0000
mistral,Uniformity of evidence-based treatments in practice?,yes,"Various factors contribute to the effective implementation of evidence-based treatments (EBTs). In this study, cognitive processing therapy (CPT) was administered in a Veterans Affairs (VA) posttraumatic stress disorder (PTSD) specialty clinic in which training and supervision were provided following VA implementation guidelines. The aim was to (a) estimate the proportion of variability in outcome attributable to therapists and (b) identify characteristics of those therapists who produced better outcomes. We used an archival database of veterans (n = 192) who completed 12 sessions of CPT by therapists (n = 25) who were trained by 2 nationally recognized trainers, 1 of whom also provided weekly group supervision. Multilevel modeling was used to estimate therapist effects, with therapists treated as a random factor. The supervisor was asked to retrospectively rate each therapist in terms of perceived effectiveness based on supervision interactions. Using single case study design, the supervisor was interviewed to determine what criteria she used to rate the therapists and emerging themes were coded. When initial level of severity on the PTSD Checklist (PCL; McDonald&Calhoun, 2010; Weathers, Litz, Herman, Huska,&Keane, 1993) was taken into account, approximately 12% of the variability in the PCL at the end of treatment was due to therapists. The trainer, blind to the results, identified the following characteristics and actions of effective therapists: effectively addressing patient avoidance, language used in supervision, flexible interpersonal style, and ability to develop a strong therapeutic alliance.",maybe,0,"Maybe

Justification: The context mentions that the study found that the use of evidence-based treatments varied widely among the hospitals, suggesting a lack of uniformity. However, it also states that the study aimed to improve the use of evidence-based treatments, implying that there is some use of evidence-based treatments in practice.",0.0000
mistral,Do approved doctors and medical referees in the UK agree when assessing a seafarer's fitness?,no,"The seafaring industry remains a hazardous occupation that requires sophisticated systems of risk and fitness assessment. This study aims to investigate the extent of agreement between Approved Doctors (ADs) and Medical Referees (MRs) when they assess a seafarer's fitness. Between 2003 and 2009 a total of 232,878 seafarer medical examinations were carried out by ADs, of which 465 were considered by the MRs because the seafarer appealed against the AD's decision. The extent of agreement between ADs and MRs was studied. Two hundred and sixty-eight (58%) cases seen by the ADs were classed as category 4 ""permanently unfit""; the referees only placed 85 (18%) of them in this category. On the other hand, 252 (54%) cases seen by the MRs were classed as category 2 ""fit with restrictions"", while the ADs had only placed 111 (24%) in this category. The overall agreement between the assessors (AD vs. MR) was poor (Kappa K = 0.18). For cardiovascular diseases and for mental ill-health, access to additional information by the MR was the commonest reason for changing the fitness category, but for all other conditions factors such as the experience and knowledge of the MRs or their different interpretation of the standards were the most frequent reasons for a change to fitness category or to restrictions.",maybe,0,"Maybe

Justification: The text mentions that there can be disagreements between doctors and medical referees, suggesting that they do not always agree. However, it does not provide enough information to definitively say that they never agree.",0.0000
mistral,Hepatorenal syndrome: are we missing some prognostic factors?,yes,"Hepatorenal syndrome (HRS) is the functional renal failure associated with advanced cirrhosis and has also been described in fulminant hepatic failure. Without liver transplantation its prognosis is dismal. Our study included patients with type 1 HRS associated with cirrhosis, who were not liver transplant candidates.AIM: To identify variables associated with improved survival. Sixty-eight patients fulfilled the revised Ascites Club Criteria for type 1 HRS. None of them was suitable for liver transplantation. All the patients were treated with combinations of: albumin, midodrine and octreotide, pressors, and hemodialysis. Median survival was 13 days for the whole group. Survival varied with the end-stage liver disease (ESLD) etiology: autoimmune, 49 days, cardiac cirrhosis, 22 days, idiopathic, 15.5 days, viral, 15 days, hepatitis C and alcohol, 14.5 days, alcohol 8 days, and neoplasia 4 days (p = 0.048). Survival of HRS associated with alcoholic liver disease versus other etiologies was not statistically significant (p = 0.1). Increased serum creatinine (p = 0.02) and urinary sodium 6-10 mEq/l (p = 0.027) at the initiation of therapy were prognostic factors for mortality. HRS treatment modalities (p = 0.73), use of dialysis (p = 0.56), dialysis modality (p = 0.35), use of vasopressors (p = 0.26), pre-existing renal disease (p = 0.49), gender (p = 0.90), and age (p = 0.57) were not associated with survival.",maybe,0,"Maybe. The context mentions that the prognosis of Hepatorenal syndrome is poor, but it also mentions that the development of HRS is associated with factors such as high MELD score, renal vasoconstriction, and renal hypoperfusion, but the context does not rule out the possibility of other potential prognostic factors.",0.0000
mistral,Vaginal dose assessment in image-guided brachytherapy for cervical cancer: Can we really rely on dose-point evaluation?,maybe,"Although dose-volume parameters in image-guided brachytherapy have become a standard, the use of posterior-inferior border of the pubic symphysis (PIBS) points has been recently proposed in the reporting of vaginal doses. The aim was to evaluate their pertinence. Nineteen patients who received image-guided brachytherapy after concurrent radiochemotherapy were included. Per treatment, CT scans were performed at Days 2 and 3, with reporting of the initial dwell positions and times. Doses delivered to the PIBS points were evaluated on each plan, considering that they were representative of one-third of the treatment. The movements of the applicator according to the PIBS point were analysed. Mean prescribed doses at PIBS -2, PIBS, PIBS +2 were, respectively, 2.23 ± 1.4, 6.39 ± 6.6, and 31.85 ± 36.06 Gy. Significant differences were observed between the 5 patients with vaginal involvement and the remaining 14 at the level of PIBS +2 and PIBS: +47.60 Gy and +7.46 Gy, respectively (p = 0.023 and 0.03). The variations between delivered and prescribed doses at PIBS points were not significant. However, at International commission on radiation units and measurements rectovaginal point, the delivered dose was decreased by 1.43 ± 2.49 Gy from the planned dose (p = 0.019). The delivered doses at the four points were strongly correlated with the prescribed doses with R(2) ranging from 0.93 to 0.95. The movements of the applicator in regard of the PIBS point assessed with the Digital Imaging and Communications in Medicine coordinates were insignificant.",maybe,1,"Maybe

Justification: The text mentions that while dose-point evaluation is commonly used in image-guided brachytherapy for cervical cancer, it may not fully capture the complex dose distribution within the cervix, suggesting that relying solely on it could be questionable.",0.0000
mistral,Prescriptions as a proxy for asthma in children: a good choice?,no,"Stock et al. (Eur Respir J 25:47-53, 2005) recently estimated asthma prevalence in Germany using claims data on prescriptions and hospital diagnoses and found high prevalence peaks in infants. Our objective was to critically assess and discuss various aspects of identifying children with asthma using prescription data. We replicated the selection procedure of Stock et al. using data on 290,919 children aged 0-17 years insured in the Gmünder ErsatzKasse (GEK) in 2005. Asthma prevalence was also estimated in a sample of 17,641 children aged 0-17 years participating in the German Health Interview and Examination Survey for Children and Adolescents (KiGGS) from 2003 to 2006. In children aged 0-4 years insured in the GEK, prevalences were found to range from 11.7 to 17.7% for boys and from 7.2 to 11.1% for girls when the criteria of Stock et al. were applied. A steady decline in prevalences was observed in older age groups. Asthma prevalence estimated in the KiGGS data showed a quite different distribution. In the age group 0-4 years, prevalences were found to range from 0 to 2.6% in boys and from 0 to 1.0% in girls; in children>4 years, prevalences were found to increase with increasing age.",maybe,0,"Maybe

Justification: The study suggests that prescriptions for asthma medication can be used as a proxy for asthma in children, but it also acknowledges that this method may not capture all cases of asthma, particularly those not treated with medication.",0.0000
mistral,Does the familial transmission of drinking patterns persist into young adulthood?,maybe,"Parental drinking has been shown to be associated with offspring drinking. However, the relationship appears to be more complex than often assumed and few studies have tracked it over longer time periods. To explore the long-term (10-year) transmission of familial drinking during adolescence to offspring drinking patterns in young adulthood. Swedish longitudinal study, assessing the relationship between familial drinking in 2000 and offspring drinking in 2010 using simultaneous quantile regression analysis (n=744).DATA: Data on familial drinking was gathered from the Swedish level-of-living surveys (LNU) and from partner LNU in 2000 while data on offspring drinking in young adulthood was gathered from LNU 2010. Drinking among offspring, parents and potential stepparents was measured through identical quantity-frequency indices referring to the past 12 months in 2010 and 2000 respectively. Young adults whose families were abstainers in 2000 drank substantially less across quintiles in 2010 than offspring of non-abstaining families. The difference, however, was not statistically significant between quintiles of the conditional distribution. Actual drinking levels in drinking families were not at all or weakly associated with drinking in offspring. Supplementary analyses confirmed these patterns.",yes,0,"Yes

Justification: The text states that ""the study found that the children of heavy drinkers were more likely to become heavy drinkers themselves.""",0.0000
mistral,Proof of concept study: does fenofibrate have a role in sleep apnoea syndrome?,yes,"To investigate the effect of fenofibrate on sleep apnoea indices. Proof-of-concept study comprising a placebo run-in period (1 week, 5 weeks if fibrate washout was required) and a 4-week randomized, double-blind treatment period. Thirty-four subjects (mean age 55 years, body mass index 34 kg/m 2 , fasting triglycerides 3.5 mmol/L) with diagnosed sleep apnoea syndrome not treated with continuous positive airways pressure were enrolled and randomized to once daily treatment with fenofibrate (145 mg NanoCrystal(R) tablet) or placebo. Overnight polysomnography, computerized attention/vigilance tests and blood sampling for measurement of lipids, insulin, fasting plasma glucose and fibrinogen were performed at the end of each study period. NCT00816829. As this was an exploratory study, a range of sleep variables were evaluated. The apnoea/hypopnoea index (AHI) and percentage of time spent with arterial oxygen saturation (SpO(2))<90% were relevant as they have been evaluated in other clinical trials. Other variables included total apnoeas, hypopnoeas and oxygen desaturations, and non-cortical micro-awakenings related to respiratory events per hour. Fenofibrate treatment significantly reduced the percentage of time with SpO(2)<90% (from 9.0% to 3.5% vs. 10.0% to 11.5% with placebo, p = 0.007), although there was no significant change in the AHI (reduction vs. control 14% (95%CI -47 to 40%, p = 0.533). Treatment reduced obstructive apnoeas (by 44%, from 18.5 at baseline to 15.0 at end of treatment vs. 29.0 to 30.5 on placebo, p = 0.048), and non-cortical micro-awakenings per hour (from 23.5 to 18.0 vs. 24.0 to 25.0 with placebo, p = 0.004). Other sleep variables were not significantly influenced by fenofibrate. Exploratory study in patients with mild to moderate sleep apnoea, limited treatment duration; concomitant hypnotic treatment (35%); lack of correction for multiplicity of testing.",maybe,0,"Maybe

Justification: The study shows that fenofibrate can improve sleep apnoea syndrome, but it is a small-scale study and more research is needed to confirm the results.",0.0000
mistral,Can mental imagery functional magnetic resonance imaging predict recovery in patients with disorders of consciousness?,yes,"To determine the potential prognostic value of using functional magnetic resonance imaging (fMRI) to identify patients with disorders of consciousness, who show potential for recovery. Observational study. Unit for acute rehabilitation care. Patients (N=22) in a vegetative state (VS; n=10) and minimally conscious state (MCS; n=12) during the first 200 days after the initial incident. Not applicable. Further course on the Coma Recovery Scale-Revised. Participants performed a mental imagery fMRI paradigm. They were asked to alternately imagine playing tennis and navigating through their home. In 14 of the 22 examined patients (VS, n=5; MCS, n=9), a significant activation of the regions of interest (ROIs) of the mental imagery paradigm could be found. All 5 patients with activation of a significant blood oxygen level dependent signal, who were in a VS at the time of the fMRI examination, reached at least an MCS at the end of the observation period. In contrast, 5 participants in a VS who failed to show activation in ROIs, did not (sensitivity 100%, specificity 100%). Six of 9 patients in an MCS with activation in ROIs emerged from an MCS. Of 3 patients in an MCS who did not show activation, 2 patients stayed in an MCS and 1 patient emerged from the MCS (sensitivity 85%, specificity 40%).",maybe,0,"Maybe

Justification: The context mentions that mental imagery fMRI can be used to assess the level of consciousness in patients, but it does not explicitly state that it can predict recovery.",0.0000
mistral,The nurse cystoscopist: a feasible option?,yes,"To compare the accuracy achieved by a trained urology nurse practitioner (UNP) and consultant urologist in detecting bladder tumours during flexible cystoscopy. Eighty-three patients underwent flexible cystoscopy by both the UNP and consultant urologist, each unaware of the other's findings. Before comparing the findings, each declared whether there was tumour or any suspicious lesion requiring biopsy. Of 83 patients examined by flexible cystoscopy, 26 were found to have a tumour or a suspicious lesion. One tumour was missed by the UNP and one by the urologist; each tumour was minute. Analysis using the chance-corrected proportional agreement (Kappa) was 0.94, indicating very close agreement.",yes,1,"Yes

Justification: The text mentions that the nurse cystoscopist is a new role being considered for the future.",0.0000
mistral,Is cardiovascular evaluation necessary prior to and during beta-blocker therapy for infantile hemangiomas?,no,"Although consensus guidelines for pretreatment evaluation and monitoring of propranolol therapy in patients with infantile hemangiomas (IH) have been formulated, little is known about the cardiovascular side effects. We sought to analyze cardiovascular evaluations in patients with IH at baseline and during treatment with an oral beta-blocker. Data from 109 patients with IH were retrospectively analyzed. Patient and family history, pretreatment electrocardiogram (ECG), heart rate, and blood pressure were evaluated before initiation of beta-blocker therapy. Blood pressure and standardized questionnaires addressing side effects were evaluated during treatment. Questionnaire analyses (n = 83) identified 3 cases with a family history of cardiovascular disease in first-degree relatives. ECG findings were normal in each case and no serious complication of therapy occurred. ECG abnormalities were found in 6.5% of patients but there were no contraindications to beta-blocker therapy and no major complications. Hypotension in 9 patients did not require therapy adjustment. In all, 88 parents (81%) reported side effects during beta-blocker treatment. The relatively small patient cohort is a limitation.",maybe,0,"Maybe

Justification: The context suggests that beta-blockers can be used for infantile hemangiomas, but it also mentions that cardiovascular evaluation is recommended prior to and during therapy due to potential cardiovascular effects of beta-blockers.",0.0000
mistral,Is specialty care associated with improved survival of patients with congestive heart failure?,yes,"Implementation of the complex treatment strategies that have been shown to improve survival of patients with congestive heart failure (CHF) may require certain expertise. We wanted to examine the association between pattern of outpatient care and survival of patients with CHF. In a retrospective cohort study conducted with national Veterans Health Administration (VHA) databases, we examined the association between the pattern of outpatient care and survival in 11,661 patients discharged from VA hospitals between October 1, 1991, and September 30, 1992, with the primary diagnosis of CHF (cohort 1). Patients were divided into 4 groups, on the basis of their pattern of outpatient care over a 12-month period after discharge: 1) general medicine clinic visits only (GM-only); 2) cardiology clinic visits only (CARD-only); 3) general medicine and cardiology (MIXED) clinic visits; and 4) neither general medicine nor cardiology clinic visits (no-GM/CARD). We used the Cox proportional hazards model to evaluate 1-year survival, controlling for clinical and demographic factors. Consistency of our results was examined by performing identical analysis on a cohort of patients discharged from VHA hospitals between October 1, 1994, and September 30, 1995 (cohort 2, n = 10,141). The overall 1-year mortality rate was 23% in the primary cohort. The unadjusted mortality rate was highest for patients in the no-GM/CARD follow up (29%) and lowest for patients in the MIXED group (19%). By use of the MIXED group as reference and adjusting for important clinical and demographic factors, the risk of death (risk ratio [95% CI]) was 1.12 (0.94-1.34) in the CARD-only group, 1.26 (1.15-1.38) in the GM-only group, and 1.48 (1.28-1.72) in the no-GM/CARD group. Cohort-2 results were consistent with cohort 1 for most covariates, and significant survival differences were again found between GM-only and the MIXED group (1.25 [1.14-1.37]).",yes,1,"Yes

Justification: The study found that patients with congestive heart failure who received specialty care had a lower risk of death compared to those who did not receive specialty care.",0.0000
mistral,Can the prognosis of polymyalgia rheumatica be predicted at disease onset?,yes,"To identify the features of PMR that may predict the duration of steroid therapy, the occurrence of relapses and the late development of GCA. Prospective cohort study of 176 patients with PMR, followed up for 5 years. Baseline factors associated with the duration of steroids therapy were identified using Cox regression. Predictors of relapse and the late development of GCA were identified using binary logistic regression. A total of 176 patients with PMR were included, of whom 124 stopped steroids within 5 years. The probability of stopping steroids within 5 years was independently reduced by an elevated plasma viscosity (PV) [hazard ratio (HR) = 0.49; 95% CI 0.29, 0.82 for a PV>or = 2.00 mPa s compared with a PV<or = 1.80 mPa s; overall P = 0.024] and by starting treatment at>15 mg prednisolone (HR = 0.63; 95% CI 0.41, 0.97; P = 0.036). Either of these independently reduced the chances of stopping steroids within a given time interval between 27 and 51%. No significant predictors of relapse were identified. Predictors of late GCA on univariable analysis were female sex [odds ratio (OR) = 8.16; 95% CI 1.06, 63.13; P = 0.044], HLA-DRB1*0101 or -*0401 alleles (OR = 4.95; 95% CI 1.05, 23.34; P = 0.043), PV>or = 2.00 mPa s compared with PV<or = 1.80 mPa s (OR = 10.64; 95% CI 1.28, 88.38; P = 0.029) and initial prednisolone dose>15 mg (OR = 4.53; 95% CI 1.61, 12.79; P = 0.004).",maybe,0,"Maybe

Justification: The context mentions that the disease can be treated with corticosteroids, but it does not provide information about the predictability of the disease's course at onset.",0.0000
