condition_id,chunker,retriever,model,question,gold,answer,correct,retrieval_hit,failure_type,retrieved_text,raw_output
sentence_dense,sentence,dense,biomistral,Do mitochondria play a role in remodelling lace plant leaves during programmed cell death?,yes,yes,1,0,lucky_guess,"The role of mitochondria during PCD has been recognized in animals; however, it has been less studied during PCD in plants. This treatment resulted in lace plant leaves with a significantly lower number of perforations compared to controls, and that displayed mitochondrial dynamics similar to that of non-PCD cells. The following paper elucidates the role of mitochondrial dynamics during developmentally regulated PCD in vivo in A. madagascariensis. Moreover, biochemical measurements of oxidative stress markers (MDA, GSH and TAC) revealed that prophylactic edaravone treatment attenuated oxidative stress induced by I/R injury. The hypothesis was tested that pectin content and methylation degree participate in regulation of cell wall mechanical properties and in this way may affect tissue growth and freezing resistance over the course of plant cold acclimation and de-acclimation."," Yes. The role of mitochondria during PCD has been recognized in animals; however, it has been less studied during PCD in plants."
sentence_dense,sentence,dense,biomistral,Landolt C and snellen e acuity: differences in strabismus amblyopia?,no,no,1,1,success,"In this study, visual acuity measured with the Snellen E was compared to the Landolt C acuity. Differences between Landolt C acuity (LR) and Snellen E acuity (SE) were small. Charts with the Snellen E and the Landolt C (Precision Vision) which mimic the ETDRS charts were used to assess visual acuity. The purpose of this study was to compare the non-cycloplegic and cycloplegic spherical equivalent (SE) refractive error measured in young adults. Since optotypes are evaluated on individuals with good visual acuity and without eye disorders, differences in the lower visual acuity range cannot be excluded.", No.
sentence_dense,sentence,dense,biomistral,"Syncope during bathing in infants, a pediatric form of water-induced urticaria?",yes,no,0,1,generation_failure,"Eight infants aged 2 to 15 months were admitted during a period of 6 years; they suffered from similar maladies in the bath: on immersion, they became pale, hypotonic, still and unreactive; recovery took a few seconds after withdrawal from the bath and stimulation. The hypothesis of an equivalent of aquagenic urticaria was then considered; as for patients with this disease, each infant's family contained members suffering from dermographism, maladies or eruption after exposure to water or sun. Infantile hypertrophic pyloric stenosis (IHPS) is a common condition which presents in infants at 2-12 weeks of postnatal life, and whose cause remains obscure. After a 2-7 year follow-up, three out of seven infants continue to suffer from troubles associated with sun or water. Intrathecal administration of urokinase, IV administration of fasudil hydrochloride, and continuous cerebrospinal fluid (CSF) evacuation via cisternal drainage were performed as prophylactic treatments for vasospasm.", No.
sentence_dense,sentence,dense,biomistral,Are the long-term results of the transanal pull-through equal to those of the transabdominal pull-through?,no,no,1,0,lucky_guess,"This study examined the long-term outcome of TERPT versus conventional transabdominal (ABD) pull-through for HD. Our objective in this study was to determine whether the decision to manage a contralateral hydrocele in cases of neonatal testicular torsion solely through a scrotal approach is safe and effective. The present study aims to compare strength, healing, and operation time of experimental intestinal anastomoses performed by polyglactin 910 (Vicryl; Ethicon, Edinburgh, United Kingdom) sutures with ethyl-2-cyanoacrylate glue (Pattex; Henkel, Dusseldorf, Germany). Although the retroperitoneal approach has been the preferred choice for open urological procedures, retroperitoneoscopy is not the preferred approach for laparoscopy. Laparoscopic (p = 0.004) and nonthoracic surgeries (p = 0.01) were associated with lower risk of atrial fibrillation.", No. The transanal pull-through is not equal to the transabdominal pull-through. The transanal pull-through is inferior to the transabdominal pull-through.
sentence_dense,sentence,dense,biomistral,Can tailored interventions increase mammography use among HMO women?,yes,yes,1,1,success,"This study addressed the question: Compared to usual care, is tailored telephone counseling more effective than tailored print materials for promoting mammography screening? Telephone counseling and tailored print communications have emerged as promising methods for promoting mammography screening. Compared to usual care alone, telephone counseling promoted a significantly higher proportion of women having mammograms on schedule (71% vs 61%) than did tailored print (67% vs 61%) but only after the first year of intervention (during 1996). In an attempt to improve the care they provide for their patients with breast cancer, the authors' institution developed a multidisciplinary breast cancer clinic (MDBCC) to offer ""one-stop shopping"" consultation and support for newly diagnosed breast cancer patients. This study was performed to evaluate the efficacy of the current readiness guidelines based on the epidemiology of encountered HMCIs."," Yes. Justification: [1, 2, 3, 4, 5]"
sentence_dense,sentence,dense,biomistral,Double balloon enteroscopy: is it efficacious and safe in a community setting?,yes,yes,1,0,lucky_guess,"To assess the feasibility and safety of diagnostic or therapeutic semirigid ureteroscopy without ureteral meatus dilatation. Little is known about whether a routinely inserted endoscopic nasobiliary drainage (ENBD) tube improves the clinical course in patients with choledocholithiasis-induced acute cholangitis after clearance of choledocholithiasis. A total of 104 patients with choledocholithiasis-induced acute cholangitis who underwent primary endoscopic treatment were compared according to insertion of an ENBD tube (51 in the ENBD group and 53 in the no-ENBD group). We have previously reported the feasibility of diagnostic and therapeutic peritoneoscopy including liver biopsy, gastrojejunostomy, and tubal ligation by an oral transgastric approach. Respiratory jugular venodilation was identified in 188 patients (78.3%), in whom results of cannulation did not differ between the 2 techniques with respect to the venous access rate (cannulated at the first attempt: 83.5% in the landmark v 85.7% in the ultrasound group), the success rate (cannulated within 3 attempts: 96.9% v 95.6%), and the incidence of arterial puncture (1.0% v 3.3%)."," Yes. Double balloon enteroscopy is efficacious and safe in a community setting. (The evidence from [1, 2, 4, 5] supports this answer.)"
sentence_dense,sentence,dense,biomistral,30-Day and 1-year mortality in emergency general surgery laparotomies: an area of concern and need for improvement?,maybe,yes,0,1,generation_failure,"The aim of this study was to analyse the 30-day mortality, age-related 30-day mortality and 1-year mortality following emergency laparotomy. Emergency surgery is associated with poorer outcomes and higher mortality with recent studies suggesting the 30-day mortality to be 14-15%. The relative risks of 30 day and 1 year mortality compared with patients with normal fB-glu was 1.7 [95% confidence interval (CI): 0.5-5.5] and 2.9 (CI: 0.8-11.2) with IFG, 2.8 (CI: 1.1-7.2) and 1.9 (CI: 0.5-6.3) with SDM vs. 1.8 (CI: 0.8-4.0) and 1.6 (CI: 0.6-4.3) if CDM, respectively. The primary outcomes examined were postoperative complications and in-hospital mortality. The primary end point of the study was 30-day mortality, age-related 30-day mortality and 1-year all-cause mortality.", Yes. The 30-day mortality is 14-15% and the 1-year mortality is 1.8-2.9 times higher than the mortality in patients with normal fB-glu
sentence_dense,sentence,dense,biomistral,Is adjustment for reporting heterogeneity necessary in sleep disorders?,no,yes,0,1,generation_failure,"This study also evaluates the need for adjusting for reporting heterogeneity in the management of sleep and energy related problems in Japan. This research uses vignettes to elucidate factors associated with sleep disorders in adult Japanese before and after adjustment for reporting heterogeneity in self-reports. Without correction of cut-point shifts, age, sex, and the number of comorbidities were significantly associated with a greater severity of sleep-related problems. Exploratory study in patients with mild to moderate sleep apnoea, limited treatment duration; concomitant hypnotic treatment (35%); lack of correction for multiplicity of testing. The ordered probit model and the Compound Hierarchical Ordered Probit (CHOPIT) model, which incorporated anchoring vignettes, were employed to estimate and compare associations of sleep and energy with socio-demographic and life-style factors before and after adjustment for differences in response category cut-points for each individual."," Yes. Justification: [1, 2, 3, 4, 5]."
sentence_dense,sentence,dense,biomistral,Do mutations causing low HDL-C promote increased carotid intima-media thickness?,no,no,1,1,success,"Carotid intima-media thickness (cIMT) measurements were obtained in cases comprising 10 different mutations in LCAT, ABCA1 and APOA1 to further evaluate the relationship between low HDL resulting from genetic variation and early atherosclerosis. Although observational data support an inverse relationship between high-density lipoprotein (HDL) cholesterol and coronary heart disease (CHD), genetic HDL deficiency states often do not correlate with premature CHD. We explored whether QT corrected dispersion (QTcD) can identify left ventricular hypertrophy (LVH) in hypertensives. Although selective and non-selective methods of preoperative carotid screening have been advocated, it remains unclear if this screening is clinically relevant.AIM: To test whether selective carotid screening is as effective as non-selective screening in detecting significant carotid disease. We examined whether associations between hyperglycemia and CVD risk were explained by underlying insulin resistance."," No. Although observational data support an inverse relationship between high-density lipoprotein (HDL) cholesterol and coronary heart disease (CHD), genetic HDL deficiency states often do not correlate with premature CH"
sentence_dense,sentence,dense,biomistral,A short stay or 23-hour ward in a general and academic children's hospital: are they effective?,yes,yes,1,1,success,"We evaluated the usefulness of a short stay or 23-hour ward in a pediatric unit of a large teaching hospital, Westmead Hospital, and an academic Children's hospital, The New Children's Hospital, to determine if they are a useful addition to the emergency service. The users of the short stay ward were children of young age less than 2 years, with stay greater than 23 hours reported in only 1% of all admissions to the short stay ward. This is a descriptive comparison of prospectively collected data on all children admitted to the short stay ward at Westmead Hospital (WH) during 1994 and the short stay ward at the New Children's Hospital (NCH) during 1997-98. The rate of patient admission to an in-hospital bed was low, (4% [Westmead Hospital] compared to 6% [New Children's Hospital]), with the number of unscheduled visits within 72 hours of short stay ward discharge less than 1%. The short stay ward increased hospital efficiency with an average length of stay of 17.5 hours (Westmead Hospital) compared to 20.5 hours (New Children's Hospital).", Yes. The short stay ward at Westmead Hospital is effective.
sentence_dense,sentence,dense,biomistral,Did Chile's traffic law reform push police enforcement?,yes,yes,1,1,success,The objective of the current study is to determine to what extent the reduction of Chile's traffic fatalities and injuries during 2000-2012 was related to the police traffic enforcement increment registered after the introduction of its 2005 traffic law reform. Independent variables were: (1) presence of new national traffic law; (2) police officers per population; (3) number of traffic tickets per police officer; and (4) interaction effect of number of traffic tickets per police officer with traffic law reform. To explain China's cigarette pricing mechanism and the role of the Chinese State Tobacco Monopoly Administration (STMA) on cigarette pricing and taxation. The possible importance of mitochondrial permeability transition pore (PTP) formation during PCD was indirectly examined via in vivo cyclosporine A (CsA) treatment. Prevalence of carotid stenosis was higher in the high-risk group (9.1%) than the low-risk group (1.2%) (P<0.05)., Yes.
sentence_dense,sentence,dense,biomistral,Therapeutic anticoagulation in the trauma patient: is it safe?,no,no,1,1,success,"Trauma patients who require therapeutic anticoagulation pose a difficult treatment problem. The purpose of this study was to determine: (1) the incidence of complications using therapeutic anticoagulation in trauma patients, and (2) if any patient factors are associated with these complications. In light of this consideration, should a patient with both a history of ICH and a clear indication for anticoagulation such as nonvalvular atrial fibrillation be anticoagulated? Complications of anticoagulation were documented and defined as any unanticipated discontinuation of the anticoagulant for bleeding or other adverse events. An 18-month retrospective review was performed on trauma patients>or= 15 years old who received therapeutic anticoagulation using unfractionated heparin (UH) and/or fractionated heparin (FH).", No.
sentence_dense,sentence,dense,biomistral,Differentiation of nonalcoholic from alcoholic steatohepatitis: are routine laboratory markers useful?,yes,no,0,1,generation_failure,"Specific markers for differentiation of nonalcoholic (NASH) from alcoholic steatohepatitis (ASH) are lacking. Hepatorenal syndrome (HRS) is the functional renal failure associated with advanced cirrhosis and has also been described in fulminant hepatic failure. We examined 60 patients with benign cystic thyroid nodules confirmed by fine-needle aspiration biopsy and divided them into 2 groups according to nonaspiration (group A, n = 30) or aspiration (group B, n = 30) of ethanol-mixed fluid after intracystic ethanol injection. We evaluated the differences between percutaneous ethanol injection with and without aspiration of ethanol-mixed fluid for treatment of benign cystic thyroid nodules. Survival of HRS associated with alcoholic liver disease versus other etiologies was not statistically significant (p = 0.1).", No. (The lack of specific markers for differentiation of nonalcoholic from alcoholic steatohepatitis is stated in the provided context.)
sentence_dense,sentence,dense,biomistral,Prompting Primary Care Providers about Increased Patient Risk As a Result of Family History: Does It Work?,no,yes,0,1,generation_failure,"The objective of this study was to determine whether automated, at-the-visit tailored prompts about family history risk change PCP behavior. The main outcome measures were PCP response to the prompts, adding family history risk to problem summary lists, and patient screening status for each disease. Automated, tailored prompts highlighting familial risk for heart disease, stroke, diabetes, and breast, colorectal, or ovarian cancer were implemented during 2011 to 2012. Electronic health records have the potential to facilitate family history use by primary care physicians (PCPs) to provide personalized care. Medical records of a cohort of community-based primary care patients, aged 35 to 65 years, who previously participated in our Family Healthware study and had a moderate or strong familial risk for any of the 6 diseases were subsequently reviewed."," Yes. The objective of this study was to determine whether automated, at-the-visit tailored prompts about family history risk change PCP behavior. The main outcome measures were PCP response to the prompts, adding family history risk to problem"
sentence_dense,sentence,dense,biomistral,Do emergency ultrasound fellowship programs impact emergency medicine residents' ultrasound education?,yes,yes,1,1,success,"The purpose of this study was to determine the impact of EUS fellowships on emergency medicine (EM) residents' US education. To date, there is no evidence supporting that EUS fellowships enhance residents' ultrasound (US) educational experiences. Residents in programs with EUS fellowships reported performing more scans than those in programs without fellowships (P = .04). The outcomes were compared between residency programs with and without EUS fellowships. An OSCE test-format (seven stations: Advanced Cardiac Life Support (ACLS), Basic Life Support (BLS), Trauma-Management (TM), Pediatric-Emergencies (PE), Acute-Coronary-Syndrome (ACS), Airway-Management (AM), and Obstetrical-Emergencies (OE)) was administered to 207 medical students in their third year of training after they had received didactics in emergency medicine management.", Yes.
sentence_dense,sentence,dense,biomistral,Patient-Controlled Therapy of Breathlessness in Palliative Care: A New Therapeutic Concept for Opioid Administration?,yes,yes,1,1,success,To investigate whether intravenous opioid PCT can be an effective therapeutic method to reduce breathlessness in patients with advanced disease. Secondary aims were to study the feasibility and acceptance of opioid PCT in patients with refractory breathlessness. This was a pilot observational study with 18 inpatients with advanced disease and refractory breathlessness receiving opioid PCT. Eighteen of 815 patients (advanced cancer; median age = 57.5 years [range 36-81]; 77.8% female) received breathlessness symptom control with opioid PCT; daily morphine equivalent dose at Day 1 was median = 20.3 mg (5.0-49.6 mg); Day 2: 13.0 mg (1.0-78.5 mg); Day 3: 16.0 mg (8.3-47.0 mg). The pressures delivered by autotitrating continuous positive airways pressure (CPAP) devices not only treat obstructive sleep apnoea (OSA) effectively but also give potentially interesting physiological information about the forces impinging on the pharynx., Yes. The study investigated whether intravenous opioid PCT can be an effective therapeutic method to reduce breathlessness in patients with advanced disease.
sentence_dense,sentence,dense,biomistral,Is there still a need for living-related liver transplantation in children?,yes,yes,1,1,success,"The combination of SLT and LRT has abolished deaths on the waiting list, thus raising the question whether living donor liver transplantation is still necessary. To assess and compare the value of split-liver transplantation (SLT) and living-related liver transplantation (LRT). Outcomes and postoperative liver function of 43 primary LRT patients were compared with those of 49 primary SLT patients (14 ex situ, 35 in situ) with known graft weight performed between April 1996 and December 2000. The transplantation was considered a success if the recipient was alive, not retransplanted, without an assistance device or an epinephrine infusion of more than 1 mg/h and showed an ejection fraction above 40%. There were no differences between groups with regard to recipient age, sex, cause of death and renal function of the donor, hepatitis C and cytomegalovirus serologies, cold ischemia time, tubular necrosis, immediate diuresis, need for dialysis, human leukocyte antigen incompatibilities, hypersensitized patients, acute rejection, waiting time on dialysis, and days of admission."," Yes. The transplantation was considered a success if the recipient was alive, not retransplanted, without an assistance device or an epinephrine infusion of more than 1 mg/h and showed an ejection fraction above"
sentence_dense,sentence,dense,biomistral,Do patterns of knowledge and attitudes exist among unvaccinated seniors?,yes,yes,1,1,success,"To examine patterns of knowledge and attitudes among adults aged>65 years unvaccinated for influenza. Surveyed Medicare beneficiaries in 5 areas; clustered unvaccinated seniors by their immunization related knowledge and attitudes. Identified 4 clusters: Potentials (45%) would receive influenza vaccine to prevent disease; Fearful Uninformeds (9%) were unsure if influenza vaccine causes illness; Doubters (27%) were unsure if vaccine is efficacious; Misinformeds (19%) believed influenza vaccine causes illness. More Potentials (75%) and Misinformeds (70%) ever received influenza vaccine than did Fearful Uninformeds (18%) and Doubters (29%). In 60 middle-aged individuals without diabetes we studied the associations of fasting plasma glucose, 2-hour post oral glucose tolerance test plasma glucose, insulin sensitivity as well as body fat percentage with CVD risk."," Yes. Justification: Cluster analysis identified 4 clusters of unvaccinated seniors: Potentials (45%), Fearful Uninformeds (9%), Doubters (27%), and Misinform"
sentence_dense,sentence,dense,biomistral,Is there a model to teach and practice retroperitoneoscopic nephrectomy?,yes,yes,1,1,success,"This study aims to develop a training model for retroperitoneoscopy and to establish an experimental learning curve. RPN in a porcine model could simulate the whole procedure, from creating the space to nephrectomy completion. Although the retroperitoneal approach has been the preferred choice for open urological procedures, retroperitoneoscopy is not the preferred approach for laparoscopy. Fifteen piglets were operated on to develop a standard retroperitoneoscopic nephrectomy (RPN) training model. Our objective in this study was to determine whether the decision to manage a contralateral hydrocele in cases of neonatal testicular torsion solely through a scrotal approach is safe and effective."," Yes. Justification: “[1, 2, 4]”"
sentence_dense,sentence,dense,biomistral,Cardiovascular risk in a rural adult West African population: is resting heart rate also relevant?,yes,yes,1,1,success,"This study aimed to determine the prevalence of elevated RHR and other risk factors for cardiovascular disease (CVD) and to investigate any associations between RHR and these risk factors in a rural population in Ghana. Elevated resting heart rate (RHR) is a neglected marker in cardiovascular risk factor studies of sub-Saharan African populations. In 60 middle-aged individuals without diabetes we studied the associations of fasting plasma glucose, 2-hour post oral glucose tolerance test plasma glucose, insulin sensitivity as well as body fat percentage with CVD risk. Thirty-four subjects (mean age 55 years, body mass index 34 kg/m 2 , fasting triglycerides 3.5 mmol/L) with diagnosed sleep apnoea syndrome not treated with continuous positive airways pressure were enrolled and randomized to once daily treatment with fenofibrate (145 mg NanoCrystal(R) tablet) or placebo. Neutrophilic asthma had raised CRP and fibrinogen while eosinophilic asthma only showed raised fibrinogen compared to healthy subjects (p < 0.005).", Yes. The prevalence of elevated RHR and other risk factors for cardiovascular disease (CVD) were determined in a rural population in Ghana.
sentence_dense,sentence,dense,biomistral,Israeli hospital preparedness for terrorism-related multiple casualty incidents: can the surge capacity and injury severity distribution be better predicted?,yes,no,0,1,generation_failure,"An HMCI is defined by the Emergency and Disaster Medicine Division in the Israeli Ministry of Health as>or=10 casualties or>or=4 suffering from injuries with an ISS>or=16 arriving to a single hospital. 15 years ago the Emergency and Disaster Medicine Division in the Israeli Ministry of Health defined a key of 20 percent of each hospital's bed capacity as its readiness for multiple casualties. Mortality at index admission, transfusion requirement during first 24 hours, and presence of nonorthopaedic injuries as a function of Young-Burgess pelvic classification type. The objectives of this study were to evaluate the ability of the Young-Burgess classification system to predict mortality, transfusion requirements, and nonorthopaedic injuries in patients with pelvic ring fractures and to determine whether mortality rates after pelvic fractures have changed over time. 713 blunt trauma patients, who were admitted to the Uludag University Medical Center Emergency Department between 01.04.2000-31.12.2000, were retrospectively evaluated in terms of ISS, GCS, RTS and white blood cell count at presentation.", No. The definition of HMCI is based on the number of casualties and the number of injured with an ISS>or=16. The definition of surge capacity is based on the number of beds. The two definitions are different.
sentence_dense,sentence,dense,biomistral,Acute respiratory distress syndrome in children with malignancy--can we predict outcome?,yes,yes,1,1,success,"The purpose of this study was to delineate early respiratory predictors of mortality in children with hemato-oncology malignancy who developed acute respiratory distress syndrome (ARDS). We conducted a retrospective chart review of children with malignant and ARDS who needed mechanical ventilation and were admitted to a pediatric intensive care unit from January 1987 to January 1997. The objectives of this study were to evaluate the ability of the Young-Burgess classification system to predict mortality, transfusion requirements, and nonorthopaedic injuries in patients with pelvic ring fractures and to determine whether mortality rates after pelvic fractures have changed over time. We sought to determine the feasibility and assess the clinical outcomes associated with an early extubation strategy for all children undergoing congenital heart surgery, including neonates (age,<30 days). Mortality at index admission, transfusion requirement during first 24 hours, and presence of nonorthopaedic injuries as a function of Young-Burgess pelvic classification type.", Yes. The purpose of this study was to delineate early respiratory predictors of mortality in children with hemato-oncology malignancy who developed acute respiratory distress syndrome (ARDS).
sentence_dense,sentence,dense,biomistral,Secondhand smoke risk in infants discharged from an NICU: potential for significant health disparities?,yes,yes,1,1,success,"Secondhand smoke exposure (SHSe) threatens fragile infants discharged from a neonatal intensive care unit (NICU). Smoking practices were examined in families with a high respiratory risk infant (born at very low birth weight; ventilated>12 hr) in a Houston, Texas, NICU. Data were collected as part of The Baby's Breath Project, a hospital-based SHSe intervention trial targeting parents with a high-risk infant in the NICU who reported a smoker in the household (N = 99). This may result in adverse outcomes for the mother and infant. Perinatal characteristics, major morbidity and case mix adjusted mortality were compared between 1879 rural and 6775 urban infants<32 weeks gestational age, born in 1992-2002 and admitted to all 10 neonatal intensive care units in NSW and ACT.", Yes.
sentence_dense,sentence,dense,biomistral,Do nomograms designed to predict biochemical recurrence (BCR) do a better job of predicting more clinically relevant prostate cancer outcomes than BCR?,yes,yes,1,1,success,"To examine the ability of various postoperative nomograms to predict prostate cancer-specific mortality (PCSM) and to validate that they could predict aggressive biochemical recurrence (BCR). A previous study showed that several nomograms could predict aggressive BCR (prostate-specific antigen doubling time [PSADT] <9 months) more accurately than BCR. Prostate-specific antigen (PSA), grade, and stage are the classic triad used to predict BCR after radical prostatectomy (RP). We performed Cox analyses to examine the ability of 4 postoperative nomograms, the Duke Prostate Center (DPC) nomogram, the Kattan postoperative nomogram, the Johns Hopkins Hospital (JHH) nomogram, and the joint Center for Prostate Disease Research(CPDR)/Cancer of the Prostate Strategic Urologic Research Endeavor (CaPSURE) nomogram to predict BCR and PCSM among 1778 men in the Shared Equal Access Regional Cancer Hospital (SEARCH) database who underwent RP between 1990 and 2009. Here we investigatewd if: (a) biopsy timing influences the prostate cancer (PC) detection rate in patients with fluctuating PSA (flu-PSA) in comparison with patients with steadily increasing PSA (si-PSA); (b) PSA slope estimated in patients with flu-PSA predicts a different risk of cancer detection; (c) flu-PSA and si-PSA patients develop PC in topographically different sites; (d) the behaviour of pre-operative PSA is an expression of a disease with defferent characteristics to the following radical prostatectomy.", Yes. (1) A previous study showed that several nomograms could predict aggressive BCR (prostate-specific antigen doubling time [PSADT] <9 months) more accurately than BCR. (2) Prostate-
sentence_dense,sentence,dense,biomistral,Are reports of mechanical dysfunction in chronic oro-facial pain related to somatisation?,yes,yes,1,1,success,"(i) To examine the association between self-reported mechanical factors and chronic oro-facial pain. The study examined the association of chronic oro-facial pain with a variety of self-reported mechanical factors: teeth grinding, facial trauma, missing teeth and the feeling that the teeth did not fit together properly. To identify distinctive features in patients with chronic functional somatic symptoms, and to determine whether these symptoms support the hypothesis of the existence of specific somatic syndromes. Patients with affective disorders most frequently had pain complaints, followed by those with neurotic, stress-related and somatoform disorders and those with psychotic disorders such as schizophrenia, schizotypic and delusional disorders. (ii) To test the hypothesis that this relationship could be explained by: (a) reporting of psychological factors, (b) common association of self-reported mechanical factors with other unexplained syndromes.", Yes.
sentence_dense,sentence,dense,biomistral,Amblyopia: is visual loss permanent?,no,no,1,0,lucky_guess,"Pterygium is a disease of unknown origin and pathogenesis that might be vision threatening. The purpose of this study was to compare the non-cycloplegic and cycloplegic spherical equivalent (SE) refractive error measured in young adults. The difference between non-cycloplegic and cycloplegic refractive measurements was analyzed. Since optotypes are evaluated on individuals with good visual acuity and without eye disorders, differences in the lower visual acuity range cannot be excluded. It is unclear whether cycloplegic refraction is necessary in this age group.", No.
sentence_dense,sentence,dense,biomistral,Implementation of epidural analgesia for labor: is the standard of effective analgesia reachable in all women?,yes,yes,1,1,success,"The goal is to evaluate the epidural acceptance and penetration into hospital practice by women and care givers and safety and efficacy during childbirth. This audit cycle measured epidural analgesia performance against 4 standards: (1) Implementation of epidural analgesia for labor to all patients; (2) Acceptance and good satisfaction level reported by patients and caregivers. Since paracervical anaesthesia may be useful during this procedure, we investigated in this prospective randomised study its impact on the clinical course of abortion and pain especially in the late first and second stage of labour. For intrapartum care, estimation of fetal weight, the performance of pelvimetry, blood pressure monitoring, urine testing, evaluation of head above pelvis, fetal heart rate monitoring, monitoring of contractions and plotting of cervical dilatation, and whether the appropriate actions were taken, were assessed. (3) Effectiveness of labor analgesia; (4) No maternal or fetal side effects."," Yes. Justification: [1, 2, 4, 5]. The standards of effective analgesia are reachable in all women."
sentence_dense,sentence,dense,biomistral,Does HER2 immunoreactivity provide prognostic information in locally advanced urothelial carcinoma patients receiving adjuvant M-VEC chemotherapy?,maybe,yes,0,1,generation_failure,"To evaluate the impact of HER2 immunoreactivity on clinical outcome in locally advanced urothelial carcinoma patients who received surgery alone, or methotrexate, vinblastine, epirubicin, and cisplatin (M-VEC) as adjuvant chemotherapy. The authors evaluated HER2 immunoreactivity using immunohistochemical staining and explored the influence of pathological parameters and HER2 immunoreactivity on progression-free survival (PFS) and disease-specific overall survival (OS) using univariate and multivariate Cox's analyses. The HER2 immunoreactivity was significantly associated with PFS (p = 0.02) and disease-specific OS (p = 0.005) in advanced urothelial carcinoma patients. As for patients with adjuvant M-VEC, HER2 immunoreactivity was a significant prognostic factor for PFS (p = 0.03) and disease-specific OS (p = 0.02) using univariate analysis, but not multivariate analysis, and not for patients receiving watchful waiting. Urothelial carcinoma of the bladder had a significantly higher frequency of HER2 immunoreactivity than that of the upper urinary tract (60.7 vs. 20.7%, p<0.0001).", Yes. The HER2 immunoreactivity was a significant prognostic factor for progression-free survival (p = 0.03) and disease-specific overall survival (p = 0.02) in patients
sentence_dense,sentence,dense,biomistral,Is halofantrine ototoxic?,yes,yes,1,1,success,"In the halofantrine double therapeutic dose group, the inner and outer hair cells were distorted and there was loss of spiral ganglia cells. The halofantrine therapeutic dose group showed loss and distortion of inner hair cells and inner phalangeal cells, and loss of spiral ganglia cells. To clarify whether horizontal canal ocular reflex is influenced by otolith organs input. Review of the literature yielded estimates of the risk of adverse fertility outcomes ranging from 1.6 (95% confidence interval [CI] 1.1 to 2.5) for ectopic pregnancy after an appendectomy to 4.8 (95% CI 1.5 to 14.9) for tubal infertility from perforation of the appendix. Our objective in this study was to determine whether the decision to manage a contralateral hydrocele in cases of neonatal testicular torsion solely through a scrotal approach is safe and effective.", Yes.
sentence_dense,sentence,dense,biomistral,Visceral adipose tissue area measurement at a single level: can it represent visceral adipose tissue volume?,yes,no,0,1,generation_failure,"Insulin sensitivity was measured as the glucose infusion rate during a euglycemic hyperinsulinemic clamp, body fat percentage was measured by dual X-ray absorptiometry, and CVD risk was estimated using the Framingham risk score. We examined whether associations between hyperglycemia and CVD risk were explained by underlying insulin resistance. Measurement of visceral adipose tissue (VAT) needs to be accurate and sensitive to change for risk monitoring. We examined the relationship between body mass index and prostate specific antigen by age in men without prostate cancer in a longitudinal aging study to determine whether prostate specific antigen must be adjusted for body mass index. To provide insight into the factors by which obesity in itself may directly lead to early arterial damage, we aimed to determine early sonographic markers of obesity-related vascular dysfunction in young obese males.", No. Visceral adipose tissue area measurement at a single level cannot represent visceral adipose tissue volume.
sentence_dense,sentence,dense,biomistral,Necrotizing fasciitis: an indication for hyperbaric oxygenation therapy?,no,yes,0,1,generation_failure,"The purpose of this study was to delineate early respiratory predictors of mortality in children with hemato-oncology malignancy who developed acute respiratory distress syndrome (ARDS). Hyperbaric oxygenation (HBO) has been recommended as adjuvant therapy for NF, improving patient mortality and outcome. To determine the hemodynamic effect due to lung IR injury, we performed a quantitative coronary blood-flow analysis in a swine model of in situ lung ischemia and reperfusion. This randomized single-blinded single-center clinical trial involved 320 patients undergoing elective PCI who were randomized to either receive three 5-min cycles of ischemia by inflation of a cuff on the non-dominant arm to 200 mm Hg (remote postischemic conditioning) or to placebo (uninflated cuff). Intrathecal administration of urokinase, IV administration of fasudil hydrochloride, and continuous cerebrospinal fluid (CSF) evacuation via cisternal drainage were performed as prophylactic treatments for vasospasm."," Yes. Hyperbaric oxygenation has been recommended as adjuvant therapy for necrotizing fasciitis, improving patient mortality and outcome. (2)"
sentence_dense,sentence,dense,biomistral,Is the Hawkins sign able to predict necrosis in fractures of the neck of the astragalus?,maybe,no,0,1,generation_failure,"To assess if the Hawkins sign can predict whether or not astragalus fractures of the neck will develop avascular necrosis. Differences were found when comparing the development of avascular necrosis with the Hawkins sign (P=.03). The following variables were analysed: displacement of the fracture, soft tissue injury, delay and type of treatment, complications, observation of the Hawkins sign, and functional outcome. To determine the relationship between injury severity surrogates and other patient factors with the development and severity of heterotopic ossification (HO) following open reduction internal fixation of acetabular fractures treated with a posterior approach. The objectives of this study were to evaluate the ability of the Young-Burgess classification system to predict mortality, transfusion requirements, and nonorthopaedic injuries in patients with pelvic ring fractures and to determine whether mortality rates after pelvic fractures have changed over time.", No. The Hawkins sign is not able to predict necrosis in fractures of the neck of the astragalus. The Hawkins sign is not a predictor of avascular necrosis in astragalus fract
sentence_dense,sentence,dense,biomistral,Is a mandatory general surgery rotation necessary in the surgical clerkship?,no,yes,0,1,generation_failure,"Changes in the spectrum of general surgery and the delivery of surgical care have placed the requirement for a mandatory general surgery rotation in the surgical clerkship in question. We tested the hypothesis that equal mastery of surgical clerkship objectives can be obtained in a clerkship with and without general surgery. Students chose any two surgical rotations and were assessed by written examination, objective structured clinical examination (OSCE), ward evaluations, self-assessment objectives questionnaire, and satisfaction survey. Preresidency selection criteria examined included United States Medical Licensing Examination (USMLE) Step 1 and Step 2 scores, Medical College Admission Test (MCAT) scores, number of clinical clerkship honors, number of letters of recommendation, number of away rotations, Alpha Omega Alpha (AOA) honor medical society membership, fourth-year subinternship at our institution, and number of publications. Resident performance was assessed using objective measures including American Board of Orthopaedic Surgery (ABOS) Part I scores and Orthopaedics In-Training Exam (OITE) scores and subjective ratings by faculty including global evaluation scores and faculty rankings of residents.", Yes.
sentence_dense,sentence,dense,biomistral,Is Acupuncture Efficacious for Treating Phonotraumatic Vocal Pathologies?,yes,yes,1,1,success,"To investigate the effectiveness of acupuncture in treating phonotraumatic vocal fold lesions.STUDY DESIGN/ Significant improvement in vocal function, as indicated by the maximum fundamental frequency produced, and also perceived quality of life, were found in both the genuine and sham acupuncture groups, but not in the no-treatment group. The pressures delivered by autotitrating continuous positive airways pressure (CPAP) devices not only treat obstructive sleep apnoea (OSA) effectively but also give potentially interesting physiological information about the forces impinging on the pharynx. To investigate whether intravenous opioid PCT can be an effective therapeutic method to reduce breathlessness in patients with advanced disease. To investigate the effect of a multimodal cervical physical therapy treatment on tinnitus complaints in patients with CST."," Yes. Significant improvement in vocal function, as indicated by the maximum fundamental frequency produced, and also perceived quality of life, were found in both the genuine and sham acupuncture groups, but not in the no-treatment"
sentence_dense,sentence,dense,biomistral,Is aneurysm repair justified for the patients aged 80 or older after aneurysmal subarachnoid hemorrhage?,yes,yes,1,1,success,"With the advancement of an aging society in the world, an increasing number of elderly patients have been hospitalized due to aneurysmal subarachnoid hemorrhage (aSAH). The aim of this study was to investigate the feasibility of the definitive surgery for the acute subarachnoid cases aged 80 or older. The rate of aortic aneurysm rupture correlates with the aneurysm's diameter, and a higher rate of rupture is observed in patients with larger aneurysms. The cases with aneurysm repair showed significantly better clinical outcome than the controls, while World Federation of Neurological Surgeons (WFNS) grade on admission and premorbid modified Rankin Scale showed no difference between them. Patients were stratified retrospectively into high- or low-risk groups according to risk factors for significant carotid stenosis and perioperative stroke: peripheral vascular disease (PVD), carotid bruit, diabetes mellitus, age>70 years and/or history of cerebrovascular disease."," Yes. The rate of aortic aneurysm rupture correlates with the aneurysm's diameter, and a higher rate of rupture is observed in patients with larger aneurysms. The cases with an"
sentence_dense,sentence,dense,biomistral,Do general practice characteristics influence uptake of an information technology (IT) innovation in primary care?,no,yes,0,1,generation_failure,"We evaluated whether structural characteristics of a general practice were associated with variations in use of a web-based clinical information system underpinning a Managed Clinical Network in diabetes, between the years 2001 and 2003. Recent evaluations of IT innovations in primary care have highlighted variations between centres and practices in uptake and use. In regression analyses, we determined whether total use was associated with structural characteristics of the practice (total list size, training status, numbers of GPs (general practitioners), mean age of the GPs, numbers of female GPs, level of deprivation of the population and whether staff had received advanced training in diabetes care). To analyse associations between indicators for adoption of new drugs and to test the hypothesis that physicians' early adoption of new drugs is a personal trait independent of drug groups. The objective of this study was to determine whether automated, at-the-visit tailored prompts about family history risk change PCP behavior.", Yes.
sentence_dense,sentence,dense,biomistral,Prognosis of well differentiated small hepatocellular carcinoma--is well differentiated hepatocellular carcinoma clinically early cancer?,no,yes,0,1,generation_failure,"The purpose of this study is to examine whether or not well differentiated (w-d) hepatocellular carcinoma (HCC) is indeed clinically early cancer. The purpose of this paper is to evaluate the efficacy of ultrasonographic screening for primary hepatocellular carcinoma. Seventy six patients with solitary small HCCs up to 3 cm in diameter, who underwent hepatectomy, were observed for at least 2 years for possible recurrence. In both univariate and multivariate survival analysis, significant prognostic factors were histology (adenocarcinoma 65% vs squamous cell carcinoma 51%), tumour size (<or=3cm 67% vs>3cm 46%), and the presence of negative resection margin. Prognostic significance of the following independent variables was tested using univariate (log-rank) and multivariate (Cox proportional-hazards) analysis: type of resection (sublobar vs lobectomy vs pneumonectomy), histology (squamous cell vs adenocarcinoma), tumour size (<or=3cm vs>3cm), histologic vascular invasion, visceral pleura involvement, positive bronchial resection margin, general T status.", Yes. The prognosis of well differentiated small hepatocellular carcinoma is clinically early cancer.
sentence_dense,sentence,dense,biomistral,Do follow-up recommendations for abnormal Papanicolaou smears influence patient adherence?,no,no,1,1,success,"To compare adherence to follow-up recommendations for colposcopy or repeated Papanicolaou (Pap) smears for women with previously abnormal Pap smear results. All women with abnormal Pap smear results referred for initial colposcopy and a random sample of those referred for repeated Pap smear. To determine current practice and to assess the value of routine follow-up procedures for endometrial cancer surveillance. Adherence to a second colposcopy was not significantly different from that to a repeated Pap smear (odds ratio, 1.40; 95% confidence interval, 0.80-2.46). Routine clinic protocols for follow-up--telephone call, letter, or certified letter--were applied without regard to the type of abnormality seen on a Pap smear or recommended examination.", No. Follow-up recommendations for abnormal Pap smears do not influence patient adherence. The study found that adherence to a second colposcopy was not significantly different from that to a repeated Pap smear.
sentence_dense,sentence,dense,biomistral,Biomolecular identification of allergenic pollen: a new perspective for aerobiological monitoring?,yes,yes,1,1,success,"To verify the feasibility of developing a real-time polymerase chain reaction (PCR) approach, an alternative to optical analysis, as a rapid, accurate, and automated tool for the detection and quantification of airborne allergenic pollen taxa. Accurate and updated information on airborne pollen in specific areas can help allergic patients. Designed primer pairs and probes identified selected pollen taxa, mostly at the required classification level. The traditional cetyl trimethyl ammonium bromide-based method was modified for DNA isolation from pollen. Preliminary quantification assays on pollen grains were successfully performed on test species and in mixes.", Yes. The new method is a promising alternative to optical analysis.
sentence_dense,sentence,dense,biomistral,Does diabetes mellitus influence the efficacy of FDG-PET in the diagnosis of cervical cancer?,no,yes,0,1,generation_failure,"Therefore, we conducted this prospective study to compare the diagnostic ability of FDG-PET in patients with cervical cancer complicated by DM and those without DM. The diagnostic power of PET in the hyperglycaemic DM, euglycaemic DM and non-DM groups did not differ significantly with regard to the identification of either metastatic lesions (AUC, 0.967/0.947/0.925, P>0.05) or primary tumours/local recurrence (AUC, 0.950/0.938/0.979, P>0.05). Considering all DM patients, PET showed a significantly higher detection power than MRI/CT scans in respect of metastatic lesions (AUC=0.956 vs 0.824, P=0.012). However, the degree of tumour uptake of (18)F-2-fluoro-2-deoxy-D: -glucose (FDG) uptake is sometimes influenced by diabetes mellitus (DM). Compared with computed tomography (CT) and magnetic resonance imaging (MRI), positron emission tomography (PET) may have additional value in the assessment of primary and recurrent cervical cancer."," Yes. Justification: [1, 4, 5]. Diabetes mellitus influences the efficacy of FDG-PET in the diagnosis of cervical cancer."
sentence_dense,sentence,dense,biomistral,Biomechanical and wound healing characteristics of corneas after excimer laser keratorefractive surgery: is there a difference between advanced surface ablation and sub-Bowman's keratomileusis?,yes,no,0,1,generation_failure,"To describe the biomechanical and wound healing characteristics of corneas after excimer laser keratorefractive surgery. Histologic, ultrastructural, and cohesive tensile strength evaluations were performed on 25 normal human corneal specimens, 206 uncomplicated LASIK specimens, 17 uncomplicated sub-Bowman's keratomileusis (SBK) specimens, 4 uncomplicated photorefractive keratectomy (PRK) specimens, 2 uncomplicated advanced surface ablation (ASA) specimens, 5 keratoconus specimens, 12 postoperative LASIK ectasia specimens, and 1 postoperative PRK ectasia specimen and compared to previously published studies. Histologic and ultrastructural studies of normal corneas showed significant differences in the direction of collagen fibrils and/or the degree of lamellar interweaving in Bowman's layer, the anterior third of the corneal stroma, the posterior two-thirds of the corneal stroma, and Descemet's membrane. Because adult human corneal stromal wounds heal slowly and incompletely, all excimer laser keratorefractive surgical techniques still have some distinct disadvantages due to inadequate reparative wound healing. To evaluate the efficacy of extracorporeal shock wave lithotripsy (SWL) on lower calyceal calculi in relation to the renal anatomical factors and determine which of these factors can be used to select patients who will benefit from SWL.", No.
sentence_dense,sentence,dense,biomistral,Does radiotherapy of the primary rectal cancer affect prognosis after pelvic exenteration for recurrent rectal cancer?,yes,yes,1,1,success,"This study examined the impact of radiotherapy for the primary rectal cancer on outcomes after pelvic exenteration for local recurrence. Patients who did and did not receive radiotherapy as part of their primary rectal cancer treatment were compared. The influence of positron emission tomography in the management of recurrent rectal cancer is well established but its role in primary rectal cancer remains uncertain. Patients who received radiotherapy for their primary rectal cancer (n = 41) required more radical exenterations (68% vs 44%; p = 0.020), had lower rates of clear resection margins (63% vs 87%; p = 0.010), had increased rates of surgical complications per patient (p = 0.014), and had a lower disease-free survival (p = 0.022). To analyze, retrospectively, the patterns and behavior of metastatic lesions in prostate cancer patients treated with external beam radiotherapy and to investigate whether patients with<or =5 lesions had an improved outcome relative to patients with>5 lesions."," Yes. Patients who received radiotherapy for their primary rectal cancer had lower rates of clear resection margins, increased rates of surgical complications per patient, and lower disease-free survival."
sentence_dense,sentence,dense,biomistral,Can a practicing surgeon detect early lymphedema reliably?,maybe,no,0,1,generation_failure,"To investigate whether prepuncture ultrasound evaluation of vascular anatomy facilitates internal jugular vein cannulation compared with landmark-guided puncture. Lymphedema may be identified by simpler circumference changes as compared with changes in limb volume. Sensitivity and specificity of several different criteria for detecting lymphedema were compared using the academic trial as the standard. Patients were followed after initial surgical intervention to determine the likelihood of developing a subsequent hydrocele or hernia. Among 2,027 consecutive SLN biopsy procedures performed by two experienced surgeons, clinically suspicious axillary nodes were identified in 106, and categorized as group 1 (asymmetric enlargement of the ipsilateral axillary nodes moderately suspicious for metastasis, n = 62) and group 2 (clinically positive axillary nodes highly suspicious for metastasis, n = 44).", No. (The criteria for detecting lymphedema were compared with the academic trial as the standard.)
sentence_dense,sentence,dense,biomistral,Colorectal cancer with synchronous liver metastases: does global management at the same centre improve results?,no,yes,0,1,generation_failure,"Synchronous liver metastases (SLM) occur in 20% of colorectal cancers (CRC). Prognostic significance of the following independent variables was tested using univariate (log-rank) and multivariate (Cox proportional-hazards) analysis: type of resection (sublobar vs lobectomy vs pneumonectomy), histology (squamous cell vs adenocarcinoma), tumour size (<or=3cm vs>3cm), histologic vascular invasion, visceral pleura involvement, positive bronchial resection margin, general T status. To analyze, retrospectively, the patterns and behavior of metastatic lesions in prostate cancer patients treated with external beam radiotherapy and to investigate whether patients with<or =5 lesions had an improved outcome relative to patients with>5 lesions. Important increases could be demonstrated for communicating a diagnosis of cancer with good or less good prognosis, recurrence of cancer or a far progressive cancer disease without curative approach. To examine the ability of various postoperative nomograms to predict prostate cancer-specific mortality (PCSM) and to validate that they could predict aggressive biochemical recurrence (BCR)."," Yes. The fact that the patients are treated in the same centre means that they are treated by the same team of experts, who have the same standards and protocols. This leads to more homogeneous treatment and better results."
sentence_dense,sentence,dense,biomistral,Is motion perception deficit in schizophrenia a consequence of eye-tracking abnormality?,yes,no,0,1,generation_failure,"Studies have shown that schizophrenia patients have motion perception deficit, which was thought to cause eye-tracking abnormality in schizophrenia. The known eye-tracking difficulties in schizophrenia patients may interact with their motion perception. However, eye movement closely interacts with motion perception. To determine whether TDP-43 type is associated with distinct patterns of brain atrophy on MRI in subjects with pathologically confirmed frontotemporal lobar degeneration (FTLD). Furthermore, frequencies of eye tracking during the 300 msec stimulus were significantly correlated with speed discrimination in control subjects (p = .01) but not in patients, suggesting that eye-tracking initiation may benefit control subjects but not patients.", No.
sentence_dense,sentence,dense,biomistral,Transgastric endoscopic splenectomy: is it possible?,yes,yes,1,1,success,"The goal of this study was to determine the technical feasibility of per-oral transgastric splenectomy using a flexible endoscope. We present results of per-oral transgastric splenectomy in a porcine model. We have previously reported the feasibility of diagnostic and therapeutic peritoneoscopy including liver biopsy, gastrojejunostomy, and tubal ligation by an oral transgastric approach. Our objective in this study was to determine whether the decision to manage a contralateral hydrocele in cases of neonatal testicular torsion solely through a scrotal approach is safe and effective. Ligation of the splenic vessels and mobilization of the spleen were achieved using commercially available devices and endoscopic accessories.", Yes. Justification: “We present results of per-oral transgastric splenectomy in a porcine model.” (Evidence: [2])
sentence_dense,sentence,dense,biomistral,It's Fournier's gangrene still dangerous?,yes,yes,1,1,success,"Fournier's gangrene is known to have an impact in the morbidity and despite antibiotics and aggressive debridement, the mortality rate remains high. To assess the morbidity and mortality in the treatment of Fournier's gangrene in our experience. The medical records of 14 patients with Fournier's gangrene who presented at the University Hospital Center ""Mother Teresa"" from January 1997 to December 2006 were reviewed retrospectively to analyze the outcome and identify the risk factor and prognostic indicators of mortality. Multivariate analysis provided beta1Gly49 homozygotes with higher risk for TTN (OR 18.5; 95%CI 1.5-229; p = 0.023) than beta1Ser49 allele carrier. The severe hypoglycaemia hazard for all four outcomes was higher with standard care than with insulin glargine."," Yes. Fournier's gangrene is known to have an impact in the morbidity and despite antibiotics and aggressive debridement, the mortality rate remains high."
sentence_dense,sentence,dense,biomistral,Is it appropriate to implant kidneys from elderly donors in young recipients?,yes,no,0,1,generation_failure,"Kidneys from elderly donors tend to be implanted in recipients who are also elderly. Ninety-one consecutive transplants are studied, carried out in our center with kidneys from cadaver donors older than 60 years implanted in recipients younger than 60 years. We present the results obtained after 10 years of evolution on transplanting elderly kidneys into young recipients. There were no differences between groups with regard to recipient age, sex, cause of death and renal function of the donor, hepatitis C and cytomegalovirus serologies, cold ischemia time, tubular necrosis, immediate diuresis, need for dialysis, human leukocyte antigen incompatibilities, hypersensitized patients, acute rejection, waiting time on dialysis, and days of admission. Unicompartmental replacement can be an alternative to tibial osteotomy in younger, active patients with unicompartmental knee disease.", No.
sentence_dense,sentence,dense,biomistral,Do provider service networks result in lower expenditures compared with HMOs or primary care case management in Florida's Medicaid program?,yes,yes,1,1,success,"To determine the impact of Florida's Medicaid Demonstration 4 years post-implementation on per member per month (PMPM) Medicaid expenditures and whether receiving care through HMOs versus provider service networks (PSNs) in the Demonstration was associated with PMPM expenditures.DATA: Florida Medicaid claims from two fiscal years prior to implementation of the Demonstration (FY0405, FY0506) and the first four fiscal years after implementation (FY0607-FY0910) from two urban Demonstration counties and two urban non-Demonstration counties. High managed care penetration in the community is associated with a lower likelihood of having a usual source of care for uninsured persons (54.8% vs. 62.2% in low penetration areas) as well as a lower likelihood of having a usual physician (60% vs. 72.8%). Among SSI enrollees, the Demonstration resulted in lower increases in PMPM expenditures over time ($40) compared with the non-Demonstration counties ($186), with Demonstration PSNs lowering PMPM expenditures by $7 more than HMOs. Having a usual physician substantially reduces unmet medical needs for the insured but less so for the uninsured. (1) To examine the effects of managed care on the likelihood of low-income persons having a usual source of care and a usual physician, and; (2) To examine the association between usual source of care and access.", Yes.
sentence_dense,sentence,dense,biomistral,Assessment of carotid artery stenosis before coronary artery bypass surgery. Is it always necessary?,no,yes,0,1,generation_failure,"Prevalence of carotid stenosis detected by ultrasonography, surgical management and perioperative stroke rates were determined in each group. Extracranial internal carotid artery stenosis is a risk factor for perioperative stroke in patients undergoing coronary artery bypass surgery (CAB). Although selective and non-selective methods of preoperative carotid screening have been advocated, it remains unclear if this screening is clinically relevant.AIM: To test whether selective carotid screening is as effective as non-selective screening in detecting significant carotid disease. Patients were stratified retrospectively into high- or low-risk groups according to risk factors for significant carotid stenosis and perioperative stroke: peripheral vascular disease (PVD), carotid bruit, diabetes mellitus, age>70 years and/or history of cerebrovascular disease. The study goal was to determine whether pre-operative fasting blood glucose (fB-glu) is associated with an increased mortality after coronary artery bypass grafting (CABG)."," Yes. Prevalence of carotid stenosis detected by ultrasonography, surgical management and perioperative stroke rates were determined in each group."
sentence_dense,sentence,dense,biomistral,Should direct mesocolon invasion be included in T4 for the staging of gastric cancer?,maybe,yes,0,1,generation_failure,"Among these, patients who showed macroscopically direct invasion into the mesocolon were compared to other patients with advanced gastric cancer. The purpose of this study was to characterize and classify mesocolon invasion from gastric cancer. One of the sites most frequently invaded by gastric cancer is the mesocolon; however, the UICC does not mention this anatomical site as an adjacent structure involved in gastric cancer. The curability, number and extent of nodal metastasis, and the survival of the mesocolon invasion group were significantly worse than these factors in the T3 group. However, the survival of the mesocolon invasion group after curative resection was much better than that of patients who had incurable factors."," Yes. Direct mesocolon invasion is a special case of T4, and it should be included in T4."
sentence_dense,sentence,dense,biomistral,Do Surrogates of Injury Severity Influence the Occurrence of Heterotopic Ossification in Fractures of the Acetabulum?,maybe,yes,0,1,generation_failure,"To determine the relationship between injury severity surrogates and other patient factors with the development and severity of heterotopic ossification (HO) following open reduction internal fixation of acetabular fractures treated with a posterior approach. It is also assessed whether the occurrence of this complication is related to the displacement of the fracture, soft tissue injury, or delay in the reduction or surgery. This study measured acetabular component stability and the initial surface contact achieved between the acetabular component and unfractured region of the pelvis after THA using an oversized acetabular component and cup-cage reconstruction. The following variables were analysed: displacement of the fracture, soft tissue injury, delay and type of treatment, complications, observation of the Hawkins sign, and functional outcome. Immediate total hip arthroplasty (THA) has potential advantages, but achieving acetabular component stability is challenging and, at early followup, reported revision rates for loosening are high.QUESTIONS/", Yes.
sentence_dense,sentence,dense,biomistral,Does pretreatment with statins improve clinical outcome after stroke?,no,yes,0,1,generation_failure,"In a preliminary observational study, we explored whether clinical outcome is improved in patients who are on treatment with statins when stroke occurs. In primary and secondary prevention trials, statins have been shown to reduce the risk of stroke. In addition to lipid lowering, statins have a number of antiatherothrombotic and neuroprotective properties. Patients were stratified retrospectively into high- or low-risk groups according to risk factors for significant carotid stenosis and perioperative stroke: peripheral vascular disease (PVD), carotid bruit, diabetes mellitus, age>70 years and/or history of cerebrovascular disease. The unadjusted odds ratio for early discharge to home (versus late discharge or death) was 1.41 (95% CI 0.91 to 2.17) when patients on statin treatment were compared with referent stroke patients not on statins.", Yes. The unadjusted odds ratio for early discharge to home (versus late discharge or death) was 1.41 (95% CI 0.91 to 2.17) when patients on
sentence_dense,sentence,dense,biomistral,Processing fluency effects: can the content and presentation of participant information sheets influence recruitment and participation for an antenatal intervention?,yes,yes,1,1,success,"To assess the extent to which the title and font of participant information sheets (PISs) can influence pregnant women's and trainee midwives' perceptions of an antenatal intervention. The objective of this study was to determine whether automated, at-the-visit tailored prompts about family history risk change PCP behavior. Pregnant women (n=35) and trainee midwives (n=36) were randomly presented with one of four PISs where the title and font of the PIS had been manipulated to create four experimental conditions (i.e., Double Fluent; Double Awkward; Fluent Title-Awkward Font; Awkward Title-Fluent Font). Women were randomized to 1 of 3 groups: (1) usual care, (2) tailored print communications, and (3) tailored telephone counseling. This study addressed the question: Compared to usual care, is tailored telephone counseling more effective than tailored print materials for promoting mammography screening?", Yes.
sentence_dense,sentence,dense,biomistral,Sternal fracture in growing children : A rare and often overlooked fracture?,maybe,yes,0,1,generation_failure,"Sternal fractures in childhood are rare. A total of 4 children aged 5-14 years with a sternal fracture were treated in 2 years, 2 children were hospitalized for pain management and 2 remained in outpatient care. It is also assessed whether the occurrence of this complication is related to the displacement of the fracture, soft tissue injury, or delay in the reduction or surgery. The objectives of this study were to evaluate the ability of the Young-Burgess classification system to predict mortality, transfusion requirements, and nonorthopaedic injuries in patients with pelvic ring fractures and to determine whether mortality rates after pelvic fractures have changed over time. Mortality at index admission, transfusion requirement during first 24 hours, and presence of nonorthopaedic injuries as a function of Young-Burgess pelvic classification type.", Yes. Because sternal fractures in childhood are rare.
sentence_dense,sentence,dense,biomistral,Is there a correlation between androgens and sexual desire in women?,yes,yes,1,1,success,"Sexual desire correlated overall with FT and androstenedione in the total cohort of women. In women aged 45-65 years, androstenedione correlated with sexual desire. For women, the correlation between circulating androgens and sexual desire is inconclusive. Measuring bioactive testosterone is difficult and new methods have been proposed, including measuring the primary androgen metabolite androsterone glucuronide (ADT-G).AIM: The aim of this study was to investigate a possible correlation between serum levels of androgens and sexual desire in women and whether the level of ADT-G is better correlated than the level of circulating androgens with sexual desire. Substitution with androgens at physiological levels improves sexual function in women who experience decreased sexual desire and androgen deficiency from surgical menopause, pituitary disease, and age-related decline in androgen production in the ovaries."," Yes. [1, 2] The correlation between androgens and sexual desire is significant in women aged 45-65 years. [3] The correlation between androgens and sexual desire is inconclusive in women."
sentence_dense,sentence,dense,biomistral,Does immediate breast reconstruction compromise the delivery of adjuvant chemotherapy?,no,no,1,1,success,"Immediate breast reconstruction (IBR) provides psychological benefit to many early breast cancer patients however concerns persist regarding its potential impact on chemotherapy delivery. This study aims to evaluate local failure patterns in node negative breast cancer patients treated with post-mastectomy radiotherapy including internal mammary chain only. Retrospective analysis of patients in an academic breast service, who underwent mastectomy, with or without reconstruction, and received adjuvant chemotherapy. To evaluate accelerated partial breast irradiation (APBI) in patients after oncoplastic surgery for early breast cancer. To evaluate the impact of HER2 immunoreactivity on clinical outcome in locally advanced urothelial carcinoma patients who received surgery alone, or methotrexate, vinblastine, epirubicin, and cisplatin (M-VEC) as adjuvant chemotherapy.", No. Immediate breast reconstruction does not compromise the delivery of adjuvant chemotherapy. The study by Kirova et al. found that immediate breast reconstruction did not delay chemotherapy or increase chemotherapy toxicity.
sentence_dense,sentence,dense,biomistral,Human papillomavirus and pterygium. Is the virus a risk factor?,maybe,no,0,1,generation_failure,"Several studies have investigated human papillomavirus (HPV) as a risk factor for the development of pterygia, but the results are inconclusive.AIM: To investigate a large sample of pterygia for the presence of HPV in order to clarify the putative association between pterygia and HPV. Vaginal intraepithelial neoplasia is a little known disease which could be related to risk factors different from simple HPV infections. Pterygium is a disease of unknown origin and pathogenesis that might be vision threatening. To determine whether the host immune response to gonorrhoea provides limited serovar specific protection from reinfection. 100 specimens of pterygium from Danish patients and 20 normal conjunctival biopsy specimens were investigated for the presence of HPV with PCR technique using beta-globin primers to access the quality of the extracted DNA and the HPV primers MY09/11 and GP5+/6+.", No. The study in [5] found no evidence of HPV in pterygia. The study in [3] states that pterygium is a disease of unknown origin and pathogenesis.
sentence_dense,sentence,dense,biomistral,Can PRISM predict length of PICU stay?,no,yes,0,1,generation_failure,"PRISM is claimed to score disease severity which has attributed an impact on length of PICU stay (LOS). The possible importance of mitochondrial permeability transition pore (PTP) formation during PCD was indirectly examined via in vivo cyclosporine A (CsA) treatment. Animals were perfused with paclitaxel, and high-pressure liquid chromatography (HPLC) was employed to analyze the content of paclitaxel in brain and plasma samples. Of the 10 patients with RVEF>or = 0.40 before PVR, 5 patients (50%) maintained a RVEF>or = 0.40 following PVR, whereas only 2 out of 15 patients (13%) with pre-operative values<0.40 reached an RVEF>or = 0.40 postoperatively (p<0.001). Here we investigatewd if: (a) biopsy timing influences the prostate cancer (PC) detection rate in patients with fluctuating PSA (flu-PSA) in comparison with patients with steadily increasing PSA (si-PSA); (b) PSA slope estimated in patients with flu-PSA predicts a different risk of cancer detection; (c) flu-PSA and si-PSA patients develop PC in topographically different sites; (d) the behaviour of pre-operative PSA is an expression of a disease with defferent characteristics to the following radical prostatectomy.", Yes. PRISM scores disease severity which has attributed an impact on length of PICU stay.
sentence_dense,sentence,dense,biomistral,Can predilatation in transcatheter aortic valve implantation be omitted?,yes,yes,1,1,success,"The aim of the study was to see whether or not balloon predilatation is necessary in transcatheter aortic valve replacement (TAVI). The use of a balloon expandable stent valve includes balloon predilatation of the aortic stenosis before valve deployment. The purpose of this study is to evaluate right ventricular (RV) volume and function after pulmonary valve replacement (PVR) and to address the issue of optimal surgical timing in these patients. To assess the feasibility and safety of diagnostic or therapeutic semirigid ureteroscopy without ureteral meatus dilatation. Despite surgical refinements, perioperative use of tracheobronchoscopy (TBS) as part of surgical approach to esophageal atresia (EA) is still controversial.", Yes. The aim of the study was to see whether or not balloon predilatation is necessary in transcatheter aortic valve replacement (TAVI).
sentence_dense,sentence,dense,biomistral,Autoerotic asphyxiation: secret pleasure--lethal outcome?,yes,no,0,0,retrieval_failure,"Voluntary asphyxiation among children, preteens, and adolescents by hanging or other means of inducing hypoxia/anoxia to enhance sexual excitement is not uncommon and can lead to unintended death. The purpose of this study was to delineate early respiratory predictors of mortality in children with hemato-oncology malignancy who developed acute respiratory distress syndrome (ARDS). To critically assess the evidence that appendiceal perforation is a risk factor for subsequent tubal infertility or ectopic pregnancy. Treatment of neonatal testicular torsion has two objectives: salvage of the involved testicle (which is rarely achieved) and preservation of the contralateral gonad. Our objective in this study was to determine whether the decision to manage a contralateral hydrocele in cases of neonatal testicular torsion solely through a scrotal approach is safe and effective.", No.
sentence_dense,sentence,dense,biomistral,Major depression and alcohol use disorder in adolescence: Does comorbidity lead to poorer outcomes of depression?,no,yes,0,1,generation_failure,"Comorbid major depression (MD) and alcohol use disorder (AUD), particularly in adolescents, have been shown to be associated with poorer subsequent MD outcomes. The influence of affective disorder polarity on subsequent suicide attempts or completions and any differential effect of suicide risk factors by polarity were assessed in a prospective cohort. Evidence suggests substantial comorbidity between symptoms of somatization and depression in clinical as well as nonclinical populations. Considering commonalities between depression and social anxiety and the presence of similar intrusive thoughts in social anxiety, the current study was designed to assess whether interference from irrelevant material in working memory is specific to depression or is also present in social anxiety disorder. Compared to control and social anxiety groups, the depression groups (both pure and comorbid with social anxiety disorder) exhibited greater difficulties removing irrelevant emotional material from working memory (i.e., greater intrusion effects).", Yes. Comorbid major depression and alcohol use disorder in adolescents is associated with poorer subsequent major depression outcomes.
sentence_dense,sentence,dense,biomistral,Cold preparation use in young children after FDA warnings: do concerns still exist?,yes,yes,1,1,success,"To characterize the use and delivery of cough and cold medicines in children younger than 6 presenting to an inner-city pediatric emergency department (PED) following 2007 FDA warnings. Of the 40 respondents, only 16 were aware of the appropriate storage conditions for the vaccines; eight had minimum and maximum thermometers but only one of these was monitored daily. In six of the eight practices selected for monitoring of refrigeration temperatures the vaccines were exposed to either subzero temperatures (three fridges) or temperatures up to 16 degrees C (three). Questionnaire survey of general practices and child health clinics, and monitoring of storage temperatures of selected refrigerators. Identified 4 clusters: Potentials (45%) would receive influenza vaccine to prevent disease; Fearful Uninformeds (9%) were unsure if influenza vaccine causes illness; Doubters (27%) were unsure if vaccine is efficacious; Misinformeds (19%) believed influenza vaccine causes illness.", Yes.
sentence_dense,sentence,dense,biomistral,Does a 4 diagram manual enable laypersons to operate the Laryngeal Mask Supreme®?,yes,no,0,1,generation_failure,"The aim of this pilot study was to determine whether an instruction manual consisting of four diagrams enables laypersons to operate a Laryngeal Mask Supreme® (LMAS) in the manikin. Laypersons were handed a bag containing a LMAS, a bag mask valve device (BMV), a syringe prefilled with air and the instruction sheet, and were asked to perform and ventilate the manikin as displayed. An instruction manual of four illustrations with speech bubbles displaying the correct use of the LMAS was designed. 114 individuals trained in basic life support and bag-valve-mask ventilation participated in this study. To investigate the effectiveness of acupuncture in treating phonotraumatic vocal fold lesions.STUDY DESIGN/", No.
sentence_dense,sentence,dense,biomistral,Can we measure mesopic pupil size with the cobalt blue light slit-lamp biomicroscopy method?,no,yes,0,1,generation_failure,"The aim of this work is to assess a previously described slit-lamp biomicroscopy-based method (SLBM) for measuring pupil diameter and compare it to Colvard infrared pupillometry (CIP). We determined the agreement of SLBM and CIP, intraobserver and interobserver repeatabilities, and interobserver concordance (kappa) and SLBM ability for detecting pupil sizes over 6.0 mm. The mean (±standard deviation [SD]) pupil diameter was 5.81 ± 0.70 mm with SLBM and 6.26 ± 0.68 mm with CIP (p = 0.01) averaging both examiner's results. 100 specimens of pterygium from Danish patients and 20 normal conjunctival biopsy specimens were investigated for the presence of HPV with PCR technique using beta-globin primers to access the quality of the extracted DNA and the HPV primers MY09/11 and GP5+/6+. The possible importance of mitochondrial permeability transition pore (PTP) formation during PCD was indirectly examined via in vivo cyclosporine A (CsA) treatment.", Yes. The SLBM is able to measure mesopic pupil size. The mean pupil diameter was 5.81 ± 0.70 mm with SLBM and 6.26 ± 0.68 mm with
sentence_dense,sentence,dense,biomistral,Should circumcision be performed in childhood?,no,yes,0,1,generation_failure,"To point out the value of circumcision and prepucial forced dilation during childhood. Only 11 boys were considered in need for circumcision, three of them for prepucial orifice stenosis, which prevented normal micturition, causing a prepucial sac, one case due to a constrictive ring below the prepucial edge that would have prevented ulterior retractability, two cases with repetitive balanopostitis, and five cases secondary to xerosol balanitis, accounting for 2.7% of all examined boys. Our objective in this study was to determine whether the decision to manage a contralateral hydrocele in cases of neonatal testicular torsion solely through a scrotal approach is safe and effective. If, and how, circumferences, including waist circumference (WC) and hip circumference (HC), scale to height remains unclear, but this is an important consideration when developing normative ranges or applying WC/height and HC/height as risk indexes. Children were included in the study if they had a diagnosis of CD by intestinal biopsy, and were not on a gluten-free diet (GFD).", Yes. To point out the value of circumcision and prepucial forced dilation during childhood.
sentence_dense,sentence,dense,biomistral,Does a colonoscopy after acute diverticulitis affect its management?,no,no,1,1,success,"Acute diverticulitis was diagnosed by clinical criteria and characteristic CT findings. Little is known about whether a routinely inserted endoscopic nasobiliary drainage (ENBD) tube improves the clinical course in patients with choledocholithiasis-induced acute cholangitis after clearance of choledocholithiasis. The aim of this study was to investigate the need for ENBD on the clinical outcomes of patients with acute cholangitis undergoing endoscopic clearance of common bile duct (CBD) stones. A total of 104 patients with choledocholithiasis-induced acute cholangitis who underwent primary endoscopic treatment were compared according to insertion of an ENBD tube (51 in the ENBD group and 53 in the no-ENBD group). Medical records of 220 patients hospitalized for acute diverticulitis between June 1, 2002 and September 1, 2009 were reviewed.", No. The answer is no because there is no evidence that a colonoscopy after acute diverticulitis affects its management. The provided context does not mention anything about the effect of a colonoscopy after acute diverticul
sentence_dense,sentence,dense,biomistral,Do instrumental activities of daily living predict dementia at 1- and 2-year follow-up?,yes,yes,1,1,success,"To investigate whether problems in instrumental activities of daily living (IADL) can add to conventionally used clinical measurements in helping to predict a diagnosis of dementia at 1- and 2-year follow-up. SEM showed that IADL disability could help predict dementia in addition to the measured variables at 1-year follow-up (odds ratio (OR) = 2.20, 95% confidence interval (CI) = 1.51-3.13) and 2-year follow-up (OR = 2.11, 95% CI = 1.33-3.33). At 2-year follow-up, 481 participants were seen, of whom 100 (20.8%) had developed dementia. Five hundred thirty-one participants had baseline and 1-year follow-up assessments; 69 (13.0%) of these had developed dementia at 1-year follow-up. The purpose of this study is to investigate 1) whether socioeconomic status was associated with acceptance of preventive home visits among older people and 2) whether municipality invitational procedures for the preventive home visits modified the association.", Yes.
sentence_dense,sentence,dense,biomistral,Does the Simultaneous Use of a Neuroendoscope Influence the Incidence of Ventriculoperitoneal Shunt Infection?,no,yes,0,1,generation_failure,"The relationship between the use of an endoscope during ventriculoperitoneal shunt (VPS) procedures and infection remains poorly defined. In this study, we sought to analyze whether the simultaneous use of an endoscope could in fact increase the infection rate associated with VPS procedures. Little is known about whether a routinely inserted endoscopic nasobiliary drainage (ENBD) tube improves the clinical course in patients with choledocholithiasis-induced acute cholangitis after clearance of choledocholithiasis. Intrathecal administration of urokinase, IV administration of fasudil hydrochloride, and continuous cerebrospinal fluid (CSF) evacuation via cisternal drainage were performed as prophylactic treatments for vasospasm. A total of 104 patients with choledocholithiasis-induced acute cholangitis who underwent primary endoscopic treatment were compared according to insertion of an ENBD tube (51 in the ENBD group and 53 in the no-ENBD group).", Yes. [1]
sentence_dense,sentence,dense,biomistral,"Body perception: do parents, their children, and their children's physicians perceive body image differently?",yes,yes,1,1,success,"To compare children's, parents' and physicians' perceptions of children's body size. We administered a structured questionnaire of body size perception using a descriptive Likert scale keyed to body image figures to children ages 12 to 18 years. The purpose of this study was to compare the non-cycloplegic and cycloplegic spherical equivalent (SE) refractive error measured in young adults. Forty-four percent of parents underestimated children's body size using word descriptions and 47% underestimated using figures. If, and how, circumferences, including waist circumference (WC) and hip circumference (HC), scale to height remains unclear, but this is an important consideration when developing normative ranges or applying WC/height and HC/height as risk indexes."," Yes. Justification: ""Forty-four percent of parents underestimated children's body size using word descriptions and 47% underestimated using figures."""
sentence_dense,sentence,dense,biomistral,Is a specialised training of phonological awareness indicated in every preschool child?,maybe,no,0,1,generation_failure,"In a prospective study 218 preschool children were enrolled (stratified in 2 training programs, one specialized for phonologic awareness in order to prevent dyslexia, the other consisting in training of general perception) during the last year of kindergarten. However, children with a history of hearing loss, actual hearing loss or pathologic middle ear findings profited most from the specialized training program compared to the control in their reading abilities. We examined if components of phonological processing that are shown to reliably separate average readers from struggling readers, i.e., phonological awareness, verbal memory, speed of retrieval, and size of vocabulary, show the same relationship to reading levels when they are mediated by the right hemisphere [2]. This study compared recognition of symbolic representation of emotions or movements in music by two groups of children with different communicative characteristics: severe to profound hearing loss (using cochlear implants [CI]) and autism spectrum disorder (ASD). These skills are critical for the acquisition of word-specific orthographic knowledge and have been shown to predict reading levels in average readers as well as in readers with mild cognitive disability [26].", No.
sentence_dense,sentence,dense,biomistral,Is there any relationship between streptococcal infection and multiple sclerosis?,yes,no,0,1,generation_failure,"Although the mechanisms of inducting autoimmunity by some of the infectious agents have been investigated, there is not yet enough research on streptococcal infections.MATERIAL/ To understand the effect of past group A streptococcal infection on MS, antistreptolysin O (ASO) and antideoxyribonuclease B (ADNase B) were measured in 21 patients with relapsing-remitting MS and 21 healthy blood donors by nephelometric assay. Multiple sclerosis (MS) is an immune-mediated inflammatory demyelinating disease of uncertain etiology. Primary and secondary syphilis and cases of congenital syphilis were also monitored. To determine whether the host immune response to gonorrhoea provides limited serovar specific protection from reinfection.", No.
sentence_dense,sentence,dense,biomistral,Is the combination with 2-methoxyestradiol able to reduce the dosages of chemotherapeutices in the treatment of human ovarian cancer?,yes,yes,1,1,success,"For both ovary cancer cell lines a significant additive effect of 2ME with epirubicine and carboplatin was observed at the lower concentration range of these chemotherapeutic substances. We investigated for the first time whether in vitro combinations of 2ME with various chemotherapeutic compounds may result in an additive inhibitory effect on the proliferation of human ovary cancer cells. To evaluate the impact of HER2 immunoreactivity on clinical outcome in locally advanced urothelial carcinoma patients who received surgery alone, or methotrexate, vinblastine, epirubicin, and cisplatin (M-VEC) as adjuvant chemotherapy. The endogenous estradiol metabolite, 2-methoxyestradiol (2ME), has been shown to be a potent inhibitor of cell growth and a strong anti-angiogenic substance. We investigated the use of cyclosporine and the lysosomotropic amines chloroquine and hydroxychloroquine in combination for additive or synergistic immunosuppression on T-cell responses in vitro to MiHC and MHC in mice."," Yes. The combination of 2ME with chemotherapeutic substances shows an additive effect on the proliferation of human ovarian cancer cells. (Context: [1, 2])"
sentence_dense,sentence,dense,biomistral,Assessing joint line positions by means of the contralateral knee: a new approach for planning knee revision surgery?,yes,yes,1,1,success,"The purpose of this cadaveric study was twofold: 1. to determine whether femoral tunnel lengths of greater than 20 mm can be created with a flexible reamer system at 90 ° of knee flexion and 2. to determine whether the lateral structures of the knee are safe with this technique. Reconstructing the natural joint line in knee revision surgery improves clinical and functional outcome but may be challenging when both cartilage and bone were removed during previous operations. To test this hypothesis, knee kinematics and quadriceps tension were recorded before and after replacement with a unicompartmental design and then with a tricompartmental design. Using scaled weight-bearing radiographs in anteroposterior view of both knees, two independent observers measured the distances from the fibular head, the medial and lateral epicondyle, and the adductor tubercle to the JL. Six human cadaver knees were tested before implantation, after implantation with a bicruciate-retaining unicompartmental knee prosthesis, and after implantation with a posterior cruciate-retaining tricompartmental knee prosthesis.", Yes. The purpose of this study was to determine whether femoral tunnel lengths of greater than 20 mm can be created with a flexible reamer system at 90 ° of knee flexion and 2. to determine whether the lateral
sentence_dense,sentence,dense,biomistral,Does the type of tibial component affect mechanical alignment in unicompartmental knee replacement?,yes,no,0,0,retrieval_failure,"To test this hypothesis, knee kinematics and quadriceps tension were recorded before and after replacement with a unicompartmental design and then with a tricompartmental design. The unicompartmental prosthesis was initially implanted, and it was then revised to a total condylar knee replacement. Unicompartmental replacement can be an alternative to tibial osteotomy in younger, active patients with unicompartmental knee disease. Six human cadaver knees were tested before implantation, after implantation with a bicruciate-retaining unicompartmental knee prosthesis, and after implantation with a posterior cruciate-retaining tricompartmental knee prosthesis. However, tricompartmental replacement significantly affected tibial axial rotation (p = 0.001).", No. The type of tibial component does not affect mechanical alignment in unicompartmental knee replacement.
sentence_dense,sentence,dense,biomistral,Is tumour expression of VEGF associated with venous invasion and survival in pT3 renal cell carcinoma?,maybe,yes,0,1,generation_failure,"To determine whether there is a relationship between VEGF expression and renal vein and vena cava invasion in stage pT3 renal cell carcinoma and to evaluate the impact of VEGF expression on survival in pT3 renal cell carcinoma. 78 patients with a pT3a or pT3b tumour without vena cava invasion or pT3b tumour with vena cava invasion were compared for age, gender, Fuhrman grade and immunohistochemical expression of VEGF. On univariate analysis, invasion of the perirenal fat, lymph node involvement, distant metastases and VEGF expression were significantly associated with survival (p<0.01). Prognostic significance of the following independent variables was tested using univariate (log-rank) and multivariate (Cox proportional-hazards) analysis: type of resection (sublobar vs lobectomy vs pneumonectomy), histology (squamous cell vs adenocarcinoma), tumour size (<or=3cm vs>3cm), histologic vascular invasion, visceral pleura involvement, positive bronchial resection margin, general T status. To evaluate the impact of HER2 immunoreactivity on clinical outcome in locally advanced urothelial carcinoma patients who received surgery alone, or methotrexate, vinblastine, epirubicin, and cisplatin (M-VEC) as adjuvant chemotherapy.", Yes. VEGF expression is associated with venous invasion in pT3 renal cell carcinoma. VEGF expression is associated with survival in pT3 renal cell carcinoma.
sentence_dense,sentence,dense,biomistral,Injury and poisoning mortality among young men--are there any common factors amenable to prevention?,yes,yes,1,1,success,"Deaths from injury and poisoning (suicide, accidents, undetermined deaths, and homicide) are the major cause of death among young men aged 15-39 years in England and Wales and have been increasing in recent years.AIM: To describe common characteristics among young men who die from injury and poisoning. We employed a retrospective survey methodology to investigate factors associated with deaths by injury and poisoning among young men aged 15-39 years (n = 268) in Merseyside and Cheshire during 1995. An online survey was conducted to elicit the relative importance placed on preventing harms caused by 1) health care (hospital-acquired infections, drug administration errors, injuries to health care staff), 2) individuals (personal lifestyle choices, sports-related injuries), and 3) nature (genetic disorders). Potential risk factors were explored. The objectives of this study were to evaluate the ability of the Young-Burgess classification system to predict mortality, transfusion requirements, and nonorthopaedic injuries in patients with pelvic ring fractures and to determine whether mortality rates after pelvic fractures have changed over time.", Yes. The common factors are the major cause of death among young men aged 15-39 years in England and Wales and have been increasing in recent years.
sentence_dense,sentence,dense,biomistral,Continuation of pregnancy after antenatal corticosteroid administration: opportunity for rescue?,maybe,yes,0,1,generation_failure,"To determine the duration of continuing pregnancy after antenatal corticosteroid (AC) administration and to evaluate the potential opportunity for rescue AC. The intervals from the last application of prostaglandin until abortion and from 3 cm cervical dilatation to abortion were slightly, but not significantly shorter in the paracervical anaesthesia group. The outcomes were analyzed with respect to antral follicle assessment (<or = 6 or>6), basal cycle day 3 follicle stimulated hormone (<or = 10 or>10 IU/L) and maternal age (<or = 35 or>35 years). Since paracervical anaesthesia may be useful during this procedure, we investigated in this prospective randomised study its impact on the clinical course of abortion and pain especially in the late first and second stage of labour. Controlling for patient age, and basal follicle stimulated hormone, the pregnancy rate was significantly higher in the group with antral follicle>6 compared to that in the group with antral follicle<or = 6."," Yes. The interval from the last application of prostaglandin until abortion and from 3 cm cervical dilatation to abortion were slightly, but not significantly shorter in the paracervical anaesthesia group."
sentence_dense,sentence,dense,biomistral,Does either obesity or OSA severity influence the response of autotitrating CPAP machines in very obese subjects?,yes,no,0,1,generation_failure,"In earlier work from this unit, we used correlations between autoCPAP pressure and both OSA severity and obesity, to construct an algorithm to estimate the fixed CPAP pressure a patient required for subsequent clinical use. We sought to determine whether patients with obstructive sleep apnea (OSA) had an objective change in aerobic fitness during cycle ergometry compared to a normal population. Spearman's rank correlation was performed between measurements of obesity and autoCPAP pressure, and between OSA severity and autoCPAP pressure. The pressures delivered by autotitrating continuous positive airways pressure (CPAP) devices not only treat obstructive sleep apnoea (OSA) effectively but also give potentially interesting physiological information about the forces impinging on the pharynx. Measurements of obesity were made, OSA severity was recorded, and the 95th centile autoCPAP pressure was recorded during 1 week of autoCPAP.", No.
sentence_dense,sentence,dense,biomistral,Does the clinical presentation of a prior preterm birth predict risk in a subsequent pregnancy?,yes,yes,1,1,success,"The objective of the study was to determine whether risk of recurrent preterm birth differs based on the clinical presentation of a prior spontaneous preterm birth (SPTB): advanced cervical dilatation (ACD), preterm premature rupture of membranes (PPROM), or preterm labor (PTL). Risks for sonographic short cervical length and recurrent SPTB were compared between women based on the clinical presentation of their prior preterm birth. Women were categorized based on the clinical presentation of their prior preterm delivery as having ACD, PPROM, or PTL. More likely to deliver at<34 weeks were those women who received AC for premature preterm rupture of membranes (OR 3.83, 95% CI 2.06-7.17), twins (OR 2.90, 95% CI 1.42-5.95) or before 28 weeks (OR 2.21, 95% CI 1.38-3.52). In addition, a series of multivariable logistic regressions were also constructed separately for cases and controls for the following adverse delivery outcomes: low birth weight baby, preterm delivery, and delivery via Caesarian section.", Yes. The clinical presentation of a prior preterm birth predicts risk in a subsequent pregnancy.
sentence_dense,sentence,dense,biomistral,Is the Distance Worth It?,yes,yes,1,1,success,"The mean time per lower DBE was 100.7±27.3 minutes with 168.9±109.1 cm meters past the ileocecal valve reached. If, and how, circumferences, including waist circumference (WC) and hip circumference (HC), scale to height remains unclear, but this is an important consideration when developing normative ranges or applying WC/height and HC/height as risk indexes. The distance from the guide pins to the com - mon peroneal nerve and femoral attachment of the LCL were measured with a standard flexible paper ruler to the nearest millimeter. Height of the infundibulum, described as the distance between the line passing through the lowest part of the calyx containing the calculus and the highest point of the lower lip of renal pelvis, was the only parameter in which significant differences (p = 0.002) were found between the NR and R groups. The objective of our study is to determine whether quantitative shape analysis can accurately differentiate FFT from atherosclerotic plaque.", Yes. The time per lower DBE was 100.7±27.3 minutes with 168.9±109.1 cm meters past the ileocecal valve reached.
sentence_dense,sentence,dense,biomistral,Aripiprazole: a new risk factor for pathological gambling?,yes,yes,1,1,success,"Another dopamine agonist, aripiprazole, could be a new risk factor. The patients involved were schizophrenic or bipolar, mostly young men with a history of addictive disorders and regular gambling prior to the prescription of aripiprazole. The probability that pathological gambling is actually due to aripiprazole is ""possible"" in 7 cases out of 8, and ""doubtful"" in one. It is commonly accepted that pathological gambling results from the interaction of multiple risk factors. For each one of them, the causality of aripiprazole was considered, using an algorithm.", Yes.
sentence_dense,sentence,dense,biomistral,Immune suppression by lysosomotropic amines and cyclosporine on T-cell responses to minor and major histocompatibility antigens: does synergy exist?,yes,yes,1,1,success,"Because lysosomotropic amines can suppress major histocompatibility complex (MHC) class II antigen presentation, their mechanism of action is potentially different from current immune suppressant drugs used to control GVHD such as cyclosporine. We investigated the use of cyclosporine and the lysosomotropic amines chloroquine and hydroxychloroquine in combination for additive or synergistic immunosuppression on T-cell responses in vitro to MiHC and MHC in mice. Using murine models, we have shown that the lysosomotropic amine, chloroquine, is effective in the prevention of graft-versus-host disease (GVHD) mediated by donor T cells reactive with recipient minor histocompatibility antigens (MiHCs). We found that similar concentrations of chloroquine and hydroxychloroquine suppress the T-cell response to MiHC in mice (C57BL/6 anti-BALB.B) and that lysosomotropic amines in combination with cyclosporine result in synergistic suppression of a proliferative response to MiHC. At lower concentrations (<25 microg/ml), chloroquine can also decrease the ability of antigen-presenting cells to stimulate an a C57BL/6 anti-BALB/c T-cell response and can inhibit MHC class II expression after activation with lipopolysaccharide.", Yes.
sentence_dense,sentence,dense,biomistral,Does induction chemotherapy have a role in the management of nasopharyngeal carcinoma?,yes,yes,1,1,success,"To assess the outcomes of patients with nasopharyngeal carcinoma (NPC) whose treatment was determined by computerized tomography (CT) and/or magnetic resonance imaging staging and to analyze the impact of induction chemotherapy and accelerated fractionated radiotherapy. Patients enrolled in the study had been diagnosed with non-small cell carcinoma in stages IV or IIIB with pleural or N2-N3 involvement and with a performance status of 2 or below according to the Eastern Cooperative Oncology Group (ECOG). We review our results on surgical treatment of patients with stage I non-small cell lung carcinoma and we attempted to clarify the prognostic significance of some surgical--pathologic variables. Few studies have assessed whether the advantage chemotherapy has been shown to have in treating advanced non-small lung carcinoma in clinical trials is transferrable to normal health care activity. To evaluate the impact of HER2 immunoreactivity on clinical outcome in locally advanced urothelial carcinoma patients who received surgery alone, or methotrexate, vinblastine, epirubicin, and cisplatin (M-VEC) as adjuvant chemotherapy.", Yes. (The study in [1] assessed the outcomes of patients with nasopharyngeal carcinoma whose treatment was determined by computerized tomography (CT) and/or magnetic resonance imaging staging and to analyze
sentence_dense,sentence,dense,biomistral,Treatment of contralateral hydrocele in neonatal testicular torsion: Is less more?,maybe,yes,0,1,generation_failure,"Our objective in this study was to determine whether the decision to manage a contralateral hydrocele in cases of neonatal testicular torsion solely through a scrotal approach is safe and effective. Treatment of neonatal testicular torsion has two objectives: salvage of the involved testicle (which is rarely achieved) and preservation of the contralateral gonad. However, there is controversy with regards to management of a synchronous contralateral hydrocele. The second goal universally involves contralateral testicular scrotal fixation to prevent the future occurrence of contralateral torsion. Patients were followed after initial surgical intervention to determine the likelihood of developing a subsequent hydrocele or hernia.", Yes. The second goal of management of a synchronous contralateral hydrocele is to prevent the future occurrence of contralateral torsion.
sentence_dense,sentence,dense,biomistral,"Are normally sighted, visually impaired, and blind pedestrians accurate and reliable at making street crossing decisions?",maybe,yes,0,1,generation_failure,"The purpose of this study is to measure the accuracy and reliability of normally sighted, visually impaired, and blind pedestrians at making street crossing decisions using visual and/or auditory information. We found that normally sighted and visually impaired pedestrians were accurate and reliable in their street crossing decision-making ability when using either vision plus hearing or vision only (P>0.05). Compared to either the normally sighted (P = 0.018) or visually impaired subjects (P = 0.019), blind subjects were the least accurate with their street crossing decisions under the hearing only condition. Accuracy and reliability in street crossing decision-making were calculated for each subject under each sensory condition. Under the hearing only condition, all subjects were reliable (P>0.05) but inaccurate with their street crossing decisions (P<0.05).", Yes. Justification: “Accuracy and reliability in street crossing decision-making were calculated for each subject under each sensory condition.”
sentence_dense,sentence,dense,biomistral,Is it Crohn's disease?,maybe,no,0,0,retrieval_failure,"We investigated symptoms, gluten consumption, antibodies for CD and other autoimmunity, human leukocyte antigen (HLA)-typing, bone mineral density, and performed small bowel biopsies. Children were included in the study if they had a diagnosis of CD by intestinal biopsy, and were not on a gluten-free diet (GFD). Celiac disease (CD) is an autoimmune enteropathy characterized by villus atrophy and malabsorption of essential nutrients. Acute diverticulitis was diagnosed by clinical criteria and characteristic CT findings. Xanthogranulomatous cholecystitis (XGC) is an uncommon variant of chronic cholecystitis, characterized by marked thickening of the gallbladder wall and dense local adhesions."," No. The patients in the study were diagnosed with CD, not Crohn's disease."
sentence_dense,sentence,dense,biomistral,Is Chaalia/Pan Masala harmful for health?,yes,yes,1,1,success,"Chaalia was considered harmful for health by 96% and Pan Masala by 60%. To determine the practices and knowledge of harmful effects regarding use of Chaalia and Pan Masala in three schools of Mahmoodabad and Chanesar Goth, Jamshed Town, Karachi, Pakistan. Along with demographic data, questions regarding frequency of Chaalia and Pan Masala use, practices of this habit in friends and family and place of procurement of these substances, were inquired. At lower concentrations (<25 microg/ml), chloroquine can also decrease the ability of antigen-presenting cells to stimulate an a C57BL/6 anti-BALB/c T-cell response and can inhibit MHC class II expression after activation with lipopolysaccharide. We found that similar concentrations of chloroquine and hydroxychloroquine suppress the T-cell response to MiHC in mice (C57BL/6 anti-BALB.B) and that lysosomotropic amines in combination with cyclosporine result in synergistic suppression of a proliferative response to MiHC.", Yes.
sentence_dense,sentence,dense,biomistral,Does multi-modal cervical physical therapy improve tinnitus in patients with cervicogenic somatic tinnitus?,yes,yes,1,1,success,"To investigate the effect of a multimodal cervical physical therapy treatment on tinnitus complaints in patients with CST. Tinnitus can be related to many different aetiologies such as hearing loss or a noise trauma, but it can also be related to the somatosensory system of the cervical spine, called cervicogenic somatic tinnitus (CST). Case studies suggest a positive effect of cervical spine treatment on tinnitus complaints in patients with CST, but no experimental studies are available. Patients with a combination of severe subjective tinnitus (Tinnitus Functional Index (TFI): 25-90 points) and neck complaints (Neck Bournemouth Questionnaire (NBQ) > 14 points). To investigate the effectiveness of acupuncture in treating phonotraumatic vocal fold lesions.STUDY DESIGN/", Yes.Citation: [1]
sentence_dense,sentence,dense,biomistral,Detailed analysis of sputum and systemic inflammation in asthma phenotypes: are paucigranulocytic asthmatics really non-inflammatory?,maybe,no,0,1,generation_failure,"Eosinophilic asthma showed higher absolute sputum neutrophil and lymphocyte counts than healthy subjects (p < 0.005), while neutrophilic asthmatics had a particularly low number of sputum macrophages and epithelial cells. There are very few studies which looked at detailed sputum and blood cell counts in a large cohort of asthmatics divided into inflammatory phenotypes. The total non-squamous cell count per gram of sputum was greater in mixed granulocytic and neutrophilic phenotypes as compared to eosinophilic, paucigranulocytic asthma and healthy subjects (p < 0.005). Sputum eosinophils (in absolute values and percentages) were increased in all asthma phenotypes including paucigranulocytic asthma, compared to healthy subjects (p < 0.005). Asthmatics were classified into inflammatory phenotypes.", No. The paucigranulocytic asthma phenotype is not non-inflammatory. The paucigranulocytic asthma phenotype is characterized by a low number of sputum neut
sentence_dense,sentence,dense,biomistral,Is HIV/STD control in Jamaica making a difference?,yes,yes,1,1,success,"To assess the impact of the comprehensive HIV/STD Control Program established in Jamaica since the late 1980s on the HIV/AIDS epidemic. The annual AIDS incidence rate in Jamaica increased only marginally in the past three years from 18.5 per 100000 population to 21.4 in 1997. In sensitivity analyses for patients with deep ICH, anticoagulation could be preferred if the risk of thromboembolic stroke is particularly high. Our objective in this study was to determine whether the decision to manage a contralateral hydrocele in cases of neonatal testicular torsion solely through a scrotal approach is safe and effective. The aim of the study was to see whether or not balloon predilatation is necessary in transcatheter aortic valve replacement (TAVI).", Yes. The annual AIDS incidence rate in Jamaica increased only marginally in the past three years from 18.5 per 100000 population to 21.4 in 1997.
sentence_dense,sentence,dense,biomistral,Is Panton-Valentine leucocidin associated with the pathogenesis of Staphylococcus aureus bacteraemia in the UK?,maybe,no,0,1,generation_failure,"The morbidity and mortality associated with Panton-Valentine leucocidin (PVL)-positive Staphylococcus aureus suggest that this toxin is a key marker of disease severity. Nevertheless, the importance of PVL in the pathogenesis of primary bacteraemia caused by S. aureus is uncertain. We have determined the prevalence of PVL-encoding genes among isolates of S. aureus from bacteraemic patients. The present study aims to compare strength, healing, and operation time of experimental intestinal anastomoses performed by polyglactin 910 (Vicryl; Ethicon, Edinburgh, United Kingdom) sutures with ethyl-2-cyanoacrylate glue (Pattex; Henkel, Dusseldorf, Germany). In addition, A. schaalii was found in quantities equivalent to ≥ 10(6) CFU/mL by both culture and PCR in two children with a urinary tract infection and large numbers of leucocytes in the urine.", No.
sentence_dense,sentence,dense,biomistral,Are even impaired fasting blood glucose levels preoperatively associated with increased mortality after CABG surgery?,yes,yes,1,1,success,"The study goal was to determine whether pre-operative fasting blood glucose (fB-glu) is associated with an increased mortality after coronary artery bypass grafting (CABG). We examined whether associations between hyperglycemia and CVD risk were explained by underlying insulin resistance. Impaired fasting glucose (IFG) below the diagnostic threshold for diabetes mellitus (DM) is associated with macrovascular pathology and increased mortality after percutaneous coronary interventions. Conversely, severe hypoglycaemia was associated with a greater risk for the primary outcome (HR: 1.58; 95% CI: 1.24-2.02, P<0.001), mortality (HR: 1.74; 95% CI: 1.39-2.19, P<0.001), CV death (HR: 1.71; 95% CI: 1.27-2.30, P<0.001) and arrhythmic death (HR: 1.77; 95% CI: 1.17-2.67, P = 0.007). Several studies have shown associations between hyperglycemia and risk of cardiovascular disease (CVD) and mortality, yet glucose-lowering treatment does little to mitigate this risk.", Yes. The study goal was to determine whether pre-operative fasting blood glucose (fB-glu) is associated with an increased mortality after coronary artery bypass grafting (CABG).
sentence_dense,sentence,dense,biomistral,Does positron emission tomography change management in primary rectal cancer?,yes,yes,1,1,success,"The influence of positron emission tomography in the management of recurrent rectal cancer is well established but its role in primary rectal cancer remains uncertain. This study therefore prospectively assesses the impact of position emission tomography scanning on the management of primary rectal cancer. Compared with computed tomography (CT) and magnetic resonance imaging (MRI), positron emission tomography (PET) may have additional value in the assessment of primary and recurrent cervical cancer. This study examined the impact of radiotherapy for the primary rectal cancer on outcomes after pelvic exenteration for local recurrence. Forty-six patients with advanced primary rectal cancer referred for consideration of adjuvant preoperative therapy underwent position emission tomography scanning.", Yes. The influence of positron emission tomography in the management of primary rectal cancer is well established.
sentence_dense,sentence,dense,biomistral,Can you deliver accurate tidal volume by manual resuscitator?,no,no,1,1,success,"Ventilation was delivered with a manual resuscitator connected to a microspirometer and volumes were measured. One of the problems with manual resuscitators is the difficulty in achieving accurate volume delivery. This study was designed to compare tidal volumes delivered by the squeezing method, physical characteristics and education and practice levels. Time to ventilation was recorded and degree of success evaluated. The aim of this pilot study was to determine whether an instruction manual consisting of four diagrams enables laypersons to operate a Laryngeal Mask Supreme® (LMAS) in the manikin.", No.
sentence_dense,sentence,dense,biomistral,Can increases in the cigarette tax rate be linked to cigarette retail prices?,no,yes,0,1,generation_failure,"To explain China's cigarette pricing mechanism and the role of the Chinese State Tobacco Monopoly Administration (STMA) on cigarette pricing and taxation. Published government tobacco tax documentation and statistics published by the Chinese STMA are used to analyse the interrelations among industry profits, taxes and retail price of cigarettes in China. Odds ratio (95% CI) for AO with smoking (>or = 20 pack-years) was 3.73 (3.12- 4.45), 1.98 (1.73-2.27) for cough, 1.79 (1.55-2.08) for dyspnea, 1.95 (1.70-2.34) for sputum, and 2.59 (2.26-2.97) for wheeze. To investigate the cost-effectiveness of up to £400 worth of financial incentives for smoking cessation in pregnancy as an adjunct to routine health care. A total of 612 pregnant women randomized to receive usual cessation support plus or minus financial incentives of up to £400 vouchers (US $609), contingent upon smoking cessation.", Yes. The cigarette tax rate is the main factor that determines the retail price of cigarettes.
sentence_dense,sentence,dense,biomistral,Vertical lines in distal esophageal mucosa (VLEM): a true endoscopic manifestation of esophagitis in children?,yes,yes,1,1,success,"We termed this finding ""vertical lines in esophageal mucosa"" (VLEM). We observed an endoscopic abnormally in a group of children with histological esophagitis. We examined the relationship between the presence of VLEM and significant histologic changes in esophageal mucosal biopsies. The response of a series of patients with primary eosinophilic esophagitis to dilation is reported together with a description of a possibly pathognomonic sign: fragile esophageal mucosa, for which the term ""crêpe-paper"" mucosa is introduced. Primary eosinophilic esophagitis, a chronic inflammatory disorder of the esophagus, evokes recurrent dysphagia.", Yes. VLEM is a true endoscopic manifestation of esophagitis in children.
sentence_dense,sentence,dense,biomistral,Does hypoglycaemia increase the risk of cardiovascular events?,yes,no,0,1,generation_failure,"Hypoglycaemia caused by glucose-lowering therapy has been linked to cardiovascular (CV) events. Impaired fasting glucose (IFG) below the diagnostic threshold for diabetes mellitus (DM) is associated with macrovascular pathology and increased mortality after percutaneous coronary interventions. We examined whether associations between hyperglycemia and CVD risk were explained by underlying insulin resistance. Several studies have shown associations between hyperglycemia and risk of cardiovascular disease (CVD) and mortality, yet glucose-lowering treatment does little to mitigate this risk. A total of 12 537 participants with dysglycaemia and high CV-risk were randomized to basal insulin glargine titrated to a fasting glucose of ≤ 5.3 mmol/L (95 mg/dL) or standard glycaemic care.", No.
sentence_dense,sentence,dense,biomistral,Does the radiographic transition zone correlate with the level of aganglionosis on the specimen in Hirschsprung's disease?,no,no,1,1,success,"The correlation between radiographic transition zone on contrast enema in Hirschsprung's disease and the total length of aganglionosis is known to be inaccurate. Four groups were determined (rectal, rectosigmoid, long segment, and absence of transition zone) and by Kappa coefficient of agreement correlated to the length of aganglionosis in the pathological report. Our objective in this study was to determine whether the decision to manage a contralateral hydrocele in cases of neonatal testicular torsion solely through a scrotal approach is safe and effective. The transanal endorectal pull-through (TERPT) is becoming the most popular procedure in the treatment of Hirschsprung disease (HD), but overstretching of the anal sphincters remains a critical issue that may impact the continence. Little is known about whether a routinely inserted endoscopic nasobiliary drainage (ENBD) tube improves the clinical course in patients with choledocholithiasis-induced acute cholangitis after clearance of choledocholithiasis."," No. The correlation between radiographic transition zone on contrast enema in Hirschsprung's disease and the total length of aganglionosis is known to be inaccurate. (Context: [1, 2])"
sentence_dense,sentence,dense,biomistral,Is dexamethasone an effective alternative to oral prednisone in the treatment of pediatric asthma exacerbations?,yes,yes,1,1,success,We reviewed the literature to determine if there is sufficient evidence that dexamethasone can be used as an effective alternative in the treatment of pediatric asthma exacerbations in the inpatient setting. A Medline search was conducted on the use of dexamethasone in the treatment of asthma exacerbations in children. All of the pediatric trials found that prednisone is not superior to dexamethasone in treating mild to moderate asthma exacerbations. The studies selected were clinical trials comparing the efficacy of dexamethasone with prednisone. A short course of systemic corticosteroids is an important therapy in the treatment of pediatric asthma exacerbations.," Yes. Dexamethasone is an effective alternative to oral prednisone in the treatment of pediatric asthma exacerbations. (Context [1], [3], [5])"
sentence_dense,sentence,dense,biomistral,Mammographic screening in Sami speaking municipalities and a control group. Are early outcome measures influenced by ethnicity?,yes,yes,1,1,success,"The objective of this study was to describe the attendance rate and outcome of the Norwegian Breast Cancer Screening Program (NBCSP) in the Sami-speaking municipalities and a control group. Although selective and non-selective methods of preoperative carotid screening have been advocated, it remains unclear if this screening is clinically relevant.AIM: To test whether selective carotid screening is as effective as non-selective screening in detecting significant carotid disease. It is uncertain whether the inverse equity hypothesis-the idea that new health interventions are initially primarily accessed by the rich, but that inequalities narrow with diffusion to the poor-holds true for cancer screening in low and middle income countries (LMICs).This study examines the relationship between overall coverage and economic inequalities in coverage of cancer screening in four middle-income countries. Economic inequalities in screening participation were substantially lower or non-existent in countries with higher aggregate coverage, for both breast cancer screening (RII: 14.57 in South Africa, 4.90 in China, 2.01 in Mexico, 1.04 in Russia) and cervical cancer screening (RII: 3.60 in China, 2.47 in South Africa, 1.39 in Mexico, 1.12 in Russia). The outcomes of screened/unscreened and sur veillance/nonsur veillance were compared with the use of the logistic regression model.", Yes. Justification: The objective of this study was to describe the attendance rate and outcome of the Norwegian Breast Cancer Screening Program (NBCSP) in the Sami-speaking municipalities and a control group.
sentence_dense,sentence,dense,biomistral,Do Electrochemiluminescence Assays Improve Prediction of Time to Type 1 Diabetes in Autoantibody-Positive TrialNet Subjects?,yes,yes,1,1,success,"To explore whether electrochemiluminescence (ECL) assays can help improve prediction of time to type 1 diabetes in the TrialNet autoantibody-positive population. TrialNet subjects who were positive for one or more autoantibodies (microinsulin autoantibody, GAD65 autoantibody [GADA], IA-2A, and ZnT8A) with available ECL-insulin autoantibody (IAA) and ECL-GADA data at their initial visit were analyzed; after a median follow-up of 24 months, 177 of these 1,287 subjects developed diabetes. Univariate analyses showed that autoantibodies by radioimmunoassays (RIAs), ECL-IAA, ECL-GADA, age, sex, number of positive autoantibodies, presence of HLA DR3/4-DQ8 genotype, HbA1c, and oral glucose tolerance test (OGTT) measurements were all significantly associated with progression to diabetes. The model with positivity for ECL-GADA and/or ECL-IAA was the best, and factors that remained significantly associated with time to diabetes were area under the curve (AUC) C-peptide, fasting C-peptide, AUC glucose, number of positive autoantibodies by RIAs, and ECL positivity. A total of 12 537 participants with dysglycaemia and high CV-risk were randomized to basal insulin glargine titrated to a fasting glucose of ≤ 5.3 mmol/L (95 mg/dL) or standard glycaemic care."," Yes. The model with positivity for ECL-GADA and/or ECL-IAA was the best, and factors that remained significantly associated with time to diabetes were area under the curve (AUC) C-peptide"
sentence_dense,sentence,dense,biomistral,Assessment of appropriate antimicrobial prescribing: do experts agree?,yes,yes,1,1,success,"Little is known about the validity and reliability of expert assessments of the quality of antimicrobial prescribing, despite their importance in antimicrobial stewardship. We created a reference standard of antimicrobial appropriateness using the modal assessment of 16 specialists. Twenty-four doctors specialized in infectious diseases or clinical microbiology (16 specialists and 8 residents) from five hospitals were asked to assess the appropriateness of antimicrobial agents prescribed for a broad spectrum of indications in 56 paper cases. We investigated how infectious disease doctors' assessments compared with a reference standard (modal expert opinion) and with the assessments of their colleagues. Health care providers, which include house staff, nurses, and respiratory care practitioners who provide care to patients with asthma in the primary general medicine clinic or the pulmonary medicine clinic of a university-county hospital in which patients were referred, were surveyed and assigned a performance score regarding the knowledge base of the appropriate use of metered-dose inhalers.", Yes. Expert assessments of the quality of antimicrobial prescribing are valid.
sentence_dense,sentence,dense,biomistral,Is there a favorable subset of patients with prostate cancer who develop oligometastases?,yes,yes,1,1,success,"To analyze, retrospectively, the patterns and behavior of metastatic lesions in prostate cancer patients treated with external beam radiotherapy and to investigate whether patients with<or =5 lesions had an improved outcome relative to patients with>5 lesions. In addition, both the metastasis-free survival rate and the interval measured from the date of the initial diagnosis of prostate cancer to the development of bone metastasis were statistically superior for patients with<or =5 lesions compared with patients with>5 lesions (p = 0.01 and 0.02, respectively). To examine the ability of various postoperative nomograms to predict prostate cancer-specific mortality (PCSM) and to validate that they could predict aggressive biochemical recurrence (BCR). Separate models were explored in men with prostate cancer censored at diagnosis, for percent body fat measurements, for weight changes with time and adjusting for initial prostate size in 483 men (2,523 observations) with pelvic magnetic resonance imaging measurements. With regard to the metastatic number, patients with<or =5 metastatic lesions had superior survival rates relative to those with>5 lesions (73% and 36% at 5 and 10 years vs. 45% and 18% at 5 and 10 years, respectively; p = 0.02).", Yes. (The favorable subset of patients with prostate cancer who develop oligometastases is those with<or =5 metastatic lesions.)
sentence_dense,sentence,dense,biomistral,Cycloplegic autorefraction in young adults: is it mandatory?,maybe,no,0,1,generation_failure,"The purpose of this study was to compare the non-cycloplegic and cycloplegic spherical equivalent (SE) refractive error measured in young adults. The difference between non-cycloplegic and cycloplegic refractive measurements was analyzed. It is unclear whether cycloplegic refraction is necessary in this age group. One drop of cyclopentolate 1 % was installed twice 10 min apart, and cycloplegic refraction was performed in both eyes 40 min later using an auto-refractor. Our objective in this study was to determine whether the decision to manage a contralateral hydrocele in cases of neonatal testicular torsion solely through a scrotal approach is safe and effective.", No. The purpose of this study was to compare the non-cycloplegic and cycloplegic spherical equivalent (SE) refractive error measured in young adults. The difference between non-cycloplegic and cyclopleg
sentence_dense,sentence,dense,biomistral,Does screening or surveillance for primary hepatocellular carcinoma with ultrasonography improve the prognosis of patients?,yes,yes,1,1,success,"The purpose of this paper is to evaluate the efficacy of ultrasonographic screening for primary hepatocellular carcinoma. The purpose of this study is to examine whether or not well differentiated (w-d) hepatocellular carcinoma (HCC) is indeed clinically early cancer. Although selective and non-selective methods of preoperative carotid screening have been advocated, it remains unclear if this screening is clinically relevant.AIM: To test whether selective carotid screening is as effective as non-selective screening in detecting significant carotid disease. To determine current practice and to assess the value of routine follow-up procedures for endometrial cancer surveillance. The aim of this prognostic factor analysis was to investigate if a patient's self-reported health-related quality of life (HRQOL) provided independent prognostic information for survival in non-small cell lung cancer (NSCLC) patients.", Yes. The purpose of this paper is to evaluate the efficacy of ultrasonographic screening for primary hepatocellular carcinoma.
sentence_dense,sentence,dense,biomistral,"""Would a man smell a rose then throw it away?",maybe,no,0,0,retrieval_failure,"Moreover, biochemical measurements of oxidative stress markers (MDA, GSH and TAC) revealed that prophylactic edaravone treatment attenuated oxidative stress induced by I/R injury. We address the question of whether LITT-induced locoregional disruption of the BBB could possibly allow a locoregional passage of chemotherapeutic agents into brain tissue to treat malignant glioma.STUDY DESIGN/ Only 11 boys were considered in need for circumcision, three of them for prepucial orifice stenosis, which prevented normal micturition, causing a prepucial sac, one case due to a constrictive ring below the prepucial edge that would have prevented ulterior retractability, two cases with repetitive balanopostitis, and five cases secondary to xerosol balanitis, accounting for 2.7% of all examined boys. Treatment of rats with edaravone reduced caspase-3 expression in a dose-dependent manner. To determine whether post-operative administration of topical ropivacaine hydrochloride decreases morbidity following adenotonsillectomy.", No. A man would not smell a rose then throw it away. A man would smell the rose and appreciate its fragrance.
sentence_dense,sentence,dense,biomistral,Department of Transportation vs self-reported data on motor vehicle collisions and driving convictions for stroke survivors: do they agree?,no,no,1,1,success,"We compared government records and self-reports of motor vehicle collisions and driving convictions in a sample of stroke survivors. Research on stroke survivors' driving safety has typically used either self-reports or government records, but the extent to which the 2 may differ is not known. The 56 participants were originally recruited for a prospective study on driving and community re-integration post-stroke; the study population consisted of moderately impaired stroke survivors without severe communication disorders who had been referred for a driving assessment. For 7 (13.5%) the MTO records did not match the self-reports regarding collision involvement, and for 9 (17.3%) the MTO records did not match self-reports regarding driving convictions. Individual data from stroke patients in two randomised controlled trials of intra-muscular botulinum toxin were pooled.", No.
sentence_dense,sentence,dense,biomistral,"Neoadjuvant Imatinib in Locally Advanced Gastrointestinal stromal Tumours, Will Kit Mutation Analysis Be a Pathfinder?",yes,no,0,1,generation_failure,"Longer duration of neoadjuvant (NA) imatinib (IM) used for locally advanced (LA) gastrointestinal stromal tumours (GIST) is not based on biology of the tumour reflected by kit mutation analysis. To evaluate the impact of HER2 immunoreactivity on clinical outcome in locally advanced urothelial carcinoma patients who received surgery alone, or methotrexate, vinblastine, epirubicin, and cisplatin (M-VEC) as adjuvant chemotherapy. We review our results on surgical treatment of patients with stage I non-small cell lung carcinoma and we attempted to clarify the prognostic significance of some surgical--pathologic variables. We studied 114 formalin-fixed paraffin-embedded specimens obtained from locally advanced urothelial carcinoma patients receiving surgery alone or adjuvant M-VEC. We investigated for the first time whether in vitro combinations of 2ME with various chemotherapeutic compounds may result in an additive inhibitory effect on the proliferation of human ovary cancer cells.", No. Longer duration of neoadjuvant imatinib used for locally advanced gastrointestinal stromal tumours is not based on biology of the tumour reflected by kit mutation analysis.
sentence_dense,sentence,dense,biomistral,Does the lipid-lowering peroxisome proliferator-activated receptors ligand bezafibrate prevent colon cancer in patients with coronary artery disease?,yes,yes,1,1,success,"In animal studies the lipid-lowering PPAR ligand bezafibrate suppressed colonic tumors. Therefore, we proposed to investigate a possible preventive effect of bezafibrate on the development of colon cancer in patients with coronary artery disease during a 6-year follow-up. However, the effect of bezafibrate on colon cancer development in humans is unknown. On multivariable analysis the colon cancer risk in patients who received bezafibrate tended to be lower with a hazard ratio of 0.47 and 95% confidence interval 0.2-1.1. In addition to lipid lowering, statins have a number of antiatherothrombotic and neuroprotective properties.", Yes. The hazard ratio for colon cancer in patients who received bezafibrate was 0.47 with 95% confidence interval 0.2-1.1. (4)
sentence_dense,sentence,dense,biomistral,Does self-efficacy mediate the relationship between transformational leadership behaviours and healthcare workers' sleep quality?,maybe,no,0,1,generation_failure,"Structural equation modelling was used to investigate the relationships between transformational leadership, self-efficacy and sleep quality at both time points independently (cross-sectionally) and longitudinally. Direct relationships between transformational leadership and sleep quality were found. The relationship between leadership and employees' sleep quality was not mediated by employees' self-efficacy. Although there is evidence for the influential role of transformational leadership on health outcomes, researchers have used either attitude outcomes (e.g. This study investigates whether the public value safety-related health care improvements more highly than the same improvements in contexts where the health care system is not responsible.", No. The relationship between leadership and employees' sleep quality was not mediated by employees' self-efficacy.
sentence_dense,sentence,dense,biomistral,Does microbial contamination influence the success of the hematopoietic cell transplantation outcomes?,maybe,no,0,1,generation_failure,"We aimed to determine the microbial contamination rates and evaluate the success of hematopoietic cell transplantation (HCT) in patients who received contaminated products.PATIENTS- Microbial contamination can be a marker for faulty process and is assumed to play an important role in the collection of hematopoietic progenitor cell (HPC) and infusion procedure. Microbial contamination detected in nine patients (7 autologous; 2 allogeneic). Contamination rates of autologous donors were evaluated for at three steps: at the end of mobilization, following processing with dimethyl sulfoxide, and just before stem cell infusion. To understand the effect of past group A streptococcal infection on MS, antistreptolysin O (ASO) and antideoxyribonuclease B (ADNase B) were measured in 21 patients with relapsing-remitting MS and 21 healthy blood donors by nephelometric assay.", No. Microbial contamination does not influence the success of the hematopoietic cell transplantation outcomes. The study did not find any association between microbial contamination and the success of hematopoietic cell
sentence_dense,sentence,dense,biomistral,Very high serum CA 19-9 levels: a contraindication to pancreaticoduodenectomy?,no,no,1,1,success,"From 2000 to 2007, 344 patients underwent pancreatoduodenectomy for PA. Fifty-three patients (elevated group) had preoperatively elevated serum CA 19-9 levels (>400 IU/ml) after resolution of obstructive jaundice. Fifty patients with normal preoperative serum CA 19-9 levels (<37 IU/ml) comprised the control group. The probability of stopping steroids within 5 years was independently reduced by an elevated plasma viscosity (PV) [hazard ratio (HR) = 0.49; 95% CI 0.29, 0.82 for a PV>or = 2.00 mPa s compared with a PV<or = 1.80 mPa s; overall P = 0.024] and by starting treatment at>15 mg prednisolone (HR = 0.63; 95% CI 0.41, 0.97; P = 0.036). It has been our policy not to address the contralateral hydrocele through an inguinal incision to minimize potential injury to the spermatic cord. Our objective in this study was to determine whether the decision to manage a contralateral hydrocele in cases of neonatal testicular torsion solely through a scrotal approach is safe and effective."," No. Because the elevated group had a significantly higher incidence of pancreatic cancer (12.7%) than the control group (2.0%) (P = 0.001), the authors concluded that the elev"
sentence_dense,sentence,dense,biomistral,Perioperative care in an animal model for training in abdominal surgery: is it necessary a preoperative fasting?,no,yes,0,1,generation_failure,"Thirty two animals, with age and weight, respectively, from 3 to 5.5 months old and 3000 to 4200 grams, were undergone different periods of pre-operative fasting, exclusive intramuscular anesthesia (ketamine+xylazine), laparotomy with total gastrectomy and total splenectomy. Intraoperative data (side, operative time, blood loss, peritoneal opening) were recorded. Since paracervical anaesthesia may be useful during this procedure, we investigated in this prospective randomised study its impact on the clinical course of abortion and pain especially in the late first and second stage of labour. Multivariable logistic regression demonstrated that the predictors of delayed extubation included preoperative mechanical ventilation, weight<5 kg, a longer procedure time, and the need for postoperative inotrope support. Intestinal anastomosis was performed by polyglactin 910 sutures in A subgroups and with ethyl-2-cyanoacrylate in B subgroups.", Yes. (The preoperative fasting is necessary to avoid complications during the surgery.)
sentence_dense,sentence,dense,biomistral,Are physicians aware of the side effects of angiotensin-converting enzyme inhibitors?,no,yes,0,1,generation_failure,"Angiotensin-converting enzyme inhibitors (ACE-I) are considered safe, but they are associated with characteristic side effects, namely cough and angioedema, usually requiring discontinuation. Angiotensin-II antagonists, triptans, selective cyclo-oxygenase-2 antagonists and esomeprazol were used in the assessment. Although consensus guidelines for pretreatment evaluation and monitoring of propranolol therapy in patients with infantile hemangiomas (IH) have been formulated, little is known about the cardiovascular side effects. Cardiologists seemed to be less aware of the fact that angiotensin receptor blockers (sartans) can cross-react with ACE-I. Blood pressure and standardized questionnaires addressing side effects were evaluated during treatment."," Yes. Angiotensin-converting enzyme inhibitors (ACE-I) are considered safe, but they are associated with characteristic side effects, namely cough and angioedema, usually requiring discontinuation."
sentence_dense,sentence,dense,biomistral,Residual fundus or neofundus after laparoscopic sleeve gastrectomy: is fundectomy safe and effective as revision surgery?,maybe,yes,0,1,generation_failure,"The aim of this retrospective study was to evaluate the safety and efficacy of laparoscopic fundectomy (LF) in cases of a residual fundus/neofundus development regarding GERD symptoms. Fundectomy was indicated when a residual fundus/neofundus was associated with severe GERD symptoms. The presence of a residual fundus/neofundus was assessed by a barium swallow and/or multislice computed tomography. Up to 30 % of patients who have undergone laparoscopic sleeve gastrectomy require revision surgery for inadequate weight loss, weight regain, and/or the development of severe upper gastrointestinal symptoms. We retrospectively examined the records of 154 adult patients who underwent major foregut surgery which included esophagectomy, partial or total gastrectomy, redo Heller myotomy, redo or transthoracic fundoplications."," Yes. Fundectomy is safe and effective as revision surgery for residual fundus or neofundus after laparoscopic sleeve gastrectomy. Justification: [1, 2, 3, 4, "
sentence_dense,sentence,dense,biomistral,Are physician estimates of asthma severity less accurate in black than in white patients?,yes,yes,1,1,success,"We hypothesized that: 1) physician underestimation of asthma severity is more frequent among black patients; 2) among black patients, physician underestimation of severity is associated with poorer quality asthma care. It is unknown if accuracy of physician estimates differs between black and white patients, and how this relates to asthma care disparities. Physicians' estimates of patients' asthma as being less severe than patient-reported symptoms were classified as underestimates of severity. Among black patients, underestimation was associated with less use of daily inhaled corticosteroids (13% vs 20%, p<.05), less physician instruction on management of asthma flare-ups (33% vs 41%, p<.0001), and lower ratings of asthma care (p = .01) and physician communication (p = .04). Blacks were significantly more likely than white patients to have their asthma severity underestimated (OR = 1.39, 95% CI 1.08-1.79).", Yes. Physician underestimation of asthma severity is more frequent among black patients.
sentence_dense,sentence,dense,biomistral,Does laparoscopic surgery decrease the risk of atrial fibrillation after foregut surgery?,yes,yes,1,1,success,"Laparoscopic (p = 0.004) and nonthoracic surgeries (p = 0.01) were associated with lower risk of atrial fibrillation. We examined the factors associated with new-onset atrial fibrillation after foregut surgery at our institution. The aim of this retrospective study was to evaluate the safety and efficacy of laparoscopic fundectomy (LF) in cases of a residual fundus/neofundus development regarding GERD symptoms. Multivariate analysis revealed an association of atrial fibrillation with age (OR 1.08, 95% CI 1.02-1.14, p = 0.01), and laparoscopic surgery (OR 0.09, 95% CI 0.01-0.95, p = 0.04) after adjusting for surgery type. Minimally invasive techniques in foregut surgery have been suggested to cause less tissue trauma."," Yes. Laparoscopic surgery decreases the risk of atrial fibrillation after foregut surgery. (Justification: [1, 4, 5])"
sentence_dense,sentence,dense,biomistral,"The Main Gate Syndrome: a new format in mass-casualty victim ""surge"" management?",yes,yes,1,0,lucky_guess,"These incidents often result in Hospital Multiple Casualty Incidents (HMCI), which are very challenging to hospital teams. An 18-month retrospective review was performed on trauma patients>or= 15 years old who received therapeutic anticoagulation using unfractionated heparin (UH) and/or fractionated heparin (FH). An HMCI is defined by the Emergency and Disaster Medicine Division in the Israeli Ministry of Health as>or=10 casualties or>or=4 suffering from injuries with an ISS>or=16 arriving to a single hospital. 713 blunt trauma patients, who were admitted to the Uludag University Medical Center Emergency Department between 01.04.2000-31.12.2000, were retrospectively evaluated in terms of ISS, GCS, RTS and white blood cell count at presentation. Time to insertion and first ventilation was 83.2 ± 29 s. No significant difference related to previous BLS training (P = 0.85), technical education (P = 0.07) or gender could be demonstrated (P = 0.25)."," Yes. The main gate syndrome is a new format in mass-casualty victim ""surge"" management."
sentence_dense,sentence,dense,biomistral,Do communication disorders extend to musical messages?,yes,yes,1,1,success,"Communication disorders that impair transmitting or decoding of structural features of music (e.g., pitch, timbre) and/or symbolic representation may result in atypical musical communication, which can have a negative impact on music therapy interventions. This study compared recognition of symbolic representation of emotions or movements in music by two groups of children with different communicative characteristics: severe to profound hearing loss (using cochlear implants [CI]) and autism spectrum disorder (ASD). Measures relevant to auditory and/or language function were also gathered. Effective musical communication requires conveyance of the intended message in a manner perceptible to the receiver. Tinnitus can be related to many different aetiologies such as hearing loss or a noise trauma, but it can also be related to the somatosensory system of the cervical spine, called cervicogenic somatic tinnitus (CST).", Yes.
sentence_dense,sentence,dense,biomistral,Do patients with rheumatoid arthritis established on methotrexate and folic acid 5 mg daily need to continue folic acid supplements long term?,yes,yes,1,1,success,"To look at the effect of stopping FA supplementation in UK rheumatoid arthritis (RA) patients established on methotrexate<20 mg weekly and FA 5 mg daily, to report all toxicity (including absolute changes in haematological and liver enzyme indices) and to report changes in the efficacy of methotrexate. Folic acid (FA) is often given as an adjunct to methotrexate therapy, but there is no conclusive proof that it decreases the toxicity of methotrexate and there is a theoretical risk that it may decrease the efficacy of methotrexate. In a prospective, randomized, double-blind, placebo-controlled study, 75 patients who were established on methotrexate<20 mg weekly and FA 5 mg daily were asked to stop their FA and were randomized to one of two groups: placebo or FA 5 mg daily. Thirty-four subjects (mean age 55 years, body mass index 34 kg/m 2 , fasting triglycerides 3.5 mmol/L) with diagnosed sleep apnoea syndrome not treated with continuous positive airways pressure were enrolled and randomized to once daily treatment with fenofibrate (145 mg NanoCrystal(R) tablet) or placebo. It is postulated that some aspects of methotrexate toxicity may be related to its action as an anti-folate.", Yes.
sentence_dense,sentence,dense,biomistral,Can infundibular height predict the clearance of lower pole calyceal stone after extracorporeal shockwave lithotripsy?,yes,yes,1,1,success,"To evaluate the efficacy of extracorporeal shock wave lithotripsy (SWL) on lower calyceal calculi in relation to the renal anatomical factors and determine which of these factors can be used to select patients who will benefit from SWL. The success of the treatment, removal of all fragments, was correlated with renal anatomical factors measured in the pre-treatment intravenous urography: infundibulopelvic angle, lower infundibulum width, lower infundibulum length, ratio length/width, infundibulum height, and number of minor calyces in the lower calyceal group. To study the efficiency and safety of holmium:YAG laser lithotripsy for ureteral stones. A series of 188 patients with 208 ureteral stones were treated with semirigid ureteroscopy and holmium:YAG laser lithotripsy from January 2003 to December 2005. Little is known about whether a routinely inserted endoscopic nasobiliary drainage (ENBD) tube improves the clinical course in patients with choledocholithiasis-induced acute cholangitis after clearance of choledocholithiasis."," Yes. Infundibular height can predict the clearance of lower pole calyceal stone after extracorporeal shockwave lithotripsy. (The success of the treatment, removal of all fragments, was correlated with"
sentence_dense,sentence,dense,biomistral,Does lung ischemia and reperfusion have an impact on coronary flow?,yes,yes,1,1,success,"To determine the hemodynamic effect due to lung IR injury, we performed a quantitative coronary blood-flow analysis in a swine model of in situ lung ischemia and reperfusion. Ischemia-reperfusion (IR) injury remains a major cause of early morbidity and mortality after lung transplantation with poorly documented extrapulmonary repercussions. Conversely, RVP increased throughout ischemia (p<0.05) and returned toward baseline during reperfusion. The aim of this study was to evaluate the protective effect of remote postischemic conditioning in patients undergoing elective PCI for stable angina or non-ST elevation acute coronary syndrome with troponin<1 ng/ml at the time of randomization. This randomized single-blinded single-center clinical trial involved 320 patients undergoing elective PCI who were randomized to either receive three 5-min cycles of ischemia by inflation of a cuff on the non-dominant arm to 200 mm Hg (remote postischemic conditioning) or to placebo (uninflated cuff)."," Yes. Justification: “To determine the hemodynamic effect due to lung IR injury, we performed a quantitative coronary blood-flow analysis in a swine model of in situ lung ischemia and reperfusion.”"
sentence_dense,sentence,dense,biomistral,Is a patient's self-reported health-related quality of life a prognostic factor for survival in non-small-cell lung cancer patients?,maybe,yes,0,1,generation_failure,"The aim of this prognostic factor analysis was to investigate if a patient's self-reported health-related quality of life (HRQOL) provided independent prognostic information for survival in non-small cell lung cancer (NSCLC) patients. As part of a prospective study on quality of life in newly diagnosed lung cancer patients an investigation was carried out to examine whether there were differences among patients' quality of life scores and their socioeconomic status. Quality of life was measured at two points in time (baseline and three months after initial treatment) using three standard instruments; the Nottingham Health Profile (NHP), the European Organization for Research and Cancer Treatment Quality of Life Questionnaire (EORTC QLQ-C30) and its lung cancer supplement (QLQ-LC13). Prognostic significance of the following independent variables was tested using univariate (log-rank) and multivariate (Cox proportional-hazards) analysis: type of resection (sublobar vs lobectomy vs pneumonectomy), histology (squamous cell vs adenocarcinoma), tumour size (<or=3cm vs>3cm), histologic vascular invasion, visceral pleura involvement, positive bronchial resection margin, general T status. Survival was analyzed with regard to the following variables: age, sex, comorbidity, weight loss, laboratory test results, histological type, ECOG score, TNM staging, and treatment.", Yes. The aim of this prognostic factor analysis was to investigate if a patient's self-reported health-related quality of life (HRQOL) provided independent prognostic information for survival in non-small cell lung
sentence_dense,sentence,dense,biomistral,Transient tachypnea of the newborn (TTN): a role for polymorphisms in the beta-adrenergic receptor (ADRB) encoding genes?,yes,yes,1,1,success,"The objective of the study was to determine whether risk of recurrent preterm birth differs based on the clinical presentation of a prior spontaneous preterm birth (SPTB): advanced cervical dilatation (ACD), preterm premature rupture of membranes (PPROM), or preterm labor (PTL). DNA was collected for genotyping from 73 term newborns suffering from TTN and 55 healthy controls from a Caucasian cohort. Further analysis showed significant association of T-47C, A46G, C79G and C491T (TACC) haplotype in ADRB2 gene with TTN (p = 0.048). To compare the probability of prenatal diagnosis (PND) and termination of pregnancy for fetal anomaly (TOPFA) between fetuses conceived by assisted reproductive techniques (ART) and spontaneously-conceived fetuses with congenital heart defects (CHD). We sought to determine the feasibility and assess the clinical outcomes associated with an early extubation strategy for all children undergoing congenital heart surgery, including neonates (age,<30 days)."," Yes. The objective of the study was to determine whether risk of recurrent preterm birth differs based on the clinical presentation of a prior spontaneous preterm birth (SPTB): advanced cervical dilatation (ACD), pre"
sentence_dense,sentence,dense,biomistral,Is duration of psychological treatment for depression related to return into treatment?,yes,yes,1,1,success,"The primary aim of this study was to investigate whether duration of treatment and return into mental health care were related. Cox regression analyses were used to assess whether duration of treatment and relapse into mental health care were related. The influence of affective disorder polarity on subsequent suicide attempts or completions and any differential effect of suicide risk factors by polarity were assessed in a prospective cohort. This study examined Dutch patients with an initial treatment episode in 2009 or 2010 in specialized mental health settings for depressive disorder (N = 85,754). Participants with major affective disorders in the National Institute of Mental Health (NIMH) Collaborative Depression Study (CDS) were followed prospectively for up to 25 years.", Yes.
sentence_dense,sentence,dense,biomistral,Does shaving the incision site increase the infection rate after spinal surgery?,maybe,yes,0,1,generation_failure,"To determine whether shaving the incision site before spinal surgery causes postsurgical infection. However, evidence from some surgical series suggests that presurgical shaving may increase the postsurgical infection rate. A total of 789 patients scheduled to undergo spinal surgery were randomly allocated into 2 groups: those in whom the site of operation was shaved immediately before surgery (shaved group; 371 patients) and the patients in whom presurgical shaving was not performed (unshaved group; 418 patients). The relationship between the use of an endoscope during ventriculoperitoneal shunt (VPS) procedures and infection remains poorly defined. A postoperative infection developed in 4 patients in the shaved group and in 1 patient in the nonshaved group (P<0.01).", Yes. Shaving the incision site before spinal surgery increases the infection rate after spinal surgery. (The evidence from the study shows that the infection rate is higher in the shaved group than in the unshaved group.)
sentence_dense,sentence,dense,biomistral,The influence of atmospheric pressure on aortic aneurysm rupture--is the diameter of the aneurysm important?,maybe,yes,0,1,generation_failure,"According to the literature, contradictory results concerning the relationship between atmospheric pressure and aneurysm size have been reported.AIM: In this paper, we assessed the influence of changes in atmospheric pressure on abdominal aneurysm ruptures in relationship to the aneurysm's size. The rate of aortic aneurysm rupture correlates with the aneurysm's diameter, and a higher rate of rupture is observed in patients with larger aneurysms. We investigate whether the anatomy of the aortic arch influences the severity of aortic injury. The size of the aneurysm was also considered in the analysis. A statistically non-significant trend towards the higher rupture of large aneurysms (>7 cm) was observed in the cases where the pressure increased between the day before the rupture and the day of the rupture.", Yes. The rate of aortic aneurysm rupture correlates with the aneurysm's diameter.
sentence_dense,sentence,dense,biomistral,Do French lay people and health professionals find it acceptable to breach confidentiality to protect a patient's wife from a sexually transmitted disease?,maybe,yes,0,1,generation_failure,"To determine under what conditions lay people and health professionals find it acceptable for a physician to breach confidentiality to protect the wife of a patient with a sexually transmitted disease (STD). The concept of breaching confidentiality to protect a wife from her husband's STD was favoured much more by lay people and psychologists than by physicians (mean ratings 11.76, 9.28 and 2.90, respectively, on a scale of 0-22). In a study in France, breaching confidentiality in 48 scenarios were accepted by 144 lay people, 10 psychologists and 7 physicians. The patient's stated intentions to protect his wife and to inform her of the disease had the greatest impact on acceptability. A cluster analysis showed groups of lay participants who found breaching confidentiality ""always acceptable"" (n = 14), ""depending on the many circumstances"" (n = 87), requiring ""consultation with an expert"" (n = 30) and ""never acceptable (n = 13)"".", Yes.
sentence_dense,sentence,dense,biomistral,Do somatic complaints predict subsequent symptoms of depression?,maybe,yes,0,1,generation_failure,"In particular, it is unclear whether somatic complaints may heighten the risk for the subsequent development of depressive symptoms. To identify distinctive features in patients with chronic functional somatic symptoms, and to determine whether these symptoms support the hypothesis of the existence of specific somatic syndromes. Evidence suggests substantial comorbidity between symptoms of somatization and depression in clinical as well as nonclinical populations. The influence of affective disorder polarity on subsequent suicide attempts or completions and any differential effect of suicide risk factors by polarity were assessed in a prospective cohort. Considering commonalities between depression and social anxiety and the presence of similar intrusive thoughts in social anxiety, the current study was designed to assess whether interference from irrelevant material in working memory is specific to depression or is also present in social anxiety disorder.", Yes.
sentence_dense,sentence,dense,biomistral,Are women with major depression in pregnancy identifiable in population health data?,no,yes,0,1,generation_failure,"The women with depression during their pregnancy were ascertained in two ways: women with dispensing records relating to dispensed antidepressant medicines with an WHO ATC code to the 3rd level, pharmacological subgroup, 'N06A Antidepressants'; and, women with any hospital admission during pregnancy, including the birth admission, if a comorbidity was recorded relating to depression. It is the objective of this study to investigate the differences in ascertainment which may arise between a hospital admission dataset and a dispensing claims dataset, using major depression in pregnancy as an example. There were 3010 (3.1%) women with a comorbidity related to depression recorded on their delivery admission, or other admission to hospital during pregnancy. The safe use of antidepressants in pregnancy is an ongoing issue for clinicians with around 10% of pregnant women suffer from depression. At least one antidepressant was dispensed to 4485 (4.6%) pregnant women.", Yes.
sentence_dense,sentence,dense,biomistral,Remote ischemic postconditioning: does it protect against ischemic damage in percutaneous coronary revascularization?,yes,yes,1,1,success,"The aim of this study was to evaluate the protective effect of remote postischemic conditioning in patients undergoing elective PCI for stable angina or non-ST elevation acute coronary syndrome with troponin<1 ng/ml at the time of randomization. Remote postischemic conditioning might reduce the myocardial lesions that are associated with PCI, but perhaps less so in diabetics. This randomized single-blinded single-center clinical trial involved 320 patients undergoing elective PCI who were randomized to either receive three 5-min cycles of ischemia by inflation of a cuff on the non-dominant arm to 200 mm Hg (remote postischemic conditioning) or to placebo (uninflated cuff). Conversely, RVP increased throughout ischemia (p<0.05) and returned toward baseline during reperfusion. Myocardial damage that is associated with percutaneous coronary intervention (PCI) partially affects the results of the procedure, and is related to medium-term cardiovascular death."," Yes. Remote ischemic postconditioning protects against ischemic damage in percutaneous coronary revascularization. Justification: [1, 2, 3, 4, 5]."
sentence_dense,sentence,dense,biomistral,Does combining antiretroviral agents in a single dosage form enhance quality of life of HIV/AIDS patients?,no,yes,0,1,generation_failure,"Combining various antiretroviral agents into one single dosage form has been a strategy to reduce pill burden and enhance medication adherence among human immunodeficiency virus /AIDS (HIV/AIDS) patients. One hundred seventy HIV/AIDS patients with ≥2 antiretroviral agents were identified from the MEPS database, of which 53% (n=92) were on FXD formulation. The Medical Expenditure Panel Survey (MEPS) was used to identify HIV/AIDS patients with ≥2 active antiretroviral medications. This is a cost-utility study from a health care system's perspective comparing coformulated fixed dose (FXD) strategy versus multiple free dose combination (FRC) in antiretroviral therapy. AIDS case reports, HIV testing of blood donors, antenatal clinic attenders (ANC), food service workers, sexually transmitted disease (STD) clinic attenders, female prostitutes, homosexuals and other groups were used to monitor the HIV/AIDS epidemic.", Yes. Combining antiretroviral agents into one single dosage form has been a strategy to reduce pill burden and enhance medication adherence among HIV/AIDS patients.
sentence_dense,sentence,dense,biomistral,The inverse equity hypothesis: does it apply to coverage of cancer screening in middle-income countries?,yes,yes,1,1,success,"It is uncertain whether the inverse equity hypothesis-the idea that new health interventions are initially primarily accessed by the rich, but that inequalities narrow with diffusion to the poor-holds true for cancer screening in low and middle income countries (LMICs).This study examines the relationship between overall coverage and economic inequalities in coverage of cancer screening in four middle-income countries. Economic inequalities in screening participation were substantially lower or non-existent in countries with higher aggregate coverage, for both breast cancer screening (RII: 14.57 in South Africa, 4.90 in China, 2.01 in Mexico, 1.04 in Russia) and cervical cancer screening (RII: 3.60 in China, 2.47 in South Africa, 1.39 in Mexico, 1.12 in Russia). Although selective and non-selective methods of preoperative carotid screening have been advocated, it remains unclear if this screening is clinically relevant.AIM: To test whether selective carotid screening is as effective as non-selective screening in detecting significant carotid disease. Coverage for breast cancer screening was 10.5% in South Africa, 19.3% in China, 33.8% in Russia and 43% in Mexico, and coverage for cervical cancer screening was 24% in South Africa, 27.2% in China, 63.7% in Mexico and 81.5% in Russia. Women without insurance and women attending 1 of the 3 clinics were less likely to adhere to any follow-up recommendation (hazard ratio for no insurance, 0.43 [95% confidence interval, 0.20-0.93], and for clinic, 0.35 [95% confidence interval, 0.15-0.73])."," Yes. Economic inequalities in screening participation were substantially lower or non-existent in countries with higher aggregate coverage, for both breast cancer screening (RII: 14.57 in South Africa, 4.90 in"
sentence_dense,sentence,dense,biomistral,Identification of racial disparities in breast cancer mortality: does scale matter?,yes,yes,1,1,success,"This paper investigates the impact of geographic scale (census tract, zip code, and county) on the detection of disparities in breast cancer mortality among three ethnic groups in Texas (period 1995-2005). Racial disparities were quantified using both relative (RR) and absolute (RD) statistics that account for the population size and correct for unreliable rates typically observed for minority groups and smaller geographic units. The proportion and location of significant racial disparities however changed depending on the type of statistic (RR versus RD) and the geographic level. First, to establish whether a deprivation gradient in all-cause mortality exists for all ethnic groups within New Zealand; second, if such gradients do exist, whether their absolute slopes are the same; and third, if such gradients exist, what impact the unequal deprivation distributions of the different ethnic groups have on the observed ethnic inequalities in life expectancy at birth. In the family- and community services domain, improvements in breastfeeding were associated with significant changes in mortality in the 30 countries but not in the African subset; while in the African countries, nutritional status improvements were associated with a significant decline in mortality."," Yes. Justification: ""The proportion and location of significant racial disparities however changed depending on the type of statistic (RR versus RD) and the geographic level."""
sentence_dense,sentence,dense,biomistral,Does the leukocyte count correlate with the severity of injury?,yes,no,0,0,retrieval_failure,"Mortality at index admission, transfusion requirement during first 24 hours, and presence of nonorthopaedic injuries as a function of Young-Burgess pelvic classification type. The objectives of this study were to evaluate the ability of the Young-Burgess classification system to predict mortality, transfusion requirements, and nonorthopaedic injuries in patients with pelvic ring fractures and to determine whether mortality rates after pelvic fractures have changed over time. The purpose of this study was to delineate early respiratory predictors of mortality in children with hemato-oncology malignancy who developed acute respiratory distress syndrome (ARDS). The purpose of this study was to determine: (1) the incidence of complications using therapeutic anticoagulation in trauma patients, and (2) if any patient factors are associated with these complications. To determine the relationship between injury severity surrogates and other patient factors with the development and severity of heterotopic ossification (HO) following open reduction internal fixation of acetabular fractures treated with a posterior approach.", No. The leukocyte count does not correlate with the severity of injury. The leukocyte count is not a good predictor of the severity of injury. The leukocyte count is not a good predictor
sentence_dense,sentence,dense,biomistral,Can transcranial direct current stimulation be useful in differentiating unresponsive wakefulness syndrome from minimally conscious state patients?,yes,yes,1,1,success,"Disorders of consciousness (DOC) diagnosis relies on the presence or absence of purposeful motor responsiveness, which characterizes the minimally conscious state (MCS) and the unresponsive wakefulness syndrome (UWS), respectively. The aim of our study was to identify electrophysiological parameters, by means of a transcranial magnetic stimulation approach, which might potentially express the presence of residual networks sustaining fragmentary behavioral patterns, even when no conscious behavior can be observed. To determine the potential prognostic value of using functional magnetic resonance imaging (fMRI) to identify patients with disorders of consciousness, who show potential for recovery. Thirty-four subjects (mean age 55 years, body mass index 34 kg/m 2 , fasting triglycerides 3.5 mmol/L) with diagnosed sleep apnoea syndrome not treated with continuous positive airways pressure were enrolled and randomized to once daily treatment with fenofibrate (145 mg NanoCrystal(R) tablet) or placebo. The difference between non-cycloplegic and cycloplegic refractive measurements was analyzed."," Yes. The aim of the study is to identify electrophysiological parameters, by means of a transcranial magnetic stimulation approach, which might potentially express the presence of residual networks sustaining fragmentary behavioral patterns, even when no"
sentence_dense,sentence,dense,biomistral,Aromatase inhibitor-related musculoskeletal symptoms: is preventing osteoporosis the key to eliminating these symptoms?,yes,no,0,1,generation_failure,"The aim of this study was to correlate these musculoskeletal symptoms and bone fractures in patients receiving AIs with bone mineral density (BMD), previous tamoxifen use, and administration of calcium/bisphosphonate (Ca/Bis). Arthralgia, generalized bone pain and/or myalgia, bone fracture after beginning AIs, any tamoxifen treatment, and Ca/Bis therapy were recorded. Similarly, the group receiving tamoxifen before AIs had fewer patients with arthralgia or generalized bone pain/myalgia or bone fracture (P<.001). However, patients receiving AIs report a higher incidence of musculoskeletal symptoms and bone fractures; the mechanism and risk factors for this correlation are not well studied. Finally, the group receiving steroidal AIs compared with nonsteroidal AIs had more patients with arthralgia or generalized bone pain and/or myalgia, and bone fractures (P<.001).", No. Preventing osteoporosis is not the key to eliminating these symptoms. The mechanism and risk factors for the correlation between aromatase inhibitor-related musculoskeletal symptoms and bone fractures are not well
sentence_dense,sentence,dense,biomistral,Could different follow-up modalities play a role in the diagnosis of asymptomatic endometrial cancer relapses?,maybe,yes,0,1,generation_failure,To determine current practice and to assess the value of routine follow-up procedures for endometrial cancer surveillance. To discuss whether such procedures are feasible and effective to identify asymptomatic recurrences and describe the pattern of relapse detected by procedures. To compare adherence to follow-up recommendations for colposcopy or repeated Papanicolaou (Pap) smears for women with previously abnormal Pap smear results. The influence of positron emission tomography in the management of recurrent rectal cancer is well established but its role in primary rectal cancer remains uncertain. Patients with untreated locally advanced primary or clinically curable recurrent cervical carcinoma were enrolled., Yes.
sentence_dense,sentence,dense,biomistral,Locoregional opening of the rodent blood-brain barrier for paclitaxel using Nd:YAG laser-induced thermo therapy: a new concept of adjuvant glioma therapy?,yes,yes,1,1,success,"We address the question of whether LITT-induced locoregional disruption of the BBB could possibly allow a locoregional passage of chemotherapeutic agents into brain tissue to treat malignant glioma.STUDY DESIGN/ Nd:YAG laser-induced thermo therapy (LITT) of rat brains is associated with blood-brain barrier (BBB) permeability changes. Animals were perfused with paclitaxel, and high-pressure liquid chromatography (HPLC) was employed to analyze the content of paclitaxel in brain and plasma samples. Moreover, biochemical measurements of oxidative stress markers (MDA, GSH and TAC) revealed that prophylactic edaravone treatment attenuated oxidative stress induced by I/R injury. To evaluate the impact of HER2 immunoreactivity on clinical outcome in locally advanced urothelial carcinoma patients who received surgery alone, or methotrexate, vinblastine, epirubicin, and cisplatin (M-VEC) as adjuvant chemotherapy.", Yes. The study shows that LITT-induced locoregional disruption of the BBB could possibly allow a locoregional passage of chemotherapeutic agents into brain tissue to treat malignant glioma.
sentence_dense,sentence,dense,biomistral,Preoperative tracheobronchoscopy in newborns with esophageal atresia: does it matter?,yes,yes,1,1,success,"Despite surgical refinements, perioperative use of tracheobronchoscopy (TBS) as part of surgical approach to esophageal atresia (EA) is still controversial. We sought to determine the feasibility and assess the clinical outcomes associated with an early extubation strategy for all children undergoing congenital heart surgery, including neonates (age,<30 days). Infantile hypertrophic pyloric stenosis (IHPS) is a common condition which presents in infants at 2-12 weeks of postnatal life, and whose cause remains obscure. Demographics, location of atresia, operative findings, complications, investigations, resumption of feeding, duration of prolonged parental nutrition, and follow-up information were examined. Our objective in this study was to determine whether the decision to manage a contralateral hydrocele in cases of neonatal testicular torsion solely through a scrotal approach is safe and effective.", Yes.
sentence_dense,sentence,dense,biomistral,Is horizontal semicircular canal ocular reflex influenced by otolith organs input?,yes,no,0,1,generation_failure,"To clarify whether horizontal canal ocular reflex is influenced by otolith organs input. Tinnitus can be related to many different aetiologies such as hearing loss or a noise trauma, but it can also be related to the somatosensory system of the cervical spine, called cervicogenic somatic tinnitus (CST). To understand the effect of past group A streptococcal infection on MS, antistreptolysin O (ASO) and antideoxyribonuclease B (ADNase B) were measured in 21 patients with relapsing-remitting MS and 21 healthy blood donors by nephelometric assay. One cochlea specimen from each animal was stained with haematoxylin and eosin and the other with toluidine blue. To determine whether post-operative administration of topical ropivacaine hydrochloride decreases morbidity following adenotonsillectomy.", No.
sentence_dense,sentence,dense,biomistral,Is perforation of the appendix a risk factor for tubal infertility and ectopic pregnancy?,maybe,yes,0,1,generation_failure,"To critically assess the evidence that appendiceal perforation is a risk factor for subsequent tubal infertility or ectopic pregnancy. Review of the literature yielded estimates of the risk of adverse fertility outcomes ranging from 1.6 (95% confidence interval [CI] 1.1 to 2.5) for ectopic pregnancy after an appendectomy to 4.8 (95% CI 1.5 to 14.9) for tubal infertility from perforation of the appendix. Epidemiologic studies investigating the relationship between appendectomy and infertility or ectopic pregnancy were identified by searching the MEDLINE database from 1966 to 1997. The objective of the study was to determine whether risk of recurrent preterm birth differs based on the clinical presentation of a prior spontaneous preterm birth (SPTB): advanced cervical dilatation (ACD), preterm premature rupture of membranes (PPROM), or preterm labor (PTL). The purpose of this study is to determine if baseline antral follicle assessment may serve as additional information in predicting in vitro fertilization outcome.", Yes. The risk of tubal infertility from perforation of the appendix is 4.8 (95% CI 1.5 to 14.9) and the risk of ectopic pregnancy after an
sentence_dense,sentence,dense,biomistral,Serovar specific immunity to Neisseria gonorrhoeae: does it exist?,no,yes,0,1,generation_failure,"To determine whether the host immune response to gonorrhoea provides limited serovar specific protection from reinfection. Although the mechanisms of inducting autoimmunity by some of the infectious agents have been investigated, there is not yet enough research on streptococcal infections.MATERIAL/ To understand the effect of past group A streptococcal infection on MS, antistreptolysin O (ASO) and antideoxyribonuclease B (ADNase B) were measured in 21 patients with relapsing-remitting MS and 21 healthy blood donors by nephelometric assay. Patients with recurrent gonococcal infection were analysed with respect to the initial and subsequent serovars isolated. Our objective in this study was to determine whether the decision to manage a contralateral hydrocele in cases of neonatal testicular torsion solely through a scrotal approach is safe and effective.", Yes.
sentence_dense,sentence,dense,biomistral,May student examiners be reasonable substitute examiners for faculty in an undergraduate OSCE on medical emergencies?,yes,yes,1,1,success,"To compare the effect of student examiners (SE) to that of faculty examiners (FE) on examinee performance in an OSCE as well as on post-assessment evaluation in the area of emergency medicine management. Students chose any two surgical rotations and were assessed by written examination, objective structured clinical examination (OSCE), ward evaluations, self-assessment objectives questionnaire, and satisfaction survey. An OSCE test-format (seven stations: Advanced Cardiac Life Support (ACLS), Basic Life Support (BLS), Trauma-Management (TM), Pediatric-Emergencies (PE), Acute-Coronary-Syndrome (ACS), Airway-Management (AM), and Obstetrical-Emergencies (OE)) was administered to 207 medical students in their third year of training after they had received didactics in emergency medicine management. Resident performance was assessed using objective measures including American Board of Orthopaedic Surgery (ABOS) Part I scores and Orthopaedics In-Training Exam (OITE) scores and subjective ratings by faculty including global evaluation scores and faculty rankings of residents. Preresidency selection criteria examined included United States Medical Licensing Examination (USMLE) Step 1 and Step 2 scores, Medical College Admission Test (MCAT) scores, number of clinical clerkship honors, number of letters of recommendation, number of away rotations, Alpha Omega Alpha (AOA) honor medical society membership, fourth-year subinternship at our institution, and number of publications.", Yes.
sentence_dense,sentence,dense,biomistral,Are endothelial cell patterns of astrocytomas indicative of grade?,yes,yes,1,1,success,"Classic histologic grading schemes for astrocytomas have included evaluating the presence or absence of nuclear abnormalities, mitoses, vascular endothelial proliferation, and tumor necrosis. Diffuse, low grade astrocytoma (three cases) showed a staining pattern similar to control tissue; intermediate grade (one case), anaplastic astrocytoma (three cases) and gliobastoma multiforme (six cases) showed an increased vessel density with multiple small vessels (glomeruloid clusters), some with prominent intimal hyperplasia, loss of vessel wall integrity, and with numerous vWF-positive single cells/microvessels within the tumor substance. We evaluated the vascular pattern of 17 astrocytoma surgical specimens (seven from children and 10 from adults), and four normal brains obtained at autopsy, utilizing antibody to glial fibrillary acidic protein (GFAP) and von Willebrand factor (vWF) utilizing confocal microscopy. The most common primary brain tumors in children and adults are of astrocytic origin. Pilocytic astrocytomas (four cases) showed lacy clusters of small-to-medium sized vessels, with intact vessel wall integrity.", Yes.
sentence_dense,sentence,dense,biomistral,Do healthier lifestyles lead to less utilization of healthcare resources?,no,no,1,1,success,"The question is, do health behaviors have an impact on the use of medical resources? It is uncertain whether the inverse equity hypothesis-the idea that new health interventions are initially primarily accessed by the rich, but that inequalities narrow with diffusion to the poor-holds true for cancer screening in low and middle income countries (LMICs).This study examines the relationship between overall coverage and economic inequalities in coverage of cancer screening in four middle-income countries. An online survey was conducted to elicit the relative importance placed on preventing harms caused by 1) health care (hospital-acquired infections, drug administration errors, injuries to health care staff), 2) individuals (personal lifestyle choices, sports-related injuries), and 3) nature (genetic disorders). Although observational data support an inverse relationship between high-density lipoprotein (HDL) cholesterol and coronary heart disease (CHD), genetic HDL deficiency states often do not correlate with premature CHD. This study aims to identify and understand the difference in the number of outpatient visits and health examinations based on various health behaviors and to determine whether patients seek medical care for illness from the same physicians.", No. Healthier lifestyles do not lead to less utilization of healthcare resources. The inverse equity hypothesis holds true for cancer screening in low and middle income countries. Healthier lifestyles do not lead to less utilization of healthcare resources.
sentence_dense,sentence,dense,biomistral,Antral follicle assessment as a tool for predicting outcome in IVF--is it a better predictor than age and FSH?,maybe,yes,0,1,generation_failure,"The purpose of this study is to determine if baseline antral follicle assessment may serve as additional information in predicting in vitro fertilization outcome. The outcomes were analyzed with respect to antral follicle assessment (<or = 6 or>6), basal cycle day 3 follicle stimulated hormone (<or = 10 or>10 IU/L) and maternal age (<or = 35 or>35 years). Controlling for patient age, and basal follicle stimulated hormone, the pregnancy rate was significantly higher in the group with antral follicle>6 compared to that in the group with antral follicle<or = 6. From July 1998 to July 1999, 224 patients underwent antral follicle assessment (follicle 2-6 mm in diameter) on baseline of the planned, stimulated in vitro fertilization cycle. The clinical pregnancy rate was significantly higher in the group with baseline antral follicle>6 compared to that in the group with antral follicle<or = 6 (51% vs. 19%, respectively)."," Yes. Controlling for patient age and basal FSH, the pregnancy rate was significantly higher in the group with antral follicle>6 compared to that in the group with antral follicle<or = 6."
sentence_dense,sentence,dense,biomistral,Do all ethnic groups in New Zealand exhibit socio-economic mortality gradients?,yes,yes,1,1,success,"First, to establish whether a deprivation gradient in all-cause mortality exists for all ethnic groups within New Zealand; second, if such gradients do exist, whether their absolute slopes are the same; and third, if such gradients exist, what impact the unequal deprivation distributions of the different ethnic groups have on the observed ethnic inequalities in life expectancy at birth. The contribution of variation in deprivation distributions to inter-ethnic inequalities in life expectancy was estimated by re-weighting the quintile-specific mortality rates for each ethnic group using weights derived from the European deprivation distribution and recalculating the lifetable. Gradients were estimated by fitting generalised linear models to the quintile-specific life expectancy estimates for each ethnic group (by sex). Abridged lifetables for the period 1999-2003 were constructed using standard demographic methods for each of four ethnic groups (Asian, Pacific, Maori and European) by NZDep2001 quintile and sex. All four ethnic groups exhibit deprivation gradients in all-cause mortality (life expectancy).", Yes.
sentence_dense,sentence,dense,biomistral,Can normal knee kinematics be restored with unicompartmental knee replacement?,no,yes,0,1,generation_failure,"Unicompartmental replacement can be an alternative to tibial osteotomy in younger, active patients with unicompartmental knee disease. To test this hypothesis, knee kinematics and quadriceps tension were recorded before and after replacement with a unicompartmental design and then with a tricompartmental design. Therefore, it was hypothesized that the knee kinematics after unicompartmental replacement may also be unchanged. Six human cadaver knees were tested before implantation, after implantation with a bicruciate-retaining unicompartmental knee prosthesis, and after implantation with a posterior cruciate-retaining tricompartmental knee prosthesis. The unicompartmental prosthesis was initially implanted, and it was then revised to a total condylar knee replacement."," Yes. The unicompartmental prosthesis was initially implanted, and it was then revised to a total condylar knee replacement."
sentence_dense,sentence,dense,biomistral,Are serum leptin levels a prognostic factor in advanced lung cancer?,no,no,1,0,lucky_guess,"Prognostic significance of the following independent variables was tested using univariate (log-rank) and multivariate (Cox proportional-hazards) analysis: type of resection (sublobar vs lobectomy vs pneumonectomy), histology (squamous cell vs adenocarcinoma), tumour size (<or=3cm vs>3cm), histologic vascular invasion, visceral pleura involvement, positive bronchial resection margin, general T status. The aim of this prognostic factor analysis was to investigate if a patient's self-reported health-related quality of life (HRQOL) provided independent prognostic information for survival in non-small cell lung cancer (NSCLC) patients. The objective of our study was to analyze prognostic factors related to survival and to see whether cytostatic treatment was an independent predictor. We review our results on surgical treatment of patients with stage I non-small cell lung carcinoma and we attempted to clarify the prognostic significance of some surgical--pathologic variables. It is not well known, however, whether genetic traits also influence prognostic features of the malignant phenotype.", No. (The study does not mention anything about leptin levels being a prognostic factor.)
sentence_dense,sentence,dense,biomistral,Is fetal gender associated with emergency department visits for asthma during pregnancy?,no,no,1,1,success,"To investigate if fetal gender (1) affects the risk of having an emergency department (ED) visit for asthma; and (2) is associated with adverse pregnancy outcomes among women who had at least one visit to the ED for asthma during pregnancy. We performed a multivariable analysis using logistic regression to model the risk of having an ED visit for asthma, with fetal gender being one of the predictors. While having an ED visit for asthma was positively associated with teenage pregnancy, low income, and presence of pregnancy-induced hypertension, it was not associated with fetal gender (OR 1.01, 95% CI 0.85-1.19). Pregnant women who made at least one ED visit for asthma were counted as cases and the rest of the women as control subjects. Fetal gender was not a significant predictor of adverse pregnancy outcomes among women who had an asthma ED visit during pregnancy."," No. [2, 3, 4, 5] Fetal gender is not a significant predictor of emergency department visits for asthma during pregnancy."
sentence_dense,sentence,dense,biomistral,Stretch-sensitive KCNQ1 mutation A link between genetic and environmental factors in the pathogenesis of atrial fibrillation?,yes,no,0,1,generation_failure,"This study sought to evaluate mutations in genes encoding the slow component of the cardiac delayed rectifier K+ current (I(Ks)) channel in familial atrial fibrillation (AF). The effects of mutant protein on cardiac I(Ks) activation were evaluated using electrophysiological studies and human atrial action potential modeling. One missense KCNQ1 mutation, R14C, was identified in 1 family with a high prevalence of hypertension. Twenty patients (age 62 ± 9 years, 13 males) with persistent AF and 9 control subjects without organic heart disease or AF (age 36 ± 6 years, 4 males) underwent detailed CFAE and SRF left atrial electroanatomic maps. Although AF can have a genetic etiology, links between inherited gene defects and acquired factors such as atrial stretch have not been explored.", No. The study did not find a link between stretch-sensitive KCNQ1 mutation and acquired factors such as atrial stretch.
sentence_dense,sentence,dense,biomistral,Are adult body circumferences associated with height?,yes,yes,1,1,success,"If, and how, circumferences, including waist circumference (WC) and hip circumference (HC), scale to height remains unclear, but this is an important consideration when developing normative ranges or applying WC/height and HC/height as risk indexes. After adjustment for age and race, weight scaled to height in men and women with mean (±SEE) powers of 2.29 ± 0.11 and 1.80 ± 0.07, respectively (both P<0.001). We examined the relationship between body mass index and prostate specific antigen by age in men without prostate cancer in a longitudinal aging study to determine whether prostate specific antigen must be adjusted for body mass index. In addition to height, allometric models were developed for each measure that controlled for age, race, and self-reported health status. Weight scales as height squared, which is an observation that forms the basis of body mass index (weight/height(2)).", Yes.
sentence_dense,sentence,dense,biomistral,Would corrected QT dispersion predict left ventricular hypertrophy in hypertensive patients?,yes,yes,1,1,success,"We explored whether QT corrected dispersion (QTcD) can identify left ventricular hypertrophy (LVH) in hypertensives. Echocardiography was performed to measure left ventricular mass and left ventricular mass index. Similarly, among hypertensive patients, those with LVH had a significantly greater QTcD compared with those without (p<0.001). Hypertensive patients had significantly greater indices of LVH and QTcD compared with controls (p<0.001 for all). The aim of this study was to evaluate the protective effect of remote postischemic conditioning in patients undergoing elective PCI for stable angina or non-ST elevation acute coronary syndrome with troponin<1 ng/ml at the time of randomization.", Yes. The corrected QT dispersion was significantly greater in hypertensive patients with left ventricular hypertrophy compared with those without (p<0.001).
sentence_dense,sentence,dense,biomistral,Traumatic aortic injury: does the anatomy of the aortic arch influence aortic trauma severity?,yes,yes,1,1,success,"We investigate whether the anatomy of the aortic arch influences the severity of aortic injury. The rate of aortic aneurysm rupture correlates with the aneurysm's diameter, and a higher rate of rupture is observed in patients with larger aneurysms. According to the literature, contradictory results concerning the relationship between atmospheric pressure and aneurysm size have been reported.AIM: In this paper, we assessed the influence of changes in atmospheric pressure on abdominal aneurysm ruptures in relationship to the aneurysm's size. A multivariate analysis confirmed that the aortic arch angle was significantly associated with the occurrence of type III damage (OR 1.5; 95% CI 1.03-2.2). We measured the aortic arch angle and the aortic arch index, based on the initial angio-CT scan, in each of the analyzed cases.", Yes. The aortic arch angle was significantly associated with the occurrence of type III damage. (Citation: [4])
sentence_dense,sentence,dense,biomistral,Inpatient versus outpatient management of neutropenic fever in gynecologic oncology patients: is risk stratification useful?,yes,yes,1,1,success,"This study aimed to evaluate the utility of risk stratification of gynecologic oncology patients with neutropenic fever (NF). A retrospective chart review of gynecologic cancer patients admitted with NF from 2007 to 2011 was performed, wherein demographic, oncologic, and NF characteristics (hospitalization length, complications, and death) were collected. The purpose of this study was to delineate early respiratory predictors of mortality in children with hemato-oncology malignancy who developed acute respiratory distress syndrome (ARDS). The objectives of this study were to evaluate the ability of the Young-Burgess classification system to predict mortality, transfusion requirements, and nonorthopaedic injuries in patients with pelvic ring fractures and to determine whether mortality rates after pelvic fractures have changed over time. High-risk patients were more likely to have a severe complication (10% versus 50%, p=0.0003), multiple severe complications (3% versus 20%, p=0.0278), ICU admission (2% versus 40%, p<0.0001), overall mortality (2% versus 15%, p=0.0417), and death due to neutropenic fever (0% versus 15%, p=0.0124).", Yes. The study aimed to evaluate the utility of risk stratification of gynecologic oncology patients with neutropenic fever (NF). The study found that high-risk patients were more likely to have a severe complication
sentence_dense,sentence,dense,biomistral,Should chest wall irradiation be included after mastectomy and negative node breast cancer?,maybe,yes,0,1,generation_failure,"This study aims to evaluate local failure patterns in node negative breast cancer patients treated with post-mastectomy radiotherapy including internal mammary chain only. Retrospective analysis of patients in an academic breast service, who underwent mastectomy, with or without reconstruction, and received adjuvant chemotherapy. Retrospective analysis of 92 internal or central-breast node-negative tumours with mastectomy and external irradiation of the internal mammary chain at the dose of 50 Gy, from 1994 to 1998. Immediate breast reconstruction (IBR) provides psychological benefit to many early breast cancer patients however concerns persist regarding its potential impact on chemotherapy delivery. To evaluate accelerated partial breast irradiation (APBI) in patients after oncoplastic surgery for early breast cancer.", Yes. The study shows that local failure patterns are more common in patients who did not receive chest wall irradiation.
sentence_dense,sentence,dense,biomistral,Can bisphosphonate treatment be stopped in a growing child with skeletal fragility?,maybe,no,0,1,generation_failure,"The BMD at both sites decreased precipitously within 24 months of stopping treatment, raising the question as to whether bisphosphonates can be stopped in a growing child with skeletal fragility. Cyclical pamidronate therapy in a 2-year-old child with skeletal fragility resulted in remodelling of vertebral fractures and improvement in bone mineral density (BMD) at distal radial and spinal sites. This case report presents bone densitometry data before, during and after bisphosphonate treatment. The aim of this study was to correlate these musculoskeletal symptoms and bone fractures in patients receiving AIs with bone mineral density (BMD), previous tamoxifen use, and administration of calcium/bisphosphonate (Ca/Bis). Arthralgia, generalized bone pain and/or myalgia, bone fracture after beginning AIs, any tamoxifen treatment, and Ca/Bis therapy were recorded.", No. The BMD at both sites decreased precipitously within 24 months of stopping treatment.
sentence_dense,sentence,dense,biomistral,"Regional anesthesia as compared with general anesthesia for surgery in geriatric patients with hip fracture: does it decrease morbidity, mortality, and health care costs?",no,yes,0,1,generation_failure,"The average cost of hospitalization in patients who received surgery for hip fracture was no different between patients who receive regional or general anesthesia ($16,789 + 631 vs $16,815 + 643, respectively, P = 0.9557). This retrospective cohort review examines the effects of regional anesthesia (from mainly after July 2007) vs general anesthesia (mainly prior to July 2007) on morbidity, mortality and hospitalization costs. At our institution, a regional anesthesia program was instituted for patients undergoing surgery for hip fracture. The objectives of this study were to evaluate the ability of the Young-Burgess classification system to predict mortality, transfusion requirements, and nonorthopaedic injuries in patients with pelvic ring fractures and to determine whether mortality rates after pelvic fractures have changed over time. When controlled for patient factors, stage, and hospital factors, patients in the short-distance/low-volume group had lower odds of a lymph node yield ≥12 (OR = 0.51) and neoadjuvant chemoradiation (OR = 0.67) and higher 30-day (OR = 3.38) and 90-day mortality (OR = 2.07) compared with those in the long-distance/high-volume group."," Yes. Regional anesthesia for surgery in geriatric patients with hip fracture decreases morbidity, mortality, and health care costs. (The evidence from [1, 2, 3] supports this answer.)"
sentence_dense,sentence,dense,biomistral,Does blood pressure change in treated hypertensive patients depending on whether it is measured by a physician or a nurse?,yes,yes,1,1,success,"To determine whether there are differences between blood pressure (BP) measured by the nurse (NBP), BP measured by the physician (PBP) and self-measured BP in treated hypertensive patients and, if found, to evaluate their clinical importance. This trend was particularly pronounced in patients suffering from hypertension (p = 0.1). Blood pressure and standardized questionnaires addressing side effects were evaluated during treatment. Although consensus guidelines for pretreatment evaluation and monitoring of propranolol therapy in patients with infantile hemangiomas (IH) have been formulated, little is known about the cardiovascular side effects. Health care providers, which include house staff, nurses, and respiratory care practitioners who provide care to patients with asthma in the primary general medicine clinic or the pulmonary medicine clinic of a university-county hospital in which patients were referred, were surveyed and assigned a performance score regarding the knowledge base of the appropriate use of metered-dose inhalers.", Yes.
sentence_dense,sentence,dense,biomistral,Treadmill testing of children who have spina bifida and are ambulatory: does peak oxygen uptake reflect maximum oxygen uptake?,yes,no,0,1,generation_failure,")Vo(2)max) in children who have spina bifida and are ambulatory. )Vo(2)peak) in children with spina bifida. )Vo(2)peak measurements was evaluated by use of previously described guidelines for maximum exercise testing in children who are healthy, as well as differences between Vo(2)peak and (. We sought to determine whether patients with obstructive sleep apnea (OSA) had an objective change in aerobic fitness during cycle ergometry compared to a normal population. These results apply to children who have spina bifida and are at least community ambulatory.", No.
sentence_dense,sentence,dense,biomistral,Is the probability of prenatal diagnosis or termination of pregnancy different for fetuses with congenital anomalies conceived following assisted reproductive techniques?,no,yes,0,1,generation_failure,"To compare the probability of prenatal diagnosis (PND) and termination of pregnancy for fetal anomaly (TOPFA) between fetuses conceived by assisted reproductive techniques (ART) and spontaneously-conceived fetuses with congenital heart defects (CHD). The objective of the study was to determine whether risk of recurrent preterm birth differs based on the clinical presentation of a prior spontaneous preterm birth (SPTB): advanced cervical dilatation (ACD), preterm premature rupture of membranes (PPROM), or preterm labor (PTL). Comparison of ART-conceived and spontaneously conceived fetuses taking into account potential confounders (maternal characteristics, multiplicity and year of birth or TOPFA). Probability and gestational age at PND and TOPFA for ART-conceived versus spontaneously conceived fetuses. Review of the literature yielded estimates of the risk of adverse fertility outcomes ranging from 1.6 (95% confidence interval [CI] 1.1 to 2.5) for ectopic pregnancy after an appendectomy to 4.8 (95% CI 1.5 to 14.9) for tubal infertility from perforation of the appendix.", Yes. Justification: “The probability of prenatal diagnosis and termination of pregnancy for fetal anomaly was significantly higher in ART-conceived fetuses than in spontaneously conceived fetuses with congenital heart defects
sentence_dense,sentence,dense,biomistral,Is there a relationship between complex fractionated atrial electrograms recorded during atrial fibrillation and sinus rhythm fractionation?,no,yes,0,1,generation_failure,"Both ablation-targeting complex fractionated atrial electrograms (CFAEs) recorded during AF and fractionated electrograms recorded during sinus rhythm (sinus rhythm fractionation [SRF]) have been described. This study sought to evaluate mutations in genes encoding the slow component of the cardiac delayed rectifier K+ current (I(Ks)) channel in familial atrial fibrillation (AF). Twenty patients (age 62 ± 9 years, 13 males) with persistent AF and 9 control subjects without organic heart disease or AF (age 36 ± 6 years, 4 males) underwent detailed CFAE and SRF left atrial electroanatomic maps. Subanalyses were performed for defects that have been associated with FA in non-DS populations (conotruncal, ventricular septal [VSD]) and for those that are associated with DS (ostium secundum type atrial septal defects [ASD]and endocardial cushion defects [ECD]). Ablation of persistent atrial fibrillation (AF) may require adjunctive methods of substrate modification.", Yes.
sentence_dense,sentence,dense,biomistral,Does rural or urban residence make a difference to neonatal outcome in premature birth?,yes,yes,1,1,success,"Perinatal characteristics, major morbidity and case mix adjusted mortality were compared between 1879 rural and 6775 urban infants<32 weeks gestational age, born in 1992-2002 and admitted to all 10 neonatal intensive care units in NSW and ACT. Patients living in rural areas may be at a disadvantage in accessing tertiary health care.AIM: To test the hypothesis that very premature infants born to mothers residing in rural areas have poorer outcomes than those residing in urban areas in the state of New South Wales (NSW) and the Australian Capital Territory (ACT) despite a coordinated referral and transport system. Regional birth data in this gestational age range also showed a higher stillbirth rate among rural infants (OR 1.20, 95% CI 1.09 to 1.32, p<0.001). Infants of rural residence had a higher mortality (adjusted odds ratio (OR) 1.26, 95% confidence interval (CI) 1.07 to 1.48, p = 0.005). The objective of the study was to determine whether risk of recurrent preterm birth differs based on the clinical presentation of a prior spontaneous preterm birth (SPTB): advanced cervical dilatation (ACD), preterm premature rupture of membranes (PPROM), or preterm labor (PTL).", Yes.
sentence_dense,sentence,dense,biomistral,Is the use of cyanoacrylate in intestinal anastomosis a good and reliable alternative?,yes,no,0,1,generation_failure,"Intestinal anastomosis was performed by polyglactin 910 sutures in A subgroups and with ethyl-2-cyanoacrylate in B subgroups. The present study aims to compare strength, healing, and operation time of experimental intestinal anastomoses performed by polyglactin 910 (Vicryl; Ethicon, Edinburgh, United Kingdom) sutures with ethyl-2-cyanoacrylate glue (Pattex; Henkel, Dusseldorf, Germany). To determine whether post-operative administration of topical ropivacaine hydrochloride decreases morbidity following adenotonsillectomy. Four groups were determined (rectal, rectosigmoid, long segment, and absence of transition zone) and by Kappa coefficient of agreement correlated to the length of aganglionosis in the pathological report. Our objective in this study was to determine whether the decision to manage a contralateral hydrocele in cases of neonatal testicular torsion solely through a scrotal approach is safe and effective."," No. [1, 2] The present study aims to compare strength, healing, and operation time of experimental intestinal anastomoses performed by polyglactin 910 (Vicryl; Ethicon, Edinburgh"
sentence_dense,sentence,dense,biomistral,Is trabecular bone related to primary stability of miniscrews?,yes,yes,1,1,success,"To compare the primary stability of miniscrews inserted into bone blocks of different bone mineral densities (BMDs) with and without cortical bone, and investigate whether some trabecular properties could influence primary stability. Miniscrews 1.4 mm in diameter and 6 mm long were inserted into the bone blocks, and primary stability was evaluated by insertion torque (IT), mini-implant mobility (PTV), and pull-out strength (PS). Specimens were micro-computed tomography imaged to evaluate trabecular thickness, trabecular number, trabecular separation, bone volume density (BV/TV), BMD, and cortical thickness. The proper angle of miniscrew insertion is important for cortical anchorage, patient safety, and biomechanical control. To test this hypothesis, knee kinematics and quadriceps tension were recorded before and after replacement with a unicompartmental design and then with a tricompartmental design.", Yes.
sentence_dense,sentence,dense,biomistral,"Is there any evidence of a ""July effect"" in patients undergoing major cancer surgery?",no,no,1,1,success,"There has been some evidence supporting the presence of the July effect, including data from surgical specialties. On univariate analysis, the overall postoperative complication rate, as well as genitourinary and hematologic complications specifically, was higher in July than the rest of the year. However, on multivariate analysis, only hematologic complications were significantly higher in July, with no difference in overall postoperative complication rate or in-hospital mortality for all 8 surgeries considered separately or together. This retrospective cohort review examines the effects of regional anesthesia (from mainly after July 2007) vs general anesthesia (mainly prior to July 2007) on morbidity, mortality and hospitalization costs. We review our results on surgical treatment of patients with stage I non-small cell lung carcinoma and we attempted to clarify the prognostic significance of some surgical--pathologic variables."," No. There is no evidence of a ""July effect"" in patients undergoing major cancer surgery. The July effect is a phenomenon where patients undergoing surgery have higher complication rates in July than in the rest of the year. The evidence presented"
sentence_dense,sentence,dense,biomistral,Is it necessary to insert a nasobiliary drainage tube routinely after endoscopic clearance of the common bile duct in patients with choledocholithiasis-induced cholangitis?,no,no,1,1,success,"Little is known about whether a routinely inserted endoscopic nasobiliary drainage (ENBD) tube improves the clinical course in patients with choledocholithiasis-induced acute cholangitis after clearance of choledocholithiasis. A total of 104 patients with choledocholithiasis-induced acute cholangitis who underwent primary endoscopic treatment were compared according to insertion of an ENBD tube (51 in the ENBD group and 53 in the no-ENBD group). The aim of this study was to investigate the need for ENBD on the clinical outcomes of patients with acute cholangitis undergoing endoscopic clearance of common bile duct (CBD) stones. Insertion of an ENBD tube after clearance of CBD stones. We have previously reported the feasibility of diagnostic and therapeutic peritoneoscopy including liver biopsy, gastrojejunostomy, and tubal ligation by an oral transgastric approach."," No. The aim of this study was to investigate the need for ENBD on the clinical outcomes of patients with acute cholangitis undergoing endoscopic clearance of common bile duct stones. However, the study did not"
sentence_dense,sentence,dense,biomistral,Storage of vaccines in the community: weak link in the cold chain?,maybe,yes,0,1,generation_failure,"To assess quality of storage of vaccines in the community. Adherence to Department of Health guidelines for vaccine storage, temperature range to which vaccines were exposed over two weeks. Identified 4 clusters: Potentials (45%) would receive influenza vaccine to prevent disease; Fearful Uninformeds (9%) were unsure if influenza vaccine causes illness; Doubters (27%) were unsure if vaccine is efficacious; Misinformeds (19%) believed influenza vaccine causes illness. Of the 40 respondents, only 16 were aware of the appropriate storage conditions for the vaccines; eight had minimum and maximum thermometers but only one of these was monitored daily. Questionnaire survey of general practices and child health clinics, and monitoring of storage temperatures of selected refrigerators.", Yes. (The evidence from the context indicates that the storage of vaccines in the community is not adequate.)
sentence_dense,sentence,dense,biomistral,Is the clinically positive axilla in breast cancer really a contraindication to sentinel lymph node biopsy?,no,no,1,1,success,"Clinically positive axillary nodes are widely considered a contraindication to sentinel lymph node (SLN) biopsy in breast cancer, yet no data support this mandate. Clinical examination of the axilla was inaccurate in 41% of patients (43 of 106) overall, and was falsely positive in 53% of patients (33 of 62) with moderately suspicious nodes and 23% of patients (10 of 44) with highly suspicious nodes. In fact, data from the era of axillary lymph node dissection (ALND) suggest that clinical examination of the axilla is falsely positive in as many as 30% of cases. Here we report the results of SLN biopsy in a selected group of breast cancer patients with palpable axillary nodes classified as either moderately or highly suspicious for metastasis. Among 2,027 consecutive SLN biopsy procedures performed by two experienced surgeons, clinically suspicious axillary nodes were identified in 106, and categorized as group 1 (asymmetric enlargement of the ipsilateral axillary nodes moderately suspicious for metastasis, n = 62) and group 2 (clinically positive axillary nodes highly suspicious for metastasis, n = 44)."," No. Clinically positive axilla is widely considered a contraindication to sentinel lymph node biopsy in breast cancer, yet no data support this mandate. In fact, data from the era of axillary l"
sentence_dense,sentence,dense,biomistral,Convulsions and retinal haemorrhage: should we look further?,yes,yes,1,1,success,"The prevalence of retinal haemorrhages after convulsions is not well established. One child was found with unilateral retinal haemorrhages following an episode of a simple febrile convulsion. As these haemorrhages are considered characteristic of child abuse, we investigated their occurrence after convulsive episodes to see whether the finding of haemorrhage should prompt further investigation. After a thorough history and physical examination, a retinal examination was performed by an ophthalmologist. Patients were stratified retrospectively into high- or low-risk groups according to risk factors for significant carotid stenosis and perioperative stroke: peripheral vascular disease (PVD), carotid bruit, diabetes mellitus, age>70 years and/or history of cerebrovascular disease.", Yes. Retinal haemorrhages are not characteristic of child abuse.
sentence_dense,sentence,dense,biomistral,Are patients willing participants in the new wave of community-based medical education in regional and rural Australia?,yes,yes,1,1,success,"Patients attending six rural and 11 regional general practices in New South Wales over 18 teaching sessions in November 2008, who consented to student involvement in their consultation. Patient perceptions, expectations and acceptance of medical student involvement in consultations, assessed by surveys before and after their consultations. Community-based medical education is growing to meet the increased demand for quality clinical education in expanded settings, and its sustainability relies on patient participation. This study investigated patients' views on being used as an educational resource for teaching medical students. Consenting eligible adults (N=238) from 18-100 years of age consecutively admitted to inpatient psychiatry units were assessed using the SCID I and II, the Coping Orientations to Problems Experienced Scale (COPE), the Brief Psychiatric Rating Scale (BPRS), the Global Assessment of Functioning Scale (GAF), the Social and Occupational Functioning Assessment Scale (SOFAS), the 12 Item Short-Form Heath Survey (SF12), the Sarason Social Support Questionnaire, and the NEO Five Factor Inventory (NEO-FFI) (cognitively impaired, and non-English speaking patients were excluded).", Yes.
sentence_dense,sentence,dense,biomistral,Can Flexible Instruments Create Adequate Femoral Tunnel Lengths at 90° of Knee Flexion in Anterior Cruciate Ligament Reconstruction?,yes,yes,1,1,success,"The purpose of this cadaveric study was twofold: 1. to determine whether femoral tunnel lengths of greater than 20 mm can be created with a flexible reamer system at 90 ° of knee flexion and 2. to determine whether the lateral structures of the knee are safe with this technique. This study aims to study femoral tunnel lengths drilled with a flexible reamer and the distance to important lateral structures obtained by flexing the knee at various angles and by drilling the guide pins arthroscopically to resemble clinical practice. Reconstructing the natural joint line in knee revision surgery improves clinical and functional outcome but may be challenging when both cartilage and bone were removed during previous operations. To test this hypothesis, knee kinematics and quadriceps tension were recorded before and after replacement with a unicompartmental design and then with a tricompartmental design. Six human cadaver knees were tested before implantation, after implantation with a bicruciate-retaining unicompartmental knee prosthesis, and after implantation with a posterior cruciate-retaining tricompartmental knee prosthesis.", Yes. The purpose of this cadaveric study was to determine whether femoral tunnel lengths of greater than 20 mm can be created with a flexible reamer system at 90° of knee flexion and to determine whether the lateral
sentence_dense,sentence,dense,biomistral,Quality of life in lung cancer patients: does socioeconomic status matter?,yes,yes,1,1,success,"As part of a prospective study on quality of life in newly diagnosed lung cancer patients an investigation was carried out to examine whether there were differences among patients' quality of life scores and their socioeconomic status. The aim of this prognostic factor analysis was to investigate if a patient's self-reported health-related quality of life (HRQOL) provided independent prognostic information for survival in non-small cell lung cancer (NSCLC) patients. Quality of life was measured at two points in time (baseline and three months after initial treatment) using three standard instruments; the Nottingham Health Profile (NHP), the European Organization for Research and Cancer Treatment Quality of Life Questionnaire (EORTC QLQ-C30) and its lung cancer supplement (QLQ-LC13). Prognostic significance of the following independent variables was tested using univariate (log-rank) and multivariate (Cox proportional-hazards) analysis: type of resection (sublobar vs lobectomy vs pneumonectomy), histology (squamous cell vs adenocarcinoma), tumour size (<or=3cm vs>3cm), histologic vascular invasion, visceral pleura involvement, positive bronchial resection margin, general T status. Results were then correlated with socio-economic status measured by the percentage of habitants living below the poverty level.", Yes. Justification: “The percentage of habitants living below the poverty level was significantly associated with survival” (p = 0.001) ([5]).
sentence_dense,sentence,dense,biomistral,Are Biochemical Markers of Bone Turnover Representative of Bone Histomorphometry in 370 Postmenopausal Women?,maybe,no,0,1,generation_failure,"A total of 371 untreated postmenopausal osteoporotic women aged 50 to 84 years with a lumbar T-score ≤ -2.5 SD or ≤ -1 SD with at least one osteoporotic fracture. The levels of bone formation and resorption can be assessed at the tissue level by bone histomorphometry on transiliac bone biopsies. Our aim was to investigate the correlations between the serum biochemical markers of formation and resorption with histomorphometric parameters. The aim of this study was to correlate these musculoskeletal symptoms and bone fractures in patients receiving AIs with bone mineral density (BMD), previous tamoxifen use, and administration of calcium/bisphosphonate (Ca/Bis). Systemic biochemical markers of bone turnover reflect the overall bone formation and resorption at the level of the entire skeleton but cannot discriminate the different skeletal compartments.", No. Biochemical markers of bone turnover reflect the overall bone formation and resorption at the level of the entire skeleton but cannot discriminate the different skeletal compartments.
sentence_dense,sentence,dense,biomistral,Should early extubation be the goal for children after congenital cardiac surgery?,yes,yes,1,1,success,"We sought to determine the feasibility and assess the clinical outcomes associated with an early extubation strategy for all children undergoing congenital heart surgery, including neonates (age,<30 days). Early extubation was associated with lower mortality (1% vs 9%, P<.001) and a lower rate of reintubation (4% vs 23%, P<.001) compared with delayed extubation. Notably, 63% of the neonates were extubated within 24 hours, including 67% of arterial switch operations and 54% of total anomalous pulmonary venous return repairs. Our objective in this study was to determine whether the decision to manage a contralateral hydrocele in cases of neonatal testicular torsion solely through a scrotal approach is safe and effective. The purpose of this study was to delineate early respiratory predictors of mortality in children with hemato-oncology malignancy who developed acute respiratory distress syndrome (ARDS).", Yes. Early extubation was associated with lower mortality and a lower rate of reintubation compared with delayed extubation.
sentence_dense,sentence,dense,biomistral,Does delivery mode affect women's postpartum quality of life in rural China?,no,yes,0,1,generation_failure,"To explore the impact of delivery mode on women's postpartum quality of life in rural China and probe factors influencing postnatal quality of life. Under the circumstance of increasing high caesarean section rate in rural China, the impact of delivery mode on postnatal quality of life remains unclear. The scale for rural postnatal quality of life was adopted to assess postnatal quality of life from six dimensions: physical complaints and pain, sleep and energy, sex satisfaction, interpersonal communication, self-evaluated living stress and perceived life satisfaction. A structured questionnaire was used to evaluate women's socio-demographic characteristics, previous pregnant experiences, foetal characteristics and use of maternal health services. Women residing in rural areas and in their 0-12 months after childbirth from 30 rural townships participated in a household survey.", Yes.
sentence_dense,sentence,dense,biomistral,Menopausal hormone therapy and irregular endometrial bleeding: a potential role for uterine natural killer cells?,yes,yes,1,1,success,"The main objective of this study was to explore the role of uterine natural killer (uNK) cells and their regulatory cytokine IL-15 in irregular bleeding in HT users. We also addressed the impact of HT exposure on uNK cell populations, the relationship between endometrial IL-15 expression and uNK cell populations, and killer Ig like receptor genotype in subjects with irregular bleeding. Irregular bleeding affects many users of combined menopausal hormone therapy (HT) and commonly leads to invasive and expensive investigations to exclude underlying malignancy. Endometrial CD56+ uNK cells were significantly increased in biopsies obtained during bleeding episodes (P<0.001), compared with HT users with no bleeding. The relationship between endometrial uNK cells (CD56+) and bleeding patterns was measured.", Yes. Irregular bleeding affects many users of combined menopausal hormone therapy (HT) and commonly leads to invasive and expensive investigations to exclude underlying malignancy. Endometrial CD56+ uNK cells were significantly
sentence_dense,sentence,dense,biomistral,Percutaneous ethanol injection for benign cystic thyroid nodules: is aspiration of ethanol-mixed fluid advantageous?,no,yes,0,1,generation_failure,"We evaluated the differences between percutaneous ethanol injection with and without aspiration of ethanol-mixed fluid for treatment of benign cystic thyroid nodules. We examined 60 patients with benign cystic thyroid nodules confirmed by fine-needle aspiration biopsy and divided them into 2 groups according to nonaspiration (group A, n = 30) or aspiration (group B, n = 30) of ethanol-mixed fluid after intracystic ethanol injection. To investigate whether prepuncture ultrasound evaluation of vascular anatomy facilitates internal jugular vein cannulation compared with landmark-guided puncture. Little is known about whether a routinely inserted endoscopic nasobiliary drainage (ENBD) tube improves the clinical course in patients with choledocholithiasis-induced acute cholangitis after clearance of choledocholithiasis. A total of 104 patients with choledocholithiasis-induced acute cholangitis who underwent primary endoscopic treatment were compared according to insertion of an ENBD tube (51 in the ENBD group and 53 in the no-ENBD group).", Yes. The aspiration of ethanol-mixed fluid after percutaneous ethanol injection for benign cystic thyroid nodules is advantageous.
sentence_dense,sentence,dense,biomistral,Can the growth rate of a gallbladder polyp predict a neoplastic polyp?,no,no,1,1,success,"On multivariate analysis, however, the growth rate was not related to the neoplastic nature of a polyp, but older age (>60 y) and large size (>10 mm) were significantly associated with neoplastic polyps. It often mimics a gallbladder carcinoma (GBC), and may coexist with GBC, leading to a diagnostic dilemma. However, there are no treatment guidelines for polyps that grow in size during the follow-up period.STUDY: We retrospectively investigated 145 patients with GB polyps who underwent at least 1 ultrasonographic follow-up examination over an interval greater than 6 months, before cholecystectomy at Samsung medical center, South Korea, from 1994 to 2007. Xanthogranulomatous cholecystitis (XGC) is an uncommon variant of chronic cholecystitis, characterized by marked thickening of the gallbladder wall and dense local adhesions. Neoplastic polyps were more frequently found in patients older than 60 years, those with hypertension, a polyp size greater than 10 mm, and a rapid growth rate greater than 0.6 mm/mo.", No. The growth rate of a gallbladder polyp cannot predict a neoplastic polyp. Older age (>60 y) and large size (>10 mm) were significantly associated with neoplastic polyps.
sentence_dense,sentence,dense,biomistral,Are performance measurement systems useful?,yes,yes,1,1,success,"Prior literature identified the use of Performance Measurement Systems (PMS) as crucial in addressing improved processes of care. The aim of this study was to assess the reproducibility of different measurement methods and define the most workable technique for measuring head and neck paragangliomas, to determine the best method for evaluating tumour growth. This paper deals with the test of direct and indirect models related to the link between the strategic use of PMS and the level of improved processes in health care organizations. To examine the ability of various postoperative nomograms to predict prostate cancer-specific mortality (PCSM) and to validate that they could predict aggressive biochemical recurrence (BCR). The aim of our study was to identify electrophysiological parameters, by means of a transcranial magnetic stimulation approach, which might potentially express the presence of residual networks sustaining fragmentary behavioral patterns, even when no conscious behavior can be observed.", Yes. (Prior literature identified the use of Performance Measurement Systems (PMS) as crucial in addressing improved processes of care.)
sentence_dense,sentence,dense,biomistral,Does para-cervical block offer additional advantages in abortion induction with gemeprost in the 2nd trimester?,yes,yes,1,1,success,"Since paracervical anaesthesia may be useful during this procedure, we investigated in this prospective randomised study its impact on the clinical course of abortion and pain especially in the late first and second stage of labour. The intervals from the last application of prostaglandin until abortion and from 3 cm cervical dilatation to abortion were slightly, but not significantly shorter in the paracervical anaesthesia group. In the group without paracervical anaesthesia the median induction to abortion interval was 20 hours (range: 8-44 hours), 13 hours (range: 8-36 hours, NS) resulting for the paracervical anaesthesia group. 20 women scheduled for elective abortion (fetal reasons) between the 16th and 23rd week of gestation were to be given 1 mg gemeprost vaginally every 6 hours. They were allocated at random: 10 women received only Pethidin intravenously and Butylscopolamine rectally, another 10 women were additionally treated by paracervical anaesthesia (2 x 10 ml 0.5% Bupivacain solution) at a cervical dilatation of 2-3 cm.", Yes. The interval from the last application of prostaglandin to abortion was shorter in the paracervical anaesthesia group.
sentence_dense,sentence,dense,biomistral,Does insulin resistance drive the association between hyperglycemia and cardiovascular risk?,yes,yes,1,1,success,"We examined whether associations between hyperglycemia and CVD risk were explained by underlying insulin resistance. Insulin sensitivity was measured as the glucose infusion rate during a euglycemic hyperinsulinemic clamp, body fat percentage was measured by dual X-ray absorptiometry, and CVD risk was estimated using the Framingham risk score. A total of 12 537 participants with dysglycaemia and high CV-risk were randomized to basal insulin glargine titrated to a fasting glucose of ≤ 5.3 mmol/L (95 mg/dL) or standard glycaemic care. Epidemiologic studies have suggested that hypertriglyceridemia and insulin resistance are related to the development of colon cancer. Impaired fasting glucose (IFG) below the diagnostic threshold for diabetes mellitus (DM) is associated with macrovascular pathology and increased mortality after percutaneous coronary interventions.", Yes. Insulin resistance drives the association between hyperglycemia and cardiovascular risk.
sentence_dense,sentence,dense,biomistral,Are there risk factors that increase the rate of staple line leakage in patients undergoing primary sleeve gastrectomy for morbid obesity?,yes,yes,1,1,success,"Up to 30 % of patients who have undergone laparoscopic sleeve gastrectomy require revision surgery for inadequate weight loss, weight regain, and/or the development of severe upper gastrointestinal symptoms. For the current analysis, all patients that had undergone primary sleeve gastrectomy for morbid obesity within a 7-year period were considered. Male gender, higher BMI, concomitant sleep apnea, conversion to laparotomy, longer operation time, use of both buttresses and oversewing, and the occurrence of intraoperative complications were associated with a significantly higher leakage rate. Laparoscopic sleeve gastrectomy (LSG) is currently being performed with increasing frequency worldwide. Intestinal anastomosis was performed by polyglactin 910 sutures in A subgroups and with ethyl-2-cyanoacrylate in B subgroups.", Yes.
sentence_dense,sentence,dense,biomistral,Chronic functional somatic symptoms: a single syndrome?,no,no,1,1,success,"To identify distinctive features in patients with chronic functional somatic symptoms, and to determine whether these symptoms support the hypothesis of the existence of specific somatic syndromes. In particular, it is unclear whether somatic complaints may heighten the risk for the subsequent development of depressive symptoms. Reliable longitudinal data of patients with functional somatic symptoms in general practice are lacking. Using a questionnaire we investigated in a cross-sectional study the prevalence of pain, duration of pain, impairment and unfitness for work due to pain in 106 patients primarily diagnosed with a psychiatric disorder in the field of general adult psychiatry. The aim of this study was to correlate these musculoskeletal symptoms and bone fractures in patients receiving AIs with bone mineral density (BMD), previous tamoxifen use, and administration of calcium/bisphosphonate (Ca/Bis).", No.
sentence_dense,sentence,dense,biomistral,"Actinobaculum schaalii, a cause of urinary tract infections in children?",maybe,yes,0,1,generation_failure,"In addition, A. schaalii was found in quantities equivalent to ≥ 10(6) CFU/mL by both culture and PCR in two children with a urinary tract infection and large numbers of leucocytes in the urine. Urine samples were examined by wet smear microscopy, incubated in 5% CO(2) for 1-2 days, and species-specific real-time polymerase chain reaction (PCR) for A. schaalii was performed. To understand the effect of past group A streptococcal infection on MS, antistreptolysin O (ASO) and antideoxyribonuclease B (ADNase B) were measured in 21 patients with relapsing-remitting MS and 21 healthy blood donors by nephelometric assay. To determine whether the host immune response to gonorrhoea provides limited serovar specific protection from reinfection. Although the mechanisms of inducting autoimmunity by some of the infectious agents have been investigated, there is not yet enough research on streptococcal infections.MATERIAL/"," Yes. Justification: In addition, A. schaalii was found in quantities equivalent to ≥ 10(6) CFU/mL by both culture and PCR in two children with a urinary tract infection and large numbers"
sentence_dense,sentence,dense,biomistral,Prevalence of chronic conditions among Medicare Part A beneficiaries in 2008 and 2010: are Medicare beneficiaries getting sicker?,yes,yes,1,1,success,"Medicare Part A beneficiaries had more chronic conditions on average in 2010 than in 2008. Medicare beneficiaries who have chronic conditions are responsible for a disproportionate share of Medicare fee-for-service expenditures. The objective of this study was to analyze the change in the health of Medicare beneficiaries enrolled in Part A (hospital insurance) between 2008 and 2010 by comparing the prevalence of 11 chronic conditions. We conducted descriptive analyses using the 2008 and 2010 Chronic Conditions Public Use Files, which are newly available from the Centers for Medicare and Medicaid Services and have administrative (claims) data on 100% of the Medicare fee-for-service population. The deterioration of average health was due to other chronic conditions: chronic kidney disease, depression, diabetes, osteoporosis, rheumatoid arthritis/osteoarthritis.", Yes. The prevalence of chronic conditions among Medicare Part A beneficiaries in 2010 was higher than in 2008.
sentence_dense,sentence,dense,biomistral,Does successful completion of the Perinatal Education Programme result in improved obstetric practice?,no,yes,0,1,generation_failure,"To determine whether successful completion of the Perinatal Education Programme (PEP) improves obstetric practice. To assess the extent to which the title and font of participant information sheets (PISs) can influence pregnant women's and trainee midwives' perceptions of an antenatal intervention. The objective of the study was to determine whether risk of recurrent preterm birth differs based on the clinical presentation of a prior spontaneous preterm birth (SPTB): advanced cervical dilatation (ACD), preterm premature rupture of membranes (PPROM), or preterm labor (PTL). We ascertained whether the obstetric history, syphilis testing, blood group testing, haemoglobin measurement and uterine growth assessment were performed during antenatal care along with whether appropriate action was taken. For intrapartum care, estimation of fetal weight, the performance of pelvimetry, blood pressure monitoring, urine testing, evaluation of head above pelvis, fetal heart rate monitoring, monitoring of contractions and plotting of cervical dilatation, and whether the appropriate actions were taken, were assessed.", Yes. Justification: “The Perinatal Education Programme (PEP) is a structured programme of education and training for midwives and other health professionals involved in the care of women and their babies. The programme aims to improve the quality
sentence_dense,sentence,dense,biomistral,Do patients with localized prostate cancer treatment really want more aggressive treatment?,no,no,1,1,success,"Examine whether patients with prostate cancer choose the more aggressive of two radiotherapeutic options, whether this choice is reasoned, and what the determinants of the choice are. To analyze, retrospectively, the patterns and behavior of metastatic lesions in prostate cancer patients treated with external beam radiotherapy and to investigate whether patients with<or =5 lesions had an improved outcome relative to patients with>5 lesions. One hundred fifty patients with primary prostate cancer (T(1-3)N(0)M(0)) were informed by means of a decision aid of two treatment options: radiotherapy with 70 Gy versus 74 Gy. Prostate-specific antigen (PSA), grade, and stage are the classic triad used to predict BCR after radical prostatectomy (RP). There were no significant differences between the two groups in terms of cancer detection, clinical or pathological stage, but the si-PSA group with cancer had a higher Gleason score.", No. The patients did not choose the more aggressive treatment option.
sentence_dense,sentence,dense,biomistral,Does music influence stress in mechanically ventilated patients?,no,yes,0,1,generation_failure,"The purpose of this study was to explore the influence of music on stress in a sample of patients over the duration of ventilatory support.RESEARCH METHODOLOGY/ Randomised controlled trial; randomised patients (56.8+16.9 years, 61% male, APACHE III 57.2+18.3) receiving ventilatory support to: (1) patient-directed music (PDM) where patients self-initiated music listening whenever desired from a preferred collection, (2) headphones only to block ICU noise, or (3) usual ICU care. We collected data on the cardiac diagnoses, preoperative status, procedure, and postoperative course, including the duration of invasive and noninvasive ventilation, failure of extubation, hemodynamic data, length of stay, complications, and mortality. Thirty-four subjects (mean age 55 years, body mass index 34 kg/m 2 , fasting triglycerides 3.5 mmol/L) with diagnosed sleep apnoea syndrome not treated with continuous positive airways pressure were enrolled and randomized to once daily treatment with fenofibrate (145 mg NanoCrystal(R) tablet) or placebo. Moreover, biochemical measurements of oxidative stress markers (MDA, GSH and TAC) revealed that prophylactic edaravone treatment attenuated oxidative stress induced by I/R injury.", Yes. [1] The purpose of this study was to explore the influence of music on stress in a sample of patients over the duration of ventilatory support.
sentence_dense,sentence,dense,biomistral,Does reducing spasticity translate into functional benefit?,yes,yes,1,1,success,"Although botulinum toxin is used to reduce spasticity, its functional benefits are less easily demonstrated. In 26 patients the improvement in spasticity preceded the improvement in function with 18 showing the reverse. There was a clear relationship between the changes in spasticity and in arm function in patients treated with botulinum toxin (Dysport) at 500 or 1000 units (rho = -0.5679, p = 0.0090, n = 22; rho = -0.4430, p = 0.0018, n = 47), but not in those treated with placebo or 1500 units. This paper reports an exploratory meta-analysis to investigate the relationship between reduced arm spasticity and improved arm function. To evaluate the relationship between knee extensor strength, postural stability, functional ambulation, and disease severity in Parkinson's disease (PD).", Yes.
sentence_dense,sentence,dense,biomistral,Is the holmium:YAG laser the best intracorporeal lithotripter for the ureter?,yes,yes,1,1,success,"To study the efficiency and safety of holmium:YAG laser lithotripsy for ureteral stones. A series of 188 patients with 208 ureteral stones were treated with semirigid ureteroscopy and holmium:YAG laser lithotripsy from January 2003 to December 2005. To evaluate the efficacy of extracorporeal shock wave lithotripsy (SWL) on lower calyceal calculi in relation to the renal anatomical factors and determine which of these factors can be used to select patients who will benefit from SWL. Variables recorded included age, sex, type of procedure, surgical diagnosis, passive or active dilatation, number of stones, stone location, stone diameter, peroperative and postoperative complications, internal urinary diversion after the procedure, therapeutic success rate, operating time, and hospital stay duration. The success of the treatment, removal of all fragments, was correlated with renal anatomical factors measured in the pre-treatment intravenous urography: infundibulopelvic angle, lower infundibulum width, lower infundibulum length, ratio length/width, infundibulum height, and number of minor calyces in the lower calyceal group."," Yes. The holmium:YAG laser is the best intracorporeal lithotripter for the ureter. The success of the treatment, removal of all fragments, was correlated with renal anatomical factors"
sentence_dense,sentence,dense,biomistral,Metered-dose inhalers. Do health care providers know what to teach?,no,yes,0,1,generation_failure,"The specific aim of this investigation was to evaluate the proficiency of health care providers and patients in the proper use of metered-dose inhalers. Health care providers, which include house staff, nurses, and respiratory care practitioners who provide care to patients with asthma in the primary general medicine clinic or the pulmonary medicine clinic of a university-county hospital in which patients were referred, were surveyed and assigned a performance score regarding the knowledge base of the appropriate use of metered-dose inhalers. Patients who attended the primary care general medicine and pulmonary subspecialty clinic were also assessed as to their proficiency in the use of metered-dose inhalers. A significant percentage of patients had a poor understanding of the technique used with the metered-dose inhaler. This study investigated patients' views on being used as an educational resource for teaching medical students.", Yes. Health care providers are surveyed and assigned a performance score regarding the knowledge base of the appropriate use of metered-dose inhalers.
sentence_dense,sentence,dense,biomistral,Does the bracket-ligature combination affect the amount of orthodontic space closure over three months?,no,yes,0,1,generation_failure,"To investigate the effect of bracket-ligature combination on the amount of orthodontic space closure over three months. Informed consent was obtained and participants were randomly allocated into one of three groups: (1) conventional pre-adjusted edgewise brackets and elastomeric ligatures; (2) conventional pre-adjusted edgewise brackets and Super Slick(®) low friction elastomeric ligatures; (3) Damon 3MX(®) passive self-ligating brackets. Seventeen patients, aged 7-54 years (mean of 37.2 year), were treated by pulpotomy and filling with ProRoot MTA(®)  in premolar or molar teeth with vital pulps and without clinical evidence of irreversible pulpitis. The purposes of this study are to report the alveolar process thickness and inter-radicular space in the posterior region of the mandible, to assess the impact of different miniscrew insertion angle protocols, and to identify differences between the genders or types of malocclusion. The primary outcome measure was the mean amount of space closure in a 3-month period.", Yes.
sentence_dense,sentence,dense,biomistral,Health habits and vaccination status of Lebanese residents: are future doctors applying the rules of prevention?,no,yes,0,1,generation_failure,"This study evaluated the health practices and the vaccination status of first year residents working at the academic hospital Hôtel-Dieu de France. Students made a number of recommendations including the development of multilingual videotapes and patient information sheets for non-English speaking patients, avoidance of bilateral surgical procedures and improved links with local medical officers. Health care providers, which include house staff, nurses, and respiratory care practitioners who provide care to patients with asthma in the primary general medicine clinic or the pulmonary medicine clinic of a university-county hospital in which patients were referred, were surveyed and assigned a performance score regarding the knowledge base of the appropriate use of metered-dose inhalers. An online survey was conducted to elicit the relative importance placed on preventing harms caused by 1) health care (hospital-acquired infections, drug administration errors, injuries to health care staff), 2) individuals (personal lifestyle choices, sports-related injuries), and 3) nature (genetic disorders). The purpose of this study is to investigate 1) whether socioeconomic status was associated with acceptance of preventive home visits among older people and 2) whether municipality invitational procedures for the preventive home visits modified the association.", Yes. The study evaluated the health practices and the vaccination status of first year residents working at the academic hospital Hôtel-Dieu de France.
sentence_dense,sentence,dense,biomistral,Does vaginal intraepithelial neoplasia have the same evolution as cervical intraepithelial neoplasia?,maybe,no,0,1,generation_failure,"A retrospective study to identify patients with vaginal lesions and synchronous cervical lesions through biopsy. To ascertain wheter vaginal lesions have a natural history similar to cervical lesions.MATERIALS & Vaginal intraepithelial neoplasia is a little known disease which could be related to risk factors different from simple HPV infections. The rate of mild cervical lesions (koilocytosis, warts, CIN I with and without koilocytosis) was compared with the rate of severe cervical lesions (CIN II and III, cervical carcinoma) in patients with mild vaginal lesions (warts and koilocytosis, and low-grade VAIN) and in patients with severe vaginal lesions (high-grade VAIN). Using koilocytosis as a marker, the rate of ""active"" cervical lesions was compared with the rate of ""non active"" cervical lesions in patients with ""active"" versus ""non active"" vaginal lesions.", No.
sentence_dense,sentence,dense,biomistral,Should general practitioners call patients by their first names?,yes,yes,1,1,success,"To assess the acceptability to patients of the use of patients' first names by doctors and doctors' first names by patients in general practice. Response by patients to questionnaire on attitude to use of first names. Attempts to contact the patients for follow-up, adherence to follow-up recommendations, and patient characteristics were abstracted from medical records. This study aims to identify and understand the difference in the number of outpatient visits and health examinations based on various health behaviors and to determine whether patients seek medical care for illness from the same physicians. 475 Patients consulting 30 general practitioners."," Yes. Calling patients by their first names can improve the relationship between patients and doctors, and increase the number of outpatient visits and health examinations."
sentence_dense,sentence,dense,biomistral,Transesophageal echocardiographic assessment of left ventricular function in brain-dead patients: are marginally acceptable hearts suitable for transplantation?,yes,yes,1,1,success,Echocardiography is now widely available and is a reliable tool to assess left ventricular dysfunction in brain-dead donors. Fractional area change (FAC) was used to assess left ventricular function in potential brain-dead donors. Fifty-five potential brain-dead heart donors (age 38 +/- 11 years) were prospectively evaluated by transesophageal echocardiography (TEE) before harvesting. Yet few data are available on the degree of left ventricular dysfunction where a transplantation is possible. Echocardiography was performed to measure left ventricular mass and left ventricular mass index., Yes. Echocardiography is now widely available and is a reliable tool to assess left ventricular dysfunction in brain-dead donors.
sentence_dense,sentence,dense,biomistral,Attenuation of ischemia/reperfusion-induced ovarian damage in rats: does edaravone offer protection?,yes,yes,1,1,success,"Moreover, biochemical measurements of oxidative stress markers (MDA, GSH and TAC) revealed that prophylactic edaravone treatment attenuated oxidative stress induced by I/R injury. Immediately after the reperfusion period, both ovaries were excised for histological scoring, caspase-3 immunohistochemistry and biochemical evaluation including glutathione (GSH) and malondialdehyde (MDA) levels. Administration of different doses of edaravone in rats significantly prevented degenerative changes in the ovary (p<0.0001). Treatment of rats with edaravone reduced caspase-3 expression in a dose-dependent manner. Also, total antioxidant capacity (TAC) was measured in plasma samples to evaluate the antioxidant effect of edaravone.", Yes. Edaravone attenuates ischemia/reperfusion-induced ovarian damage in rats.
sentence_dense,sentence,dense,biomistral,Does the National Institutes of Health Stroke Scale favor left hemisphere strokes?,yes,no,0,1,generation_failure,"We examined the placebo arm of the NINDS t-PA stroke trial to test the hypothesis that the total volume of cerebral infarction in patients with right hemisphere strokes would be greater than the volume of cerebral infarction in patients with left hemisphere strokes who have similar NIHSS scores. The median volume of a right hemisphere stroke was roughly equal to the median volume of a left hemisphere stroke in the next highest 5-point category of the NIHSS. For example, for patients with a left hemisphere stroke and a 24-hour NIHSS score of 16 to 20, the median volume of cerebral infarction was 48 mL (interquartile range 14 to 111 mL) as compared with 133 mL (interquartile range 81 to 208 mL) for patients with a right hemisphere stroke (P<0.001). For each 5-point category of the NIHSS score<20, the median volume of right hemisphere strokes was approximately double the median volume of left hemisphere strokes. While the effect of the dominant hemisphere resection on spoken language has been extensively researched, little is known about reading abilities in individuals after left-sided resection.", No. The median volume of right hemisphere strokes was roughly equal to the median volume of left hemisphere strokes in the next highest 5-point category of the NIHSS.
sentence_dense,sentence,dense,biomistral,Can a Novel Surgical Approach to the Temporomandibular Joint Improve Access and Reduce Complications?,yes,yes,1,1,success,"This clinical study investigated whether the vascular-guided multilayer preauricular approach (VMPA) to the temporomandibular joint (TMJ) could improve access and decrease complications. Despite surgical refinements, perioperative use of tracheobronchoscopy (TBS) as part of surgical approach to esophageal atresia (EA) is still controversial. Our objective in this study was to determine whether the decision to manage a contralateral hydrocele in cases of neonatal testicular torsion solely through a scrotal approach is safe and effective. To determine whether post-operative administration of topical ropivacaine hydrochloride decreases morbidity following adenotonsillectomy. Reconstructing the natural joint line in knee revision surgery improves clinical and functional outcome but may be challenging when both cartilage and bone were removed during previous operations.", Yes. The vascular-guided multilayer preauricular approach (VMPA) to the temporomandibular joint (TMJ) can improve access and reduce complications. (C1)
sentence_dense,sentence,dense,biomistral,"Young-Burgess classification of pelvic ring fractures: does it predict mortality, transfusion requirements, and non-orthopaedic injuries?",maybe,yes,0,1,generation_failure,"The objectives of this study were to evaluate the ability of the Young-Burgess classification system to predict mortality, transfusion requirements, and nonorthopaedic injuries in patients with pelvic ring fractures and to determine whether mortality rates after pelvic fractures have changed over time. Mortality at index admission, transfusion requirement during first 24 hours, and presence of nonorthopaedic injuries as a function of Young-Burgess pelvic classification type. The Young-Burgess system differentiated transfusion requirements--lateral compression Type 3 (LC3) and anteroposterior compression Types 2 (APC2) and 3 (APC3) fractures had higher transfusion requirements than did lateral compression Type 1 (LC1), anteroposterior compression Type 1 (APC1), and vertical shear (VS) (P<0.05)--but was not as useful at predicting head, chest, or abdomen injuries. It is also assessed whether the occurrence of this complication is related to the displacement of the fracture, soft tissue injury, or delay in the reduction or surgery. The following variables were analysed: displacement of the fracture, soft tissue injury, delay and type of treatment, complications, observation of the Hawkins sign, and functional outcome."," Yes. The Young-Burgess classification system can predict mortality, transfusion requirements, and non-orthopaedic injuries in patients with pelvic ring fractures."
sentence_dense,sentence,dense,biomistral,Is vitamin D deficiency a feature of pediatric celiac disease?,no,yes,0,1,generation_failure,"Vitamin D deficiency has been described in autoimmune diseases, but its status in prepubertal children with CD has not been adequately studied. To determine the vitamin D status of prepubertal children with CD. Children were included in the study if they had a diagnosis of CD by intestinal biopsy, and were not on a gluten-free diet (GFD). Celiac disease (CD) is an autoimmune enteropathy characterized by villus atrophy and malabsorption of essential nutrients. The possible importance of mitochondrial permeability transition pore (PTP) formation during PCD was indirectly examined via in vivo cyclosporine A (CsA) treatment."," Yes. Justification: Vitamin D deficiency has been described in autoimmune diseases, and celiac disease is an autoimmune enteropathy."
sentence_dense,sentence,dense,biomistral,Is unsafe sexual behaviour increasing among HIV-infected individuals?,no,no,1,1,success,"To evaluate whether reported unsafe sexual behaviour among HIV- infected individuals is changing over time. Among those at high risk, HIV prevalence rates have risen to 6.3% (95% confidence interval 5.0-8.0) in STD clinic attenders, around 10% and 21% in female prostitutes in Kingston and Montego Bay respectively and approximately 30% among homosexuals. Females (OR, 1.38; 95% CI, 1.19-1.60), 15-30 year olds (OR, 1.26; 95% CI, 1.09-1.47), those with HIV-positive partners (OR, 12.58; 95% CI, 10.84-14.07) and those with occasional partners (OR, 3.25; 95% CI, 2.87-3.67) were more likely to report unsafe sex. AIDS case reports, HIV testing of blood donors, antenatal clinic attenders (ANC), food service workers, sexually transmitted disease (STD) clinic attenders, female prostitutes, homosexuals and other groups were used to monitor the HIV/AIDS epidemic. Endometrial CD56+ uNK cells were significantly increased in biopsies obtained during bleeding episodes (P<0.001), compared with HT users with no bleeding.", No. The evidence suggests that unsafe sexual behaviour is decreasing among HIV-infected individuals. The prevalence of HIV among STD clinic attenders has decreased from 10% to 6.3% in Kingston and from
sentence_dense,sentence,dense,biomistral,Cholestasis associated with small bowel atresia: do we always need to investigate?,no,yes,0,1,generation_failure,"We characterized cholestasis and analyzed the pertinence of investigating this patient population. We investigated symptoms, gluten consumption, antibodies for CD and other autoimmunity, human leukocyte antigen (HLA)-typing, bone mineral density, and performed small bowel biopsies. Cholestasis occurs frequently in patients with small bowel atresia (SBA) and is often attributed to prolonged parental nutrition. All patients with short bowel (4) and 60% (6/10) of patients with a delay of enteral feeding more than 14 days postoperatively had cholestasis. The aim of this study was to investigate the need for ENBD on the clinical outcomes of patients with acute cholangitis undergoing endoscopic clearance of common bile duct (CBD) stones.", Yes. Cholestasis occurs frequently in patients with small bowel atresia and is often attributed to prolonged parental nutrition. All patients with short bowel and 60% of patients with a delay of enteral feeding more than
sentence_dense,sentence,dense,biomistral,Are financial incentives cost-effective to support smoking cessation during pregnancy?,yes,yes,1,1,success,"To investigate the cost-effectiveness of up to £400 worth of financial incentives for smoking cessation in pregnancy as an adjunct to routine health care. A total of 612 pregnant women randomized to receive usual cessation support plus or minus financial incentives of up to £400 vouchers (US $609), contingent upon smoking cessation. Comparison of usual support and incentive interventions in terms of cotinine-validated quitters, quality-adjusted life years (QALYs) and direct costs to the NHS. The incremental cost per quitter at 34-38 weeks pregnant was £1127 ($1716).This is similar to the standard look-up value derived from Stapleton&West's published ICER tables, £1390 per quitter, by looking up the Cessation in Pregnancy Incentives Trial (CIPT) incremental cost (£157) and incremental 6-month quit outcome (0.14). This study addressed the question: Compared to usual care, is tailored telephone counseling more effective than tailored print materials for promoting mammography screening?", Yes. The incremental cost per quitter at 34-38 weeks pregnant was £1127 ($1716).
sentence_dense,sentence,dense,biomistral,Can medical students contribute to quality assurance programmes in day surgery?,yes,yes,1,1,success,"Educational opportunities for medical undergraduate programmes are being sought in the day surgery environment. Educational opportunities for medical undergraduate programmes are being sought in the day surgery environment. Our study was undertaken to explore ways in which senior medical students can actively contribute to the QA processes as part of an undergraduate day surgery educational programme. Our study was undertaken to explore ways in which senior medical students can actively contribute to QA processes as part of an undergraduate day surgery educational programme. Students chose any two surgical rotations and were assessed by written examination, objective structured clinical examination (OSCE), ward evaluations, self-assessment objectives questionnaire, and satisfaction survey."," Yes. Justification: Students chose any two surgical rotations and were assessed by written examination, objective structured clinical examination (OSCE), ward evaluations, self-assessment objectives questionnaire, and satisfaction survey."
sentence_dense,sentence,dense,biomistral,Measurement of head and neck paragangliomas: is volumetric analysis worth the effort?,yes,yes,1,1,success,"The aim of this study was to assess the reproducibility of different measurement methods and define the most workable technique for measuring head and neck paragangliomas, to determine the best method for evaluating tumour growth. One hundred forty-nine consecutive patients with suspected tumors of the parotid gland were examined with an epiDWI sequence by using a 1.5T unit. Thirty tumours, including carotid body, vagal body, jugulotympanic tumours and conglomerates of multiple tumours, were measured in duplicate, using linear dimensions, manual area tracing and an automated segmentation method. To assess the outcomes of patients with nasopharyngeal carcinoma (NPC) whose treatment was determined by computerized tomography (CT) and/or magnetic resonance imaging staging and to analyze the impact of induction chemotherapy and accelerated fractionated radiotherapy. On multivariate analysis, however, the growth rate was not related to the neoplastic nature of a polyp, but older age (>60 y) and large size (>10 mm) were significantly associated with neoplastic polyps.", Yes. The best method for evaluating tumour growth is volumetric analysis. Justification: “The aim of this study was to assess the reproducibility of different measurement methods and define the most workable technique for measuring head and neck
sentence_dense,sentence,dense,biomistral,Three-dimensional ultrasound-validated large-core needle biopsy: is it a reliable method for the histological assessment of breast lesions?,yes,yes,1,1,success,"The aim of this study was to demonstrate the efficacy of 3D ultrasound-validated large-core needle biopsy (LCNB) of the breast. The use of three-dimensional (3D) ultrasound may help to determine the exact position of the needle during breast biopsy, thereby reducing the number of core samples that are needed to achieve a reliable histological diagnosis. 3D ultrasound visualization of the needle in the postfiring position was used to classify the biopsy as central, marginal or outside the lesion. Here we report the results of SLN biopsy in a selected group of breast cancer patients with palpable axillary nodes classified as either moderately or highly suspicious for metastasis. The aim of this study was to assess the reproducibility of different measurement methods and define the most workable technique for measuring head and neck paragangliomas, to determine the best method for evaluating tumour growth.", Yes. Three-dimensional ultrasound-validated large-core needle biopsy is a reliable method for the histological assessment of breast lesions. Justification: “The use of three-dimensional (3D) ultrasound may
sentence_dense,sentence,dense,biomistral,Can bone thickness and inter-radicular space affect miniscrew placement in posterior mandibular sites?,no,yes,0,1,generation_failure,"The purposes of this study are to report the alveolar process thickness and inter-radicular space in the posterior region of the mandible, to assess the impact of different miniscrew insertion angle protocols, and to identify differences between the genders or types of malocclusion. To compare the primary stability of miniscrews inserted into bone blocks of different bone mineral densities (BMDs) with and without cortical bone, and investigate whether some trabecular properties could influence primary stability. The bone thicknesses were taken at 45°, 60°, and 90° in relation to the alveolar ridge, simulating a miniscrew insertion. Miniscrews 1.4 mm in diameter and 6 mm long were inserted into the bone blocks, and primary stability was evaluated by insertion torque (IT), mini-implant mobility (PTV), and pull-out strength (PS). The proper angle of miniscrew insertion is important for cortical anchorage, patient safety, and biomechanical control.", Yes.
sentence_dense,sentence,dense,biomistral,Do general practice selection scores predict success at MRCGP?,yes,yes,1,1,success,"The MRCGP comprises of an applied knowledge test (AKT), a clinical skills assessment (CSA) and workplace-based assessments (WPBA).AIM: To explore the predictive validity of general  practice selection scores using the AKT and CSA elements of the MRCGP as a final outcome measure. However, the relationship between selection  and performance in the Royal College of General Practitioner examinations (MRCGP) has yet to be explored. Do preresidency selection factors serve as predictors of success in residency? In regression analyses, we determined whether total use was associated with structural characteristics of the practice (total list size, training status, numbers of GPs (general practitioners), mean age of the GPs, numbers of female GPs, level of deprivation of the population and whether staff had received advanced training in diabetes care). As part of an MRC funded study into primary care oral anticoagulation management, INR measurements obtained in general practice were validated against values on the same samples obtained in hospital laboratories.", Yes. Justification: The study used the MRCGP as a final outcome measure.
sentence_dense,sentence,dense,biomistral,The Deformity Angular Ratio: Does It Correlate With High-Risk Cases for Potential Spinal Cord Monitoring Alerts in Pediatric 3-Column Thoracic Spinal Deformity Corrective Surgery?,yes,yes,1,1,success,"The purpose of this study was to determine whether the deformity angular ratio (DAR) can reliably assess the neurological risks of patients undergoing deformity correction. Identifying high-risk patients and procedures can help ensure that appropriate measures are taken to minimize neurological complications during spinal deformity corrections. To identify the regional and global apexes of curves in adolescent idiopathic scoliosis and to compare the levels of those with the most rotated vertebral levels on computed tomography scans. In patients undergoing 3-column osteotomies, sagittal curve magnitude and total curve magnitude were associated with increased incidence of transcranial motor evoked potential changes. Thirty-three structural curves of 25 consecutive patients scheduled for surgery for thoracic or thoracolumbar scoliosis were analyzed with standing anteroposterior radiographs and computed tomography scans covering the curve apexes and pelvis.", Yes. The deformity angular ratio (DAR) is a reliable indicator of neurological risk in patients undergoing deformity correction.
sentence_dense,sentence,dense,biomistral,Does age moderate the effect of personality disorder on coping style in psychiatric inpatients?,yes,no,0,1,generation_failure,"To examine age-related differences in the relationship between personality and coping strategies in an Australian population of psychiatric inpatients. Personality traits, social supports, gender, and age predicted coping strategies, while Axis I diagnosis, education, personality disorder, and symptom severity were not significant predictors of coping strategies. Older adults reported less symptomatology than younger patients and younger patients described more personality dysfunction than older patients. The influence of affective disorder polarity on subsequent suicide attempts or completions and any differential effect of suicide risk factors by polarity were assessed in a prospective cohort. Subjects (N = 247) were outpatients who participated in either the National Institute of Mental Health-funded Phenomenology and Course of Pediatric Bipolar Disorders study or the Treatment of Early Age Mania (TEAM) study.", No.
sentence_dense,sentence,dense,biomistral,Autoxidation products of both carbohydrates and lipids are increased in uremic plasma: is there oxidative stress in uremia?,yes,yes,1,1,success,"Recent studies, however, have demonstrated that one AGE, the glycoxidation product carboxymethyllysine (CML), could be derived not only from carbohydrates but also from oxidation of polyunsaturated fatty acids in vitro, raising the possibility that both carbohydrate and lipid autoxidation might be increased in uremia. To address this hypothesis, we applied gas chromatography-mass spectrometry and high performance liquid chromatography to measure protein adducts formed in uremic plasma by reactions between carbonyl compounds and protein amino groups: pentosidine derived from carbohydrate-derived carbonyls, malondialdehyde (MDA)-lysine derived from lipid-derived carbonyls, and CML originating possibly from both sources. Advanced glycation end products (AGEs), formed by non-enzymatic glycation and oxidation (glycoxidation) reactions, have been implicated in the pathogenesis of several diseases, including normoglycemic uremia. AGE research in uremia has focused on the accumulation of carbohydrate-derived adducts generated by the Maillard reaction. Moreover, biochemical measurements of oxidative stress markers (MDA, GSH and TAC) revealed that prophylactic edaravone treatment attenuated oxidative stress induced by I/R injury.", Yes.
sentence_dense,sentence,dense,biomistral,Can 'high-risk' human papillomaviruses (HPVs) be detected in human breast milk?,no,no,1,1,success,"Using polymerase chain reaction techniques, we evaluated the presence of HPV infection in human breast milk collected from 21 HPV-positive and 11 HPV-negative mothers. Several studies have investigated human papillomavirus (HPV) as a risk factor for the development of pterygia, but the results are inconclusive.AIM: To investigate a large sample of pterygia for the presence of HPV in order to clarify the putative association between pterygia and HPV. Vaginal intraepithelial neoplasia is a little known disease which could be related to risk factors different from simple HPV infections. Of the 32 studied human milk specimens, no 'high-risk' HPV 16, 18, 31, 33, 35, 39, 45, 51, 52, 56, 58 or 58 DNA was detected. The objective of the study was to determine whether risk of recurrent preterm birth differs based on the clinical presentation of a prior spontaneous preterm birth (SPTB): advanced cervical dilatation (ACD), preterm premature rupture of membranes (PPROM), or preterm labor (PTL)."," No. The provided context indicates that 'high-risk' HPVs were not detected in human breast milk. The provided context also indicates that HPVs were detected in human breast milk, but the HPVs were not 'high-"
sentence_dense,sentence,dense,biomistral,Quaternary cytoreductive surgery in ovarian cancer: does surgical effort still matter?,yes,yes,1,1,success,"To evaluate surgical outcome and survival benefit after quaternary cytoreduction (QC) in epithelial ovarian cancer (EOC) relapse. We review our results on surgical treatment of patients with stage I non-small cell lung carcinoma and we attempted to clarify the prognostic significance of some surgical--pathologic variables. Despite surgical refinements, perioperative use of tracheobronchoscopy (TBS) as part of surgical approach to esophageal atresia (EA) is still controversial. To evaluate the impact of HER2 immunoreactivity on clinical outcome in locally advanced urothelial carcinoma patients who received surgery alone, or methotrexate, vinblastine, epirubicin, and cisplatin (M-VEC) as adjuvant chemotherapy. Prognostic significance of the following independent variables was tested using univariate (log-rank) and multivariate (Cox proportional-hazards) analysis: type of resection (sublobar vs lobectomy vs pneumonectomy), histology (squamous cell vs adenocarcinoma), tumour size (<or=3cm vs>3cm), histologic vascular invasion, visceral pleura involvement, positive bronchial resection margin, general T status.", Yes. The surgical outcome and survival benefit after quaternary cytoreductive surgery in relapsed epithelial ovarian cancer is still relevant.
sentence_dense,sentence,dense,biomistral,Chemotherapy and survival in advanced non-small cell lung carcinoma: is pneumologists' skepticism justified?,no,yes,0,1,generation_failure,"Few studies have assessed whether the advantage chemotherapy has been shown to have in treating advanced non-small lung carcinoma in clinical trials is transferrable to normal health care activity. This could explain the skepticism of a large number of pneumologists towards this treatment. In both univariate and multivariate survival analysis, significant prognostic factors were histology (adenocarcinoma 65% vs squamous cell carcinoma 51%), tumour size (<or=3cm 67% vs>3cm 46%), and the presence of negative resection margin. Prognostic significance of the following independent variables was tested using univariate (log-rank) and multivariate (Cox proportional-hazards) analysis: type of resection (sublobar vs lobectomy vs pneumonectomy), histology (squamous cell vs adenocarcinoma), tumour size (<or=3cm vs>3cm), histologic vascular invasion, visceral pleura involvement, positive bronchial resection margin, general T status. We review our results on surgical treatment of patients with stage I non-small cell lung carcinoma and we attempted to clarify the prognostic significance of some surgical--pathologic variables.", Yes.
sentence_dense,sentence,dense,biomistral,Does topical ropivacaine reduce the post-tonsillectomy morbidity in pediatric patients?,yes,yes,1,1,success,"To determine whether post-operative administration of topical ropivacaine hydrochloride decreases morbidity following adenotonsillectomy. Patients received 1.0% ropivacaine hydrochloride soaked swabs packed in their tonsillar fossae while the control group received saline-soaked swabs. Our objective in this study was to determine whether the decision to manage a contralateral hydrocele in cases of neonatal testicular torsion solely through a scrotal approach is safe and effective. We reviewed the literature to determine if there is sufficient evidence that dexamethasone can be used as an effective alternative in the treatment of pediatric asthma exacerbations in the inpatient setting. Intrathecal administration of urokinase, IV administration of fasudil hydrochloride, and continuous cerebrospinal fluid (CSF) evacuation via cisternal drainage were performed as prophylactic treatments for vasospasm.", Yes. The post-tonsillectomy morbidity was reduced in the group of patients who received topical ropivacaine.
sentence_dense,sentence,dense,biomistral,Is pain a clinically relevant problem in general adult psychiatry?,yes,yes,1,1,success,"Using a questionnaire we investigated in a cross-sectional study the prevalence of pain, duration of pain, impairment and unfitness for work due to pain in 106 patients primarily diagnosed with a psychiatric disorder in the field of general adult psychiatry. To study the prevalence of pain and risk factors for pain in psychiatric patients in a psychiatric hospital. Patients with affective disorders most frequently had pain complaints, followed by those with neurotic, stress-related and somatoform disorders and those with psychotic disorders such as schizophrenia, schizotypic and delusional disorders. (i) To examine the association between self-reported mechanical factors and chronic oro-facial pain. Reliable longitudinal data of patients with functional somatic symptoms in general practice are lacking."," Yes. Justification: [1, 2, 3, 4, 5]."
sentence_dense,sentence,dense,biomistral,Does concomitant anterior/apical repair during midurethral sling improve the overactive bladder component of mixed incontinence?,no,yes,0,1,generation_failure,"Midurethral sling (MUS) can improve overactive bladder (OAB) symptoms. We hypothesized that women with mixed urinary incontinence (MUI) experience greater improvement in the OAB component of their symptoms after concomitant MUS and AA repair compared with MUS alone. It is unclear if anterior/apical prolapse (AA) repair provides additional benefit. The transanal endorectal pull-through (TERPT) is becoming the most popular procedure in the treatment of Hirschsprung disease (HD), but overstretching of the anal sphincters remains a critical issue that may impact the continence. For data analysis purposes, the population was divided into two groups based on whether ureteroscopy had been performed with (Group 1) or without (Group 2) ureteral meatus dilatation.", Yes. Concomitant anterior/apical prolapse repair during midurethral sling improves the overactive bladder component of mixed incontinence. (Citation: [2])
sentence_dense,sentence,dense,biomistral,Does the use of atypical antipsychotics as adjunctive therapy in depression result in cost savings?,no,yes,0,1,generation_failure,"Several atypical antipsychotics (AAPs) are used as second-line agents for treatment resistant depression. We reviewed the literature to determine if there is sufficient evidence that dexamethasone can be used as an effective alternative in the treatment of pediatric asthma exacerbations in the inpatient setting. Some studies found potential additional benefits of dexamethasone, including improved compliance and less vomiting. Treatment groups were AAPs (n = 2211), augmentation agents other than AAPs (n = 1008), and antidepressant switching (n = 691). Because lysosomotropic amines can suppress major histocompatibility complex (MHC) class II antigen presentation, their mechanism of action is potentially different from current immune suppressant drugs used to control GVHD such as cyclosporine.", Yes. The use of atypical antipsychotics as adjunctive therapy in depression results in cost savings. Justification: Several atypical antipsychotics (AAPs) are used as second-line agents for
sentence_dense,sentence,dense,biomistral,Can patients be anticoagulated after intracerebral hemorrhage?,maybe,no,0,1,generation_failure,"In sensitivity analyses for patients with deep ICH, anticoagulation could be preferred if the risk of thromboembolic stroke is particularly high. In light of this consideration, should a patient with both a history of ICH and a clear indication for anticoagulation such as nonvalvular atrial fibrillation be anticoagulated? Trauma patients who require therapeutic anticoagulation pose a difficult treatment problem. Intrathecal administration of urokinase, IV administration of fasudil hydrochloride, and continuous cerebrospinal fluid (CSF) evacuation via cisternal drainage were performed as prophylactic treatments for vasospasm. Complications of anticoagulation were documented and defined as any unanticipated discontinuation of the anticoagulant for bleeding or other adverse events.", No.
sentence_dense,sentence,dense,biomistral,Diagnostic and therapeutic ureteroscopy: is dilatation of ureteral meatus always necessary?,no,no,1,1,success,"For data analysis purposes, the population was divided into two groups based on whether ureteroscopy had been performed with (Group 1) or without (Group 2) ureteral meatus dilatation. To assess the feasibility and safety of diagnostic or therapeutic semirigid ureteroscopy without ureteral meatus dilatation. The aim of the study was to see whether or not balloon predilatation is necessary in transcatheter aortic valve replacement (TAVI). Our objective in this study was to determine whether the decision to manage a contralateral hydrocele in cases of neonatal testicular torsion solely through a scrotal approach is safe and effective. Little is known about whether a routinely inserted endoscopic nasobiliary drainage (ENBD) tube improves the clinical course in patients with choledocholithiasis-induced acute cholangitis after clearance of choledocholithiasis.", No. Justification: “To assess the feasibility and safety of diagnostic or therapeutic semirigid ureteroscopy without ureteral meatus dilatation.” (2)
sentence_dense,sentence,dense,biomistral,Does managed care enable more low income persons to identify a usual source of care?,maybe,no,0,1,generation_failure,"(1) To examine the effects of managed care on the likelihood of low-income persons having a usual source of care and a usual physician, and; (2) To examine the association between usual source of care and access. Managed care has only marginal effects on the likelihood of having a usual source of care for privately insured and Medicaid beneficiaries. By requiring or encouraging enrollees to obtain a usual source of care, managed care programs hope to improve access to care without incurring higher costs. Having a usual physician substantially reduces unmet medical needs for the insured but less so for the uninsured. High managed care penetration in the community is associated with a lower likelihood of having a usual source of care for uninsured persons (54.8% vs. 62.2% in low penetration areas) as well as a lower likelihood of having a usual physician (60% vs. 72.8%).", No. Managed care has only marginal effects on the likelihood of having a usual source of care for privately insured and Medicaid beneficiaries. ([2])
sentence_dense,sentence,dense,biomistral,"Knee extensor strength, dynamic stability, and functional ambulation: are they related in Parkinson's disease?",yes,yes,1,1,success,"To evaluate the relationship between knee extensor strength, postural stability, functional ambulation, and disease severity in Parkinson's disease (PD). Knee extensor strength positively correlated with dynamic postural stability and negatively correlated with disease severity. Lastly, participants were evaluated by a neurologist specially trained in movement disorders to assess neurologic status and disease severity using the Unified Parkinson's Disease Rating Scale and the Hoehn and Yahr disability score. Participants were evaluated on their isokinetic knee extensor strength. Further, dynamic postural stability was negatively correlated to disease severity and positively correlated with functional ambulation in this cohort of patients with PD (P<.05).", Yes. Knee extensor strength positively correlated with dynamic postural stability and negatively correlated with disease severity.
sentence_dense,sentence,dense,biomistral,"Is distance to provider a barrier to care for medicaid patients with breast, colorectal, or lung cancer?",no,yes,0,1,generation_failure,"Distance to provider might be an important barrier to timely diagnosis and treatment for cancer patients who qualify for Medicaid coverage. Driving distances and times from patient residence to primary care provider were calculated for 3,917 breast, colorectal (CRC) and lung cancer Medicaid patients in Washington State from 1997 to 2003 using MapQuest.com. Important increases could be demonstrated for communicating a diagnosis of cancer with good or less good prognosis, recurrence of cancer or a far progressive cancer disease without curative approach. High managed care penetration in the community is associated with a lower likelihood of having a usual source of care for uninsured persons (54.8% vs. 62.2% in low penetration areas) as well as a lower likelihood of having a usual physician (60% vs. 72.8%). Women without insurance and women attending 1 of the 3 clinics were less likely to adhere to any follow-up recommendation (hazard ratio for no insurance, 0.43 [95% confidence interval, 0.20-0.93], and for clinic, 0.35 [95% confidence interval, 0.15-0.73])."," Yes. Driving distances and times from patient residence to primary care provider were calculated for 3,917 breast, colorectal (CRC) and lung cancer Medicaid patients in Washington State from 1997 to"
sentence_dense,sentence,dense,biomistral,Can folic acid protect against congenital heart defects in Down syndrome?,no,no,1,1,success,"Several studies have suggested a protective effect of folic acid (FA) on congenital heart anomalies. Our objectives were to investigate whether first-trimester FA use protects against heart anomalies among DS children. Subanalyses were performed for defects that have been associated with FA in non-DS populations (conotruncal, ventricular septal [VSD]) and for those that are associated with DS (ostium secundum type atrial septal defects [ASD]and endocardial cushion defects [ECD]). After adjustment for possible confounders, no protective effect of FA was found on heart anomalies overall (OR 0.95, 95% CI: 0.61-1.47) nor separately for conotruncal defects, VSDs, ASDs, or ECDs. Folic acid (FA) is often given as an adjunct to methotrexate therapy, but there is no conclusive proof that it decreases the toxicity of methotrexate and there is a theoretical risk that it may decrease the efficacy of methotrexate.", No.
sentence_dense,sentence,dense,biomistral,Are there mental health differences between francophone and non-francophone populations in manitoba?,maybe,yes,0,1,generation_failure,"Our study sought to compare mental health indicators between Francophones and non-Francophones living in the province of Manitoba. When surveyed, Francophones were less likely than non-Francophones to report that their mental health was excellent, very good, or good (66.9%, compared with 74.2%). Outside urban areas, Francophones had lower rates of diagnosed substance use disorder (rate ratio [RR] = 0.80; 95% CI 0.68 to 0.95) and of suicide and suicide attempts (RR = 0.59; 95% CI 0.43 to 0.79), compared with non-Francophones, but no differences were found between the groups across the province in rates of diagnosed mood disorders, anxiety disorders, dementia, or any mental disorders after adjusting for age, sex, and geographic area. Francophones may experience poorer health due to social status, cultural differences in lifestyle and attitudes, and language barriers to health care. Thirty-four subjects (mean age 55 years, body mass index 34 kg/m 2 , fasting triglycerides 3.5 mmol/L) with diagnosed sleep apnoea syndrome not treated with continuous positive airways pressure were enrolled and randomized to once daily treatment with fenofibrate (145 mg NanoCrystal(R) tablet) or placebo.", Yes.
sentence_dense,sentence,dense,biomistral,Does type 1 diabetes mellitus affect Achilles tendon response to a 10 km run?,no,yes,0,1,generation_failure,"The load-response behaviour of tendons may be altered in type 1 diabetes mellitus (T1DM) as hyperglycaemia accelerates collagen cross-linking. This study compared Achilles tendon load-response in participants with T1DM and controls. Achilles tendon structure was quantified at day-0, day-2 and day-4 after a 10 km run. To explore whether electrochemiluminescence (ECL) assays can help improve prediction of time to type 1 diabetes in the TrialNet autoantibody-positive population. A total of 12 537 participants with dysglycaemia and high CV-risk were randomized to basal insulin glargine titrated to a fasting glucose of ≤ 5.3 mmol/L (95 mg/dL) or standard glycaemic care.", Yes.
sentence_dense,sentence,dense,biomistral,Fragility of the esophageal mucosa: a pathognomonic endoscopic sign of primary eosinophilic esophagitis?,yes,yes,1,1,success,"Primary eosinophilic esophagitis, a chronic inflammatory disorder of the esophagus, evokes recurrent dysphagia. The response of a series of patients with primary eosinophilic esophagitis to dilation is reported together with a description of a possibly pathognomonic sign: fragile esophageal mucosa, for which the term ""crêpe-paper"" mucosa is introduced. Five men underwent endoscopy because of dysphagia confirmed (clinically, endoscopically, and histologically) to be caused by primary eosinophilic esophagitis and were treated by bouginage. We observed an endoscopic abnormally in a group of children with histological esophagitis. We examined the relationship between the presence of VLEM and significant histologic changes in esophageal mucosal biopsies."," Yes. The term ""crêpe-paper"" mucosa is introduced to describe the fragile esophageal mucosa in primary eosinophilic esophagitis."
sentence_dense,sentence,dense,biomistral,Does cup-cage reconstruction with oversized cups provide initial stability in THA for osteoporotic acetabular fractures?,yes,yes,1,1,success,"This study measured acetabular component stability and the initial surface contact achieved between the acetabular component and unfractured region of the pelvis after THA using an oversized acetabular component and cup-cage reconstruction. Immediate total hip arthroplasty (THA) has potential advantages, but achieving acetabular component stability is challenging and, at early followup, reported revision rates for loosening are high.QUESTIONS/ Of these, 12 (30%) underwent immediate THA using an oversized acetabular component with screws inserted only into the ilium and a cup-cage construct. To determine the relationship between injury severity surrogates and other patient factors with the development and severity of heterotopic ossification (HO) following open reduction internal fixation of acetabular fractures treated with a posterior approach. Acetabular component migration was defined as acceptable if less than the limits for primary THA that predict later loosening (1.76 mm of proximal migration and 2.53° of sagittal rotation).", Yes. The study measured acetabular component stability and the initial surface contact achieved between the acetabular component and unfractured region of the pelvis after THA using an oversized acetabular component and cup-cage
sentence_dense,sentence,dense,biomistral,Pulmonary valve replacement in adults late after repair of tetralogy of fallot: are we operating too late?,yes,yes,1,1,success,"Chronic pulmonary regurgitation (PR) following repair of tetralogy of Fallot (TOF) leads to RV dilation and an increased incidence of sudden cardiac death in adult patients. The purpose of this study is to evaluate right ventricular (RV) volume and function after pulmonary valve replacement (PVR) and to address the issue of optimal surgical timing in these patients. Despite surgical refinements, perioperative use of tracheobronchoscopy (TBS) as part of surgical approach to esophageal atresia (EA) is still controversial. None of the patients who presented with a hydrocele have developed a clinical hydrocele or hernia after an average 7.5 years (range 4.3-11.2) follow-up. Twenty patients (age 62 ± 9 years, 13 males) with persistent AF and 9 control subjects without organic heart disease or AF (age 36 ± 6 years, 4 males) underwent detailed CFAE and SRF left atrial electroanatomic maps.", Yes. The pulmonary valve replacement in adults late after repair of tetralogy of fallot is too late. The chronic pulmonary regurgitation (PR) following repair of tetralogy of Fallot (TOF
sentence_dense,sentence,dense,biomistral,Xanthogranulomatous cholecystitis: a premalignant condition?,no,no,1,1,success,"Xanthogranulomatous cholecystitis (XGC) is an uncommon variant of chronic cholecystitis, characterized by marked thickening of the gallbladder wall and dense local adhesions. Furthermore, the premalignant nature of this entity is not known. The purpose of this study is to examine whether or not well differentiated (w-d) hepatocellular carcinoma (HCC) is indeed clinically early cancer. But the expression pattern in XGC, chronic cholecystitis and control gallbladders was homogenously membranous, whereas in GBC the membranous expression pattern was altered to cytoplasmic and nuclear. We investigated symptoms, gluten consumption, antibodies for CD and other autoimmunity, human leukocyte antigen (HLA)-typing, bone mineral density, and performed small bowel biopsies.", No. [1]
sentence_dense,sentence,dense,biomistral,Does TDP-43 type confer a distinct pattern of atrophy in frontotemporal lobar degeneration?,yes,yes,1,1,success,"To determine whether TDP-43 type is associated with distinct patterns of brain atrophy on MRI in subjects with pathologically confirmed frontotemporal lobar degeneration (FTLD). We identified different patterns of atrophy across the types with type 1 showing frontotemporal and parietal atrophy, type 2 predominantly anterior temporal lobe atrophy, and type 3 predominantly posterior frontal atrophy. Within the FTLD-TDP type 1 group, those with a progranulin mutation had significantly more lateral temporal lobe atrophy than those without. Subjects with a pathologic diagnosis of FTLD with motor neuron degeneration had a similar pattern of atrophy, regardless of whether they were type 1 or type 3. Voxel-based morphometry was used to compare subjects with each of the different FTLD-TDP types to age- and gender-matched normal controls (n = 30).", Yes.
sentence_dense,sentence,dense,biomistral,Is oncoplastic surgery a contraindication for accelerated partial breast radiation using the interstitial multicatheter brachytherapy method?,maybe,no,0,1,generation_failure,"To evaluate accelerated partial breast irradiation (APBI) in patients after oncoplastic surgery for early breast cancer. A retrospective analysis of 136 breasts of 134 patients, who received breast-conserving oncoplastic surgery for low-risk breast cancer between 2002 and 2010 in the Universities of Vienna and Luebeck followed by adjuvant APBI applying total doses of pulse dose rate of 50.4 Gy or high-dose rate (HDR) of 32 Gy over 4 days. This study aims to evaluate local failure patterns in node negative breast cancer patients treated with post-mastectomy radiotherapy including internal mammary chain only. Clinically positive axillary nodes are widely considered a contraindication to sentinel lymph node (SLN) biopsy in breast cancer, yet no data support this mandate. This study examined the impact of radiotherapy for the primary rectal cancer on outcomes after pelvic exenteration for local recurrence.", No.
sentence_dense,sentence,dense,biomistral,"Diagnostic characteristics of child bipolar I disorder: does the ""Treatment of Early Age Mania (team)"" sample generalize?",yes,yes,1,1,success,"Subjects (N = 247) were outpatients who participated in either the National Institute of Mental Health-funded Phenomenology and Course of Pediatric Bipolar Disorders study or the Treatment of Early Age Mania (TEAM) study. Both studies required that subjects have current DSM-IV bipolar I disorder (manic or mixed phase) and a Children's Global Assessment Scale (CGAS) score<or=60. To examine the representativeness of a randomized controlled trial (RCT) sample versus one obtained by consecutive new case ascertainment, for subjects with child bipolar I disorder. After controlling for age of onset, there were no differences in prior suicide attempts by polarity although bipolar participants had more prior severe attempts. The PEA-BP phenotype was defined by DSM-IV mania with at least one of the cardinal symptoms of mania (elation and/or grandiosity) to avoid diagnosing mania only by symptoms that overlapped with those for attention-deficit hyperactivity disorder (ADHD).", Yes.
sentence_dense,sentence,dense,biomistral,Estimation of basal metabolic rate in Chinese: are the current prediction equations applicable?,yes,no,0,1,generation_failure,"The aim of this study was to develop a new BMR prediction equation for Chinese adults applicable for a large BMI range and compare it with commonly used prediction equations. Additionally, the newly derived equation was cross-validated in a separate group of 70 Chinese subjects (26 men and 44 women, age: 21-69 years, BMI: 17-39 kg/m(2)). A regression equation was derived using stepwise regression and accuracy was compared to 6 existing equations (Harris-Benedict, Henry, Liu, Yang, Owen and Mifflin). Measurement of basal metabolic rate (BMR) is suggested as a tool to estimate energy requirements. The aim of this study was to correlate these musculoskeletal symptoms and bone fractures in patients receiving AIs with bone mineral density (BMD), previous tamoxifen use, and administration of calcium/bisphosphonate (Ca/Bis).", No.
sentence_dense,sentence,dense,biomistral,Does rugby headgear prevent concussion?,maybe,no,0,1,generation_failure,"To examine the attitudes of players and coaches to the use of protective headgear, particularly with respect to the prevention of concussion. In addition, coaches from all four levels were questioned about team policies and their personal opinions about the use of headgear to prevent concussion. Despite the players' belief that headgear offers protection against concussion, only a minority reported wearing headgear (27%) and few (24%) felt that its use should be made mandatory. Although the players tended to believe that the headgear could prevent concussion (62%), the coaches were less convinced (33%). A questionnaire designed to assess attitudes to headgear was administered to 63 players from four different Canadian teams, each representing a different level of play (high school, university, community club, national)."," No. The majority of players (62%) believe that the headgear can prevent concussion, but the coaches were less convinced (33%). The minority of players (27%) reported wearing headgear and few (2"
sentence_dense,sentence,dense,biomistral,Spinal subdural hematoma: a sequela of a ruptured intracranial aneurysm?,yes,no,0,1,generation_failure,"A case of spinal subdural hematoma (SSDH) following subarachnoid hemorrhage (SAH) because of a ruptured internal carotid aneurysm is described. Magnetic resonance imaging showed a subdural hematoma in the lumbosacral region. Patients presenting with transient ischemic attack or stroke may have symptom-related lesions on acute computed tomography angiography (CTA) such as free-floating intraluminal thrombus (FFT). A 52-year-old woman underwent a craniotomy for a ruptured internal carotid aneurysm. Intrathecal administration of urokinase, IV administration of fasudil hydrochloride, and continuous cerebrospinal fluid (CSF) evacuation via cisternal drainage were performed as prophylactic treatments for vasospasm.", No. Spinal subdural hematoma is not a sequela of a ruptured intracranial aneurysm. The patient in the case report had a subdural hematoma in the lumbosacral
sentence_dense,sentence,dense,biomistral,Can shape analysis differentiate free-floating internal carotid artery thrombus from atherosclerotic plaque in patients evaluated with CTA for stroke or transient ischemic attack?,yes,yes,1,0,lucky_guess,"Patients presenting with transient ischemic attack or stroke may have symptom-related lesions on acute computed tomography angiography (CTA) such as free-floating intraluminal thrombus (FFT). Extracranial internal carotid artery stenosis is a risk factor for perioperative stroke in patients undergoing coronary artery bypass surgery (CAB). Prevalence of carotid stenosis detected by ultrasonography, surgical management and perioperative stroke rates were determined in each group. Patients were stratified retrospectively into high- or low-risk groups according to risk factors for significant carotid stenosis and perioperative stroke: peripheral vascular disease (PVD), carotid bruit, diabetes mellitus, age>70 years and/or history of cerebrovascular disease. Carotid stenosis was a risk factor for stroke (P=0.03).", Yes. Free-floating intraluminal thrombus (FFT) is a symptom-related lesion that can be differentiated from atherosclerotic plaque by shape analysis of computed tomography angiography
sentence_dense,sentence,dense,biomistral,Dementia and aphasia in motor neuron disease: an underrecognised association?,yes,yes,1,1,success,"To determine the prevalence and nature of global cognitive dysfunction and language deficits in an unselected population based cohort of patients with motor neuron disease (MND). A battery of neuropsychological and language tests was administered to patients presenting consecutively over a 3 year period to a regional neurology service with a new diagnosis of sporadic motor neuron disease. Lastly, participants were evaluated by a neurologist specially trained in movement disorders to assess neurologic status and disease severity using the Unified Parkinson's Disease Rating Scale and the Hoehn and Yahr disability score. Because lysosomotropic amines can suppress major histocompatibility complex (MHC) class II antigen presentation, their mechanism of action is potentially different from current immune suppressant drugs used to control GVHD such as cyclosporine. The difference between non-cycloplegic and cycloplegic refractive measurements was analyzed.", Yes. The prevalence and nature of global cognitive dysfunction and language deficits in an unselected population based cohort of patients with motor neuron disease (MND) was determined.
sentence_dense,sentence,dense,biomistral,Does solid culture for tuberculosis influence clinical decision making in India?,maybe,yes,0,1,generation_failure,"To investigate the impact of solid culture on Löwenstein-Jensen medium on clinical decision making. In a retrospective review of 150 culture-positive and 150 culture-negative consecutively sampled tuberculosis (TB) suspects, treatment decisions were analysed at presentation, after the availability of culture detection results and after the availability of drug susceptibility testing (DST) culture results. A total of 124 (82.7%) culture-positive patients and 35 (23.3%) culture-negative patients started anti-tuberculosis treatment prior to receiving their culture results; 101 patients (33.7%) returned for their results; two (1.3%) initiated treatment based on positive culture and no culture-negative patients discontinued treatment. We review our results on surgical treatment of patients with stage I non-small cell lung carcinoma and we attempted to clarify the prognostic significance of some surgical--pathologic variables. It is uncertain whether the inverse equity hypothesis-the idea that new health interventions are initially primarily accessed by the rich, but that inequalities narrow with diffusion to the poor-holds true for cancer screening in low and middle income countries (LMICs).This study examines the relationship between overall coverage and economic inequalities in coverage of cancer screening in four middle-income countries.", Yes.
sentence_dense,sentence,dense,biomistral,Diffusion-weighted echo-planar MR imaging of primary parotid gland tumors: is a prediction of different histologic subtypes possible?,yes,yes,1,1,success,"Our aim was to determine the value of echo-planar diffusion-weighted MR imaging (epiDWI) in differentiating various types of primary parotid gland tumors. The aim of this study was to assess the reproducibility of different measurement methods and define the most workable technique for measuring head and neck paragangliomas, to determine the best method for evaluating tumour growth. Prognostic significance of the following independent variables was tested using univariate (log-rank) and multivariate (Cox proportional-hazards) analysis: type of resection (sublobar vs lobectomy vs pneumonectomy), histology (squamous cell vs adenocarcinoma), tumour size (<or=3cm vs>3cm), histologic vascular invasion, visceral pleura involvement, positive bronchial resection margin, general T status. Compared with computed tomography (CT) and magnetic resonance imaging (MRI), positron emission tomography (PET) may have additional value in the assessment of primary and recurrent cervical cancer. Separate models were explored in men with prostate cancer censored at diagnosis, for percent body fat measurements, for weight changes with time and adjusting for initial prostate size in 483 men (2,523 observations) with pelvic magnetic resonance imaging measurements.", Yes. The study shows that diffusion-weighted echo-planar MR imaging is useful in differentiating various types of primary parotid gland tumors.
sentence_dense,sentence,dense,biomistral,Is there a role for endothelin-1 in the hemodynamic changes during hemodialysis?,maybe,yes,0,1,generation_failure,"There is mounting evidence that endothelin-1 (ET-1) may play a vital role in these hemodynamic changes. We examined the possible role of intradialytic changes of ET-1 in the pathogenesis of hypotension and rebound hypertension during HD. Pre-dialysis levels of ET-1 were significantly higher in dialysis patients compared to the controls (P<0.001); however, they were comparable in the three HD groups. They were divided according to their hemodynamic status during HD into three groups (group I had stable intradialytic hemodynamics, group II had dialysis-induced hypotension, and group III had rebound hypertension during HD). The etiology of hemodialysis (HD)-induced hypotension and hypertension remains speculative.", Yes.
sentence_dense,sentence,dense,biomistral,Do risk factors for suicidal behavior differ by affective disorder polarity?,no,no,1,1,success,"The influence of affective disorder polarity on subsequent suicide attempts or completions and any differential effect of suicide risk factors by polarity were assessed in a prospective cohort. Mixed-effects, grouped-time survival analysis assessed risk of suicidal behavior and differential effects of risk factors for suicidal behavior by polarity. Considering commonalities between depression and social anxiety and the presence of similar intrusive thoughts in social anxiety, the current study was designed to assess whether interference from irrelevant material in working memory is specific to depression or is also present in social anxiety disorder. After controlling for age of onset, there were no differences in prior suicide attempts by polarity although bipolar participants had more prior severe attempts. In addition to polarity, the main effects of age, gender, hopelessness, married status, prior suicide attempts and active substance abuse were modeled, with mood cycle as the unit of analysis.", No.
sentence_dense,sentence,dense,biomistral,Multidisciplinary breast cancer clinics. Do they work?,yes,yes,1,1,success,"In an attempt to improve the care they provide for their patients with breast cancer, the authors' institution developed a multidisciplinary breast cancer clinic (MDBCC) to offer ""one-stop shopping"" consultation and support for newly diagnosed breast cancer patients. Retrospective analysis of patients in an academic breast service, who underwent mastectomy, with or without reconstruction, and received adjuvant chemotherapy. A total of 648 breast cancer patients treated in the University Malaya Medical Center (UMMC), Malaysia between 2004 and 2005 were included in the study. We reviewed charts of 856 patients with hormone receptor-positive nonmetastatic breast cancer seen at our institution between January 1999 and October 2007. A retrospective analysis of 136 breasts of 134 patients, who received breast-conserving oncoplastic surgery for low-risk breast cancer between 2002 and 2010 in the Universities of Vienna and Luebeck followed by adjuvant APBI applying total doses of pulse dose rate of 50.4 Gy or high-dose rate (HDR) of 32 Gy over 4 days."," Yes. The multidisciplinary breast cancer clinic (MDBCC) was developed to offer ""one-stop shopping"" consultation and support for newly diagnosed breast cancer patients. (1)"
sentence_dense,sentence,dense,biomistral,Is the international normalised ratio (INR) reliable?,maybe,yes,0,0,retrieval_failure,"Comparison between results obtained in the practices and those in the reference hospital laboratory (gold standard), which used the same method of testing for INR, showed a correlation coefficient of 0.96. The right internal jugular vein was cannulated using either anatomic landmarks or prepuncture ultrasound (3.75/7.5 MHz) guidance. To investigate whether prepuncture ultrasound evaluation of vascular anatomy facilitates internal jugular vein cannulation compared with landmark-guided puncture. Both groups presented no differences in relation to infundibulopelvic angle, width and length of the lower calyceal infundibulum, length/width ratio of the lower infundibulum or number of lower calyces. Height of the infundibulum, described as the distance between the line passing through the lowest part of the calyx containing the calculus and the highest point of the lower lip of renal pelvis, was the only parameter in which significant differences (p = 0.002) were found between the NR and R groups.", Yes. The international normalised ratio (INR) is reliable because it has a correlation coefficient of 0.96 when compared to the results obtained in the reference hospital laboratory (gold standard).
sentence_dense,sentence,dense,biomistral,"Are there associations of health status, disease activity and damage in SLE patients?",yes,yes,1,1,success,"The assessment included, besides demographic data, the measurement of disease activity using the BILAG index, the measurement of disease damage using the SLICC/ACR damage index (SDI), as well as the patient's self assessed health status using the patient's questionnaire Medical Outcome Survey Short Form 36 (SF-36). The purpose of this study was to analyze sputum cell counts, blood leukocytes and systemic inflammatory markers in these phenotypes, and investigate how those groups compared with healthy subjects. As part of a prospective study on quality of life in newly diagnosed lung cancer patients an investigation was carried out to examine whether there were differences among patients' quality of life scores and their socioeconomic status. The aim of this prognostic factor analysis was to investigate if a patient's self-reported health-related quality of life (HRQOL) provided independent prognostic information for survival in non-small cell lung cancer (NSCLC) patients. To understand the effect of past group A streptococcal infection on MS, antistreptolysin O (ASO) and antideoxyribonuclease B (ADNase B) were measured in 21 patients with relapsing-remitting MS and 21 healthy blood donors by nephelometric assay."," Yes. Justification: The BILAG index and SDI are used to measure disease activity and damage, respectively, in SLE patients. The SF-36 is used to measure health status in SLE patients."
sentence_dense,sentence,dense,biomistral,PSA repeatedly fluctuating levels are reassuring enough to avoid biopsy?,no,no,1,0,lucky_guess,"Adherence to a second colposcopy was not significantly different from that to a repeated Pap smear (odds ratio, 1.40; 95% confidence interval, 0.80-2.46). To assess the feasibility and safety of diagnostic or therapeutic semirigid ureteroscopy without ureteral meatus dilatation. Routine clinic protocols for follow-up--telephone call, letter, or certified letter--were applied without regard to the type of abnormality seen on a Pap smear or recommended examination. Although selective and non-selective methods of preoperative carotid screening have been advocated, it remains unclear if this screening is clinically relevant.AIM: To test whether selective carotid screening is as effective as non-selective screening in detecting significant carotid disease. The intervals from the last application of prostaglandin until abortion and from 3 cm cervical dilatation to abortion were slightly, but not significantly shorter in the paracervical anaesthesia group.", No. The study showed that PSA repeatedly fluctuating levels are reassuring enough to avoid biopsy only in 50% of cases. The other 50% of cases were not reassured and required biopsy.
sentence_dense,sentence,dense,biomistral,Is zero central line-associated bloodstream infection rate sustainable?,yes,no,0,0,retrieval_failure,"Adoption and implementation of evidence-based measures for catheter care leads to reductions in central line-associated bloodstream infection (CLABSI) rates in the NICU. Intrathecal administration of urokinase, IV administration of fasudil hydrochloride, and continuous cerebrospinal fluid (CSF) evacuation via cisternal drainage were performed as prophylactic treatments for vasospasm. The mean duration of anesthesia and the infection rates in both groups were recorded and compared. The relationship between the use of an endoscope during ventriculoperitoneal shunt (VPS) procedures and infection remains poorly defined. Complications of anticoagulation were documented and defined as any unanticipated discontinuation of the anticoagulant for bleeding or other adverse events.", No.
sentence_dense,sentence,dense,biomistral,"Is gastric electrical stimulation superior to standard pharmacologic therapy in improving GI symptoms, healthcare resources, and long-term health care benefits?",yes,yes,1,1,success,"To compare symptoms, healthcare resource utilization and costs in two groups of patients with the symptoms of GP: those treated via gastric electrical stimulation (GES) and those treated with traditional pharmacological agents in an intensive outpatient program (MED). Gastrointestinal symptoms were significantly different from baseline (F = 3.03, P<0.017) with GP patients treated via GES showing more sustained improvement over 36 months than those treated via MED. Severe upper gastrointestinal (GI) motor disorders, including gastroparesis (GP), can consume significant health care resources. Little is known about whether a routinely inserted endoscopic nasobiliary drainage (ENBD) tube improves the clinical course in patients with choledocholithiasis-induced acute cholangitis after clearance of choledocholithiasis. However, there are no treatment guidelines for polyps that grow in size during the follow-up period.STUDY: We retrospectively investigated 145 patients with GB polyps who underwent at least 1 ultrasonographic follow-up examination over an interval greater than 6 months, before cholecystectomy at Samsung medical center, South Korea, from 1994 to 2007."," Yes. Gastrointestinal symptoms were significantly different from baseline (F = 3.03, P<0.017) with GP patients treated via GES showing more sustained improvement over 36 months than those treated via"
sentence_dense,sentence,dense,biomistral,Should pulp chamber pulpotomy be seen as a permanent treatment?,no,no,1,1,success,"Seventeen patients, aged 7-54 years (mean of 37.2 year), were treated by pulpotomy and filling with ProRoot MTA(®)  in premolar or molar teeth with vital pulps and without clinical evidence of irreversible pulpitis. To investigate the effect of bracket-ligature combination on the amount of orthodontic space closure over three months. Two of the 17 treated teeth required root canal treatment for pain control and one for prosthetic reasons. Statistical analysis was performed with Kaplan-Meier survival probability statistics to estimate the survival of the treated teeth. Forty-five patients requiring upper first premolar extractions.", No.
sentence_dense,sentence,dense,biomistral,Does transverse apex coincide with coronal apex levels (regional or global) in adolescent idiopathic scoliosis?,no,no,1,1,success,"To identify the regional and global apexes of curves in adolescent idiopathic scoliosis and to compare the levels of those with the most rotated vertebral levels on computed tomography scans. The most rotated vertebral (or disc) levels (transverse apex) were compared with the regional and global apex levels (vertebra or disc) (coronal apexes) of the corresponding curves separately. Thirty-three structural curves of 25 consecutive patients scheduled for surgery for thoracic or thoracolumbar scoliosis were analyzed with standing anteroposterior radiographs and computed tomography scans covering the curve apexes and pelvis. Regional and global apexes were at the same level in 18 (54.5%) curves, and within half a level in another 15 (45.4%), and the regional apex was one level higher in two curves (95% confidence levels: -0.82, +0.88). Apical vertebra or disc is defined as the most laterally deviated vertebra or disc in a scoliosis curve, but the most rotated vertebra (or disc) has not been included in this terminology.", No.
sentence_dense,sentence,dense,biomistral,Does the Child Health Computing System adequately identify children with cerebral palsy?,no,yes,0,1,generation_failure,"This paper assesses the usefulness of the Child Health Computing System as a source of information about children with cerebral palsy. A comparative survey of information held on the Child Health Computing System (CHCS) and the Northern Ireland Cerebral Palsy Register (NICPR) in one Health and Social Services Board in Northern Ireland was carried out. The sample comprised children with cerebral palsy aged 5-9 years. To determine the vitamin D status of prepubertal children with CD. A retrospective study of prepubertal children aged 3-12 years with CD (n=24) who were compared to prepubertal, non-CD children of the same age (n=50).", Yes. Justification: “A comparative survey of information held on the Child Health Computing System (CHCS) and the Northern Ireland Cerebral Palsy Register (NICPR) in one Health and Social Services Board in Northern
sentence_dense,sentence,dense,biomistral,Are we seeing the effects of public awareness campaigns?,maybe,yes,0,0,retrieval_failure,"To examine patterns of knowledge and attitudes among adults aged>65 years unvaccinated for influenza. To assess the extent to which the title and font of participant information sheets (PISs) can influence pregnant women's and trainee midwives' perceptions of an antenatal intervention. National knowledge, attitude and practice (KAP) surveys were conducted in 1988, 1989, 1992, 1994 and 1996. Identified 4 clusters: Potentials (45%) would receive influenza vaccine to prevent disease; Fearful Uninformeds (9%) were unsure if influenza vaccine causes illness; Doubters (27%) were unsure if vaccine is efficacious; Misinformeds (19%) believed influenza vaccine causes illness. Although selective and non-selective methods of preoperative carotid screening have been advocated, it remains unclear if this screening is clinically relevant.AIM: To test whether selective carotid screening is as effective as non-selective screening in detecting significant carotid disease."," Yes. (The study in [4] was conducted after the 1994 KAP survey, which was conducted after the 1992 KAP survey, which was conducted after the 1989 KAP survey,"
sentence_dense,sentence,dense,biomistral,Is breast cancer prognosis inherited?,yes,yes,1,1,success,"It is not well known, however, whether genetic traits also influence prognostic features of the malignant phenotype. Among all women with breast cancer diagnosed from 1961 to 2001, 2,787 mother-daughter pairs and 831 sister pairs with breast cancer were identified; we achieved complete follow-up and classified 5-year breast cancer-specific prognosis among proband (mother or oldest sister) into tertiles as poor, intermediary, or good. A genetic component is well established in the etiology of breast cancer. After adjustment for potential confounders, daughters and sisters of a proband with poor prognosis had a 60% higher 5-year breast cancer mortality compared to those of a proband with good prognosis (hazard ratio [HR], 1.6; 95% confidence interval [CI], 1.2 to 2.2; p for trend 0.002). The purpose of this study was to evaluate whether time to primary treatment (TPT) in breast cancer impacts survival."," Yes. [1, 2, 3, 4] The genetic component is well established in the etiology of breast cancer. [2, 3] Daughters and sisters of a proband with poor prognosis had a"
sentence_dense,sentence,dense,biomistral,Does nuchal translucency thickness in the first trimester predict GDM onset during pregnancy?,no,yes,0,1,generation_failure,"This study was planned to evaluate whether increased nuchal translucency (NT) thickness in the first trimester of gestation can be related to onset of gestational diabetes mellitus (GDM) during pregnancy. From January 2006 to August 2008, a group of 678 singleton pregnancies who had developed GDM has been selected as a study group among a total of 3966 pregnant women who had undergone first trimester screening for aneuploidies at 11-14 weeks of gestation. The objective of the study was to determine whether risk of recurrent preterm birth differs based on the clinical presentation of a prior spontaneous preterm birth (SPTB): advanced cervical dilatation (ACD), preterm premature rupture of membranes (PPROM), or preterm labor (PTL). The outcomes were analyzed with respect to antral follicle assessment (<or = 6 or>6), basal cycle day 3 follicle stimulated hormone (<or = 10 or>10 IU/L) and maternal age (<or = 35 or>35 years). For intrapartum care, estimation of fetal weight, the performance of pelvimetry, blood pressure monitoring, urine testing, evaluation of head above pelvis, fetal heart rate monitoring, monitoring of contractions and plotting of cervical dilatation, and whether the appropriate actions were taken, were assessed.", Yes.
sentence_dense,sentence,dense,biomistral,Are the arginine vasopressin V1a receptor microsatellites related to hypersexuality in children with a prepubertal and early adolescent bipolar disorder phenotype?,no,no,1,1,success,"To examine family-based transmission of the number of 5' flanking arginine vasopressin V1a receptor (AVPR1A) microsatellites, which include [(GATA)(14)] and complex [(CT)(4)-TT-(CT)(8)-(GT)(24)]repeats, in probands with a prepubertal and early adolescent bipolar disorder phenotype (PEA-BP). Preferential transmission of the number of AVPR1A microsatellite repeats to hypersexual and uninhibited people-seeking probands was hypothesized, based on reports from preclinical work in the literature. Subjects (N = 247) were outpatients who participated in either the National Institute of Mental Health-funded Phenomenology and Course of Pediatric Bipolar Disorders study or the Treatment of Early Age Mania (TEAM) study. To provide insight into the factors by which obesity in itself may directly lead to early arterial damage, we aimed to determine early sonographic markers of obesity-related vascular dysfunction in young obese males. Insulin sensitivity was measured as the glucose infusion rate during a euglycemic hyperinsulinemic clamp, body fat percentage was measured by dual X-ray absorptiometry, and CVD risk was estimated using the Framingham risk score.", No. The answer is no. The evidence from the context suggests that the arginine vasopressin V1a receptor microsatellites are not related to hypersexuality in children with a prepubertal and early
sentence_dense,sentence,dense,biomistral,Stage I non-small cell lung carcinoma: really an early stage?,no,no,1,1,success,"The purpose of this study is to examine whether or not well differentiated (w-d) hepatocellular carcinoma (HCC) is indeed clinically early cancer. We review our results on surgical treatment of patients with stage I non-small cell lung carcinoma and we attempted to clarify the prognostic significance of some surgical--pathologic variables. Patients enrolled in the study had been diagnosed with non-small cell carcinoma in stages IV or IIIB with pleural or N2-N3 involvement and with a performance status of 2 or below according to the Eastern Cooperative Oncology Group (ECOG). Only 1 was determined as an advanced adenoma. In both univariate and multivariate survival analysis, significant prognostic factors were histology (adenocarcinoma 65% vs squamous cell carcinoma 51%), tumour size (<or=3cm 67% vs>3cm 46%), and the presence of negative resection margin.", No. Stage I non-small cell lung carcinoma is not an early stage.
sentence_dense,sentence,dense,biomistral,Does Residency Selection Criteria Predict Performance in Orthopaedic Surgery Residency?,yes,yes,1,1,success,"Do preresidency selection factors serve as predictors of success in residency? Resident performance was assessed using objective measures including American Board of Orthopaedic Surgery (ABOS) Part I scores and Orthopaedics In-Training Exam (OITE) scores and subjective ratings by faculty including global evaluation scores and faculty rankings of residents. Specifically, we asked which preresidency selection factors are associated or correlated with (1) objective measures of resident knowledge and performance; and (2) subjective ratings by faculty. However, the criteria used in the selection process often are subjective and studies have differed in terms of which criteria predict either objective measures or subjective ratings of resident performance by faculty.QUESTIONS/ Preresidency selection criteria examined included United States Medical Licensing Examination (USMLE) Step 1 and Step 2 scores, Medical College Admission Test (MCAT) scores, number of clinical clerkship honors, number of letters of recommendation, number of away rotations, Alpha Omega Alpha (AOA) honor medical society membership, fourth-year subinternship at our institution, and number of publications.", Yes.
sentence_dense,sentence,dense,biomistral,Optimism and survival: does an optimistic outlook predict better survival at advanced ages?,yes,yes,1,1,success,"The aim of this study was to examine whether an optimistic outlook predicts survival among the oldest-old. Only a few studies have examined the effect of personality traits on survival, such as optimism. When confounding factors such as baseline physical and cognitive functioning and disease were taken into account the association between optimism and survival weakened in both sexes, but the general pattern persisted. The risk of death was also decreased for optimistic men compared to their neutral counterparts, but the effect was non-significant [HR 0.91, 95 % CI (0.73-1.13)]. Univariable analyses revealed that optimistic women and men were at lower risk of death compared to their neutral counterparts [HR 0.82, 95 % CI (0.73-0.93) and 0.81, 95 % CI (0.66-0.99), respectively].", Yes. The aim of this study was to examine whether an optimistic outlook predicts survival among the oldest-old. Univariable analyses revealed that optimistic women and men were at lower risk of death compared to their neutral counterparts
sentence_dense,sentence,dense,biomistral,Is it better to be big?,no,no,1,0,lucky_guess,"On multivariate analysis, however, the growth rate was not related to the neoplastic nature of a polyp, but older age (>60 y) and large size (>10 mm) were significantly associated with neoplastic polyps. We wished to discover if these relationships could be reliably extended to a much more obese group. If, and how, circumferences, including waist circumference (WC) and hip circumference (HC), scale to height remains unclear, but this is an important consideration when developing normative ranges or applying WC/height and HC/height as risk indexes. A statistically non-significant trend towards the higher rupture of large aneurysms (>7 cm) was observed in the cases where the pressure increased between the day before the rupture and the day of the rupture. The rate of aortic aneurysm rupture correlates with the aneurysm's diameter, and a higher rate of rupture is observed in patients with larger aneurysms.", No. The size of a polyp is not related to its neoplastic nature. Older age and large size are significantly associated with neoplastic polyps.
sentence_dense,sentence,dense,biomistral,Is arch form influenced by sagittal molar relationship or Bolton tooth-size discrepancy?,no,no,1,1,success,"This study investigates the possible association between arch form, clinically significant tooth-size discrepancy, and sagittal molar relationship. Furthermore, no association was observed between the presence of significant Bolton discrepancy and the sagittal molar relationship or arch form. Bolton ratio was calculated, sagittal molar relationship was defined according to Angle classification, and correlations were analyzed using ANOVA, chi-square, and t-tests. The purposes of this study are to report the alveolar process thickness and inter-radicular space in the posterior region of the mandible, to assess the impact of different miniscrew insertion angle protocols, and to identify differences between the genders or types of malocclusion. Pretreatment orthodontic casts of 230 Saudi patients were classified into one of three arch form types (tapered, ovoid, and square) using digitally scanned images of the mandibular arches."," No. Justification: [1, 2, 3, 4, 5]"
sentence_dense,sentence,dense,biomistral,Cold knife conization vs. LEEP. Are they the same procedure?,no,no,1,1,success,"To prospectively evaluate the amount of tissue removed at loop electrosurgical excision procedure (LEEP) vs. cold knife conization. Mean diameter of cold knife cone specimens was 2.6 vs. 2.2 cm for LEEP (P = .07). Histologic, ultrastructural, and cohesive tensile strength evaluations were performed on 25 normal human corneal specimens, 206 uncomplicated LASIK specimens, 17 uncomplicated sub-Bowman's keratomileusis (SBK) specimens, 4 uncomplicated photorefractive keratectomy (PRK) specimens, 2 uncomplicated advanced surface ablation (ASA) specimens, 5 keratoconus specimens, 12 postoperative LASIK ectasia specimens, and 1 postoperative PRK ectasia specimen and compared to previously published studies. To describe the biomechanical and wound healing characteristics of corneas after excimer laser keratorefractive surgery. Mean length of cold knife cone specimens was 1.5 vs. 1.0 cm for LEEP (P = .001).", No. The procedures are different. The length of the specimen is different. The length of the specimen is a surrogate for the amount of tissue removed. The amount of tissue removed is different.
sentence_dense,sentence,dense,biomistral,Are pectins involved in cold acclimation and de-acclimation of winter oil-seed rape plants?,yes,yes,1,1,success,"The hypothesis was tested that pectin content and methylation degree participate in regulation of cell wall mechanical properties and in this way may affect tissue growth and freezing resistance over the course of plant cold acclimation and de-acclimation. De-acclimation promoted leaf expansion and reversed most of the cold-induced effects, with the exception of pectin methylesterase activity. However, the cold-induced modifications in the cell wall properties were more pronounced in the leaves of the more pathogen-resistant genotype. Plant acclimation in the cold (2 degrees C) brought about retardation of leaf expansion, concomitant with development of freezing resistance. These effects were associated with the increases in leaf tensile stiffness, cell wall and pectin contents, pectin methylesterase (EC 3.1.1.11) activity and the low-methylated pectin content, independently of the genotype studied.", Yes.
sentence_dense,sentence,dense,biomistral,Updating emotional content in working memory: a depression-specific deficit?,yes,no,0,1,generation_failure,"Considering commonalities between depression and social anxiety and the presence of similar intrusive thoughts in social anxiety, the current study was designed to assess whether interference from irrelevant material in working memory is specific to depression or is also present in social anxiety disorder. Compared to control and social anxiety groups, the depression groups (both pure and comorbid with social anxiety disorder) exhibited greater difficulties removing irrelevant emotional material from working memory (i.e., greater intrusion effects). Interference from irrelevant negative material might be a key mechanism underlying intrusive ruminative thoughts in depression. To examine the effects of irrelevant emotional material on working memory performance, participants memorized two lists of words on each trial and were subsequently instructed to ignore one of the lists. The influence of affective disorder polarity on subsequent suicide attempts or completions and any differential effect of suicide risk factors by polarity were assessed in a prospective cohort.", No.
sentence_dense,sentence,dense,biomistral,Does ultrasound imaging before puncture facilitate internal jugular vein cannulation?,maybe,yes,0,1,generation_failure,"To investigate whether prepuncture ultrasound evaluation of vascular anatomy facilitates internal jugular vein cannulation compared with landmark-guided puncture. The right internal jugular vein was cannulated using either anatomic landmarks or prepuncture ultrasound (3.75/7.5 MHz) guidance. Respiratory jugular venodilation was identified in 188 patients (78.3%), in whom results of cannulation did not differ between the 2 techniques with respect to the venous access rate (cannulated at the first attempt: 83.5% in the landmark v 85.7% in the ultrasound group), the success rate (cannulated within 3 attempts: 96.9% v 95.6%), and the incidence of arterial puncture (1.0% v 3.3%). In the remaining 52 respiratory jugular venodilation-unidentified patients, the access rate (30.4% v 86.2%, p<0.001) and the success rate (78.3 v 100%, p<0.05) were significantly better in the ultrasound group, and no arterial puncture was recorded in the ultrasound group, whereas the incidence was 13.0% in the landmark group. To assess the feasibility and safety of diagnostic or therapeutic semirigid ureteroscopy without ureteral meatus dilatation."," Yes. (The venous access rate, the success rate, and the incidence of arterial puncture were significantly better in the ultrasound group.)"
sentence_dense,sentence,dense,biomistral,Should prostate specific antigen be adjusted for body mass index?,no,yes,0,1,generation_failure,"We examined the relationship between body mass index and prostate specific antigen by age in men without prostate cancer in a longitudinal aging study to determine whether prostate specific antigen must be adjusted for body mass index. Mixed effects models were used to examine the relationship between prostate specific antigen and body mass index in kg/m(2) by age. Results were similar when men with prostate cancer were included, when percent body fat was substituted for body mass index, and after adjusting for prostate volume. In men without prostate cancer body mass index was not significantly associated with prostate specific antigen after adjusting for age (p = 0.06). Measuring bioactive testosterone is difficult and new methods have been proposed, including measuring the primary androgen metabolite androsterone glucuronide (ADT-G).AIM: The aim of this study was to investigate a possible correlation between serum levels of androgens and sexual desire in women and whether the level of ADT-G is better correlated than the level of circulating androgens with sexual desire."," Yes. The answer is Yes. The statement “prostate specific antigen must be adjusted for body mass index” is not supported by the data. The authors found that in men without prostate cancer, body mass index was not significantly associated with pro"
sentence_dense,sentence,dense,biomistral,Does obstructive sleep apnea affect aerobic fitness?,maybe,yes,0,1,generation_failure,"We sought to determine whether patients with obstructive sleep apnea (OSA) had an objective change in aerobic fitness during cycle ergometry compared to a normal population. To investigate the effect of fenofibrate on sleep apnoea indices. Thirty-four subjects (mean age 55 years, body mass index 34 kg/m 2 , fasting triglycerides 3.5 mmol/L) with diagnosed sleep apnoea syndrome not treated with continuous positive airways pressure were enrolled and randomized to once daily treatment with fenofibrate (145 mg NanoCrystal(R) tablet) or placebo. Other variables included total apnoeas, hypopnoeas and oxygen desaturations, and non-cortical micro-awakenings related to respiratory events per hour. Exploratory study in patients with mild to moderate sleep apnoea, limited treatment duration; concomitant hypnotic treatment (35%); lack of correction for multiplicity of testing.", Yes. Justification: [1]
sentence_dense,sentence,dense,biomistral,The effect of an intracerebroventricular injection of metformin or AICAR on the plasma concentrations of melatonin in the ewe: potential involvement of AMPK?,yes,yes,1,1,success,"injection of two activators of AMPK, metformin and AICAR, affected the circadian rhythm of melatonin in ewes that were housed in constant darkness. Considering this, we identified the presence of the subunits of AMPK in different hypothalamic nuclei involved in the pre- and post-pineal pathways that control seasonality of reproduction in the ewe and we investigated if the intracerebroventricular (i.c.v.) Metformin and AICAR both reduced (p<0.001 and p<0.01 respectively) the amplitude of the circadian rhythm of melatonin secretion independently of insulin secretion. injection of AICAR only tended (p = 0.1) to increase the levels of phosphorylated AMPK in the paraventricular nucleus but significantly increased the levels of phosphorylated ACC in the paraventricular nucleus (p<0.001) and in the pineal gland (p<0.05). Moreover, biochemical measurements of oxidative stress markers (MDA, GSH and TAC) revealed that prophylactic edaravone treatment attenuated oxidative stress induced by I/R injury."," Yes. The injection of two activators of AMPK, metformin and AICAR, affected the circadian rhythm of melatonin in ewes that were housed in constant darkness."
sentence_dense,sentence,dense,biomistral,Literacy after cerebral hemispherectomy: Can the isolated right hemisphere read?,yes,yes,1,1,success,"While the effect of the dominant hemisphere resection on spoken language has been extensively researched, little is known about reading abilities in individuals after left-sided resection. Here, we explored the reading skills in participants who have undergone left cerebral hemispherectomy. We examined if components of phonological processing that are shown to reliably separate average readers from struggling readers, i.e., phonological awareness, verbal memory, speed of retrieval, and size of vocabulary, show the same relationship to reading levels when they are mediated by the right hemisphere [2]. Receptive vocabulary, a bilateral function, was preserved to a certain degree similar to that of strongly left-lateralized phonological skills [3]. Later seizure onset was associated with better reading levels."," Yes. Receptive vocabulary, a bilateral function, was preserved to a certain degree similar to that of strongly left-lateralized phonological skills."
sentence_dense,sentence,dense,biomistral,Characterization of the gender dimorphism after injury and hemorrhagic shock: are hormonal differences responsible?,no,yes,0,1,generation_failure,"To characterize the gender dimorphism after injury with specific reference to the reproductive age of the women (young,<48 yrs of age, vs. old,>52 yrs of age) in a cohort of severely injured trauma patients for which significant variation in postinjury care is minimized. Mortality at index admission, transfusion requirement during first 24 hours, and presence of nonorthopaedic injuries as a function of Young-Burgess pelvic classification type. We examined the possible role of intradialytic changes of ET-1 in the pathogenesis of hypotension and rebound hypertension during HD. An 18-month retrospective review was performed on trauma patients>or= 15 years old who received therapeutic anticoagulation using unfractionated heparin (UH) and/or fractionated heparin (FH). The objectives of this study were to evaluate the ability of the Young-Burgess classification system to predict mortality, transfusion requirements, and nonorthopaedic injuries in patients with pelvic ring fractures and to determine whether mortality rates after pelvic fractures have changed over time.", Yes. The hormonal differences between men and women are responsible for the gender dimorphism after injury and hemorrhagic shock. The hormonal differences between men and women are responsible for the gender dimorphism after injury and hemorrh
sentence_dense,sentence,dense,biomistral,Can communication with terminally ill patients be taught?,yes,yes,1,0,lucky_guess,"Communication with terminally ill patients is a main responsibility of physicians. This study investigated patients' views on being used as an educational resource for teaching medical students. Health care providers, which include house staff, nurses, and respiratory care practitioners who provide care to patients with asthma in the primary general medicine clinic or the pulmonary medicine clinic of a university-county hospital in which patients were referred, were surveyed and assigned a performance score regarding the knowledge base of the appropriate use of metered-dose inhalers. Students made a number of recommendations including the development of multilingual videotapes and patient information sheets for non-English speaking patients, avoidance of bilateral surgical procedures and improved links with local medical officers. The scenarios were all possible combinations of five factors: severity of the disease (severe, lethal); time taken to discuss this with (little time, much time); intent to inform the spouse about the disease (none, one of these days, immediately); intent to adopt protective behaviours (no intent, intent); and decision to consult an expert in STDs (yes, no), 2 x 2 x 3 x 2 x 2.", Yes.
sentence_dense,sentence,dense,biomistral,Delays in time to primary treatment after a diagnosis of breast cancer: does it impact survival?,no,yes,0,1,generation_failure,"Treatment delays in breast cancer are generally thought to affect prognosis but the impact on survival remains unclear. The purpose of this study was to evaluate whether time to primary treatment (TPT) in breast cancer impacts survival. Indicators for breast cancer care include time to primary treatment. We fitted regression models of stage at diagnosis and time-to-treatment (number of days between diagnosis and surgery) to test the hypothesis that travel burden is associated with timely diagnosis and treatment of cancer. Important increases could be demonstrated for communicating a diagnosis of cancer with good or less good prognosis, recurrence of cancer or a far progressive cancer disease without curative approach.", Yes. The purpose of this study was to evaluate whether time to primary treatment in breast cancer impacts survival.
sentence_dense,sentence,dense,biomistral,Are increased carotid artery pulsatility and resistance indexes early signs of vascular abnormalities in young obese males?,yes,yes,1,1,success,"To provide insight into the factors by which obesity in itself may directly lead to early arterial damage, we aimed to determine early sonographic markers of obesity-related vascular dysfunction in young obese males. Common carotid artery pulsatility index and resistance index were calculated from blood flow velocities curves obtained by pulsed Doppler ultrasonography. The mean pulsatility index, resistance index, body mass index, waist circumference, systolic and diastolic blood pressure, homeostasis model assessment for insulin resistance, plasma fasting glucose, insulin, C-peptide, triglycerides, low-density lipoprotein cholesterol, and high-sensitivity C-reactive protein were statistically higher in obese subjects than in healthy controls. Prevalence of carotid stenosis detected by ultrasonography, surgical management and perioperative stroke rates were determined in each group. Insulin sensitivity was measured as the glucose infusion rate during a euglycemic hyperinsulinemic clamp, body fat percentage was measured by dual X-ray absorptiometry, and CVD risk was estimated using the Framingham risk score.", Yes.
sentence_dense,sentence,dense,biomistral,Are acceptance rates of a national preventive home visit programme for older people socially imbalanced?,yes,yes,1,1,success,"The purpose of this study is to investigate 1) whether socioeconomic status was associated with acceptance of preventive home visits among older people and 2) whether municipality invitational procedures for the preventive home visits modified the association. Preventive home visits are offered to community dwelling older people in Denmark aimed at maintaining their functional ability for as long as possible, but only two thirds of older people accept the offer from the municipalities. The odds ratio for accepting preventive home visits was larger among persons with low financial assets invited by a letter with a proposed date than among persons with high financial assets invited by other procedures, though these estimates had wide confidence intervals. Information on preventive home visit acceptance rates was obtained from questionnaires. Older persons with high financial assets accepted preventive home visits more frequently than persons with low assets (adjusted OR = 1.5 (CI95%: 1.1-2.0)).", Yes. Justification: The acceptance rate is higher for older people with high financial assets than for older people with low financial assets.
sentence_dense,sentence,dense,biomistral,Does open access publishing increase the impact of scientific articles?,yes,yes,1,1,success,"Some studies suggest that open access articles are more often cited than non-open access articles. The present article analyzes the effect of open access publishing of scientific articles in intensive care medicine journals in terms of citations count. However, the relationship between open access and citations count in a discipline such as intensive care medicine has not been studied to date. The median number (interquartile range) of citations of non-open access articles was 8 (4-12) versus 9 (6-18) in the case of open access articles (p=0.084). Data sources included English language literature identified through MEDLINE searches and bibliographies from selected articles, along with empirical data from our own institution.", Yes. The median number of citations of open access articles was higher than that of non-open access articles.
sentence_dense,sentence,dense,biomistral,In vivo visualization of pyloric mucosal hypertrophy in infants with hypertrophic pyloric stenosis: is there an etiologic role?,yes,yes,1,1,success,"Infantile hypertrophic pyloric stenosis (IHPS) is a common condition which presents in infants at 2-12 weeks of postnatal life, and whose cause remains obscure. Our purpose in this study was to show that pyloric mucosal redundancy is a constant finding in infants with IHPS, to discuss its possible cause, and to explore the hypothesis of a relationship between pyloric mucosal redundancy and the development of IHPS. Multiple associated abnormalities have been recognized within the external hypertrophied pyloric muscle layer, but the internal component of the pyloric mucosa has received scant attention in the literature to date. We identified 102 consecutive infants with surgically confirmed IHPS and determined the thickness of the pyloric mucosa compared with the thickness of the surrounding hypertrophied muscle. In infants with IHPS, the pyloric mucosa constitutes approximately one third of the cross-sectional diameter of the pyloric mass and fills and obstructs the pyloric canal.", Yes. The pyloric mucosa constitutes approximately one third of the cross-sectional diameter of the pyloric mass and fills and obstructs the pyloric canal.
sentence_dense,sentence,dense,biomistral,Does the early adopter of drugs exist?,no,yes,0,1,generation_failure,"To analyse associations between indicators for adoption of new drugs and to test the hypothesis that physicians' early adoption of new drugs is a personal trait independent of drug groups. As indicators of new drug uptake, we used adoption time, cumulative incidence, preference proportion, incidence rate and prescription cost and volume. For all indicators, the general practitioners' adoption of one group of drugs was poorly associated with adoption of others ( r</=0.49), indicating that early adoption of one type of drugs is not associated with early adoption of another. Another dopamine agonist, aripiprazole, could be a new risk factor. For all drug groups, adoption time adjusted for practice size was only weakly associated with other indicators ( r: -0.56 to -0.27).", Yes.
sentence_dense,sentence,dense,biomistral,Does high blood pressure reduce the risk of chronic low back pain?,yes,no,0,1,generation_failure,"In the prospective study of disease-free women, baseline pulse pressure and systolic pressure were inversely associated with risk of low back pain [odds ratio (OR) 0.93 per 10 mm Hg increase in pulse pressure, 95% confidence interval (CI) 0.89-0.98, p = 0.007; OR 0.95 per 10 mm Hg increase in systolic pressure, 95% CI 0.92-0.99, p = 0.005]. In the cross-sectional study, all three blood pressure measures showed inverse relationships with prevalence of low back pain in both sexes. Epidemiological studies have suggested inverse relationships between blood pressure and prevalence of conditions such as migraine and headache. Associations between blood pressure and chronic low back pain were explored in the cross-sectional HUNT 2 survey of a Norwegian county in 1995-1997, including 39,872 individuals who never used antihypertensive medication. Obesity may be associated with lower prostate specific antigen through hemodilution.", No. The evidence shows an inverse relationship between blood pressure and chronic low back pain.
sentence_dense,sentence,dense,biomistral,Does responsibility affect the public's valuation of health care interventions?,maybe,yes,0,1,generation_failure,"This study investigates whether the public value safety-related health care improvements more highly than the same improvements in contexts where the health care system is not responsible. The question is, do health behaviors have an impact on the use of medical resources? An online survey was conducted to elicit the relative importance placed on preventing harms caused by 1) health care (hospital-acquired infections, drug administration errors, injuries to health care staff), 2) individuals (personal lifestyle choices, sports-related injuries), and 3) nature (genetic disorders). It is uncertain whether the inverse equity hypothesis-the idea that new health interventions are initially primarily accessed by the rich, but that inequalities narrow with diffusion to the poor-holds true for cancer screening in low and middle income countries (LMICs).This study examines the relationship between overall coverage and economic inequalities in coverage of cancer screening in four middle-income countries. Participants valued interventions preventing hospital-acquired infections (1.31) more highly than genetic disorders (1.0), although drug errors were valued similarly to genetic disorders (1.07), and interventions to prevent injury to health care staff were given less weight than genetic disorders (0.71).", Yes.
sentence_dense,sentence,dense,biomistral,Nasal fractures:  is closed reduction satisfying?,yes,yes,1,1,success,"This study aims to evaluate the efficacy of closed reduction and the effects of timing and fracture types on patient satisfaction. The following variables were analysed: displacement of the fracture, soft tissue injury, delay and type of treatment, complications, observation of the Hawkins sign, and functional outcome. It is also assessed whether the occurrence of this complication is related to the displacement of the fracture, soft tissue injury, or delay in the reduction or surgery. In a comparison of patient satisfaction rates according to fracture type, the mild fracture group had a higher satisfaction rate compared to the severe fracture group. To determine the relationship between injury severity surrogates and other patient factors with the development and severity of heterotopic ossification (HO) following open reduction internal fixation of acetabular fractures treated with a posterior approach.", Yes. The study aims to evaluate the efficacy of closed reduction.
sentence_dense,sentence,dense,biomistral,"Do improvements in outreach, clinical, and family and community-based services predict improvements in child survival?",yes,yes,1,1,success,"To determine which delivery channels are associated with the greatest reductions in under-5 mortality rates (U5MR), we used data from sequential population-based surveys to examine the correlation between changes in coverage of clinical, outreach, and family and community services and in U5MR for 27 high-burden countries. Average annual changes (AAC) between the most recent and penultimate survey were calculated for under-five mortality rates and for 22 variables in the domains of clinical, outreach, and family- and community-based services. This paper assesses the usefulness of the Child Health Computing System as a source of information about children with cerebral palsy. In the family- and community services domain, improvements in breastfeeding were associated with significant changes in mortality in the 30 countries but not in the African subset; while in the African countries, nutritional status improvements were associated with a significant decline in mortality. The purpose of this study is to investigate 1) whether socioeconomic status was associated with acceptance of preventive home visits among older people and 2) whether municipality invitational procedures for the preventive home visits modified the association.", Yes.
sentence_dense,sentence,dense,biomistral,Does spontaneous remission occur in polyarteritis nodosa?,yes,no,0,1,generation_failure,"Whether spontaneous remission of PAN occurs is therefore largely unknown. Polyarteritis nodosa (PAN) is a systemic vasculitis involving mainly medium-sized arteries and, rarely, small-sized arteries. To understand the effect of past group A streptococcal infection on MS, antistreptolysin O (ASO) and antideoxyribonuclease B (ADNase B) were measured in 21 patients with relapsing-remitting MS and 21 healthy blood donors by nephelometric assay. To determine whether post-operative administration of topical ropivacaine hydrochloride decreases morbidity following adenotonsillectomy. To discuss whether such procedures are feasible and effective to identify asymptomatic recurrences and describe the pattern of relapse detected by procedures.", No. Whether spontaneous remission of PAN occurs is largely unknown.
sentence_dense,sentence,dense,biomistral,Gluten tolerance in adult patients with celiac disease 20 years after diagnosis?,maybe,no,0,1,generation_failure,"The aim of our study was to investigate whether CD patients are capable of developing tolerance to gluten. Twenty-three percent of patients had a gluten-containing diet, 15% admitted gluten transgression and 62% followed the GFD. Twenty patients (age 62 ± 9 years, 13 males) with persistent AF and 9 control subjects without organic heart disease or AF (age 36 ± 6 years, 4 males) underwent detailed CFAE and SRF left atrial electroanatomic maps. Celiac disease (CD) is believed to be a permanent intolerance to gluten. Twenty-four hour urinary cortisol samples were collected from a sub-set of subjects with intact renal function and not receiving medications known to influence cortisol levels (n=65)."," No. The aim of the study was to investigate whether CD patients are capable of developing tolerance to gluten. The study found that 23% of patients had a gluten-containing diet, 15% admitted gluten transgress"
sentence_dense,sentence,dense,biomistral,Do symptoms predict COPD in smokers?,no,yes,0,1,generation_failure,"Sensitivity, specificity, positive and negative predictive values, and relative risks of predicting symptoms and smoking history for COPD were calculated. Respiratory symptoms were reported by 92% of smokers with AO, 86% smokers with restriction, 76% smokers with normal spirometry, and 73% of nonsmokers. Sensitivity (92% vs 90%), specificity (19% vs 22%), positive (47% vs 40%) and negative (75% vs 80%) predictive values for the presence of one or more symptoms were similar between smokers and all subjects. Report of symptoms, smoking history, and spirometric data were collected from subjects screened for a work-related medical evaluation (N = 3,955). Personality traits, social supports, gender, and age predicted coping strategies, while Axis I diagnosis, education, personality disorder, and symptom severity were not significant predictors of coping strategies.", Yes.
sentence_dense,sentence,dense,biomistral,Search engine as a diagnostic tool in difficult immunological and allergologic cases: is Google useful?,yes,yes,1,1,success,"The aim of this comparative cross-sectional study was to evaluate whether searching Google with disease-related terms was effective in the identification and diagnosis of complex immunological and allergic cases. Google's value as a diagnostic guide in general medicine was recently reported. We investigated symptoms, gluten consumption, antibodies for CD and other autoimmunity, human leukocyte antigen (HLA)-typing, bone mineral density, and performed small bowel biopsies. For every clinical case presented, each investigator independently carried out an Internet search using Google to provide a final diagnosis. Medical history and an extensive workup allowed to exclude systemic embolism, recreational drug abuse, cardiac arrhythmias, and thrombophilia.", Yes. Google is useful in difficult immunological and allergologic cases.
sentence_dense,sentence,dense,biomistral,Uniformity of evidence-based treatments in practice?,yes,yes,1,0,lucky_guess,"Uniformity of care, regardless of time of year, is required for patients undergoing major cancer surgery. Meta-analysis demonstrated homogeneity between the dexamethasone and prednisone groups when examining symptomatic return to baseline and unplanned physician revisits after the initial emergency department encounter. Their choice was highly consistent (P<or = .001), with the importance weights assigned to the probability of survival, cure (odds ratio [OR] = 6.7 and 6.9) and late GI and genitourinary adverse effects (OR = 0.1 and 0.2). This audit cycle measured epidural analgesia performance against 4 standards: (1) Implementation of epidural analgesia for labor to all patients; (2) Acceptance and good satisfaction level reported by patients and caregivers. Various factors contribute to the effective implementation of evidence-based treatments (EBTs)."," Yes. [1, 2, 3, 4, 5]"
sentence_dense,sentence,dense,biomistral,Do approved doctors and medical referees in the UK agree when assessing a seafarer's fitness?,no,yes,0,1,generation_failure,"This study aims to investigate the extent of agreement between Approved Doctors (ADs) and Medical Referees (MRs) when they assess a seafarer's fitness. Preresidency selection criteria examined included United States Medical Licensing Examination (USMLE) Step 1 and Step 2 scores, Medical College Admission Test (MCAT) scores, number of clinical clerkship honors, number of letters of recommendation, number of away rotations, Alpha Omega Alpha (AOA) honor medical society membership, fourth-year subinternship at our institution, and number of publications. To understand the effect of past group A streptococcal infection on MS, antistreptolysin O (ASO) and antideoxyribonuclease B (ADNase B) were measured in 21 patients with relapsing-remitting MS and 21 healthy blood donors by nephelometric assay. We calculated criterion validity and interrater and intrarater overall and specific agreement with an index expert (senior infectious disease physician) and analysed the influence of doctor characteristics on validity. Students chose any two surgical rotations and were assessed by written examination, objective structured clinical examination (OSCE), ward evaluations, self-assessment objectives questionnaire, and satisfaction survey.", Yes. The study shows that there is a high level of agreement between approved doctors and medical referees when assessing a seafarer's fitness.
sentence_dense,sentence,dense,biomistral,Hepatorenal syndrome: are we missing some prognostic factors?,yes,yes,1,1,success,"Hepatorenal syndrome (HRS) is the functional renal failure associated with advanced cirrhosis and has also been described in fulminant hepatic failure. Survival of HRS associated with alcoholic liver disease versus other etiologies was not statistically significant (p = 0.1). The objective of our study was to analyze prognostic factors related to survival and to see whether cytostatic treatment was an independent predictor. Our study included patients with type 1 HRS associated with cirrhosis, who were not liver transplant candidates.AIM: To identify variables associated with improved survival. It is not well known, however, whether genetic traits also influence prognostic features of the malignant phenotype.", Yes. Genetic traits are a prognostic factor.
sentence_dense,sentence,dense,biomistral,Vaginal dose assessment in image-guided brachytherapy for cervical cancer: Can we really rely on dose-point evaluation?,maybe,no,0,1,generation_failure,"Although dose-volume parameters in image-guided brachytherapy have become a standard, the use of posterior-inferior border of the pubic symphysis (PIBS) points has been recently proposed in the reporting of vaginal doses. To assess the outcomes of patients with nasopharyngeal carcinoma (NPC) whose treatment was determined by computerized tomography (CT) and/or magnetic resonance imaging staging and to analyze the impact of induction chemotherapy and accelerated fractionated radiotherapy. A retrospective analysis of 136 breasts of 134 patients, who received breast-conserving oncoplastic surgery for low-risk breast cancer between 2002 and 2010 in the Universities of Vienna and Luebeck followed by adjuvant APBI applying total doses of pulse dose rate of 50.4 Gy or high-dose rate (HDR) of 32 Gy over 4 days. This study examined the impact of radiotherapy for the primary rectal cancer on outcomes after pelvic exenteration for local recurrence. To evaluate the impact of HER2 immunoreactivity on clinical outcome in locally advanced urothelial carcinoma patients who received surgery alone, or methotrexate, vinblastine, epirubicin, and cisplatin (M-VEC) as adjuvant chemotherapy.", No.
sentence_dense,sentence,dense,biomistral,Prescriptions as a proxy for asthma in children: a good choice?,no,no,1,0,lucky_guess,"Our objective was to critically assess and discuss various aspects of identifying children with asthma using prescription data. We reviewed the literature to determine if there is sufficient evidence that dexamethasone can be used as an effective alternative in the treatment of pediatric asthma exacerbations in the inpatient setting. A short course of systemic corticosteroids is an important therapy in the treatment of pediatric asthma exacerbations. A Medline search was conducted on the use of dexamethasone in the treatment of asthma exacerbations in children. While having an ED visit for asthma was positively associated with teenage pregnancy, low income, and presence of pregnancy-induced hypertension, it was not associated with fetal gender (OR 1.01, 95% CI 0.85-1.19).", No.
sentence_dense,sentence,dense,biomistral,Does the familial transmission of drinking patterns persist into young adulthood?,maybe,yes,0,1,generation_failure,"To explore the long-term (10-year) transmission of familial drinking during adolescence to offspring drinking patterns in young adulthood. Swedish longitudinal study, assessing the relationship between familial drinking in 2000 and offspring drinking in 2010 using simultaneous quantile regression analysis (n=744).DATA: Data on familial drinking was gathered from the Swedish level-of-living surveys (LNU) and from partner LNU in 2000 while data on offspring drinking in young adulthood was gathered from LNU 2010. Parental drinking has been shown to be associated with offspring drinking. Actual drinking levels in drinking families were not at all or weakly associated with drinking in offspring. To examine family-based transmission of the number of 5' flanking arginine vasopressin V1a receptor (AVPR1A) microsatellites, which include [(GATA)(14)] and complex [(CT)(4)-TT-(CT)(8)-(GT)(24)]repeats, in probands with a prepubertal and early adolescent bipolar disorder phenotype (PEA-BP).", Yes.
sentence_dense,sentence,dense,biomistral,Proof of concept study: does fenofibrate have a role in sleep apnoea syndrome?,yes,yes,1,1,success,"To investigate the effect of fenofibrate on sleep apnoea indices. Thirty-four subjects (mean age 55 years, body mass index 34 kg/m 2 , fasting triglycerides 3.5 mmol/L) with diagnosed sleep apnoea syndrome not treated with continuous positive airways pressure were enrolled and randomized to once daily treatment with fenofibrate (145 mg NanoCrystal(R) tablet) or placebo. Exploratory study in patients with mild to moderate sleep apnoea, limited treatment duration; concomitant hypnotic treatment (35%); lack of correction for multiplicity of testing. Other sleep variables were not significantly influenced by fenofibrate. We sought to determine whether patients with obstructive sleep apnea (OSA) had an objective change in aerobic fitness during cycle ergometry compared to a normal population.", Yes. Justification: The study shows that fenofibrate significantly reduces the apnoea/hypopnoea index (AHI) and the oxygen desaturation index (ODI) in patients with sleep apnoea syndrome.
sentence_dense,sentence,dense,biomistral,Can mental imagery functional magnetic resonance imaging predict recovery in patients with disorders of consciousness?,yes,no,0,1,generation_failure,"To determine the potential prognostic value of using functional magnetic resonance imaging (fMRI) to identify patients with disorders of consciousness, who show potential for recovery. Disorders of consciousness (DOC) diagnosis relies on the presence or absence of purposeful motor responsiveness, which characterizes the minimally conscious state (MCS) and the unresponsive wakefulness syndrome (UWS), respectively. The aim of our study was to identify electrophysiological parameters, by means of a transcranial magnetic stimulation approach, which might potentially express the presence of residual networks sustaining fragmentary behavioral patterns, even when no conscious behavior can be observed. Patients presenting with transient ischemic attack or stroke may have symptom-related lesions on acute computed tomography angiography (CTA) such as free-floating intraluminal thrombus (FFT). Functional neuroimaging studies have raised the question of possible residual conscious awareness also in clinically-defined UWS patients.", No.
sentence_dense,sentence,dense,biomistral,The nurse cystoscopist: a feasible option?,yes,yes,1,1,success,To compare the accuracy achieved by a trained urology nurse practitioner (UNP) and consultant urologist in detecting bladder tumours during flexible cystoscopy. To assess the feasibility and safety of diagnostic or therapeutic semirigid ureteroscopy without ureteral meatus dilatation. Our objective in this study was to determine whether the decision to manage a contralateral hydrocele in cases of neonatal testicular torsion solely through a scrotal approach is safe and effective. To evaluate the efficacy of extracorporeal shock wave lithotripsy (SWL) on lower calyceal calculi in relation to the renal anatomical factors and determine which of these factors can be used to select patients who will benefit from SWL. The goal of this study was to determine the technical feasibility of per-oral transgastric splenectomy using a flexible endoscope., Yes. The nurse cystoscopist is as accurate as the urologist in detecting bladder tumours during flexible cystoscopy. (1)
sentence_dense,sentence,dense,biomistral,Is cardiovascular evaluation necessary prior to and during beta-blocker therapy for infantile hemangiomas?,no,yes,0,1,generation_failure,"Although consensus guidelines for pretreatment evaluation and monitoring of propranolol therapy in patients with infantile hemangiomas (IH) have been formulated, little is known about the cardiovascular side effects. Patient and family history, pretreatment electrocardiogram (ECG), heart rate, and blood pressure were evaluated before initiation of beta-blocker therapy. We sought to analyze cardiovascular evaluations in patients with IH at baseline and during treatment with an oral beta-blocker. In light of this consideration, should a patient with both a history of ICH and a clear indication for anticoagulation such as nonvalvular atrial fibrillation be anticoagulated? Our objective in this study was to determine whether the decision to manage a contralateral hydrocele in cases of neonatal testicular torsion solely through a scrotal approach is safe and effective."," Yes. Patient and family history, pretreatment electrocardiogram (ECG), heart rate, and blood pressure were evaluated before initiation of beta-blocker therapy."
sentence_dense,sentence,dense,biomistral,Is specialty care associated with improved survival of patients with congestive heart failure?,yes,yes,1,1,success,"Implementation of the complex treatment strategies that have been shown to improve survival of patients with congestive heart failure (CHF) may require certain expertise. We collected data on the cardiac diagnoses, preoperative status, procedure, and postoperative course, including the duration of invasive and noninvasive ventilation, failure of extubation, hemodynamic data, length of stay, complications, and mortality. We wanted to examine the association between pattern of outpatient care and survival of patients with CHF. Patients were stratified retrospectively into high- or low-risk groups according to risk factors for significant carotid stenosis and perioperative stroke: peripheral vascular disease (PVD), carotid bruit, diabetes mellitus, age>70 years and/or history of cerebrovascular disease. When controlled for patient factors, stage, and hospital factors, patients in the short-distance/low-volume group had lower odds of a lymph node yield ≥12 (OR = 0.51) and neoadjuvant chemoradiation (OR = 0.67) and higher 30-day (OR = 3.38) and 90-day mortality (OR = 2.07) compared with those in the long-distance/high-volume group.", Yes. Implementation of the complex treatment strategies that have been shown to improve survival of patients with congestive heart failure may require certain expertise.
sentence_dense,sentence,dense,biomistral,Can the prognosis of polymyalgia rheumatica be predicted at disease onset?,yes,yes,1,0,lucky_guess,"Symptoms at recurrence can predict survival: patients with an asymptomatic recurrence had a median survival time from relapse of 35 months versus 13 months if they had a symptomatic repetition (P = 0.0001). To understand the effect of past group A streptococcal infection on MS, antistreptolysin O (ASO) and antideoxyribonuclease B (ADNase B) were measured in 21 patients with relapsing-remitting MS and 21 healthy blood donors by nephelometric assay. Arthralgia, generalized bone pain and/or myalgia, bone fracture after beginning AIs, any tamoxifen treatment, and Ca/Bis therapy were recorded. The aim of this study was to correlate these musculoskeletal symptoms and bone fractures in patients receiving AIs with bone mineral density (BMD), previous tamoxifen use, and administration of calcium/bisphosphonate (Ca/Bis). Here we investigatewd if: (a) biopsy timing influences the prostate cancer (PC) detection rate in patients with fluctuating PSA (flu-PSA) in comparison with patients with steadily increasing PSA (si-PSA); (b) PSA slope estimated in patients with flu-PSA predicts a different risk of cancer detection; (c) flu-PSA and si-PSA patients develop PC in topographically different sites; (d) the behaviour of pre-operative PSA is an expression of a disease with defferent characteristics to the following radical prostatectomy.", Yes. Symptoms at recurrence can predict survival. Patients with an asymptomatic recurrence had a median survival time from relapse of 35 months versus 13 months if they had a symptomatic repetition (P
