condition_id,chunker,retriever,model,question,gold,answer,correct,retrieval_hit,failure_type,retrieved_text,raw_output
semantic_dense,semantic,dense,mistral,Do mitochondria play a role in remodelling lace plant leaves during programmed cell death?,yes,yes,1,0,lucky_guess,"The role of mitochondria during PCD has been recognized in animals; however, it has been less studied during PCD in plants. This treatment resulted in lace plant leaves with a significantly lower number of perforations compared to controls, and that displayed mitochondrial dynamics similar to that of non-PCD cells. The following paper elucidates the role of mitochondrial dynamics during developmentally regulated PCD in vivo in A. madagascariensis. Moreover, biochemical measurements of oxidative stress markers (MDA, GSH and TAC) revealed that prophylactic edaravone treatment attenuated oxidative stress induced by I/R injury. The hypothesis was tested that pectin content and methylation degree participate in regulation of cell wall mechanical properties and in this way may affect tissue growth and freezing resistance over the course of plant cold acclimation and de-acclimation.","Yes

Justification: The treatment resulted in lace plant leaves with a significantly lower number of perforations compared to controls, and that displayed mitochondrial dynamics similar to that of non-PCD cells ([2])."
semantic_dense,semantic,dense,mistral,Landolt C and snellen e acuity: differences in strabismus amblyopia?,no,maybe,0,1,generation_failure,"In this study, visual acuity measured with the Snellen E was compared to the Landolt C acuity. Differences between Landolt C acuity (LR) and Snellen E acuity (SE) were small. Charts with the Snellen E and the Landolt C (Precision Vision) which mimic the ETDRS charts were used to assess visual acuity. The purpose of this study was to compare the non-cycloplegic and cycloplegic spherical equivalent (SE) refractive error measured in young adults. Assessment of visual acuity depends on the optotypes used for measurement. The ability to recognize different optotypes differs even if their critical details appear under the same visual angle.","Maybe

Justification: The provided context does not directly compare Landolt C and Snellen E acuity in strabismus amblyopia. However, it does mention differences between the two acuities, which could potentially be relevant in"
semantic_dense,semantic,dense,mistral,"Syncope during bathing in infants, a pediatric form of water-induced urticaria?",yes,maybe,0,1,generation_failure,"Eight infants aged 2 to 15 months were admitted during a period of 6 years; they suffered from similar maladies in the bath: on immersion, they became pale, hypotonic, still and unreactive; recovery took a few seconds after withdrawal from the bath and stimulation. The hypothesis of an equivalent of aquagenic urticaria was then considered; as for patients with this disease, each infant's family contained members suffering from dermographism, maladies or eruption after exposure to water or sun. Infantile hypertrophic pyloric stenosis (IHPS) is a common condition which presents in infants at 2-12 weeks of postnatal life, and whose cause remains obscure. After a 2-7 year follow-up, three out of seven infants continue to suffer from troubles associated with sun or water. Intrathecal administration of urokinase, IV administration of fasudil hydrochloride, and continuous cerebrospinal fluid (CSF) evacuation via cisternal drainage were performed as prophylactic treatments for vasospasm.","Maybe

Justification: The infants exhibited similar symptoms to those with aquagenic urticaria, and some had family members with related conditions. However, the infants' ages and the presence of IHPS suggest a more"
semantic_dense,semantic,dense,mistral,Are the long-term results of the transanal pull-through equal to those of the transabdominal pull-through?,no,maybe,0,0,retrieval_failure,"This study examined the long-term outcome of TERPT versus conventional transabdominal (ABD) pull-through for HD. Our objective in this study was to determine whether the decision to manage a contralateral hydrocele in cases of neonatal testicular torsion solely through a scrotal approach is safe and effective. The present study aims to compare strength, healing, and operation time of experimental intestinal anastomoses performed by polyglactin 910 (Vicryl; Ethicon, Edinburgh, United Kingdom) sutures with ethyl-2-cyanoacrylate glue (Pattex; Henkel, Dusseldorf, Germany). Although the retroperitoneal approach has been the preferred choice for open urological procedures, retroperitoneoscopy is not the preferred approach for laparoscopy. Laparoscopic (p = 0.004) and nonthoracic surgeries (p = 0.01) were associated with lower risk of atrial fibrillation.","Maybe

Justification: The study only compares the long-term outcome of TERPT versus conventional transabdominal pull-through for HD, not the long-term results of the transanal pull-through equal to those of the"
semantic_dense,semantic,dense,mistral,Can tailored interventions increase mammography use among HMO women?,yes,yes,1,1,success,"This study addressed the question: Compared to usual care, is tailored telephone counseling more effective than tailored print materials for promoting mammography screening? Telephone counseling and tailored print communications have emerged as promising methods for promoting mammography screening. Compared to usual care alone, telephone counseling promoted a significantly higher proportion of women having mammograms on schedule (71% vs 61%) than did tailored print (67% vs 61%) but only after the first year of intervention (during 1996). Furthermore, compared to usual care, telephone counseling was more effective than tailored print materials at promoting being on schedule with screening during 1996 and 1997 among women who were off-schedule during the previous year. In an attempt to improve the care they provide for their patients with breast cancer, the authors' institution developed a multidisciplinary breast cancer clinic (MDBCC) to offer ""one-stop shopping"" consultation and support for newly diagnosed breast cancer patients. This study was performed to evaluate the efficacy of the current readiness guidelines based on the epidemiology of encountered HMCIs.","Yes

Justification: The study shows that tailored telephone counseling promoted a significantly higher proportion of women having mammograms on schedule compared to usual care alone (71% vs 61%), and compared to tailored print materials"
semantic_dense,semantic,dense,mistral,Double balloon enteroscopy: is it efficacious and safe in a community setting?,yes,maybe,0,0,retrieval_failure,"To assess the feasibility and safety of diagnostic or therapeutic semirigid ureteroscopy without ureteral meatus dilatation. Little is known about whether a routinely inserted endoscopic nasobiliary drainage (ENBD) tube improves the clinical course in patients with choledocholithiasis-induced acute cholangitis after clearance of choledocholithiasis. A total of 104 patients with choledocholithiasis-induced acute cholangitis who underwent primary endoscopic treatment were compared according to insertion of an ENBD tube (51 in the ENBD group and 53 in the no-ENBD group). We have previously reported the feasibility of diagnostic and therapeutic peritoneoscopy including liver biopsy, gastrojejunostomy, and tubal ligation by an oral transgastric approach. Respiratory jugular venodilation was identified in 188 patients (78.3%), in whom results of cannulation did not differ between the 2 techniques with respect to the venous access rate (cannulated at the first attempt: 83.5% in the landmark v 85.7% in the ultrasound group), the success rate (cannulated within 3 attempts: 96.9% v 95.6%), and the incidence of arterial puncture (1.0% v 3.3%). In the remaining 52 respiratory jugular venodilation-unidentified patients, the access rate (30.4% v 86.2%, p<0.001) and the success rate (78.3 v 100%, p<0.05) were significantly better in the ultrasound group, and no arterial puncture was recorded in the ultrasound group, whereas the incidence was 13.0% in the landmark group.","Maybe

Justification: The context does not provide information about double balloon enteroscopy specifically, but it does mention the feasibility and safety of diagnostic and therapeutic peritoneoscopy, which is a related endoscopic"
semantic_dense,semantic,dense,mistral,30-Day and 1-year mortality in emergency general surgery laparotomies: an area of concern and need for improvement?,maybe,yes,0,1,generation_failure,"The aim of this study was to analyse the 30-day mortality, age-related 30-day mortality and 1-year mortality following emergency laparotomy. Emergency surgery is associated with poorer outcomes and higher mortality with recent studies suggesting the 30-day mortality to be 14-15%. The relative risks of 30 day and 1 year mortality compared with patients with normal fB-glu was 1.7 [95% confidence interval (CI): 0.5-5.5] and 2.9 (CI: 0.8-11.2) with IFG, 2.8 (CI: 1.1-7.2) and 1.9 (CI: 0.5-6.3) with SDM vs. 1.8 (CI: 0.8-4.0) and 1.6 (CI: 0.6-4.3) if CDM, respectively. The primary outcomes examined were postoperative complications and in-hospital mortality. The primary end point of the study was 30-day mortality, age-related 30-day mortality and 1-year all-cause mortality.","Yes

Justification: The study suggests that the 30-day mortality is 14-15% and the 1-year mortality is 1.8-5.5 for patients with normal fB-"
semantic_dense,semantic,dense,mistral,Is adjustment for reporting heterogeneity necessary in sleep disorders?,no,maybe,0,1,generation_failure,"This research uses vignettes to elucidate factors associated with sleep disorders in adult Japanese before and after adjustment for reporting heterogeneity in self-reports. This study also evaluates the need for adjusting for reporting heterogeneity in the management of sleep and energy related problems in Japan. Without correction of cut-point shifts, age, sex, and the number of comorbidities were significantly associated with a greater severity of sleep-related problems. After correction, age, the number of comorbidities, and regular exercise were significantly associated with a greater severity of sleep-related problems; sex was no longer a significant factor. Exploratory study in patients with mild to moderate sleep apnoea, limited treatment duration; concomitant hypnotic treatment (35%); lack of correction for multiplicity of testing. The ordered probit model and the Compound Hierarchical Ordered Probit (CHOPIT) model, which incorporated anchoring vignettes, were employed to estimate and compare associations of sleep and energy with socio-demographic and life-style factors before and after adjustment for differences in response category cut-points for each individual. To investigate the effect of fenofibrate on sleep apnoea indices.","Maybe

Justification: The study suggests that adjustment for reporting heterogeneity can affect the factors significantly associated with sleep-related problems ([2]). However, it does not definitively establish that adjustment is always necessary, as other factors"
semantic_dense,semantic,dense,mistral,Do mutations causing low HDL-C promote increased carotid intima-media thickness?,no,maybe,0,1,generation_failure,"Carotid intima-media thickness (cIMT) measurements were obtained in cases comprising 10 different mutations in LCAT, ABCA1 and APOA1 to further evaluate the relationship between low HDL resulting from genetic variation and early atherosclerosis. Although observational data support an inverse relationship between high-density lipoprotein (HDL) cholesterol and coronary heart disease (CHD), genetic HDL deficiency states often do not correlate with premature CHD. We explored whether QT corrected dispersion (QTcD) can identify left ventricular hypertrophy (LVH) in hypertensives. Although selective and non-selective methods of preoperative carotid screening have been advocated, it remains unclear if this screening is clinically relevant.AIM: To test whether selective carotid screening is as effective as non-selective screening in detecting significant carotid disease. We examined whether associations between hyperglycemia and CVD risk were explained by underlying insulin resistance.","Maybe

Justification: The context mentions that carotid intima-media thickness (cIMT) measurements were obtained in cases comprising 10 different mutations in LCAT, ABCA1 and APOA1"
semantic_dense,semantic,dense,mistral,A short stay or 23-hour ward in a general and academic children's hospital: are they effective?,yes,yes,1,1,success,"We evaluated the usefulness of a short stay or 23-hour ward in a pediatric unit of a large teaching hospital, Westmead Hospital, and an academic Children's hospital, The New Children's Hospital, to determine if they are a useful addition to the emergency service. The users of the short stay ward were children of young age less than 2 years, with stay greater than 23 hours reported in only 1% of all admissions to the short stay ward. This is a descriptive comparison of prospectively collected data on all children admitted to the short stay ward at Westmead Hospital (WH) during 1994 and the short stay ward at the New Children's Hospital (NCH) during 1997-98. The rate of patient admission to an in-hospital bed was low, (4% [Westmead Hospital] compared to 6% [New Children's Hospital]), with the number of unscheduled visits within 72 hours of short stay ward discharge less than 1%. The short stay ward increased hospital efficiency with an average length of stay of 17.5 hours (Westmead Hospital) compared to 20.5 hours (New Children's Hospital).","Yes

Justification: The short stay ward increased hospital efficiency with a lower average length of stay (17.5 hours at Westmead Hospital and 20.5 hours at the New Children's Hospital) compared to traditional in"
semantic_dense,semantic,dense,mistral,Did Chile's traffic law reform push police enforcement?,yes,yes,1,1,success,"The objective of the current study is to determine to what extent the reduction of Chile's traffic fatalities and injuries during 2000-2012 was related to the police traffic enforcement increment registered after the introduction of its 2005 traffic law reform. Independent variables were: (1) presence of new national traffic law; (2) police officers per population; (3) number of traffic tickets per police officer; and (4) interaction effect of number of traffic tickets per police officer with traffic law reform. To explain China's cigarette pricing mechanism and the role of the Chinese State Tobacco Monopoly Administration (STMA) on cigarette pricing and taxation. In the first quarter of 2013, there was a brief increase in CLABSI rate to 3.3 per 1000 line days; after a series of interventions, the CLABSI rate was maintained at zero for>600 days. The possible importance of mitochondrial permeability transition pore (PTP) formation during PCD was indirectly examined via in vivo cyclosporine A (CsA) treatment.","Yes

Justification: The study mentions that the introduction of Chile's 2005 traffic law reform led to an increase in police traffic enforcement ([1], [2])."
semantic_dense,semantic,dense,mistral,Therapeutic anticoagulation in the trauma patient: is it safe?,no,maybe,0,1,generation_failure,"Trauma patients who require therapeutic anticoagulation pose a difficult treatment problem. The purpose of this study was to determine: (1) the incidence of complications using therapeutic anticoagulation in trauma patients, and (2) if any patient factors are associated with these complications. In light of this consideration, should a patient with both a history of ICH and a clear indication for anticoagulation such as nonvalvular atrial fibrillation be anticoagulated? Complications of anticoagulation were documented and defined as any unanticipated discontinuation of the anticoagulant for bleeding or other adverse events. An 18-month retrospective review was performed on trauma patients>or= 15 years old who received therapeutic anticoagulation using unfractionated heparin (UH) and/or fractionated heparin (FH).","Maybe

Justification: The study does not explicitly state whether therapeutic anticoagulation is safe or not. However, it does indicate that the study was conducted to determine the incidence of complications associated with anticoagulation in"
semantic_dense,semantic,dense,mistral,Differentiation of nonalcoholic from alcoholic steatohepatitis: are routine laboratory markers useful?,yes,maybe,0,1,generation_failure,"Specific markers for differentiation of nonalcoholic (NASH) from alcoholic steatohepatitis (ASH) are lacking. Hepatorenal syndrome (HRS) is the functional renal failure associated with advanced cirrhosis and has also been described in fulminant hepatic failure. We examined 60 patients with benign cystic thyroid nodules confirmed by fine-needle aspiration biopsy and divided them into 2 groups according to nonaspiration (group A, n = 30) or aspiration (group B, n = 30) of ethanol-mixed fluid after intracystic ethanol injection. We evaluated the differences between percutaneous ethanol injection with and without aspiration of ethanol-mixed fluid for treatment of benign cystic thyroid nodules. Survival of HRS associated with alcoholic liver disease versus other etiologies was not statistically significant (p = 0.1).","Maybe

Justification: The context does not provide information on the use of routine laboratory markers for differentiation of nonalcoholic from alcoholic steatohepatitis. However, it is mentioned that specific markers for this differentiation"
semantic_dense,semantic,dense,mistral,Prompting Primary Care Providers about Increased Patient Risk As a Result of Family History: Does It Work?,no,yes,0,1,generation_failure,"Electronic health records have the potential to facilitate family history use by primary care physicians (PCPs) to provide personalized care. The objective of this study was to determine whether automated, at-the-visit tailored prompts about family history risk change PCP behavior. The main outcome measures were PCP response to the prompts, adding family history risk to problem summary lists, and patient screening status for each disease. Automated, tailored prompts highlighting familial risk for heart disease, stroke, diabetes, and breast, colorectal, or ovarian cancer were implemented during 2011 to 2012. Medical records of a cohort of community-based primary care patients, aged 35 to 65 years, who previously participated in our Family Healthware study and had a moderate or strong familial risk for any of the 6 diseases were subsequently reviewed. Preferential transmission of the number of AVPR1A microsatellite repeats to hypersexual and uninhibited people-seeking probands was hypothesized, based on reports from preclinical work in the literature.","Yes

Justification: The study implemented automated, tailored prompts about familial risk for heart disease, stroke, diabetes, and breast, colorectal, or ovarian cancer, and found that PCPs responded to the"
semantic_dense,semantic,dense,mistral,Do emergency ultrasound fellowship programs impact emergency medicine residents' ultrasound education?,yes,maybe,0,1,generation_failure,"The purpose of this study was to determine the impact of EUS fellowships on emergency medicine (EM) residents' US education. To date, there is no evidence supporting that EUS fellowships enhance residents' ultrasound (US) educational experiences. Residents in programs with EUS fellowships reported performing more scans than those in programs without fellowships (P = .04). The outcomes were compared between residency programs with and without EUS fellowships. Do preresidency selection factors serve as predictors of success in residency? Specifically, we asked which preresidency selection factors are associated or correlated with (1) objective measures of resident knowledge and performance; and (2) subjective ratings by faculty.","Maybe

Justification: The study shows that residents in programs with EUS fellowships reported performing more scans than those in programs without fellowships, but it does not definitively prove that the fellowships enhance residents' ultrasound educational experiences"
semantic_dense,semantic,dense,mistral,Patient-Controlled Therapy of Breathlessness in Palliative Care: A New Therapeutic Concept for Opioid Administration?,yes,yes,1,1,success,To investigate whether intravenous opioid PCT can be an effective therapeutic method to reduce breathlessness in patients with advanced disease. Secondary aims were to study the feasibility and acceptance of opioid PCT in patients with refractory breathlessness. This was a pilot observational study with 18 inpatients with advanced disease and refractory breathlessness receiving opioid PCT. Eighteen of 815 patients (advanced cancer; median age = 57.5 years [range 36-81]; 77.8% female) received breathlessness symptom control with opioid PCT; daily morphine equivalent dose at Day 1 was median = 20.3 mg (5.0-49.6 mg); Day 2: 13.0 mg (1.0-78.5 mg); Day 3: 16.0 mg (8.3-47.0 mg). The pressures delivered by autotitrating continuous positive airways pressure (CPAP) devices not only treat obstructive sleep apnoea (OSA) effectively but also give potentially interesting physiological information about the forces impinging on the pharynx. To investigate the effectiveness of acupuncture in treating phonotraumatic vocal fold lesions.STUDY DESIGN/,"Yes

Justification: The study shows that 18 out of 815 patients received breathlessness symptom control with opioid PCT ([3])."
semantic_dense,semantic,dense,mistral,Is there still a need for living-related liver transplantation in children?,yes,maybe,0,1,generation_failure,"The combination of SLT and LRT has abolished deaths on the waiting list, thus raising the question whether living donor liver transplantation is still necessary. To assess and compare the value of split-liver transplantation (SLT) and living-related liver transplantation (LRT). Outcomes and postoperative liver function of 43 primary LRT patients were compared with those of 49 primary SLT patients (14 ex situ, 35 in situ) with known graft weight performed between April 1996 and December 2000. The transplantation was considered a success if the recipient was alive, not retransplanted, without an assistance device or an epinephrine infusion of more than 1 mg/h and showed an ejection fraction above 40%. There were no differences between groups with regard to recipient age, sex, cause of death and renal function of the donor, hepatitis C and cytomegalovirus serologies, cold ischemia time, tubular necrosis, immediate diuresis, need for dialysis, human leukocyte antigen incompatibilities, hypersensitized patients, acute rejection, waiting time on dialysis, and days of admission.","Maybe

Justification: The provided context does not specifically discuss living-related liver transplantation in children. It compares the outcomes of primary LRT and SLT in adults, but does not exclude the possibility that LRT may still be"
semantic_dense,semantic,dense,mistral,Do patterns of knowledge and attitudes exist among unvaccinated seniors?,yes,yes,1,1,success,"To examine patterns of knowledge and attitudes among adults aged>65 years unvaccinated for influenza. Surveyed Medicare beneficiaries in 5 areas; clustered unvaccinated seniors by their immunization related knowledge and attitudes. Identified 4 clusters: Potentials (45%) would receive influenza vaccine to prevent disease; Fearful Uninformeds (9%) were unsure if influenza vaccine causes illness; Doubters (27%) were unsure if vaccine is efficacious; Misinformeds (19%) believed influenza vaccine causes illness. More Potentials (75%) and Misinformeds (70%) ever received influenza vaccine than did Fearful Uninformeds (18%) and Doubters (29%). Although the players tended to believe that the headgear could prevent concussion (62%), the coaches were less convinced (33%). Despite the players' belief that headgear offers protection against concussion, only a minority reported wearing headgear (27%) and few (24%) felt that its use should be made mandatory.","Yes

Justification: The text identifies 4 distinct clusters of unvaccinated seniors based on their immunization related knowledge and attitudes (clusters: Potentials, Fearful Uninformeds, Doubters,"
semantic_dense,semantic,dense,mistral,Is there a model to teach and practice retroperitoneoscopic nephrectomy?,yes,yes,1,1,success,"This study aims to develop a training model for retroperitoneoscopy and to establish an experimental learning curve. RPN in a porcine model could simulate the whole procedure, from creating the space to nephrectomy completion. Although the retroperitoneal approach has been the preferred choice for open urological procedures, retroperitoneoscopy is not the preferred approach for laparoscopy. Fifteen piglets were operated on to develop a standard retroperitoneoscopic nephrectomy (RPN) training model. Our objective in this study was to determine whether the decision to manage a contralateral hydrocele in cases of neonatal testicular torsion solely through a scrotal approach is safe and effective.","Yes

Justification: The context mentions the development of a training model for retroperitoneoscopic nephrectomy (RPN) in a porcine model ([4])."
semantic_dense,semantic,dense,mistral,Cardiovascular risk in a rural adult West African population: is resting heart rate also relevant?,yes,yes,1,1,success,"This study aimed to determine the prevalence of elevated RHR and other risk factors for cardiovascular disease (CVD) and to investigate any associations between RHR and these risk factors in a rural population in Ghana. Elevated resting heart rate (RHR) is a neglected marker in cardiovascular risk factor studies of sub-Saharan African populations. In 60 middle-aged individuals without diabetes we studied the associations of fasting plasma glucose, 2-hour post oral glucose tolerance test plasma glucose, insulin sensitivity as well as body fat percentage with CVD risk. Thirty-four subjects (mean age 55 years, body mass index 34 kg/m 2 , fasting triglycerides 3.5 mmol/L) with diagnosed sleep apnoea syndrome not treated with continuous positive airways pressure were enrolled and randomized to once daily treatment with fenofibrate (145 mg NanoCrystal(R) tablet) or placebo. Insulin sensitivity was measured as the glucose infusion rate during a euglycemic hyperinsulinemic clamp, body fat percentage was measured by dual X-ray absorptiometry, and CVD risk was estimated using the Framingham risk score. Associations of fasting plasma glucose, 2-hour plasma glucose, insulin sensitivity and body fat percentage with the Framingham risk score were assessed in linear regression models.","Yes

Justification: The study aimed to determine the prevalence of elevated RHR and its associations with cardiovascular disease (CVD) risk factors in a rural population in Ghana ([1])."
semantic_dense,semantic,dense,mistral,Israeli hospital preparedness for terrorism-related multiple casualty incidents: can the surge capacity and injury severity distribution be better predicted?,yes,maybe,0,1,generation_failure,"An HMCI is defined by the Emergency and Disaster Medicine Division in the Israeli Ministry of Health as>or=10 casualties or>or=4 suffering from injuries with an ISS>or=16 arriving to a single hospital. 15 years ago the Emergency and Disaster Medicine Division in the Israeli Ministry of Health defined a key of 20 percent of each hospital's bed capacity as its readiness for multiple casualties. Mortality at index admission, transfusion requirement during first 24 hours, and presence of nonorthopaedic injuries as a function of Young-Burgess pelvic classification type. The objectives of this study were to evaluate the ability of the Young-Burgess classification system to predict mortality, transfusion requirements, and nonorthopaedic injuries in patients with pelvic ring fractures and to determine whether mortality rates after pelvic fractures have changed over time. 713 blunt trauma patients, who were admitted to the Uludag University Medical Center Emergency Department between 01.04.2000-31.12.2000, were retrospectively evaluated in terms of ISS, GCS, RTS and white blood cell count at presentation.","Maybe

Justification: The context provides information about the definition of an HMCI (hospital mass casualty incident) and the key of each hospital's bed capacity as its readiness for multiple casualties 15 years ago."
semantic_dense,semantic,dense,mistral,Acute respiratory distress syndrome in children with malignancy--can we predict outcome?,yes,yes,1,1,success,"The purpose of this study was to delineate early respiratory predictors of mortality in children with hemato-oncology malignancy who developed acute respiratory distress syndrome (ARDS). We conducted a retrospective chart review of children with malignant and ARDS who needed mechanical ventilation and were admitted to a pediatric intensive care unit from January 1987 to January 1997. The objectives of this study were to evaluate the ability of the Young-Burgess classification system to predict mortality, transfusion requirements, and nonorthopaedic injuries in patients with pelvic ring fractures and to determine whether mortality rates after pelvic fractures have changed over time. We sought to determine the feasibility and assess the clinical outcomes associated with an early extubation strategy for all children undergoing congenital heart surgery, including neonates (age,<30 days). Mortality at index admission, transfusion requirement during first 24 hours, and presence of nonorthopaedic injuries as a function of Young-Burgess pelvic classification type.","Yes

Justification: The purpose of the study was to delineate early respiratory predictors of mortality in children with hemato-oncology malignancy who developed ARDS ([1])."
semantic_dense,semantic,dense,mistral,Secondhand smoke risk in infants discharged from an NICU: potential for significant health disparities?,yes,yes,1,1,success,"Secondhand smoke exposure (SHSe) threatens fragile infants discharged from a neonatal intensive care unit (NICU). Smoking practices were examined in families with a high respiratory risk infant (born at very low birth weight; ventilated>12 hr) in a Houston, Texas, NICU. Data were collected as part of The Baby's Breath Project, a hospital-based SHSe intervention trial targeting parents with a high-risk infant in the NICU who reported a smoker in the household (N = 99). This may result in adverse outcomes for the mother and infant. Perinatal characteristics, major morbidity and case mix adjusted mortality were compared between 1879 rural and 6775 urban infants<32 weeks gestational age, born in 1992-2002 and admitted to all 10 neonatal intensive care units in NSW and ACT.","Yes

Justification: The provided context discusses a study targeting parents with a high-risk infant in the NICU who reported a smoker in the household, indicating a potential for significant health disparities due to secondhand smoke"
semantic_dense,semantic,dense,mistral,Do nomograms designed to predict biochemical recurrence (BCR) do a better job of predicting more clinically relevant prostate cancer outcomes than BCR?,yes,yes,1,1,success,"To examine the ability of various postoperative nomograms to predict prostate cancer-specific mortality (PCSM) and to validate that they could predict aggressive biochemical recurrence (BCR). Prostate-specific antigen (PSA), grade, and stage are the classic triad used to predict BCR after radical prostatectomy (RP). A previous study showed that several nomograms could predict aggressive BCR (prostate-specific antigen doubling time [PSADT] <9 months) more accurately than BCR. We performed Cox analyses to examine the ability of 4 postoperative nomograms, the Duke Prostate Center (DPC) nomogram, the Kattan postoperative nomogram, the Johns Hopkins Hospital (JHH) nomogram, and the joint Center for Prostate Disease Research(CPDR)/Cancer of the Prostate Strategic Urologic Research Endeavor (CaPSURE) nomogram to predict BCR and PCSM among 1778 men in the Shared Equal Access Regional Cancer Hospital (SEARCH) database who underwent RP between 1990 and 2009. Here we investigatewd if: (a) biopsy timing influences the prostate cancer (PC) detection rate in patients with fluctuating PSA (flu-PSA) in comparison with patients with steadily increasing PSA (si-PSA); (b) PSA slope estimated in patients with flu-PSA predicts a different risk of cancer detection; (c) flu-PSA and si-PSA patients develop PC in topographically different sites; (d) the behaviour of pre-operative PSA is an expression of a disease with defferent characteristics to the following radical prostatectomy. Separate models were explored in men with prostate cancer censored at diagnosis, for percent body fat measurements, for weight changes with time and adjusting for initial prostate size in 483 men (2,523 observations) with pelvic magnetic resonance imaging measurements.","Yes

Justification: The context states that several nomograms could predict aggressive BCR (prostate-specific antigen doubling time [PSADT] <9 months) more accurately than BCR ([2])."
semantic_dense,semantic,dense,mistral,Are reports of mechanical dysfunction in chronic oro-facial pain related to somatisation?,yes,maybe,0,1,generation_failure,"(i) To examine the association between self-reported mechanical factors and chronic oro-facial pain. The study examined the association of chronic oro-facial pain with a variety of self-reported mechanical factors: teeth grinding, facial trauma, missing teeth and the feeling that the teeth did not fit together properly. To identify distinctive features in patients with chronic functional somatic symptoms, and to determine whether these symptoms support the hypothesis of the existence of specific somatic syndromes. Patients with affective disorders most frequently had pain complaints, followed by those with neurotic, stress-related and somatoform disorders and those with psychotic disorders such as schizophrenia, schizotypic and delusional disorders. However, patients receiving AIs report a higher incidence of musculoskeletal symptoms and bone fractures; the mechanism and risk factors for this correlation are not well studied. The aim of this study was to correlate these musculoskeletal symptoms and bone fractures in patients receiving AIs with bone mineral density (BMD), previous tamoxifen use, and administration of calcium/bisphosphonate (Ca/Bis).","Maybe

Justification: The study does not directly investigate the relationship between mechanical dysfunction in chronic oro-facial pain and somatization. However, it does examine the association of chronic oro-facial pain with self-report"
semantic_dense,semantic,dense,mistral,Amblyopia: is visual loss permanent?,no,maybe,0,0,retrieval_failure,"Pterygium is a disease of unknown origin and pathogenesis that might be vision threatening. The purpose of this study was to compare the non-cycloplegic and cycloplegic spherical equivalent (SE) refractive error measured in young adults. The difference between non-cycloplegic and cycloplegic refractive measurements was analyzed. Since optotypes are evaluated on individuals with good visual acuity and without eye disorders, differences in the lower visual acuity range cannot be excluded. It is unclear whether cycloplegic refraction is necessary in this age group.","Maybe

Justification: The context does not definitively state that visual loss is permanent, but it does mention pterygium, a vision-threatening disease, which could potentially lead to visual loss if left untreated. However,"
semantic_dense,semantic,dense,mistral,Implementation of epidural analgesia for labor: is the standard of effective analgesia reachable in all women?,yes,maybe,0,1,generation_failure,"The goal is to evaluate the epidural acceptance and penetration into hospital practice by women and care givers and safety and efficacy during childbirth. This audit cycle measured epidural analgesia performance against 4 standards: (1) Implementation of epidural analgesia for labor to all patients; (2) Acceptance and good satisfaction level reported by patients and caregivers. Since paracervical anaesthesia may be useful during this procedure, we investigated in this prospective randomised study its impact on the clinical course of abortion and pain especially in the late first and second stage of labour. (3) Effectiveness of labor analgesia; (4) No maternal or fetal side effects. We ascertained whether the obstetric history, syphilis testing, blood group testing, haemoglobin measurement and uterine growth assessment were performed during antenatal care along with whether appropriate action was taken. For intrapartum care, estimation of fetal weight, the performance of pelvimetry, blood pressure monitoring, urine testing, evaluation of head above pelvis, fetal heart rate monitoring, monitoring of contractions and plotting of cervical dilatation, and whether the appropriate actions were taken, were assessed.","Maybe

Justification: The standard of implementation of epidural analgesia for labor is one of the four standards measured in the audit cycle (context [2]), but it is not explicitly stated that it is reached in all women."
semantic_dense,semantic,dense,mistral,Does HER2 immunoreactivity provide prognostic information in locally advanced urothelial carcinoma patients receiving adjuvant M-VEC chemotherapy?,maybe,yes,0,1,generation_failure,"To evaluate the impact of HER2 immunoreactivity on clinical outcome in locally advanced urothelial carcinoma patients who received surgery alone, or methotrexate, vinblastine, epirubicin, and cisplatin (M-VEC) as adjuvant chemotherapy. The authors evaluated HER2 immunoreactivity using immunohistochemical staining and explored the influence of pathological parameters and HER2 immunoreactivity on progression-free survival (PFS) and disease-specific overall survival (OS) using univariate and multivariate Cox's analyses. The HER2 immunoreactivity was significantly associated with PFS (p = 0.02) and disease-specific OS (p = 0.005) in advanced urothelial carcinoma patients. As for patients with adjuvant M-VEC, HER2 immunoreactivity was a significant prognostic factor for PFS (p = 0.03) and disease-specific OS (p = 0.02) using univariate analysis, but not multivariate analysis, and not for patients receiving watchful waiting. Urothelial carcinoma of the bladder had a significantly higher frequency of HER2 immunoreactivity than that of the upper urinary tract (60.7 vs. 20.7%, p<0.0001).","Yes

Justification: In the provided context, it is stated that HER2 immunoreactivity was a significant prognostic factor for progression-free survival (PFS) and disease-specific overall survival (OS) in"
semantic_dense,semantic,dense,mistral,Is halofantrine ototoxic?,yes,yes,1,1,success,"The halofantrine therapeutic dose group showed loss and distortion of inner hair cells and inner phalangeal cells, and loss of spiral ganglia cells. In the halofantrine double therapeutic dose group, the inner and outer hair cells were distorted and there was loss of spiral ganglia cells. To clarify whether horizontal canal ocular reflex is influenced by otolith organs input. It is postulated that some aspects of methotrexate toxicity may be related to its action as an anti-folate. Folic acid (FA) is often given as an adjunct to methotrexate therapy, but there is no conclusive proof that it decreases the toxicity of methotrexate and there is a theoretical risk that it may decrease the efficacy of methotrexate. Review of the literature yielded estimates of the risk of adverse fertility outcomes ranging from 1.6 (95% confidence interval [CI] 1.1 to 2.5) for ectopic pregnancy after an appendectomy to 4.8 (95% CI 1.5 to 14.9) for tubal infertility from perforation of the appendix. Our objective in this study was to determine whether the decision to manage a contralateral hydrocele in cases of neonatal testicular torsion solely through a scrotal approach is safe and effective.","Yes

Justification: The text states that halofantrine causes loss and distortion of inner hair cells, inner phalangeal cells, and loss of spiral ganglia cells, which are all parts of the inner ear ("
semantic_dense,semantic,dense,mistral,Visceral adipose tissue area measurement at a single level: can it represent visceral adipose tissue volume?,yes,maybe,0,0,retrieval_failure,"Insulin sensitivity was measured as the glucose infusion rate during a euglycemic hyperinsulinemic clamp, body fat percentage was measured by dual X-ray absorptiometry, and CVD risk was estimated using the Framingham risk score. Associations of fasting plasma glucose, 2-hour plasma glucose, insulin sensitivity and body fat percentage with the Framingham risk score were assessed in linear regression models. We examined whether associations between hyperglycemia and CVD risk were explained by underlying insulin resistance. We examined the relationship between body mass index and prostate specific antigen by age in men without prostate cancer in a longitudinal aging study to determine whether prostate specific antigen must be adjusted for body mass index. To provide insight into the factors by which obesity in itself may directly lead to early arterial damage, we aimed to determine early sonographic markers of obesity-related vascular dysfunction in young obese males. A 10% volume increase or greater than 1 cm increase in arm circumference identified lymphedema with verification by a lymphedema specialist.","Maybe

Justification: The context does not provide information on whether visceral adipose tissue area measurement at a single level can represent visceral adipose tissue volume. However, it is generally understood that area measurements can be used"
semantic_dense,semantic,dense,mistral,Necrotizing fasciitis: an indication for hyperbaric oxygenation therapy?,no,yes,0,1,generation_failure,"The purpose of this study was to delineate early respiratory predictors of mortality in children with hemato-oncology malignancy who developed acute respiratory distress syndrome (ARDS). To investigate whether intravenous opioid PCT can be an effective therapeutic method to reduce breathlessness in patients with advanced disease. Secondary aims were to study the feasibility and acceptance of opioid PCT in patients with refractory breathlessness. Hyperbaric oxygenation (HBO) has been recommended as adjuvant therapy for NF, improving patient mortality and outcome. To determine the hemodynamic effect due to lung IR injury, we performed a quantitative coronary blood-flow analysis in a swine model of in situ lung ischemia and reperfusion. This randomized single-blinded single-center clinical trial involved 320 patients undergoing elective PCI who were randomized to either receive three 5-min cycles of ischemia by inflation of a cuff on the non-dominant arm to 200 mm Hg (remote postischemic conditioning) or to placebo (uninflated cuff).","Yes

Justification: The context states that hyperbaric oxygenation (HBO) has been recommended as adjuvant therapy for NF, improving patient mortality and outcome (context [3])."
semantic_dense,semantic,dense,mistral,Is the Hawkins sign able to predict necrosis in fractures of the neck of the astragalus?,maybe,yes,0,1,generation_failure,"To assess if the Hawkins sign can predict whether or not astragalus fractures of the neck will develop avascular necrosis. Differences were found when comparing the development of avascular necrosis with the Hawkins sign (P=.03). The following variables were analysed: displacement of the fracture, soft tissue injury, delay and type of treatment, complications, observation of the Hawkins sign, and functional outcome. To determine the relationship between injury severity surrogates and other patient factors with the development and severity of heterotopic ossification (HO) following open reduction internal fixation of acetabular fractures treated with a posterior approach. The objectives of this study were to evaluate the ability of the Young-Burgess classification system to predict mortality, transfusion requirements, and nonorthopaedic injuries in patients with pelvic ring fractures and to determine whether mortality rates after pelvic fractures have changed over time.","Yes

Justification: The study found differences in the development of avascular necrosis when comparing the Hawkins sign (P=.03), indicating that the Hawkins sign can predict necrosis in fractures of the"
semantic_dense,semantic,dense,mistral,Is a mandatory general surgery rotation necessary in the surgical clerkship?,no,maybe,0,1,generation_failure,"Changes in the spectrum of general surgery and the delivery of surgical care have placed the requirement for a mandatory general surgery rotation in the surgical clerkship in question. We tested the hypothesis that equal mastery of surgical clerkship objectives can be obtained in a clerkship with and without general surgery. Students chose any two surgical rotations and were assessed by written examination, objective structured clinical examination (OSCE), ward evaluations, self-assessment objectives questionnaire, and satisfaction survey. Preresidency selection criteria examined included United States Medical Licensing Examination (USMLE) Step 1 and Step 2 scores, Medical College Admission Test (MCAT) scores, number of clinical clerkship honors, number of letters of recommendation, number of away rotations, Alpha Omega Alpha (AOA) honor medical society membership, fourth-year subinternship at our institution, and number of publications. Resident performance was assessed using objective measures including American Board of Orthopaedic Surgery (ABOS) Part I scores and Orthopaedics In-Training Exam (OITE) scores and subjective ratings by faculty including global evaluation scores and faculty rankings of residents.","Maybe

Justification: The study suggests that equal mastery of surgical clerkship objectives can be obtained in a clerkship with and without general surgery ([2]), but it does not definitively state that a mandatory general surgery rotation"
semantic_dense,semantic,dense,mistral,Is Acupuncture Efficacious for Treating Phonotraumatic Vocal Pathologies?,yes,yes,1,1,success,"To investigate the effectiveness of acupuncture in treating phonotraumatic vocal fold lesions.STUDY DESIGN/ Significant improvement in vocal function, as indicated by the maximum fundamental frequency produced, and also perceived quality of life, were found in both the genuine and sham acupuncture groups, but not in the no-treatment group. Structural (morphological) improvements were, however, only noticed in the genuine acupuncture group, which demonstrated a significant reduction in the size of the vocal fold lesions. To investigate whether intravenous opioid PCT can be an effective therapeutic method to reduce breathlessness in patients with advanced disease. Secondary aims were to study the feasibility and acceptance of opioid PCT in patients with refractory breathlessness. The pressures delivered by autotitrating continuous positive airways pressure (CPAP) devices not only treat obstructive sleep apnoea (OSA) effectively but also give potentially interesting physiological information about the forces impinging on the pharynx. To investigate the effect of a multimodal cervical physical therapy treatment on tinnitus complaints in patients with CST.","Yes

Justification: The study found significant improvement in vocal function and perceived quality of life in both the genuine and sham acupuncture groups, and structural improvements were only noticed in the genuine acupuncture group, indicating that ac"
semantic_dense,semantic,dense,mistral,Is aneurysm repair justified for the patients aged 80 or older after aneurysmal subarachnoid hemorrhage?,yes,yes,1,1,success,"With the advancement of an aging society in the world, an increasing number of elderly patients have been hospitalized due to aneurysmal subarachnoid hemorrhage (aSAH). The aim of this study was to investigate the feasibility of the definitive surgery for the acute subarachnoid cases aged 80 or older. The rate of aortic aneurysm rupture correlates with the aneurysm's diameter, and a higher rate of rupture is observed in patients with larger aneurysms. The cases with aneurysm repair showed significantly better clinical outcome than the controls, while World Federation of Neurological Surgeons (WFNS) grade on admission and premorbid modified Rankin Scale showed no difference between them. A case of spinal subdural hematoma (SSDH) following subarachnoid hemorrhage (SAH) because of a ruptured internal carotid aneurysm is described.","Yes

Justification: The cases with aneurysm repair showed significantly better clinical outcome than the controls (context [4])."
semantic_dense,semantic,dense,mistral,Do general practice characteristics influence uptake of an information technology (IT) innovation in primary care?,no,yes,0,1,generation_failure,"We evaluated whether structural characteristics of a general practice were associated with variations in use of a web-based clinical information system underpinning a Managed Clinical Network in diabetes, between the years 2001 and 2003. Recent evaluations of IT innovations in primary care have highlighted variations between centres and practices in uptake and use. Electronic health records have the potential to facilitate family history use by primary care physicians (PCPs) to provide personalized care. The objective of this study was to determine whether automated, at-the-visit tailored prompts about family history risk change PCP behavior. In regression analyses, we determined whether total use was associated with structural characteristics of the practice (total list size, training status, numbers of GPs (general practitioners), mean age of the GPs, numbers of female GPs, level of deprivation of the population and whether staff had received advanced training in diabetes care). To analyse associations between indicators for adoption of new drugs and to test the hypothesis that physicians' early adoption of new drugs is a personal trait independent of drug groups.","Yes

Justification: The context states that the study evaluated whether structural characteristics of a general practice were associated with variations in use of a web-based clinical information system ([1]), and that they determined whether total use was associated with structural characteristics"
semantic_dense,semantic,dense,mistral,Prognosis of well differentiated small hepatocellular carcinoma--is well differentiated hepatocellular carcinoma clinically early cancer?,no,yes,0,1,generation_failure,"The purpose of this study is to examine whether or not well differentiated (w-d) hepatocellular carcinoma (HCC) is indeed clinically early cancer. The purpose of this paper is to evaluate the efficacy of ultrasonographic screening for primary hepatocellular carcinoma. Seventy six patients with solitary small HCCs up to 3 cm in diameter, who underwent hepatectomy, were observed for at least 2 years for possible recurrence. Prognostic significance of the following independent variables was tested using univariate (log-rank) and multivariate (Cox proportional-hazards) analysis: type of resection (sublobar vs lobectomy vs pneumonectomy), histology (squamous cell vs adenocarcinoma), tumour size (<or=3cm vs>3cm), histologic vascular invasion, visceral pleura involvement, positive bronchial resection margin, general T status. False-positive results were less frequent with larger tumor size (p = 0.002) and higher histologic grade (p = 0.002), but were not associated with age, body mass index, or a previous surgical biopsy.","Yes

Justification: The study observed patients with solitary small HCCs up to 3 cm in diameter, who underwent hepatectomy, for at least 2 years for possible recurrence. The prognost"
semantic_dense,semantic,dense,mistral,Do follow-up recommendations for abnormal Papanicolaou smears influence patient adherence?,no,maybe,0,1,generation_failure,"To compare adherence to follow-up recommendations for colposcopy or repeated Papanicolaou (Pap) smears for women with previously abnormal Pap smear results. All women with abnormal Pap smear results referred for initial colposcopy and a random sample of those referred for repeated Pap smear. To determine current practice and to assess the value of routine follow-up procedures for endometrial cancer surveillance. Adherence to a second colposcopy was not significantly different from that to a repeated Pap smear (odds ratio, 1.40; 95% confidence interval, 0.80-2.46). Routine clinic protocols for follow-up--telephone call, letter, or certified letter--were applied without regard to the type of abnormality seen on a Pap smear or recommended examination.","Maybe

Justification: The study found no significant difference in adherence to a second colposcopy and that to a repeated Pap smear, suggesting that follow-up recommendations may not significantly influence patient adherence, but the data does"
semantic_dense,semantic,dense,mistral,Biomolecular identification of allergenic pollen: a new perspective for aerobiological monitoring?,yes,yes,1,1,success,"To verify the feasibility of developing a real-time polymerase chain reaction (PCR) approach, an alternative to optical analysis, as a rapid, accurate, and automated tool for the detection and quantification of airborne allergenic pollen taxa. Accurate and updated information on airborne pollen in specific areas can help allergic patients. Designed primer pairs and probes identified selected pollen taxa, mostly at the required classification level. The traditional cetyl trimethyl ammonium bromide-based method was modified for DNA isolation from pollen. Preliminary quantification assays on pollen grains were successfully performed on test species and in mixes.","Yes

Justification: The context discusses the development of a real-time PCR approach for the detection and quantification of airborne allergenic pollen, which could potentially revolutionize aerobiological monitoring ([1], [5"
semantic_dense,semantic,dense,mistral,Does diabetes mellitus influence the efficacy of FDG-PET in the diagnosis of cervical cancer?,no,maybe,0,1,generation_failure,"Therefore, we conducted this prospective study to compare the diagnostic ability of FDG-PET in patients with cervical cancer complicated by DM and those without DM. The diagnostic power of PET in the hyperglycaemic DM, euglycaemic DM and non-DM groups did not differ significantly with regard to the identification of either metastatic lesions (AUC, 0.967/0.947/0.925, P>0.05) or primary tumours/local recurrence (AUC, 0.950/0.938/0.979, P>0.05). Considering all DM patients, PET showed a significantly higher detection power than MRI/CT scans in respect of metastatic lesions (AUC=0.956 vs 0.824, P=0.012). However, the degree of tumour uptake of (18)F-2-fluoro-2-deoxy-D: -glucose (FDG) uptake is sometimes influenced by diabetes mellitus (DM). Compared with computed tomography (CT) and magnetic resonance imaging (MRI), positron emission tomography (PET) may have additional value in the assessment of primary and recurrent cervical cancer.","Maybe

Justification: The context mentions that the degree of tumour uptake of FDG can be influenced by diabetes mellitus (DM), but the diagnostic power of PET in DM patients does not significantly differ from"
semantic_dense,semantic,dense,mistral,Biomechanical and wound healing characteristics of corneas after excimer laser keratorefractive surgery: is there a difference between advanced surface ablation and sub-Bowman's keratomileusis?,yes,maybe,0,1,generation_failure,"To describe the biomechanical and wound healing characteristics of corneas after excimer laser keratorefractive surgery. Histologic, ultrastructural, and cohesive tensile strength evaluations were performed on 25 normal human corneal specimens, 206 uncomplicated LASIK specimens, 17 uncomplicated sub-Bowman's keratomileusis (SBK) specimens, 4 uncomplicated photorefractive keratectomy (PRK) specimens, 2 uncomplicated advanced surface ablation (ASA) specimens, 5 keratoconus specimens, 12 postoperative LASIK ectasia specimens, and 1 postoperative PRK ectasia specimen and compared to previously published studies. Histologic and ultrastructural studies of normal corneas showed significant differences in the direction of collagen fibrils and/or the degree of lamellar interweaving in Bowman's layer, the anterior third of the corneal stroma, the posterior two-thirds of the corneal stroma, and Descemet's membrane. Because adult human corneal stromal wounds heal slowly and incompletely, all excimer laser keratorefractive surgical techniques still have some distinct disadvantages due to inadequate reparative wound healing. To evaluate the efficacy of extracorporeal shock wave lithotripsy (SWL) on lower calyceal calculi in relation to the renal anatomical factors and determine which of these factors can be used to select patients who will benefit from SWL.","Maybe

Justification: The provided context does not directly compare advanced surface ablation (ASA) and sub-Bowman's keratomileusis (SBK) in terms of biomechanical and wound healing characteristics."
semantic_dense,semantic,dense,mistral,Does radiotherapy of the primary rectal cancer affect prognosis after pelvic exenteration for recurrent rectal cancer?,yes,yes,1,1,success,"This study examined the impact of radiotherapy for the primary rectal cancer on outcomes after pelvic exenteration for local recurrence. Patients who did and did not receive radiotherapy as part of their primary rectal cancer treatment were compared. The influence of positron emission tomography in the management of recurrent rectal cancer is well established but its role in primary rectal cancer remains uncertain. This study therefore prospectively assesses the impact of position emission tomography scanning on the management of primary rectal cancer. Patients who received radiotherapy for their primary rectal cancer (n = 41) required more radical exenterations (68% vs 44%; p = 0.020), had lower rates of clear resection margins (63% vs 87%; p = 0.010), had increased rates of surgical complications per patient (p = 0.014), and had a lower disease-free survival (p = 0.022). To analyze, retrospectively, the patterns and behavior of metastatic lesions in prostate cancer patients treated with external beam radiotherapy and to investigate whether patients with<or =5 lesions had an improved outcome relative to patients with>5 lesions.","Yes

Justification: The study shows that patients who received radiotherapy for their primary rectal cancer had lower disease-free survival after pelvic exenteration for recurrent rectal cancer (p = 0.022)"
semantic_dense,semantic,dense,mistral,Can a practicing surgeon detect early lymphedema reliably?,maybe,maybe,1,1,success,"To investigate whether prepuncture ultrasound evaluation of vascular anatomy facilitates internal jugular vein cannulation compared with landmark-guided puncture. Lymphedema may be identified by simpler circumference changes as compared with changes in limb volume. Sensitivity and specificity of several different criteria for detecting lymphedema were compared using the academic trial as the standard. Patients were followed after initial surgical intervention to determine the likelihood of developing a subsequent hydrocele or hernia. Among 2,027 consecutive SLN biopsy procedures performed by two experienced surgeons, clinically suspicious axillary nodes were identified in 106, and categorized as group 1 (asymmetric enlargement of the ipsilateral axillary nodes moderately suspicious for metastasis, n = 62) and group 2 (clinically positive axillary nodes highly suspicious for metastasis, n = 44).","Maybe

Justification: The context mentions that sensitivity and specificity of several different criteria for detecting lymphedema were compared, but it does not specify that a practicing surgeon was able to detect early lymphedema"
semantic_dense,semantic,dense,mistral,Colorectal cancer with synchronous liver metastases: does global management at the same centre improve results?,no,maybe,0,1,generation_failure,"Synchronous liver metastases (SLM) occur in 20% of colorectal cancers (CRC). Prognostic significance of the following independent variables was tested using univariate (log-rank) and multivariate (Cox proportional-hazards) analysis: type of resection (sublobar vs lobectomy vs pneumonectomy), histology (squamous cell vs adenocarcinoma), tumour size (<or=3cm vs>3cm), histologic vascular invasion, visceral pleura involvement, positive bronchial resection margin, general T status. To analyze, retrospectively, the patterns and behavior of metastatic lesions in prostate cancer patients treated with external beam radiotherapy and to investigate whether patients with<or =5 lesions had an improved outcome relative to patients with>5 lesions. Important increases could be demonstrated for communicating a diagnosis of cancer with good or less good prognosis, recurrence of cancer or a far progressive cancer disease without curative approach. The purpose of this study was to determine whether operative volume outweighs the advantages of being treated locally by comparing the outcomes of patients with rectal cancer treated at local, low-volume centers versus far, high-volume centers.","Maybe

Justification: The context does not provide specific information about global management at the same centre improving results for colorectal cancer with synchronous liver metastases. However, it does suggest that the type of resection (a form"
semantic_dense,semantic,dense,mistral,Is motion perception deficit in schizophrenia a consequence of eye-tracking abnormality?,yes,maybe,0,1,generation_failure,"Studies have shown that schizophrenia patients have motion perception deficit, which was thought to cause eye-tracking abnormality in schizophrenia. The known eye-tracking difficulties in schizophrenia patients may interact with their motion perception. However, eye movement closely interacts with motion perception. To determine whether TDP-43 type is associated with distinct patterns of brain atrophy on MRI in subjects with pathologically confirmed frontotemporal lobar degeneration (FTLD). Interference from irrelevant negative material might be a key mechanism underlying intrusive ruminative thoughts in depression. Considering commonalities between depression and social anxiety and the presence of similar intrusive thoughts in social anxiety, the current study was designed to assess whether interference from irrelevant material in working memory is specific to depression or is also present in social anxiety disorder.","Maybe

Justification: The context suggests that there is a relationship between motion perception and eye-tracking in schizophrenia, but it does not explicitly state that motion perception deficit is a direct consequence of eye-tracking ab"
semantic_dense,semantic,dense,mistral,Transgastric endoscopic splenectomy: is it possible?,yes,yes,1,1,success,"The goal of this study was to determine the technical feasibility of per-oral transgastric splenectomy using a flexible endoscope. We present results of per-oral transgastric splenectomy in a porcine model. We have previously reported the feasibility of diagnostic and therapeutic peritoneoscopy including liver biopsy, gastrojejunostomy, and tubal ligation by an oral transgastric approach. Our objective in this study was to determine whether the decision to manage a contralateral hydrocele in cases of neonatal testicular torsion solely through a scrotal approach is safe and effective. Ligation of the splenic vessels and mobilization of the spleen were achieved using commercially available devices and endoscopic accessories.","Yes

Justification: The study describes the results of per-oral transgastric splenectomy in a porcine model ([2]), indicating that it is possible."
semantic_dense,semantic,dense,mistral,It's Fournier's gangrene still dangerous?,yes,yes,1,1,success,"Fournier's gangrene is known to have an impact in the morbidity and despite antibiotics and aggressive debridement, the mortality rate remains high. To assess the morbidity and mortality in the treatment of Fournier's gangrene in our experience. The medical records of 14 patients with Fournier's gangrene who presented at the University Hospital Center ""Mother Teresa"" from January 1997 to December 2006 were reviewed retrospectively to analyze the outcome and identify the risk factor and prognostic indicators of mortality. Multivariate analysis provided beta1Gly49 homozygotes with higher risk for TTN (OR 18.5; 95%CI 1.5-229; p = 0.023) than beta1Ser49 allele carrier. The severe hypoglycaemia hazard for all four outcomes was higher with standard care than with insulin glargine.","Yes

Justification: The text states that despite antibiotics and aggressive debridement, the mortality rate remains high (context [1])."
semantic_dense,semantic,dense,mistral,Is it appropriate to implant kidneys from elderly donors in young recipients?,yes,yes,1,1,success,"Kidneys from elderly donors tend to be implanted in recipients who are also elderly. Ninety-one consecutive transplants are studied, carried out in our center with kidneys from cadaver donors older than 60 years implanted in recipients younger than 60 years. We present the results obtained after 10 years of evolution on transplanting elderly kidneys into young recipients. There were no differences between groups with regard to recipient age, sex, cause of death and renal function of the donor, hepatitis C and cytomegalovirus serologies, cold ischemia time, tubular necrosis, immediate diuresis, need for dialysis, human leukocyte antigen incompatibilities, hypersensitized patients, acute rejection, waiting time on dialysis, and days of admission. Unicompartmental replacement can be an alternative to tibial osteotomy in younger, active patients with unicompartmental knee disease.","Yes

Justification: The study shows that there were no differences in various factors between the groups of elderly kidney donors and young recipients, suggesting that the transplants were successful and appropriate (context [4])."
semantic_dense,semantic,dense,mistral,Do provider service networks result in lower expenditures compared with HMOs or primary care case management in Florida's Medicaid program?,yes,yes,1,1,success,"To determine the impact of Florida's Medicaid Demonstration 4 years post-implementation on per member per month (PMPM) Medicaid expenditures and whether receiving care through HMOs versus provider service networks (PSNs) in the Demonstration was associated with PMPM expenditures.DATA: Florida Medicaid claims from two fiscal years prior to implementation of the Demonstration (FY0405, FY0506) and the first four fiscal years after implementation (FY0607-FY0910) from two urban Demonstration counties and two urban non-Demonstration counties. High managed care penetration in the community is associated with a lower likelihood of having a usual source of care for uninsured persons (54.8% vs. 62.2% in low penetration areas) as well as a lower likelihood of having a usual physician (60% vs. 72.8%). Managed care has only marginal effects on the likelihood of having a usual source of care for privately insured and Medicaid beneficiaries. Having a usual physician substantially reduces unmet medical needs for the insured but less so for the uninsured. Among SSI enrollees, the Demonstration resulted in lower increases in PMPM expenditures over time ($40) compared with the non-Demonstration counties ($186), with Demonstration PSNs lowering PMPM expenditures by $7 more than HMOs. The question is, do health behaviors have an impact on the use of medical resources? This study aims to identify and understand the difference in the number of outpatient visits and health examinations based on various health behaviors and to determine whether patients seek medical care for illness from the same physicians.","Yes

Justification: The study shows that among SSI enrollees, Demonstration PSNs lower PMPM expenditures by $7 more than HMOs. (Context: [4])"
semantic_dense,semantic,dense,mistral,Assessment of carotid artery stenosis before coronary artery bypass surgery. Is it always necessary?,no,maybe,0,1,generation_failure,"Patients were stratified retrospectively into high- or low-risk groups according to risk factors for significant carotid stenosis and perioperative stroke: peripheral vascular disease (PVD), carotid bruit, diabetes mellitus, age>70 years and/or history of cerebrovascular disease. Prevalence of carotid stenosis detected by ultrasonography, surgical management and perioperative stroke rates were determined in each group. Extracranial internal carotid artery stenosis is a risk factor for perioperative stroke in patients undergoing coronary artery bypass surgery (CAB). Although selective and non-selective methods of preoperative carotid screening have been advocated, it remains unclear if this screening is clinically relevant.AIM: To test whether selective carotid screening is as effective as non-selective screening in detecting significant carotid disease. The study goal was to determine whether pre-operative fasting blood glucose (fB-glu) is associated with an increased mortality after coronary artery bypass grafting (CABG). To investigate whether prepuncture ultrasound evaluation of vascular anatomy facilitates internal jugular vein cannulation compared with landmark-guided puncture.","Maybe

Justification: The context suggests that while carotid artery stenosis is a risk factor for perioperative stroke in patients undergoing coronary artery bypass surgery (CAB), the effectiveness of preoperative"
semantic_dense,semantic,dense,mistral,Should direct mesocolon invasion be included in T4 for the staging of gastric cancer?,maybe,maybe,1,1,success,"Among these, patients who showed macroscopically direct invasion into the mesocolon were compared to other patients with advanced gastric cancer. The purpose of this study was to characterize and classify mesocolon invasion from gastric cancer. One of the sites most frequently invaded by gastric cancer is the mesocolon; however, the UICC does not mention this anatomical site as an adjacent structure involved in gastric cancer. The curability, number and extent of nodal metastasis, and the survival of the mesocolon invasion group were significantly worse than these factors in the T3 group. However, the survival of the mesocolon invasion group after curative resection was much better than that of patients who had incurable factors.","Maybe

Justification: The study suggests that the curability, number and extent of nodal metastasis, and the survival of the mesocolon invasion group were significantly worse than those in the T3 group, indicating a more advanced stage"
semantic_dense,semantic,dense,mistral,Do Surrogates of Injury Severity Influence the Occurrence of Heterotopic Ossification in Fractures of the Acetabulum?,maybe,maybe,1,1,success,"To determine the relationship between injury severity surrogates and other patient factors with the development and severity of heterotopic ossification (HO) following open reduction internal fixation of acetabular fractures treated with a posterior approach. It is also assessed whether the occurrence of this complication is related to the displacement of the fracture, soft tissue injury, or delay in the reduction or surgery. This study measured acetabular component stability and the initial surface contact achieved between the acetabular component and unfractured region of the pelvis after THA using an oversized acetabular component and cup-cage reconstruction. The following variables were analysed: displacement of the fracture, soft tissue injury, delay and type of treatment, complications, observation of the Hawkins sign, and functional outcome. Immediate total hip arthroplasty (THA) has potential advantages, but achieving acetabular component stability is challenging and, at early followup, reported revision rates for loosening are high.QUESTIONS/","Maybe

Justification: The study is investigating the relationship between injury severity surrogates and the development and severity of heterotopic ossification (HO), suggesting a potential influence, but the results are not yet conclusive as"
semantic_dense,semantic,dense,mistral,Does pretreatment with statins improve clinical outcome after stroke?,no,maybe,0,1,generation_failure,"In a preliminary observational study, we explored whether clinical outcome is improved in patients who are on treatment with statins when stroke occurs. In primary and secondary prevention trials, statins have been shown to reduce the risk of stroke. In addition to lipid lowering, statins have a number of antiatherothrombotic and neuroprotective properties. Patients were stratified retrospectively into high- or low-risk groups according to risk factors for significant carotid stenosis and perioperative stroke: peripheral vascular disease (PVD), carotid bruit, diabetes mellitus, age>70 years and/or history of cerebrovascular disease. Prevalence of carotid stenosis detected by ultrasonography, surgical management and perioperative stroke rates were determined in each group. The unadjusted odds ratio for early discharge to home (versus late discharge or death) was 1.41 (95% CI 0.91 to 2.17) when patients on statin treatment were compared with referent stroke patients not on statins. In sensitivity analyses for patients with deep ICH, anticoagulation could be preferred if the risk of thromboembolic stroke is particularly high.","Maybe

Justification: The study shows a trend towards improved clinical outcome in patients on statin treatment, but the results are not statistically significant (unadjusted odds ratio 1.41, 95% CI 0"
semantic_dense,semantic,dense,mistral,Processing fluency effects: can the content and presentation of participant information sheets influence recruitment and participation for an antenatal intervention?,yes,yes,1,1,success,"To assess the extent to which the title and font of participant information sheets (PISs) can influence pregnant women's and trainee midwives' perceptions of an antenatal intervention. Pregnant women (n=35) and trainee midwives (n=36) were randomly presented with one of four PISs where the title and font of the PIS had been manipulated to create four experimental conditions (i.e., Double Fluent; Double Awkward; Fluent Title-Awkward Font; Awkward Title-Fluent Font). Women were randomized to 1 of 3 groups: (1) usual care, (2) tailored print communications, and (3) tailored telephone counseling. This study addressed the question: Compared to usual care, is tailored telephone counseling more effective than tailored print materials for promoting mammography screening? The outcomes were analyzed with respect to antral follicle assessment (<or = 6 or>6), basal cycle day 3 follicle stimulated hormone (<or = 10 or>10 IU/L) and maternal age (<or = 35 or>35 years).","Yes

Justification: The study manipulated the title and font of participant information sheets to create four experimental conditions, suggesting that the content and presentation of these sheets can influence participants' perceptions of an antenatal intervention."
semantic_dense,semantic,dense,mistral,Sternal fracture in growing children : A rare and often overlooked fracture?,maybe,yes,0,1,generation_failure,"Sternal fractures in childhood are rare. A total of 4 children aged 5-14 years with a sternal fracture were treated in 2 years, 2 children were hospitalized for pain management and 2 remained in outpatient care. It is also assessed whether the occurrence of this complication is related to the displacement of the fracture, soft tissue injury, or delay in the reduction or surgery. The objectives of this study were to evaluate the ability of the Young-Burgess classification system to predict mortality, transfusion requirements, and nonorthopaedic injuries in patients with pelvic ring fractures and to determine whether mortality rates after pelvic fractures have changed over time. Mortality at index admission, transfusion requirement during first 24 hours, and presence of nonorthopaedic injuries as a function of Young-Burgess pelvic classification type.","Yes

Justification: The context states that sternal fractures in childhood are rare ([1])."
semantic_dense,semantic,dense,mistral,Is there a correlation between androgens and sexual desire in women?,yes,maybe,0,1,generation_failure,"Sexual desire correlated overall with FT and androstenedione in the total cohort of women. In a subgroup of women aged 25-44 years with no use of systemic hormonal contraception, sexual desire correlated with TT, FT, androstenedione, and DHEAS. In women aged 45-65 years, androstenedione correlated with sexual desire. For women, the correlation between circulating androgens and sexual desire is inconclusive. Measuring bioactive testosterone is difficult and new methods have been proposed, including measuring the primary androgen metabolite androsterone glucuronide (ADT-G).AIM: The aim of this study was to investigate a possible correlation between serum levels of androgens and sexual desire in women and whether the level of ADT-G is better correlated than the level of circulating androgens with sexual desire. Substitution with androgens at physiological levels improves sexual function in women who experience decreased sexual desire and androgen deficiency from surgical menopause, pituitary disease, and age-related decline in androgen production in the ovaries. Sexual desire was determined as the total score of the sexual desire domain of the Female Sexual Function Index.","Maybe

Justification: The context suggests that the correlation between androgens and sexual desire in women is inconclusive (context [2]), but it also shows that in certain subgroups of women, androgens do correlate with sexual desire"
semantic_dense,semantic,dense,mistral,Does immediate breast reconstruction compromise the delivery of adjuvant chemotherapy?,no,maybe,0,1,generation_failure,"Immediate breast reconstruction (IBR) provides psychological benefit to many early breast cancer patients however concerns persist regarding its potential impact on chemotherapy delivery. This study aims to evaluate local failure patterns in node negative breast cancer patients treated with post-mastectomy radiotherapy including internal mammary chain only. Retrospective analysis of patients in an academic breast service, who underwent mastectomy, with or without reconstruction, and received adjuvant chemotherapy. To evaluate accelerated partial breast irradiation (APBI) in patients after oncoplastic surgery for early breast cancer. To evaluate the impact of HER2 immunoreactivity on clinical outcome in locally advanced urothelial carcinoma patients who received surgery alone, or methotrexate, vinblastine, epirubicin, and cisplatin (M-VEC) as adjuvant chemotherapy.","Maybe

Justification: The context mentions concerns about the potential impact of immediate breast reconstruction on chemotherapy delivery, but does not provide conclusive evidence to definitively say it does or does not compromise delivery."
semantic_dense,semantic,dense,mistral,Human papillomavirus and pterygium. Is the virus a risk factor?,maybe,maybe,1,1,success,"Several studies have investigated human papillomavirus (HPV) as a risk factor for the development of pterygia, but the results are inconclusive.AIM: To investigate a large sample of pterygia for the presence of HPV in order to clarify the putative association between pterygia and HPV. Vaginal intraepithelial neoplasia is a little known disease which could be related to risk factors different from simple HPV infections. Pterygium is a disease of unknown origin and pathogenesis that might be vision threatening. To determine whether the host immune response to gonorrhoea provides limited serovar specific protection from reinfection. 100 specimens of pterygium from Danish patients and 20 normal conjunctival biopsy specimens were investigated for the presence of HPV with PCR technique using beta-globin primers to access the quality of the extracted DNA and the HPV primers MY09/11 and GP5+/6+.","Maybe

Justification: The study aims to investigate the presence of HPV in pterygia to clarify the putative association between pterygia and HPV, suggesting a potential association but not definitively confirming it."
semantic_dense,semantic,dense,mistral,Can PRISM predict length of PICU stay?,no,maybe,0,1,generation_failure,"PRISM is claimed to score disease severity which has attributed an impact on length of PICU stay (LOS). The possible importance of mitochondrial permeability transition pore (PTP) formation during PCD was indirectly examined via in vivo cyclosporine A (CsA) treatment. Animals were perfused with paclitaxel, and high-pressure liquid chromatography (HPLC) was employed to analyze the content of paclitaxel in brain and plasma samples. Of the 10 patients with RVEF>or = 0.40 before PVR, 5 patients (50%) maintained a RVEF>or = 0.40 following PVR, whereas only 2 out of 15 patients (13%) with pre-operative values<0.40 reached an RVEF>or = 0.40 postoperatively (p<0.001). Here we investigatewd if: (a) biopsy timing influences the prostate cancer (PC) detection rate in patients with fluctuating PSA (flu-PSA) in comparison with patients with steadily increasing PSA (si-PSA); (b) PSA slope estimated in patients with flu-PSA predicts a different risk of cancer detection; (c) flu-PSA and si-PSA patients develop PC in topographically different sites; (d) the behaviour of pre-operative PSA is an expression of a disease with defferent characteristics to the following radical prostatectomy.","Maybe

Justification: The context states that PRISM is claimed to score disease severity which has attributed an impact on length of PICU stay (LOS), but it does not directly show that PRISM can predict LOS"
semantic_dense,semantic,dense,mistral,Can predilatation in transcatheter aortic valve implantation be omitted?,yes,maybe,0,1,generation_failure,"The aim of the study was to see whether or not balloon predilatation is necessary in transcatheter aortic valve replacement (TAVI). The use of a balloon expandable stent valve includes balloon predilatation of the aortic stenosis before valve deployment. The purpose of this study is to evaluate right ventricular (RV) volume and function after pulmonary valve replacement (PVR) and to address the issue of optimal surgical timing in these patients. To assess the feasibility and safety of diagnostic or therapeutic semirigid ureteroscopy without ureteral meatus dilatation. Despite surgical refinements, perioperative use of tracheobronchoscopy (TBS) as part of surgical approach to esophageal atresia (EA) is still controversial.","Maybe

Justification: The study aims to determine whether or not balloon predilatation is necessary in transcatheter aortic valve replacement (TAVI), suggesting that it could potentially be omitted, but the study itself"
semantic_dense,semantic,dense,mistral,Autoerotic asphyxiation: secret pleasure--lethal outcome?,yes,maybe,0,0,retrieval_failure,"Voluntary asphyxiation among children, preteens, and adolescents by hanging or other means of inducing hypoxia/anoxia to enhance sexual excitement is not uncommon and can lead to unintended death. The purpose of this study was to delineate early respiratory predictors of mortality in children with hemato-oncology malignancy who developed acute respiratory distress syndrome (ARDS). To critically assess the evidence that appendiceal perforation is a risk factor for subsequent tubal infertility or ectopic pregnancy. Treatment of neonatal testicular torsion has two objectives: salvage of the involved testicle (which is rarely achieved) and preservation of the contralateral gonad. Our objective in this study was to determine whether the decision to manage a contralateral hydrocele in cases of neonatal testicular torsion solely through a scrotal approach is safe and effective.","Maybe

Justification: The context mentions that voluntary asphyxiation among children, preteens, and adolescents can lead to unintended death ([1]). However, it does not explicitly state that this is a"
semantic_dense,semantic,dense,mistral,Major depression and alcohol use disorder in adolescence: Does comorbidity lead to poorer outcomes of depression?,no,yes,0,1,generation_failure,"Comorbid major depression (MD) and alcohol use disorder (AUD), particularly in adolescents, have been shown to be associated with poorer subsequent MD outcomes. The influence of affective disorder polarity on subsequent suicide attempts or completions and any differential effect of suicide risk factors by polarity were assessed in a prospective cohort. Evidence suggests substantial comorbidity between symptoms of somatization and depression in clinical as well as nonclinical populations. The three disorder groups had rates of adult MD during the period 18-35 years that were significantly (p<.05) higher than that of the group with no disorder. Furthermore, those in the comorbid MD/AUD group had significantly (p<.05) higher rates of adult MD than those in the AUD-only group, and marginally (p<.10) higher rates of adult MD than those in the MD-only group. Compared to control and social anxiety groups, the depression groups (both pure and comorbid with social anxiety disorder) exhibited greater difficulties removing irrelevant emotional material from working memory (i.e., greater intrusion effects).","Yes

Justification: The provided context states that those in the comorbid MD/AUD group had significantly higher rates of adult MD than those in the AUD-only group, and marginally higher rates of adult MD than those in"
semantic_dense,semantic,dense,mistral,Cold preparation use in young children after FDA warnings: do concerns still exist?,yes,maybe,0,1,generation_failure,"To characterize the use and delivery of cough and cold medicines in children younger than 6 presenting to an inner-city pediatric emergency department (PED) following 2007 FDA warnings. Of the 40 respondents, only 16 were aware of the appropriate storage conditions for the vaccines; eight had minimum and maximum thermometers but only one of these was monitored daily. In six of the eight practices selected for monitoring of refrigeration temperatures the vaccines were exposed to either subzero temperatures (three fridges) or temperatures up to 16 degrees C (three). Questionnaire survey of general practices and child health clinics, and monitoring of storage temperatures of selected refrigerators. Identified 4 clusters: Potentials (45%) would receive influenza vaccine to prevent disease; Fearful Uninformeds (9%) were unsure if influenza vaccine causes illness; Doubters (27%) were unsure if vaccine is efficacious; Misinformeds (19%) believed influenza vaccine causes illness. Our objectives were to investigate whether first-trimester FA use protects against heart anomalies among DS children.","Maybe

Justification: The context does not provide information about the concerns regarding cold preparation use in young children after FDA warnings. However, the study suggests that some healthcare providers may not be aware of the appropriate storage conditions for cough and cold medic"
semantic_dense,semantic,dense,mistral,Does a 4 diagram manual enable laypersons to operate the Laryngeal Mask Supreme®?,yes,yes,1,1,success,"The aim of this pilot study was to determine whether an instruction manual consisting of four diagrams enables laypersons to operate a Laryngeal Mask Supreme® (LMAS) in the manikin. Laypersons were handed a bag containing a LMAS, a bag mask valve device (BMV), a syringe prefilled with air and the instruction sheet, and were asked to perform and ventilate the manikin as displayed. An instruction manual of four illustrations with speech bubbles displaying the correct use of the LMAS was designed. 114 individuals trained in basic life support and bag-valve-mask ventilation participated in this study. To investigate the effectiveness of acupuncture in treating phonotraumatic vocal fold lesions.STUDY DESIGN/","Yes

Justification: The study was designed to determine whether an instruction manual consisting of four diagrams enables laypersons to operate a Laryngeal Mask Supreme® (LMAS) in the manikin, and it was"
semantic_dense,semantic,dense,mistral,Can we measure mesopic pupil size with the cobalt blue light slit-lamp biomicroscopy method?,no,maybe,0,1,generation_failure,"The aim of this work is to assess a previously described slit-lamp biomicroscopy-based method (SLBM) for measuring pupil diameter and compare it to Colvard infrared pupillometry (CIP). We determined the agreement of SLBM and CIP, intraobserver and interobserver repeatabilities, and interobserver concordance (kappa) and SLBM ability for detecting pupil sizes over 6.0 mm. The mean (±standard deviation [SD]) pupil diameter was 5.81 ± 0.70 mm with SLBM and 6.26 ± 0.68 mm with CIP (p = 0.01) averaging both examiner's results. 100 specimens of pterygium from Danish patients and 20 normal conjunctival biopsy specimens were investigated for the presence of HPV with PCR technique using beta-globin primers to access the quality of the extracted DNA and the HPV primers MY09/11 and GP5+/6+. The possible importance of mitochondrial permeability transition pore (PTP) formation during PCD was indirectly examined via in vivo cyclosporine A (CsA) treatment.","Maybe

Justification: The provided context does not specify the type of light used for the slit-lamp biomicroscopy method, but it is reasonable to assume that the method can be used for measuring mesopic pupil size"
semantic_dense,semantic,dense,mistral,Should circumcision be performed in childhood?,no,yes,0,1,generation_failure,"To point out the value of circumcision and prepucial forced dilation during childhood. Only 11 boys were considered in need for circumcision, three of them for prepucial orifice stenosis, which prevented normal micturition, causing a prepucial sac, one case due to a constrictive ring below the prepucial edge that would have prevented ulterior retractability, two cases with repetitive balanopostitis, and five cases secondary to xerosol balanitis, accounting for 2.7% of all examined boys. Our objective in this study was to determine whether the decision to manage a contralateral hydrocele in cases of neonatal testicular torsion solely through a scrotal approach is safe and effective. If, and how, circumferences, including waist circumference (WC) and hip circumference (HC), scale to height remains unclear, but this is an important consideration when developing normative ranges or applying WC/height and HC/height as risk indexes. Children were included in the study if they had a diagnosis of CD by intestinal biopsy, and were not on a gluten-free diet (GFD).","Yes

Justification: The context states that three boys needed circumcision due to prepucial orifice stenosis, which prevented normal micturition ([2])."
semantic_dense,semantic,dense,mistral,Does a colonoscopy after acute diverticulitis affect its management?,no,no,1,1,success,"Acute diverticulitis was diagnosed by clinical criteria and characteristic CT findings. Little is known about whether a routinely inserted endoscopic nasobiliary drainage (ENBD) tube improves the clinical course in patients with choledocholithiasis-induced acute cholangitis after clearance of choledocholithiasis. The aim of this study was to investigate the need for ENBD on the clinical outcomes of patients with acute cholangitis undergoing endoscopic clearance of common bile duct (CBD) stones. A total of 104 patients with choledocholithiasis-induced acute cholangitis who underwent primary endoscopic treatment were compared according to insertion of an ENBD tube (51 in the ENBD group and 53 in the no-ENBD group). Medical records of 220 patients hospitalized for acute diverticulitis between June 1, 2002 and September 1, 2009 were reviewed.","No, the provided context does not mention colonoscopy or its effect on the management of acute diverticulitis."
semantic_dense,semantic,dense,mistral,Do instrumental activities of daily living predict dementia at 1- and 2-year follow-up?,yes,yes,1,1,success,"To investigate whether problems in instrumental activities of daily living (IADL) can add to conventionally used clinical measurements in helping to predict a diagnosis of dementia at 1- and 2-year follow-up. SEM showed that IADL disability could help predict dementia in addition to the measured variables at 1-year follow-up (odds ratio (OR) = 2.20, 95% confidence interval (CI) = 1.51-3.13) and 2-year follow-up (OR = 2.11, 95% CI = 1.33-3.33). At 2-year follow-up, 481 participants were seen, of whom 100 (20.8%) had developed dementia. Five hundred thirty-one participants had baseline and 1-year follow-up assessments; 69 (13.0%) of these had developed dementia at 1-year follow-up. The purpose of this study is to investigate 1) whether socioeconomic status was associated with acceptance of preventive home visits among older people and 2) whether municipality invitational procedures for the preventive home visits modified the association.","Yes

Justification: The study shows that instrumental activities of daily living (IADL) disability could help predict dementia in addition to the measured variables at 1-year follow-up (odds ratio (OR) ="
semantic_dense,semantic,dense,mistral,Does the Simultaneous Use of a Neuroendoscope Influence the Incidence of Ventriculoperitoneal Shunt Infection?,no,maybe,0,1,generation_failure,"The relationship between the use of an endoscope during ventriculoperitoneal shunt (VPS) procedures and infection remains poorly defined. In this study, we sought to analyze whether the simultaneous use of an endoscope could in fact increase the infection rate associated with VPS procedures. Little is known about whether a routinely inserted endoscopic nasobiliary drainage (ENBD) tube improves the clinical course in patients with choledocholithiasis-induced acute cholangitis after clearance of choledocholithiasis. Intrathecal administration of urokinase, IV administration of fasudil hydrochloride, and continuous cerebrospinal fluid (CSF) evacuation via cisternal drainage were performed as prophylactic treatments for vasospasm. A total of 104 patients with choledocholithiasis-induced acute cholangitis who underwent primary endoscopic treatment were compared according to insertion of an ENBD tube (51 in the ENBD group and 53 in the no-ENBD group).","Maybe

Justification: The provided context does not directly discuss the simultaneous use of a neuroendoscope during ventriculoperitoneal shunt (VPS) procedures, but it does mention that the relationship between the use of"
semantic_dense,semantic,dense,mistral,"Body perception: do parents, their children, and their children's physicians perceive body image differently?",yes,yes,1,1,success,"To compare children's, parents' and physicians' perceptions of children's body size. We administered a structured questionnaire of body size perception using a descriptive Likert scale keyed to body image figures to children ages 12 to 18 years. Forty-four percent of parents underestimated children's body size using word descriptions and 47% underestimated using figures. Forty percent of the children underestimated their own body size using descriptions and 43% underestimated using figures. The purpose of this study was to compare the non-cycloplegic and cycloplegic spherical equivalent (SE) refractive error measured in young adults. If, and how, circumferences, including waist circumference (WC) and hip circumference (HC), scale to height remains unclear, but this is an important consideration when developing normative ranges or applying WC/height and HC/height as risk indexes.","Yes

Justification: The study shows that parents and children perceive their body size differently using both word descriptions and figures (44% and 40% of parents underestimated children's body size, and 47%"
semantic_dense,semantic,dense,mistral,Is a specialised training of phonological awareness indicated in every preschool child?,maybe,maybe,1,1,success,"In a prospective study 218 preschool children were enrolled (stratified in 2 training programs, one specialized for phonologic awareness in order to prevent dyslexia, the other consisting in training of general perception) during the last year of kindergarten. However, children with a history of hearing loss, actual hearing loss or pathologic middle ear findings profited most from the specialized training program compared to the control in their reading abilities. We examined if components of phonological processing that are shown to reliably separate average readers from struggling readers, i.e., phonological awareness, verbal memory, speed of retrieval, and size of vocabulary, show the same relationship to reading levels when they are mediated by the right hemisphere [2]. This study compared recognition of symbolic representation of emotions or movements in music by two groups of children with different communicative characteristics: severe to profound hearing loss (using cochlear implants [CI]) and autism spectrum disorder (ASD). These skills are critical for the acquisition of word-specific orthographic knowledge and have been shown to predict reading levels in average readers as well as in readers with mild cognitive disability [26].","Maybe

Justification: The study shows that children with a history of hearing loss, actual hearing loss or pathologic middle ear findings benefited most from the specialized training program compared to the control in their reading abilities. However, it does not"
semantic_dense,semantic,dense,mistral,Is there any relationship between streptococcal infection and multiple sclerosis?,yes,maybe,0,1,generation_failure,"Although the mechanisms of inducting autoimmunity by some of the infectious agents have been investigated, there is not yet enough research on streptococcal infections.MATERIAL/ To understand the effect of past group A streptococcal infection on MS, antistreptolysin O (ASO) and antideoxyribonuclease B (ADNase B) were measured in 21 patients with relapsing-remitting MS and 21 healthy blood donors by nephelometric assay. Multiple sclerosis (MS) is an immune-mediated inflammatory demyelinating disease of uncertain etiology. No significant difference was seen in the prevalence of serovars isolated following a repeat infection compared with those without repeat infections. The site of the initial infection did not appear to influence the subsequent serovar isolated. Primary and secondary syphilis and cases of congenital syphilis were also monitored.","Maybe

Justification: The provided context mentions a study measuring antistreptolysin O (ASO) and antideoxyribonuclease B (ADNase B) in patients with relapsing-remitting"
semantic_dense,semantic,dense,mistral,Is the combination with 2-methoxyestradiol able to reduce the dosages of chemotherapeutices in the treatment of human ovarian cancer?,yes,yes,1,1,success,"For both ovary cancer cell lines a significant additive effect of 2ME with epirubicine and carboplatin was observed at the lower concentration range of these chemotherapeutic substances. We investigated for the first time whether in vitro combinations of 2ME with various chemotherapeutic compounds may result in an additive inhibitory effect on the proliferation of human ovary cancer cells. To evaluate the impact of HER2 immunoreactivity on clinical outcome in locally advanced urothelial carcinoma patients who received surgery alone, or methotrexate, vinblastine, epirubicin, and cisplatin (M-VEC) as adjuvant chemotherapy. The endogenous estradiol metabolite, 2-methoxyestradiol (2ME), has been shown to be a potent inhibitor of cell growth and a strong anti-angiogenic substance. We investigated the use of cyclosporine and the lysosomotropic amines chloroquine and hydroxychloroquine in combination for additive or synergistic immunosuppression on T-cell responses in vitro to MiHC and MHC in mice.","Yes

Justification: The context states that a significant additive effect of 2ME with epirubicine and carboplatin was observed at the lower concentration range of these chemotherapeutic substances ([1]). This"
semantic_dense,semantic,dense,mistral,Assessing joint line positions by means of the contralateral knee: a new approach for planning knee revision surgery?,yes,maybe,0,1,generation_failure,"Reconstructing the natural joint line in knee revision surgery improves clinical and functional outcome but may be challenging when both cartilage and bone were removed during previous operations. To test this hypothesis, knee kinematics and quadriceps tension were recorded before and after replacement with a unicompartmental design and then with a tricompartmental design. Using scaled weight-bearing radiographs in anteroposterior view of both knees, two independent observers measured the distances from the fibular head, the medial and lateral epicondyle, and the adductor tubercle to the JL. Six human cadaver knees were tested before implantation, after implantation with a bicruciate-retaining unicompartmental knee prosthesis, and after implantation with a posterior cruciate-retaining tricompartmental knee prosthesis. This study aims to study femoral tunnel lengths drilled with a flexible reamer and the distance to important lateral structures obtained by flexing the knee at various angles and by drilling the guide pins arthroscopically to resemble clinical practice. The purpose of this cadaveric study was twofold: 1. to determine whether femoral tunnel lengths of greater than 20 mm can be created with a flexible reamer system at 90 ° of knee flexion and 2. to determine whether the lateral structures of the knee are safe with this technique.","Maybe

Justification: The context does not provide information on whether a new approach for planning knee revision surgery using the contralateral knee for assessing joint line positions is being proposed or tested. However, the study does involve comparing knee kinemat"
semantic_dense,semantic,dense,mistral,Does the type of tibial component affect mechanical alignment in unicompartmental knee replacement?,yes,maybe,0,0,retrieval_failure,"To test this hypothesis, knee kinematics and quadriceps tension were recorded before and after replacement with a unicompartmental design and then with a tricompartmental design. The unicompartmental prosthesis was initially implanted, and it was then revised to a total condylar knee replacement. Unicompartmental replacement can be an alternative to tibial osteotomy in younger, active patients with unicompartmental knee disease. Six human cadaver knees were tested before implantation, after implantation with a bicruciate-retaining unicompartmental knee prosthesis, and after implantation with a posterior cruciate-retaining tricompartmental knee prosthesis. However, tricompartmental replacement significantly affected tibial axial rotation (p = 0.001).","Maybe

Justification: The provided context does not definitively state that the type of tibial component affects mechanical alignment in unicompartmental knee replacement. However, it does suggest that a change from a unicompartment"
semantic_dense,semantic,dense,mistral,Is tumour expression of VEGF associated with venous invasion and survival in pT3 renal cell carcinoma?,maybe,yes,0,1,generation_failure,"To determine whether there is a relationship between VEGF expression and renal vein and vena cava invasion in stage pT3 renal cell carcinoma and to evaluate the impact of VEGF expression on survival in pT3 renal cell carcinoma. 78 patients with a pT3a or pT3b tumour without vena cava invasion or pT3b tumour with vena cava invasion were compared for age, gender, Fuhrman grade and immunohistochemical expression of VEGF. On univariate analysis, invasion of the perirenal fat, lymph node involvement, distant metastases and VEGF expression were significantly associated with survival (p<0.01). On multivariate analysis, lymph node involvement, distant metastases and VEGF expression (OR 6.07) were identified as independent predictive factors of survival. Prognostic significance of the following independent variables was tested using univariate (log-rank) and multivariate (Cox proportional-hazards) analysis: type of resection (sublobar vs lobectomy vs pneumonectomy), histology (squamous cell vs adenocarcinoma), tumour size (<or=3cm vs>3cm), histologic vascular invasion, visceral pleura involvement, positive bronchial resection margin, general T status. To evaluate the impact of HER2 immunoreactivity on clinical outcome in locally advanced urothelial carcinoma patients who received surgery alone, or methotrexate, vinblastine, epirubicin, and cisplatin (M-VEC) as adjuvant chemotherapy.","Yes

Justification: The provided context states that VEGF expression was significantly associated with survival (p<0.01) and was identified as an independent predictive factor of survival on multivariate analysis (OR 6."
semantic_dense,semantic,dense,mistral,Injury and poisoning mortality among young men--are there any common factors amenable to prevention?,yes,maybe,0,1,generation_failure,"Deaths from injury and poisoning (suicide, accidents, undetermined deaths, and homicide) are the major cause of death among young men aged 15-39 years in England and Wales and have been increasing in recent years.AIM: To describe common characteristics among young men who die from injury and poisoning. We employed a retrospective survey methodology to investigate factors associated with deaths by injury and poisoning among young men aged 15-39 years (n = 268) in Merseyside and Cheshire during 1995. An online survey was conducted to elicit the relative importance placed on preventing harms caused by 1) health care (hospital-acquired infections, drug administration errors, injuries to health care staff), 2) individuals (personal lifestyle choices, sports-related injuries), and 3) nature (genetic disorders). Potential risk factors were explored. The objectives of this study were to evaluate the ability of the Young-Burgess classification system to predict mortality, transfusion requirements, and nonorthopaedic injuries in patients with pelvic ring fractures and to determine whether mortality rates after pelvic fractures have changed over time.","Maybe

Justification: The context mentions that the study aims to describe common characteristics among young men who die from injury and poisoning, and potential risk factors are explored. However, the specific common factors amenable to prevention are not explicitly stated"
semantic_dense,semantic,dense,mistral,Continuation of pregnancy after antenatal corticosteroid administration: opportunity for rescue?,maybe,maybe,1,1,success,"To determine the duration of continuing pregnancy after antenatal corticosteroid (AC) administration and to evaluate the potential opportunity for rescue AC. The intervals from the last application of prostaglandin until abortion and from 3 cm cervical dilatation to abortion were slightly, but not significantly shorter in the paracervical anaesthesia group. The outcomes were analyzed with respect to antral follicle assessment (<or = 6 or>6), basal cycle day 3 follicle stimulated hormone (<or = 10 or>10 IU/L) and maternal age (<or = 35 or>35 years). Since paracervical anaesthesia may be useful during this procedure, we investigated in this prospective randomised study its impact on the clinical course of abortion and pain especially in the late first and second stage of labour. The clinical pregnancy rate was significantly higher in the group with baseline antral follicle>6 compared to that in the group with antral follicle<or = 6 (51% vs. 19%, respectively). Controlling for patient age, and basal follicle stimulated hormone, the pregnancy rate was significantly higher in the group with antral follicle>6 compared to that in the group with antral follicle<or = 6. The cancellation rate was significantly increased with advancing maternal age, elevated basal follicle stimulated hormone levels, and baseline antral follicle<or = 6. The cancellation rate was significantly higher in the group with antral follicle<or = 6 compared to that in the group with antral follicle>or = 6 (33% vs. 1%, respectively).","Maybe

Justification: The context does not provide a definitive answer, but it suggests that there may be an opportunity for rescue AC based on the higher clinical pregnancy rate in the group with antral follicle>6 compared to that"
semantic_dense,semantic,dense,mistral,Does either obesity or OSA severity influence the response of autotitrating CPAP machines in very obese subjects?,yes,yes,1,1,success,"In earlier work from this unit, we used correlations between autoCPAP pressure and both OSA severity and obesity, to construct an algorithm to estimate the fixed CPAP pressure a patient required for subsequent clinical use. We sought to determine whether patients with obstructive sleep apnea (OSA) had an objective change in aerobic fitness during cycle ergometry compared to a normal population. Measurements of obesity were made, OSA severity was recorded, and the 95th centile autoCPAP pressure was recorded during 1 week of autoCPAP. Spearman's rank correlation was performed between measurements of obesity and autoCPAP pressure, and between OSA severity and autoCPAP pressure. The pressures delivered by autotitrating continuous positive airways pressure (CPAP) devices not only treat obstructive sleep apnoea (OSA) effectively but also give potentially interesting physiological information about the forces impinging on the pharynx. Fifty-four obese individuals (median body mass index (BMI) 43.0 kg/m(2)), 52 % of whom had OSA (apnoea-hypopnoea index (AHI) ≥ 15), had a median 95th centile autoCPAP pressure of 11.8 cmH2O.","Yes

Justification: The provided context shows a correlation between obesity and autoCPAP pressure ([3]) and between OSA severity and autoCPAP pressure ([3]). This suggests that both obesity and OSA"
semantic_dense,semantic,dense,mistral,Does the clinical presentation of a prior preterm birth predict risk in a subsequent pregnancy?,yes,yes,1,1,success,"The objective of the study was to determine whether risk of recurrent preterm birth differs based on the clinical presentation of a prior spontaneous preterm birth (SPTB): advanced cervical dilatation (ACD), preterm premature rupture of membranes (PPROM), or preterm labor (PTL). Risks for sonographic short cervical length and recurrent SPTB were compared between women based on the clinical presentation of their prior preterm birth. Women were categorized based on the clinical presentation of their prior preterm delivery as having ACD, PPROM, or PTL. More likely to deliver at<34 weeks were those women who received AC for premature preterm rupture of membranes (OR 3.83, 95% CI 2.06-7.17), twins (OR 2.90, 95% CI 1.42-5.95) or before 28 weeks (OR 2.21, 95% CI 1.38-3.52). In addition, a series of multivariable logistic regressions were also constructed separately for cases and controls for the following adverse delivery outcomes: low birth weight baby, preterm delivery, and delivery via Caesarian section.","Yes

Justification: The study found that women who had advanced cervical dilatation (ACD), preterm premature rupture of membranes (PPROM), or preterm labor (PTL) in their prior"
semantic_dense,semantic,dense,mistral,Is the Distance Worth It?,yes,maybe,0,1,generation_failure,"The mean time per lower DBE was 100.7±27.3 minutes with 168.9±109.1 cm meters past the ileocecal valve reached. If, and how, circumferences, including waist circumference (WC) and hip circumference (HC), scale to height remains unclear, but this is an important consideration when developing normative ranges or applying WC/height and HC/height as risk indexes. The distance from the guide pins to the com - mon peroneal nerve and femoral attachment of the LCL were measured with a standard flexible paper ruler to the nearest millimeter. Height of the infundibulum, described as the distance between the line passing through the lowest part of the calyx containing the calculus and the highest point of the lower lip of renal pelvis, was the only parameter in which significant differences (p = 0.002) were found between the NR and R groups. The objective of our study is to determine whether quantitative shape analysis can accurately differentiate FFT from atherosclerotic plaque.","Maybe

Justification: The context does not provide information about the distance from the guide pins to the common peroneal nerve and femoral attachment of the LCL, or the distance from the infundibulum to any other relevant an"
semantic_dense,semantic,dense,mistral,Aripiprazole: a new risk factor for pathological gambling?,yes,maybe,0,1,generation_failure,"Another dopamine agonist, aripiprazole, could be a new risk factor. The patients involved were schizophrenic or bipolar, mostly young men with a history of addictive disorders and regular gambling prior to the prescription of aripiprazole. The probability that pathological gambling is actually due to aripiprazole is ""possible"" in 7 cases out of 8, and ""doubtful"" in one. It is commonly accepted that pathological gambling results from the interaction of multiple risk factors. For each one of them, the causality of aripiprazole was considered, using an algorithm.","Maybe

Justification: The probability that pathological gambling is actually due to aripiprazole is ""possible"" in 7 cases out of 8, and ""doubtful"" in one (context [3])."
semantic_dense,semantic,dense,mistral,Immune suppression by lysosomotropic amines and cyclosporine on T-cell responses to minor and major histocompatibility antigens: does synergy exist?,yes,yes,1,1,success,"Using murine models, we have shown that the lysosomotropic amine, chloroquine, is effective in the prevention of graft-versus-host disease (GVHD) mediated by donor T cells reactive with recipient minor histocompatibility antigens (MiHCs). Because lysosomotropic amines can suppress major histocompatibility complex (MHC) class II antigen presentation, their mechanism of action is potentially different from current immune suppressant drugs used to control GVHD such as cyclosporine. We investigated the use of cyclosporine and the lysosomotropic amines chloroquine and hydroxychloroquine in combination for additive or synergistic immunosuppression on T-cell responses in vitro to MiHC and MHC in mice. We found that similar concentrations of chloroquine and hydroxychloroquine suppress the T-cell response to MiHC in mice (C57BL/6 anti-BALB.B) and that lysosomotropic amines in combination with cyclosporine result in synergistic suppression of a proliferative response to MiHC. At lower concentrations (<25 microg/ml), chloroquine can also decrease the ability of antigen-presenting cells to stimulate an a C57BL/6 anti-BALB/c T-cell response and can inhibit MHC class II expression after activation with lipopolysaccharide. Direct inhibition by chloroquine of T-cell proliferative responses induced by anti-CD3epsilon in the absence of antigen-presenting cells is present at higher concentrations than that required to suppress responses to MiHC or MHC.","Yes

Justification: The context states that the combination of lysosomotropic amines (chloroquine and hydroxychloroquine) and cyclosporine results in synergistic suppression of a pro"
semantic_dense,semantic,dense,mistral,Does induction chemotherapy have a role in the management of nasopharyngeal carcinoma?,yes,yes,1,1,success,"To assess the outcomes of patients with nasopharyngeal carcinoma (NPC) whose treatment was determined by computerized tomography (CT) and/or magnetic resonance imaging staging and to analyze the impact of induction chemotherapy and accelerated fractionated radiotherapy. Patients enrolled in the study had been diagnosed with non-small cell carcinoma in stages IV or IIIB with pleural or N2-N3 involvement and with a performance status of 2 or below according to the Eastern Cooperative Oncology Group (ECOG). We review our results on surgical treatment of patients with stage I non-small cell lung carcinoma and we attempted to clarify the prognostic significance of some surgical--pathologic variables. Few studies have assessed whether the advantage chemotherapy has been shown to have in treating advanced non-small lung carcinoma in clinical trials is transferrable to normal health care activity. To evaluate the impact of HER2 immunoreactivity on clinical outcome in locally advanced urothelial carcinoma patients who received surgery alone, or methotrexate, vinblastine, epirubicin, and cisplatin (M-VEC) as adjuvant chemotherapy.","Yes

Justification: The context mentions that the study assesses the impact of induction chemotherapy on the management of nasopharyngeal carcinoma (NPC) ([1])."
semantic_dense,semantic,dense,mistral,Treatment of contralateral hydrocele in neonatal testicular torsion: Is less more?,maybe,maybe,1,1,success,"Our objective in this study was to determine whether the decision to manage a contralateral hydrocele in cases of neonatal testicular torsion solely through a scrotal approach is safe and effective. Treatment of neonatal testicular torsion has two objectives: salvage of the involved testicle (which is rarely achieved) and preservation of the contralateral gonad. However, there is controversy with regards to management of a synchronous contralateral hydrocele. The second goal universally involves contralateral testicular scrotal fixation to prevent the future occurrence of contralateral torsion. Patients were followed after initial surgical intervention to determine the likelihood of developing a subsequent hydrocele or hernia.","Maybe

Justification: The context indicates controversy regarding the management of a synchronous contralateral hydrocele, suggesting that less intervention (i.e., not treating the hydrocele) may be a valid approach, but it does not"
semantic_dense,semantic,dense,mistral,"Are normally sighted, visually impaired, and blind pedestrians accurate and reliable at making street crossing decisions?",maybe,yes,0,1,generation_failure,"The purpose of this study is to measure the accuracy and reliability of normally sighted, visually impaired, and blind pedestrians at making street crossing decisions using visual and/or auditory information. We found that normally sighted and visually impaired pedestrians were accurate and reliable in their street crossing decision-making ability when using either vision plus hearing or vision only (P>0.05). Under the hearing only condition, all subjects were reliable (P>0.05) but inaccurate with their street crossing decisions (P<0.05). Compared to either the normally sighted (P = 0.018) or visually impaired subjects (P = 0.019), blind subjects were the least accurate with their street crossing decisions under the hearing only condition. Accuracy and reliability in street crossing decision-making were calculated for each subject under each sensory condition. Safety ratings were collected from 12 normally sighted, 10 visually impaired, and 10 blind subjects for eight different gap times under three sensory conditions: (1) visual plus auditory information, (2) visual information only, and (3) auditory information only.","Yes

Justification: The study found that both normally sighted and visually impaired pedestrians were accurate and reliable in their street crossing decision-making ability when using vision plus hearing or vision only (P>0.05)"
semantic_dense,semantic,dense,mistral,Is it Crohn's disease?,maybe,no,0,0,retrieval_failure,"We investigated symptoms, gluten consumption, antibodies for CD and other autoimmunity, human leukocyte antigen (HLA)-typing, bone mineral density, and performed small bowel biopsies. Children were included in the study if they had a diagnosis of CD by intestinal biopsy, and were not on a gluten-free diet (GFD). Celiac disease (CD) is an autoimmune enteropathy characterized by villus atrophy and malabsorption of essential nutrients. Acute diverticulitis was diagnosed by clinical criteria and characteristic CT findings. Xanthogranulomatous cholecystitis (XGC) is an uncommon variant of chronic cholecystitis, characterized by marked thickening of the gallbladder wall and dense local adhesions.","No, the context does not mention Crohn's disease. The focus is on celiac disease (CD), acute diverticulitis, and xanthogranulomatous cholecystitis."
semantic_dense,semantic,dense,mistral,Is Chaalia/Pan Masala harmful for health?,yes,yes,1,1,success,"Chaalia was considered harmful for health by 96% and Pan Masala by 60%. To determine the practices and knowledge of harmful effects regarding use of Chaalia and Pan Masala in three schools of Mahmoodabad and Chanesar Goth, Jamshed Town, Karachi, Pakistan. Along with demographic data, questions regarding frequency of Chaalia and Pan Masala use, practices of this habit in friends and family and place of procurement of these substances, were inquired. At lower concentrations (<25 microg/ml), chloroquine can also decrease the ability of antigen-presenting cells to stimulate an a C57BL/6 anti-BALB/c T-cell response and can inhibit MHC class II expression after activation with lipopolysaccharide. We found that similar concentrations of chloroquine and hydroxychloroquine suppress the T-cell response to MiHC in mice (C57BL/6 anti-BALB.B) and that lysosomotropic amines in combination with cyclosporine result in synergistic suppression of a proliferative response to MiHC.","Yes

Justification: The context states that Chaalia was considered harmful for health by 96% and Pan Masala by 60%."
semantic_dense,semantic,dense,mistral,Does multi-modal cervical physical therapy improve tinnitus in patients with cervicogenic somatic tinnitus?,yes,maybe,0,1,generation_failure,"To investigate the effect of a multimodal cervical physical therapy treatment on tinnitus complaints in patients with CST. Tinnitus can be related to many different aetiologies such as hearing loss or a noise trauma, but it can also be related to the somatosensory system of the cervical spine, called cervicogenic somatic tinnitus (CST). Case studies suggest a positive effect of cervical spine treatment on tinnitus complaints in patients with CST, but no experimental studies are available. Patients with a combination of severe subjective tinnitus (Tinnitus Functional Index (TFI): 25-90 points) and neck complaints (Neck Bournemouth Questionnaire (NBQ) > 14 points). To investigate the effectiveness of acupuncture in treating phonotraumatic vocal fold lesions.STUDY DESIGN/","Maybe

Justification: The context suggests that case studies indicate a positive effect of cervical spine treatment on tinnitus complaints in patients with CST, but no experimental studies are available, implying that more research is needed to confirm"
semantic_dense,semantic,dense,mistral,Detailed analysis of sputum and systemic inflammation in asthma phenotypes: are paucigranulocytic asthmatics really non-inflammatory?,maybe,no,0,1,generation_failure,"The technique of induced sputum has allowed to subdivide asthma patients into inflammatory phenotypes according to their level of granulocyte airway infiltration. There are very few studies which looked at detailed sputum and blood cell counts in a large cohort of asthmatics divided into inflammatory phenotypes. The total non-squamous cell count per gram of sputum was greater in mixed granulocytic and neutrophilic phenotypes as compared to eosinophilic, paucigranulocytic asthma and healthy subjects (p < 0.005). Sputum eosinophils (in absolute values and percentages) were increased in all asthma phenotypes including paucigranulocytic asthma, compared to healthy subjects (p < 0.005). Eosinophilic asthma showed higher absolute sputum neutrophil and lymphocyte counts than healthy subjects (p < 0.005), while neutrophilic asthmatics had a particularly low number of sputum macrophages and epithelial cells. All asthma phenotypes showed an increased blood leukocyte count compared to healthy subjects (p < 0.005), with paucigranulocytic asthmatics having also increased absolute blood eosinophils compared to healthy subjects (p < 0.005). Neutrophilic asthma had raised CRP and fibrinogen while eosinophilic asthma only showed raised fibrinogen compared to healthy subjects (p < 0.005). Asthmatics were classified into inflammatory phenotypes. The purpose of this study was to analyze sputum cell counts, blood leukocytes and systemic inflammatory markers in these phenotypes, and investigate how those groups compared with healthy subjects. We conducted a retrospective cross-sectional study on 833 asthmatics recruited from the University Asthma Clinic of Liege and compared them with 194 healthy subjects.","No

Justification: Paucigranulocytic asthmatics showed an increased blood leukocyte count compared to healthy subjects (p < 0.005), with paucigr"
semantic_dense,semantic,dense,mistral,Is HIV/STD control in Jamaica making a difference?,yes,maybe,0,1,generation_failure,"To assess the impact of the comprehensive HIV/STD Control Program established in Jamaica since the late 1980s on the HIV/AIDS epidemic. The annual AIDS incidence rate in Jamaica increased only marginally in the past three years from 18.5 per 100000 population to 21.4 in 1997. In sensitivity analyses for patients with deep ICH, anticoagulation could be preferred if the risk of thromboembolic stroke is particularly high. Our objective in this study was to determine whether the decision to manage a contralateral hydrocele in cases of neonatal testicular torsion solely through a scrotal approach is safe and effective. The aim of the study was to see whether or not balloon predilatation is necessary in transcatheter aortic valve replacement (TAVI).","Maybe

Justification: The annual AIDS incidence rate in Jamaica increased only marginally in the past three years from 18.5 per 100000 population to 21.4 in 19"
semantic_dense,semantic,dense,mistral,Is Panton-Valentine leucocidin associated with the pathogenesis of Staphylococcus aureus bacteraemia in the UK?,maybe,maybe,1,1,success,"The morbidity and mortality associated with Panton-Valentine leucocidin (PVL)-positive Staphylococcus aureus suggest that this toxin is a key marker of disease severity. Nevertheless, the importance of PVL in the pathogenesis of primary bacteraemia caused by S. aureus is uncertain. We have determined the prevalence of PVL-encoding genes among isolates of S. aureus from bacteraemic patients. The present study aims to compare strength, healing, and operation time of experimental intestinal anastomoses performed by polyglactin 910 (Vicryl; Ethicon, Edinburgh, United Kingdom) sutures with ethyl-2-cyanoacrylate glue (Pattex; Henkel, Dusseldorf, Germany). In addition, A. schaalii was found in quantities equivalent to ≥ 10(6) CFU/mL by both culture and PCR in two children with a urinary tract infection and large numbers of leucocytes in the urine.","Maybe

Justification: The context states that the importance of PVL in the pathogenesis of primary bacteraemia caused by S. aureus is uncertain, and the study is determining the prevalence of PVL-encoding"
semantic_dense,semantic,dense,mistral,Are even impaired fasting blood glucose levels preoperatively associated with increased mortality after CABG surgery?,yes,yes,1,1,success,"The study goal was to determine whether pre-operative fasting blood glucose (fB-glu) is associated with an increased mortality after coronary artery bypass grafting (CABG). We examined whether associations between hyperglycemia and CVD risk were explained by underlying insulin resistance. Impaired fasting glucose (IFG) below the diagnostic threshold for diabetes mellitus (DM) is associated with macrovascular pathology and increased mortality after percutaneous coronary interventions. Conversely, severe hypoglycaemia was associated with a greater risk for the primary outcome (HR: 1.58; 95% CI: 1.24-2.02, P<0.001), mortality (HR: 1.74; 95% CI: 1.39-2.19, P<0.001), CV death (HR: 1.71; 95% CI: 1.27-2.30, P<0.001) and arrhythmic death (HR: 1.77; 95% CI: 1.17-2.67, P = 0.007). Several studies have shown associations between hyperglycemia and risk of cardiovascular disease (CVD) and mortality, yet glucose-lowering treatment does little to mitigate this risk.","Yes

Justification: The context mentions that impaired fasting glucose (IFG) below the diagnostic threshold for diabetes mellitus (DM) is associated with increased mortality after percutaneous coronary interventions,"
semantic_dense,semantic,dense,mistral,Does positron emission tomography change management in primary rectal cancer?,yes,maybe,0,1,generation_failure,"The influence of positron emission tomography in the management of recurrent rectal cancer is well established but its role in primary rectal cancer remains uncertain. This study therefore prospectively assesses the impact of position emission tomography scanning on the management of primary rectal cancer. Compared with computed tomography (CT) and magnetic resonance imaging (MRI), positron emission tomography (PET) may have additional value in the assessment of primary and recurrent cervical cancer. This study examined the impact of radiotherapy for the primary rectal cancer on outcomes after pelvic exenteration for local recurrence. Forty-six patients with advanced primary rectal cancer referred for consideration of adjuvant preoperative therapy underwent position emission tomography scanning. To assess the outcomes of patients with nasopharyngeal carcinoma (NPC) whose treatment was determined by computerized tomography (CT) and/or magnetic resonance imaging staging and to analyze the impact of induction chemotherapy and accelerated fractionated radiotherapy.","Maybe

Justification: The study prospectively assesses the impact of position emission tomography scanning on the management of primary rectal cancer ([4]), but the results or outcomes are not explicitly stated in the provided context, leaving room for"
semantic_dense,semantic,dense,mistral,Can you deliver accurate tidal volume by manual resuscitator?,no,maybe,0,1,generation_failure,"Ventilation was delivered with a manual resuscitator connected to a microspirometer and volumes were measured. One of the problems with manual resuscitators is the difficulty in achieving accurate volume delivery. This study was designed to compare tidal volumes delivered by the squeezing method, physical characteristics and education and practice levels. Time to ventilation was recorded and degree of success evaluated. The aim of this pilot study was to determine whether an instruction manual consisting of four diagrams enables laypersons to operate a Laryngeal Mask Supreme® (LMAS) in the manikin.","Maybe

Justification: The context mentions that one of the problems with manual resuscitators is the difficulty in achieving accurate volume delivery ([2]), but it also suggests that accuracy can be improved with education and practice levels ([3"
semantic_dense,semantic,dense,mistral,Can increases in the cigarette tax rate be linked to cigarette retail prices?,no,yes,0,1,generation_failure,"To explain China's cigarette pricing mechanism and the role of the Chinese State Tobacco Monopoly Administration (STMA) on cigarette pricing and taxation. Published government tobacco tax documentation and statistics published by the Chinese STMA are used to analyse the interrelations among industry profits, taxes and retail price of cigarettes in China. Odds ratio (95% CI) for AO with smoking (>or = 20 pack-years) was 3.73 (3.12- 4.45), 1.98 (1.73-2.27) for cough, 1.79 (1.55-2.08) for dyspnea, 1.95 (1.70-2.34) for sputum, and 2.59 (2.26-2.97) for wheeze. To investigate the cost-effectiveness of up to £400 worth of financial incentives for smoking cessation in pregnancy as an adjunct to routine health care. A total of 612 pregnant women randomized to receive usual cessation support plus or minus financial incentives of up to £400 vouchers (US $609), contingent upon smoking cessation.","Yes

Justification: The context discusses the analysis of the interrelations among industry profits, taxes, and retail prices of cigarettes in China, implying a link between tax rates and retail prices."
semantic_dense,semantic,dense,mistral,Vertical lines in distal esophageal mucosa (VLEM): a true endoscopic manifestation of esophagitis in children?,yes,maybe,0,1,generation_failure,"We termed this finding ""vertical lines in esophageal mucosa"" (VLEM). We observed an endoscopic abnormally in a group of children with histological esophagitis. We examined the relationship between the presence of VLEM and significant histologic changes in esophageal mucosal biopsies. The response of a series of patients with primary eosinophilic esophagitis to dilation is reported together with a description of a possibly pathognomonic sign: fragile esophageal mucosa, for which the term ""crêpe-paper"" mucosa is introduced. Primary eosinophilic esophagitis, a chronic inflammatory disorder of the esophagus, evokes recurrent dysphagia.","Maybe

Justification: The context discusses the observation of an endoscopic abnormality in children with histological esophagitis, and the relationship between the presence of VLEM and significant histologic changes in esoph"
semantic_dense,semantic,dense,mistral,Does hypoglycaemia increase the risk of cardiovascular events?,yes,yes,1,1,success,"Hypoglycaemia caused by glucose-lowering therapy has been linked to cardiovascular (CV) events. Impaired fasting glucose (IFG) below the diagnostic threshold for diabetes mellitus (DM) is associated with macrovascular pathology and increased mortality after percutaneous coronary interventions. We examined whether associations between hyperglycemia and CVD risk were explained by underlying insulin resistance. Several studies have shown associations between hyperglycemia and risk of cardiovascular disease (CVD) and mortality, yet glucose-lowering treatment does little to mitigate this risk. A total of 12 537 participants with dysglycaemia and high CV-risk were randomized to basal insulin glargine titrated to a fasting glucose of ≤ 5.3 mmol/L (95 mg/dL) or standard glycaemic care.","Yes

Justification: The context states that hypoglycaemia caused by glucose-lowering therapy has been linked to cardiovascular (CV) events (context [1])."
semantic_dense,semantic,dense,mistral,Does the radiographic transition zone correlate with the level of aganglionosis on the specimen in Hirschsprung's disease?,no,maybe,0,1,generation_failure,"The correlation between radiographic transition zone on contrast enema in Hirschsprung's disease and the total length of aganglionosis is known to be inaccurate. Four groups were determined (rectal, rectosigmoid, long segment, and absence of transition zone) and by Kappa coefficient of agreement correlated to the length of aganglionosis in the pathological report. Our objective in this study was to determine whether the decision to manage a contralateral hydrocele in cases of neonatal testicular torsion solely through a scrotal approach is safe and effective. The transanal endorectal pull-through (TERPT) is becoming the most popular procedure in the treatment of Hirschsprung disease (HD), but overstretching of the anal sphincters remains a critical issue that may impact the continence. Little is known about whether a routinely inserted endoscopic nasobiliary drainage (ENBD) tube improves the clinical course in patients with choledocholithiasis-induced acute cholangitis after clearance of choledocholithiasis.","Maybe

Justification: The context mentions that the correlation between radiographic transition zone and the total length of aganglionosis is known to be inaccurate, but it also mentions a study where the transition zone was correlated"
semantic_dense,semantic,dense,mistral,Is dexamethasone an effective alternative to oral prednisone in the treatment of pediatric asthma exacerbations?,yes,yes,1,1,success,We reviewed the literature to determine if there is sufficient evidence that dexamethasone can be used as an effective alternative in the treatment of pediatric asthma exacerbations in the inpatient setting. A Medline search was conducted on the use of dexamethasone in the treatment of asthma exacerbations in children. All of the pediatric trials found that prednisone is not superior to dexamethasone in treating mild to moderate asthma exacerbations. The studies selected were clinical trials comparing the efficacy of dexamethasone with prednisone. A short course of systemic corticosteroids is an important therapy in the treatment of pediatric asthma exacerbations.,"Yes

Justification: All of the pediatric trials found that prednisone is not superior to dexamethasone in treating mild to moderate asthma exacerbations ([3])."
semantic_dense,semantic,dense,mistral,Mammographic screening in Sami speaking municipalities and a control group. Are early outcome measures influenced by ethnicity?,yes,maybe,0,1,generation_failure,"The objective of this study was to describe the attendance rate and outcome of the Norwegian Breast Cancer Screening Program (NBCSP) in the Sami-speaking municipalities and a control group. Although selective and non-selective methods of preoperative carotid screening have been advocated, it remains unclear if this screening is clinically relevant.AIM: To test whether selective carotid screening is as effective as non-selective screening in detecting significant carotid disease. It is uncertain whether the inverse equity hypothesis-the idea that new health interventions are initially primarily accessed by the rich, but that inequalities narrow with diffusion to the poor-holds true for cancer screening in low and middle income countries (LMICs).This study examines the relationship between overall coverage and economic inequalities in coverage of cancer screening in four middle-income countries. Economic inequalities in screening participation were substantially lower or non-existent in countries with higher aggregate coverage, for both breast cancer screening (RII: 14.57 in South Africa, 4.90 in China, 2.01 in Mexico, 1.04 in Russia) and cervical cancer screening (RII: 3.60 in China, 2.47 in South Africa, 1.39 in Mexico, 1.12 in Russia). The outcomes of screened/unscreened and sur veillance/nonsur veillance were compared with the use of the logistic regression model.","Maybe

Justification: The provided context does not directly compare early outcome measures influenced by ethnicity in the Sami-speaking municipalities and the control group. However, it does suggest that there may be differences in attendance rates between the two"
semantic_dense,semantic,dense,mistral,Do Electrochemiluminescence Assays Improve Prediction of Time to Type 1 Diabetes in Autoantibody-Positive TrialNet Subjects?,yes,yes,1,1,success,"To explore whether electrochemiluminescence (ECL) assays can help improve prediction of time to type 1 diabetes in the TrialNet autoantibody-positive population. TrialNet subjects who were positive for one or more autoantibodies (microinsulin autoantibody, GAD65 autoantibody [GADA], IA-2A, and ZnT8A) with available ECL-insulin autoantibody (IAA) and ECL-GADA data at their initial visit were analyzed; after a median follow-up of 24 months, 177 of these 1,287 subjects developed diabetes. Univariate analyses showed that autoantibodies by radioimmunoassays (RIAs), ECL-IAA, ECL-GADA, age, sex, number of positive autoantibodies, presence of HLA DR3/4-DQ8 genotype, HbA1c, and oral glucose tolerance test (OGTT) measurements were all significantly associated with progression to diabetes. The model with positivity for ECL-GADA and/or ECL-IAA was the best, and factors that remained significantly associated with time to diabetes were area under the curve (AUC) C-peptide, fasting C-peptide, AUC glucose, number of positive autoantibodies by RIAs, and ECL positivity. A total of 12 537 participants with dysglycaemia and high CV-risk were randomized to basal insulin glargine titrated to a fasting glucose of ≤ 5.3 mmol/L (95 mg/dL) or standard glycaemic care.","Yes

Justification: The model with positivity for ECL-GADA and/or ECL-IAA was found to be the best in predicting time to diabetes in the autoantibody-positive TrialNet"
semantic_dense,semantic,dense,mistral,Assessment of appropriate antimicrobial prescribing: do experts agree?,yes,maybe,0,1,generation_failure,"Little is known about the validity and reliability of expert assessments of the quality of antimicrobial prescribing, despite their importance in antimicrobial stewardship. We created a reference standard of antimicrobial appropriateness using the modal assessment of 16 specialists. Twenty-four doctors specialized in infectious diseases or clinical microbiology (16 specialists and 8 residents) from five hospitals were asked to assess the appropriateness of antimicrobial agents prescribed for a broad spectrum of indications in 56 paper cases. We investigated how infectious disease doctors' assessments compared with a reference standard (modal expert opinion) and with the assessments of their colleagues. PVL-positive isolates were characterized by toxin gene profiling, PFGE, spa-typing and MIC determinations for a range of antimicrobials.","Maybe

Justification: The study shows that there is some agreement among experts in their assessments of antimicrobial prescribing, but it does not necessarily imply complete agreement (modal expert opinion vs. individual assessments)."
semantic_dense,semantic,dense,mistral,Is there a favorable subset of patients with prostate cancer who develop oligometastases?,yes,yes,1,1,success,"To analyze, retrospectively, the patterns and behavior of metastatic lesions in prostate cancer patients treated with external beam radiotherapy and to investigate whether patients with<or =5 lesions had an improved outcome relative to patients with>5 lesions. With regard to the metastatic number, patients with<or =5 metastatic lesions had superior survival rates relative to those with>5 lesions (73% and 36% at 5 and 10 years vs. 45% and 18% at 5 and 10 years, respectively; p = 0.02). In addition, both the metastasis-free survival rate and the interval measured from the date of the initial diagnosis of prostate cancer to the development of bone metastasis were statistically superior for patients with<or =5 lesions compared with patients with>5 lesions (p = 0.01 and 0.02, respectively). To examine the ability of various postoperative nomograms to predict prostate cancer-specific mortality (PCSM) and to validate that they could predict aggressive biochemical recurrence (BCR). Prostate-specific antigen (PSA), grade, and stage are the classic triad used to predict BCR after radical prostatectomy (RP). Separate models were explored in men with prostate cancer censored at diagnosis, for percent body fat measurements, for weight changes with time and adjusting for initial prostate size in 483 men (2,523 observations) with pelvic magnetic resonance imaging measurements. Examine whether patients with prostate cancer choose the more aggressive of two radiotherapeutic options, whether this choice is reasoned, and what the determinants of the choice are.","Yes

Justification: The provided context shows that patients with 5 or fewer metastatic lesions had superior survival rates compared to those with more than 5 lesions (73% and 36% at 5 and "
semantic_dense,semantic,dense,mistral,Cycloplegic autorefraction in young adults: is it mandatory?,maybe,maybe,1,1,success,"The purpose of this study was to compare the non-cycloplegic and cycloplegic spherical equivalent (SE) refractive error measured in young adults. The difference between non-cycloplegic and cycloplegic refractive measurements was analyzed. It is unclear whether cycloplegic refraction is necessary in this age group. One drop of cyclopentolate 1 % was installed twice 10 min apart, and cycloplegic refraction was performed in both eyes 40 min later using an auto-refractor. Our objective in this study was to determine whether the decision to manage a contralateral hydrocele in cases of neonatal testicular torsion solely through a scrotal approach is safe and effective.","Maybe

Justification: The study suggests that the necessity of cycloplegic refraction in young adults is unclear (context [3])."
semantic_dense,semantic,dense,mistral,Does screening or surveillance for primary hepatocellular carcinoma with ultrasonography improve the prognosis of patients?,yes,maybe,0,1,generation_failure,"The purpose of this paper is to evaluate the efficacy of ultrasonographic screening for primary hepatocellular carcinoma. The purpose of this study is to examine whether or not well differentiated (w-d) hepatocellular carcinoma (HCC) is indeed clinically early cancer. Although selective and non-selective methods of preoperative carotid screening have been advocated, it remains unclear if this screening is clinically relevant.AIM: To test whether selective carotid screening is as effective as non-selective screening in detecting significant carotid disease. To determine current practice and to assess the value of routine follow-up procedures for endometrial cancer surveillance. The aim of this prognostic factor analysis was to investigate if a patient's self-reported health-related quality of life (HRQOL) provided independent prognostic information for survival in non-small cell lung cancer (NSCLC) patients.","Maybe

Justification: The context provides information about the purpose of evaluating the efficacy of ultrasonographic screening for primary hepatocellular carcinoma (HCC), but it does not directly state that such screening impro"
semantic_dense,semantic,dense,mistral,"""Would a man smell a rose then throw it away?",maybe,maybe,1,0,lucky_guess,"Moreover, biochemical measurements of oxidative stress markers (MDA, GSH and TAC) revealed that prophylactic edaravone treatment attenuated oxidative stress induced by I/R injury. We address the question of whether LITT-induced locoregional disruption of the BBB could possibly allow a locoregional passage of chemotherapeutic agents into brain tissue to treat malignant glioma.STUDY DESIGN/ Only 11 boys were considered in need for circumcision, three of them for prepucial orifice stenosis, which prevented normal micturition, causing a prepucial sac, one case due to a constrictive ring below the prepucial edge that would have prevented ulterior retractability, two cases with repetitive balanopostitis, and five cases secondary to xerosol balanitis, accounting for 2.7% of all examined boys. Treatment of rats with edaravone reduced caspase-3 expression in a dose-dependent manner. To determine whether post-operative administration of topical ropivacaine hydrochloride decreases morbidity following adenotonsillectomy.","Maybe

Justification: The provided context does not contain any information about a man smelling a rose or throwing it away."
semantic_dense,semantic,dense,mistral,Department of Transportation vs self-reported data on motor vehicle collisions and driving convictions for stroke survivors: do they agree?,no,no,1,1,success,"Research on stroke survivors' driving safety has typically used either self-reports or government records, but the extent to which the 2 may differ is not known. We compared government records and self-reports of motor vehicle collisions and driving convictions in a sample of stroke survivors. The 56 participants were originally recruited for a prospective study on driving and community re-integration post-stroke; the study population consisted of moderately impaired stroke survivors without severe communication disorders who had been referred for a driving assessment. For 7 (13.5%) the MTO records did not match the self-reports regarding collision involvement, and for 9 (17.3%) the MTO records did not match self-reports regarding driving convictions. Individual data from stroke patients in two randomised controlled trials of intra-muscular botulinum toxin were pooled. We conducted a population-based case-referent study of 25- to 74-year-old stroke patients with, for each case of a patient who was on statin treatment at the onset of stroke (n=125), 2 referent patients who were not treated with statins but were matched for age, gender, year of onset, and stroke subtype (n=250).","No

Justification: The study found that for 13.5% of the participants, the Department of Transportation records did not match the self-reports regarding collision involvement, and for 17.3% of the participants"
semantic_dense,semantic,dense,mistral,"Neoadjuvant Imatinib in Locally Advanced Gastrointestinal stromal Tumours, Will Kit Mutation Analysis Be a Pathfinder?",yes,maybe,0,1,generation_failure,"Longer duration of neoadjuvant (NA) imatinib (IM) used for locally advanced (LA) gastrointestinal stromal tumours (GIST) is not based on biology of the tumour reflected by kit mutation analysis. To evaluate the impact of HER2 immunoreactivity on clinical outcome in locally advanced urothelial carcinoma patients who received surgery alone, or methotrexate, vinblastine, epirubicin, and cisplatin (M-VEC) as adjuvant chemotherapy. The influence of positron emission tomography in the management of recurrent rectal cancer is well established but its role in primary rectal cancer remains uncertain. This study therefore prospectively assesses the impact of position emission tomography scanning on the management of primary rectal cancer. We review our results on surgical treatment of patients with stage I non-small cell lung carcinoma and we attempted to clarify the prognostic significance of some surgical--pathologic variables. We studied 114 formalin-fixed paraffin-embedded specimens obtained from locally advanced urothelial carcinoma patients receiving surgery alone or adjuvant M-VEC.","Maybe

Justification: The context suggests that the duration of neoadjuvant imatinib for locally advanced gastrointestinal stromal tumours is not necessarily based on the biology of the tumour reflected by kit mut"
semantic_dense,semantic,dense,mistral,Does the lipid-lowering peroxisome proliferator-activated receptors ligand bezafibrate prevent colon cancer in patients with coronary artery disease?,yes,maybe,0,1,generation_failure,"However, the effect of bezafibrate on colon cancer development in humans is unknown. Therefore, we proposed to investigate a possible preventive effect of bezafibrate on the development of colon cancer in patients with coronary artery disease during a 6-year follow-up. In animal studies the lipid-lowering PPAR ligand bezafibrate suppressed colonic tumors. On multivariable analysis the colon cancer risk in patients who received bezafibrate tended to be lower with a hazard ratio of 0.47 and 95% confidence interval 0.2-1.1. In primary and secondary prevention trials, statins have been shown to reduce the risk of stroke. In addition to lipid lowering, statins have a number of antiatherothrombotic and neuroprotective properties. Development of colon cancer was recorded in 25 patients: in 8 (0.53%) patients from the bezafibrate group vs. 17 (1.13%) from the placebo group, (Fisher's exact test: one side p = 0.05; two side p = 0.07).","Maybe

Justification: The data suggests a possible preventive effect of bezafibrate on colon cancer development in patients with coronary artery disease, but the difference is not statistically significant (p=0.05 for one side"
semantic_dense,semantic,dense,mistral,Does self-efficacy mediate the relationship between transformational leadership behaviours and healthcare workers' sleep quality?,maybe,no,0,1,generation_failure,"Structural equation modelling was used to investigate the relationships between transformational leadership, self-efficacy and sleep quality at both time points independently (cross-sectionally) and longitudinally. Direct relationships between transformational leadership and sleep quality were found. The relationship between leadership and employees' sleep quality was not mediated by employees' self-efficacy. Although there is evidence for the influential role of transformational leadership on health outcomes, researchers have used either attitude outcomes (e.g. This study investigates whether the public value safety-related health care improvements more highly than the same improvements in contexts where the health care system is not responsible.","No, the relationship is not mediated by employees' self-efficacy.

Justification: The relationship between leadership and employees' sleep quality was not mediated by employees' self-efficacy, as stated in the context ("
semantic_dense,semantic,dense,mistral,Does microbial contamination influence the success of the hematopoietic cell transplantation outcomes?,maybe,maybe,1,1,success,"Microbial contamination can be a marker for faulty process and is assumed to play an important role in the collection of hematopoietic progenitor cell (HPC) and infusion procedure. We aimed to determine the microbial contamination rates and evaluate the success of hematopoietic cell transplantation (HCT) in patients who received contaminated products.PATIENTS- Microbial contamination detected in nine patients (7 autologous; 2 allogeneic). Contamination rates of autologous donors were evaluated for at three steps: at the end of mobilization, following processing with dimethyl sulfoxide, and just before stem cell infusion. To understand the effect of past group A streptococcal infection on MS, antistreptolysin O (ASO) and antideoxyribonuclease B (ADNase B) were measured in 21 patients with relapsing-remitting MS and 21 healthy blood donors by nephelometric assay. Using murine models, we have shown that the lysosomotropic amine, chloroquine, is effective in the prevention of graft-versus-host disease (GVHD) mediated by donor T cells reactive with recipient minor histocompatibility antigens (MiHCs). Because lysosomotropic amines can suppress major histocompatibility complex (MHC) class II antigen presentation, their mechanism of action is potentially different from current immune suppressant drugs used to control GVHD such as cyclosporine.","Maybe

Justification: The provided context does not directly state the influence of microbial contamination on the success of hematopoietic cell transplantation outcomes. However, it does mention that microbial contamination was detected"
semantic_dense,semantic,dense,mistral,Very high serum CA 19-9 levels: a contraindication to pancreaticoduodenectomy?,no,no,1,1,success,"From 2000 to 2007, 344 patients underwent pancreatoduodenectomy for PA. Fifty-three patients (elevated group) had preoperatively elevated serum CA 19-9 levels (>400 IU/ml) after resolution of obstructive jaundice. Fifty patients with normal preoperative serum CA 19-9 levels (<37 IU/ml) comprised the control group. Clinically positive axillary nodes are widely considered a contraindication to sentinel lymph node (SLN) biopsy in breast cancer, yet no data support this mandate. The probability of stopping steroids within 5 years was independently reduced by an elevated plasma viscosity (PV) [hazard ratio (HR) = 0.49; 95% CI 0.29, 0.82 for a PV>or = 2.00 mPa s compared with a PV<or = 1.80 mPa s; overall P = 0.024] and by starting treatment at>15 mg prednisolone (HR = 0.63; 95% CI 0.41, 0.97; P = 0.036). It has been our policy not to address the contralateral hydrocele through an inguinal incision to minimize potential injury to the spermatic cord.","No, the provided context does not indicate that very high serum CA 19-9 levels are a contraindication to pancreaticoduodenectomy. Instead, it discusses the comparison between patients with elevated ("
semantic_dense,semantic,dense,mistral,Perioperative care in an animal model for training in abdominal surgery: is it necessary a preoperative fasting?,no,maybe,0,1,generation_failure,"Thirty two animals, with age and weight, respectively, from 3 to 5.5 months old and 3000 to 4200 grams, were undergone different periods of pre-operative fasting, exclusive intramuscular anesthesia (ketamine+xylazine), laparotomy with total gastrectomy and total splenectomy. Intraoperative data (side, operative time, blood loss, peritoneal opening) were recorded. Since paracervical anaesthesia may be useful during this procedure, we investigated in this prospective randomised study its impact on the clinical course of abortion and pain especially in the late first and second stage of labour. Multivariable logistic regression demonstrated that the predictors of delayed extubation included preoperative mechanical ventilation, weight<5 kg, a longer procedure time, and the need for postoperative inotrope support. Intestinal anastomosis was performed by polyglactin 910 sutures in A subgroups and with ethyl-2-cyanoacrylate in B subgroups.","Maybe

Justification: The context does not specify whether preoperative fasting was necessary in this animal model, but it does mention that the animals underwent different periods of pre-operative fasting ([1])."
semantic_dense,semantic,dense,mistral,Are physicians aware of the side effects of angiotensin-converting enzyme inhibitors?,no,maybe,0,1,generation_failure,"Angiotensin-converting enzyme inhibitors (ACE-I) are considered safe, but they are associated with characteristic side effects, namely cough and angioedema, usually requiring discontinuation. Angiotensin-II antagonists, triptans, selective cyclo-oxygenase-2 antagonists and esomeprazol were used in the assessment. Although consensus guidelines for pretreatment evaluation and monitoring of propranolol therapy in patients with infantile hemangiomas (IH) have been formulated, little is known about the cardiovascular side effects. Cardiologists seemed to be less aware of the fact that angiotensin receptor blockers (sartans) can cross-react with ACE-I. Blood pressure and standardized questionnaires addressing side effects were evaluated during treatment.","Maybe

Justification: The text mentions that cardiologists seem to be less aware of the fact that angiotensin receptor blockers (sartans) can cross-react with ACE-I, suggesting that some phys"
semantic_dense,semantic,dense,mistral,Residual fundus or neofundus after laparoscopic sleeve gastrectomy: is fundectomy safe and effective as revision surgery?,maybe,maybe,1,1,success,"The aim of this retrospective study was to evaluate the safety and efficacy of laparoscopic fundectomy (LF) in cases of a residual fundus/neofundus development regarding GERD symptoms. Fundectomy was indicated when a residual fundus/neofundus was associated with severe GERD symptoms. The presence of a residual fundus/neofundus was assessed by a barium swallow and/or multislice computed tomography. Up to 30 % of patients who have undergone laparoscopic sleeve gastrectomy require revision surgery for inadequate weight loss, weight regain, and/or the development of severe upper gastrointestinal symptoms. We retrospectively examined the records of 154 adult patients who underwent major foregut surgery which included esophagectomy, partial or total gastrectomy, redo Heller myotomy, redo or transthoracic fundoplications.","Maybe

Justification: The study discusses the safety and efficacy of fundectomy in cases of a residual fundus/neofundus development regarding GERD symptoms, but it does not explicitly state that the procedure is"
semantic_dense,semantic,dense,mistral,Are physician estimates of asthma severity less accurate in black than in white patients?,yes,yes,1,1,success,"We hypothesized that: 1) physician underestimation of asthma severity is more frequent among black patients; 2) among black patients, physician underestimation of severity is associated with poorer quality asthma care. It is unknown if accuracy of physician estimates differs between black and white patients, and how this relates to asthma care disparities. Blacks were significantly more likely than white patients to have their asthma severity underestimated (OR = 1.39, 95% CI 1.08-1.79). Among black patients, underestimation was associated with less use of daily inhaled corticosteroids (13% vs 20%, p<.05), less physician instruction on management of asthma flare-ups (33% vs 41%, p<.0001), and lower ratings of asthma care (p = .01) and physician communication (p = .04). We collected physicians' estimates of their patients' asthma severity. Physicians' estimates of patients' asthma as being less severe than patient-reported symptoms were classified as underestimates of severity. Frequency of underestimation, asthma care, and communication.","Yes

Justification: Black patients were significantly more likely than white patients to have their asthma severity underestimated (OR = 1.39, 95% CI 1.08-1.7"
semantic_dense,semantic,dense,mistral,Does laparoscopic surgery decrease the risk of atrial fibrillation after foregut surgery?,yes,maybe,0,1,generation_failure,"Laparoscopic (p = 0.004) and nonthoracic surgeries (p = 0.01) were associated with lower risk of atrial fibrillation. We examined the factors associated with new-onset atrial fibrillation after foregut surgery at our institution. The aim of this retrospective study was to evaluate the safety and efficacy of laparoscopic fundectomy (LF) in cases of a residual fundus/neofundus development regarding GERD symptoms. Multivariate analysis revealed an association of atrial fibrillation with age (OR 1.08, 95% CI 1.02-1.14, p = 0.01), and laparoscopic surgery (OR 0.09, 95% CI 0.01-0.95, p = 0.04) after adjusting for surgery type. Minimally invasive techniques in foregut surgery have been suggested to cause less tissue trauma.","Maybe

Justification: The study shows an association between laparoscopic surgery and a lower risk of atrial fibrillation (OR 0.09, 95% CI 0.01-0"
semantic_dense,semantic,dense,mistral,"The Main Gate Syndrome: a new format in mass-casualty victim ""surge"" management?",yes,maybe,0,1,generation_failure,"These incidents often result in Hospital Multiple Casualty Incidents (HMCI), which are very challenging to hospital teams. Recent suicide bombings pose the novel problem for Trauma Centers of the massive simultaneous arrival of many gravely wounded patients. An 18-month retrospective review was performed on trauma patients>or= 15 years old who received therapeutic anticoagulation using unfractionated heparin (UH) and/or fractionated heparin (FH). An HMCI is defined by the Emergency and Disaster Medicine Division in the Israeli Ministry of Health as>or=10 casualties or>or=4 suffering from injuries with an ISS>or=16 arriving to a single hospital. 713 blunt trauma patients, who were admitted to the Uludag University Medical Center Emergency Department between 01.04.2000-31.12.2000, were retrospectively evaluated in terms of ISS, GCS, RTS and white blood cell count at presentation.","Maybe

Justification: The context discusses the challenge of Hospital Multiple Casualty Incidents (HMCI) and the novel problem of massive simultaneous arrival of many gravely wounded patients, but it does not explicitly mention ""The"
semantic_dense,semantic,dense,mistral,Do communication disorders extend to musical messages?,yes,yes,1,1,success,"Communication disorders that impair transmitting or decoding of structural features of music (e.g., pitch, timbre) and/or symbolic representation may result in atypical musical communication, which can have a negative impact on music therapy interventions. This study compared recognition of symbolic representation of emotions or movements in music by two groups of children with different communicative characteristics: severe to profound hearing loss (using cochlear implants [CI]) and autism spectrum disorder (ASD). Measures relevant to auditory and/or language function were also gathered. Effective musical communication requires conveyance of the intended message in a manner perceptible to the receiver. Tinnitus can be related to many different aetiologies such as hearing loss or a noise trauma, but it can also be related to the somatosensory system of the cervical spine, called cervicogenic somatic tinnitus (CST).","Yes

Justification: The provided context states that communication disorders can impair the transmission or decoding of structural features of music, which are essential for musical communication ([1])."
semantic_dense,semantic,dense,mistral,Do patients with rheumatoid arthritis established on methotrexate and folic acid 5 mg daily need to continue folic acid supplements long term?,yes,maybe,0,1,generation_failure,"To look at the effect of stopping FA supplementation in UK rheumatoid arthritis (RA) patients established on methotrexate<20 mg weekly and FA 5 mg daily, to report all toxicity (including absolute changes in haematological and liver enzyme indices) and to report changes in the efficacy of methotrexate. It is postulated that some aspects of methotrexate toxicity may be related to its action as an anti-folate. Folic acid (FA) is often given as an adjunct to methotrexate therapy, but there is no conclusive proof that it decreases the toxicity of methotrexate and there is a theoretical risk that it may decrease the efficacy of methotrexate. In a prospective, randomized, double-blind, placebo-controlled study, 75 patients who were established on methotrexate<20 mg weekly and FA 5 mg daily were asked to stop their FA and were randomized to one of two groups: placebo or FA 5 mg daily. Thirty-four subjects (mean age 55 years, body mass index 34 kg/m 2 , fasting triglycerides 3.5 mmol/L) with diagnosed sleep apnoea syndrome not treated with continuous positive airways pressure were enrolled and randomized to once daily treatment with fenofibrate (145 mg NanoCrystal(R) tablet) or placebo. Although a 5-day course of oral prednisone or prednisolone has become the most commonly used regimen, dexamethasone has also been used for a shorter duration (1-2 days) with potential for improvement in compliance and palatability.","Maybe

Justification: The study mentioned in the context is designed to investigate the need for continued folic acid supplementation in these patients, but the results are not yet reported, so it is not yet conclusively determined whether patients with r"
semantic_dense,semantic,dense,mistral,Can infundibular height predict the clearance of lower pole calyceal stone after extracorporeal shockwave lithotripsy?,yes,maybe,0,1,generation_failure,"To evaluate the efficacy of extracorporeal shock wave lithotripsy (SWL) on lower calyceal calculi in relation to the renal anatomical factors and determine which of these factors can be used to select patients who will benefit from SWL. The success of the treatment, removal of all fragments, was correlated with renal anatomical factors measured in the pre-treatment intravenous urography: infundibulopelvic angle, lower infundibulum width, lower infundibulum length, ratio length/width, infundibulum height, and number of minor calyces in the lower calyceal group. To study the efficiency and safety of holmium:YAG laser lithotripsy for ureteral stones. A series of 188 patients with 208 ureteral stones were treated with semirigid ureteroscopy and holmium:YAG laser lithotripsy from January 2003 to December 2005. Little is known about whether a routinely inserted endoscopic nasobiliary drainage (ENBD) tube improves the clinical course in patients with choledocholithiasis-induced acute cholangitis after clearance of choledocholithiasis.","Maybe

Justification: The provided context discusses the correlation of various renal anatomical factors with the success of extracorporeal shockwave lithotripsy on lower calyceal calculi, but it does not"
semantic_dense,semantic,dense,mistral,Does lung ischemia and reperfusion have an impact on coronary flow?,yes,yes,1,1,success,"To determine the hemodynamic effect due to lung IR injury, we performed a quantitative coronary blood-flow analysis in a swine model of in situ lung ischemia and reperfusion. Ischemia-reperfusion (IR) injury remains a major cause of early morbidity and mortality after lung transplantation with poorly documented extrapulmonary repercussions. Conversely, RVP increased throughout ischemia (p<0.05) and returned toward baseline during reperfusion. The aim of this study was to evaluate the protective effect of remote postischemic conditioning in patients undergoing elective PCI for stable angina or non-ST elevation acute coronary syndrome with troponin<1 ng/ml at the time of randomization. This randomized single-blinded single-center clinical trial involved 320 patients undergoing elective PCI who were randomized to either receive three 5-min cycles of ischemia by inflation of a cuff on the non-dominant arm to 200 mm Hg (remote postischemic conditioning) or to placebo (uninflated cuff).","Yes

Justification: The provided context mentions a quantitative coronary blood-flow analysis in a swine model of in situ lung ischemia and reperfusion ([1]). This implies that the coronary flow is affected by"
semantic_dense,semantic,dense,mistral,Is a patient's self-reported health-related quality of life a prognostic factor for survival in non-small-cell lung cancer patients?,maybe,yes,0,1,generation_failure,"The aim of this prognostic factor analysis was to investigate if a patient's self-reported health-related quality of life (HRQOL) provided independent prognostic information for survival in non-small cell lung cancer (NSCLC) patients. As part of a prospective study on quality of life in newly diagnosed lung cancer patients an investigation was carried out to examine whether there were differences among patients' quality of life scores and their socioeconomic status. Quality of life was measured at two points in time (baseline and three months after initial treatment) using three standard instruments; the Nottingham Health Profile (NHP), the European Organization for Research and Cancer Treatment Quality of Life Questionnaire (EORTC QLQ-C30) and its lung cancer supplement (QLQ-LC13). Prognostic significance of the following independent variables was tested using univariate (log-rank) and multivariate (Cox proportional-hazards) analysis: type of resection (sublobar vs lobectomy vs pneumonectomy), histology (squamous cell vs adenocarcinoma), tumour size (<or=3cm vs>3cm), histologic vascular invasion, visceral pleura involvement, positive bronchial resection margin, general T status. Survival was analyzed with regard to the following variables: age, sex, comorbidity, weight loss, laboratory test results, histological type, ECOG score, TNM staging, and treatment.","Yes

Justification: The aim of the study was to investigate if a patient's self-reported health-related quality of life provided independent prognostic information for survival in NSCLC patients ([1])."
semantic_dense,semantic,dense,mistral,Transient tachypnea of the newborn (TTN): a role for polymorphisms in the beta-adrenergic receptor (ADRB) encoding genes?,yes,maybe,0,1,generation_failure,"The objective of the study was to determine whether risk of recurrent preterm birth differs based on the clinical presentation of a prior spontaneous preterm birth (SPTB): advanced cervical dilatation (ACD), preterm premature rupture of membranes (PPROM), or preterm labor (PTL). DNA was collected for genotyping from 73 term newborns suffering from TTN and 55 healthy controls from a Caucasian cohort. Further analysis showed significant association of T-47C, A46G, C79G and C491T (TACC) haplotype in ADRB2 gene with TTN (p = 0.048). To compare the probability of prenatal diagnosis (PND) and termination of pregnancy for fetal anomaly (TOPFA) between fetuses conceived by assisted reproductive techniques (ART) and spontaneously-conceived fetuses with congenital heart defects (CHD). We sought to determine the feasibility and assess the clinical outcomes associated with an early extubation strategy for all children undergoing congenital heart surgery, including neonates (age,<30 days).","Maybe

Justification: The study found a significant association of T-47C, A46G, C79G and C491T (TACC) haplotype in ADRB2 gene with T"
semantic_dense,semantic,dense,mistral,Is duration of psychological treatment for depression related to return into treatment?,yes,yes,1,1,success,"The primary aim of this study was to investigate whether duration of treatment and return into mental health care were related. Cox regression analyses were used to assess whether duration of treatment and relapse into mental health care were related. The influence of affective disorder polarity on subsequent suicide attempts or completions and any differential effect of suicide risk factors by polarity were assessed in a prospective cohort. This study examined Dutch patients with an initial treatment episode in 2009 or 2010 in specialized mental health settings for depressive disorder (N = 85,754). Participants with major affective disorders in the National Institute of Mental Health (NIMH) Collaborative Depression Study (CDS) were followed prospectively for up to 25 years.","Yes

Justification: The study was designed to investigate the relationship between duration of treatment and return into mental health care (context [1, 2])."
semantic_dense,semantic,dense,mistral,Does shaving the incision site increase the infection rate after spinal surgery?,maybe,yes,0,1,generation_failure,"To determine whether shaving the incision site before spinal surgery causes postsurgical infection. However, evidence from some surgical series suggests that presurgical shaving may increase the postsurgical infection rate. A total of 789 patients scheduled to undergo spinal surgery were randomly allocated into 2 groups: those in whom the site of operation was shaved immediately before surgery (shaved group; 371 patients) and the patients in whom presurgical shaving was not performed (unshaved group; 418 patients). The relationship between the use of an endoscope during ventriculoperitoneal shunt (VPS) procedures and infection remains poorly defined. A postoperative infection developed in 4 patients in the shaved group and in 1 patient in the nonshaved group (P<0.01).","Yes

Justification: The postoperative infection developed in 4 patients in the shaved group and in 1 patient in the nonshaved group (P<0.01), indicating a higher infection rate in the shaved group"
semantic_dense,semantic,dense,mistral,The influence of atmospheric pressure on aortic aneurysm rupture--is the diameter of the aneurysm important?,maybe,yes,0,1,generation_failure,"According to the literature, contradictory results concerning the relationship between atmospheric pressure and aneurysm size have been reported.AIM: In this paper, we assessed the influence of changes in atmospheric pressure on abdominal aneurysm ruptures in relationship to the aneurysm's size. The rate of aortic aneurysm rupture correlates with the aneurysm's diameter, and a higher rate of rupture is observed in patients with larger aneurysms. We investigate whether the anatomy of the aortic arch influences the severity of aortic injury. The size of the aneurysm was also considered in the analysis. A statistically non-significant trend towards the higher rupture of large aneurysms (>7 cm) was observed in the cases where the pressure increased between the day before the rupture and the day of the rupture.","Yes

Justification: The context mentions that the size of the aneurysm was considered in the analysis and that a higher rate of rupture is observed in patients with larger aneurysms ([2]). Additionally, a"
semantic_dense,semantic,dense,mistral,Do French lay people and health professionals find it acceptable to breach confidentiality to protect a patient's wife from a sexually transmitted disease?,maybe,yes,0,1,generation_failure,"To determine under what conditions lay people and health professionals find it acceptable for a physician to breach confidentiality to protect the wife of a patient with a sexually transmitted disease (STD). The concept of breaching confidentiality to protect a wife from her husband's STD was favoured much more by lay people and psychologists than by physicians (mean ratings 11.76, 9.28 and 2.90, respectively, on a scale of 0-22). In a study in France, breaching confidentiality in 48 scenarios were accepted by 144 lay people, 10 psychologists and 7 physicians. The patient's stated intentions to protect his wife and to inform her of the disease had the greatest impact on acceptability. A cluster analysis showed groups of lay participants who found breaching confidentiality ""always acceptable"" (n = 14), ""depending on the many circumstances"" (n = 87), requiring ""consultation with an expert"" (n = 30) and ""never acceptable (n = 13)"".","Yes

Justification: The study in France showed that lay people and some health professionals found it acceptable to breach confidentiality to protect a patient's wife from a sexually transmitted disease (context [3])."
semantic_dense,semantic,dense,mistral,Do somatic complaints predict subsequent symptoms of depression?,maybe,maybe,1,1,success,"In particular, it is unclear whether somatic complaints may heighten the risk for the subsequent development of depressive symptoms. To identify distinctive features in patients with chronic functional somatic symptoms, and to determine whether these symptoms support the hypothesis of the existence of specific somatic syndromes. Evidence suggests substantial comorbidity between symptoms of somatization and depression in clinical as well as nonclinical populations. The influence of affective disorder polarity on subsequent suicide attempts or completions and any differential effect of suicide risk factors by polarity were assessed in a prospective cohort. We report findings on the link between symptoms of somatization (assessed using the SCL-90-R) and depression 5 years later (assessed using the CES-D) in an initially healthy cohort of community adults, based on prospective data from the RENO Diet-Heart Study.","Maybe

Justification: The context suggests that there is evidence of substantial comorbidity between symptoms of somatization and depression, and that there is a link between symptoms of somatization and depression 5 years later in an initially healthy"
semantic_dense,semantic,dense,mistral,Are women with major depression in pregnancy identifiable in population health data?,no,yes,0,1,generation_failure,"The women with depression during their pregnancy were ascertained in two ways: women with dispensing records relating to dispensed antidepressant medicines with an WHO ATC code to the 3rd level, pharmacological subgroup, 'N06A Antidepressants'; and, women with any hospital admission during pregnancy, including the birth admission, if a comorbidity was recorded relating to depression. It is the objective of this study to investigate the differences in ascertainment which may arise between a hospital admission dataset and a dispensing claims dataset, using major depression in pregnancy as an example. There were 3010 (3.1%) women with a comorbidity related to depression recorded on their delivery admission, or other admission to hospital during pregnancy. The safe use of antidepressants in pregnancy is an ongoing issue for clinicians with around 10% of pregnant women suffer from depression. At least one antidepressant was dispensed to 4485 (4.6%) pregnant women.","Yes

Justification: The context states that there were 3010 women with a comorbidity related to depression recorded on their delivery admission, or other admission to hospital during pregnancy, and at least one antidepressant was"
semantic_dense,semantic,dense,mistral,Remote ischemic postconditioning: does it protect against ischemic damage in percutaneous coronary revascularization?,yes,yes,1,1,success,"The aim of this study was to evaluate the protective effect of remote postischemic conditioning in patients undergoing elective PCI for stable angina or non-ST elevation acute coronary syndrome with troponin<1 ng/ml at the time of randomization. Remote postischemic conditioning might reduce the myocardial lesions that are associated with PCI, but perhaps less so in diabetics. This randomized single-blinded single-center clinical trial involved 320 patients undergoing elective PCI who were randomized to either receive three 5-min cycles of ischemia by inflation of a cuff on the non-dominant arm to 200 mm Hg (remote postischemic conditioning) or to placebo (uninflated cuff). Conversely, RVP increased throughout ischemia (p<0.05) and returned toward baseline during reperfusion. Myocardial damage that is associated with percutaneous coronary intervention (PCI) partially affects the results of the procedure, and is related to medium-term cardiovascular death.","Yes

Justification: The study aims to evaluate the protective effect of remote postischemic conditioning in patients undergoing elective PCI ([1]), and the study found that RVP increased throughout ischemia ([4]), indicating a"
semantic_dense,semantic,dense,mistral,Does combining antiretroviral agents in a single dosage form enhance quality of life of HIV/AIDS patients?,no,maybe,0,1,generation_failure,"Combining various antiretroviral agents into one single dosage form has been a strategy to reduce pill burden and enhance medication adherence among human immunodeficiency virus /AIDS (HIV/AIDS) patients. One hundred seventy HIV/AIDS patients with ≥2 antiretroviral agents were identified from the MEPS database, of which 53% (n=92) were on FXD formulation. The Medical Expenditure Panel Survey (MEPS) was used to identify HIV/AIDS patients with ≥2 active antiretroviral medications. This is a cost-utility study from a health care system's perspective comparing coformulated fixed dose (FXD) strategy versus multiple free dose combination (FRC) in antiretroviral therapy. AIDS case reports, HIV testing of blood donors, antenatal clinic attenders (ANC), food service workers, sexually transmitted disease (STD) clinic attenders, female prostitutes, homosexuals and other groups were used to monitor the HIV/AIDS epidemic.","Maybe

Justification: The provided context does not directly discuss the impact on the quality of life of HIV/AIDS patients from combining antiretroviral agents in a single dosage form. However, it is suggested that this strategy could"
semantic_dense,semantic,dense,mistral,The inverse equity hypothesis: does it apply to coverage of cancer screening in middle-income countries?,yes,maybe,0,1,generation_failure,"It is uncertain whether the inverse equity hypothesis-the idea that new health interventions are initially primarily accessed by the rich, but that inequalities narrow with diffusion to the poor-holds true for cancer screening in low and middle income countries (LMICs).This study examines the relationship between overall coverage and economic inequalities in coverage of cancer screening in four middle-income countries. Economic inequalities in screening participation were substantially lower or non-existent in countries with higher aggregate coverage, for both breast cancer screening (RII: 14.57 in South Africa, 4.90 in China, 2.01 in Mexico, 1.04 in Russia) and cervical cancer screening (RII: 3.60 in China, 2.47 in South Africa, 1.39 in Mexico, 1.12 in Russia). Although selective and non-selective methods of preoperative carotid screening have been advocated, it remains unclear if this screening is clinically relevant.AIM: To test whether selective carotid screening is as effective as non-selective screening in detecting significant carotid disease. Coverage for breast cancer screening was 10.5% in South Africa, 19.3% in China, 33.8% in Russia and 43% in Mexico, and coverage for cervical cancer screening was 24% in South Africa, 27.2% in China, 63.7% in Mexico and 81.5% in Russia. Women without insurance and women attending 1 of the 3 clinics were less likely to adhere to any follow-up recommendation (hazard ratio for no insurance, 0.43 [95% confidence interval, 0.20-0.93], and for clinic, 0.35 [95% confidence interval, 0.15-0.73]).","Maybe

Justification: The study shows that economic inequalities in screening participation are lower or non-existent in countries with higher aggregate coverage, but it does not definitively prove that the inverse equity hypothesis holds true. Further research may be"
semantic_dense,semantic,dense,mistral,Identification of racial disparities in breast cancer mortality: does scale matter?,yes,yes,1,1,success,"This paper investigates the impact of geographic scale (census tract, zip code, and county) on the detection of disparities in breast cancer mortality among three ethnic groups in Texas (period 1995-2005). Racial disparities were quantified using both relative (RR) and absolute (RD) statistics that account for the population size and correct for unreliable rates typically observed for minority groups and smaller geographic units. The proportion and location of significant racial disparities however changed depending on the type of statistic (RR versus RD) and the geographic level. First, to establish whether a deprivation gradient in all-cause mortality exists for all ethnic groups within New Zealand; second, if such gradients do exist, whether their absolute slopes are the same; and third, if such gradients exist, what impact the unequal deprivation distributions of the different ethnic groups have on the observed ethnic inequalities in life expectancy at birth. In the family- and community services domain, improvements in breastfeeding were associated with significant changes in mortality in the 30 countries but not in the African subset; while in the African countries, nutritional status improvements were associated with a significant decline in mortality.","Yes

Justification: The text discusses the impact of geographic scale (census tract, zip code, and county) on the detection of racial disparities in breast cancer mortality ([1])."
semantic_dense,semantic,dense,mistral,Does the leukocyte count correlate with the severity of injury?,yes,maybe,0,0,retrieval_failure,"Mortality at index admission, transfusion requirement during first 24 hours, and presence of nonorthopaedic injuries as a function of Young-Burgess pelvic classification type. The objectives of this study were to evaluate the ability of the Young-Burgess classification system to predict mortality, transfusion requirements, and nonorthopaedic injuries in patients with pelvic ring fractures and to determine whether mortality rates after pelvic fractures have changed over time. The purpose of this study was to delineate early respiratory predictors of mortality in children with hemato-oncology malignancy who developed acute respiratory distress syndrome (ARDS). The purpose of this study was to determine: (1) the incidence of complications using therapeutic anticoagulation in trauma patients, and (2) if any patient factors are associated with these complications. To determine the relationship between injury severity surrogates and other patient factors with the development and severity of heterotopic ossification (HO) following open reduction internal fixation of acetabular fractures treated with a posterior approach.","Maybe

Justification: The provided context does not directly discuss the correlation between leukocyte count and the severity of injury. However, the context suggests that injury severity can be evaluated using various surrogates, implying that le"
semantic_dense,semantic,dense,mistral,Can transcranial direct current stimulation be useful in differentiating unresponsive wakefulness syndrome from minimally conscious state patients?,yes,maybe,0,1,generation_failure,"Disorders of consciousness (DOC) diagnosis relies on the presence or absence of purposeful motor responsiveness, which characterizes the minimally conscious state (MCS) and the unresponsive wakefulness syndrome (UWS), respectively. The aim of our study was to identify electrophysiological parameters, by means of a transcranial magnetic stimulation approach, which might potentially express the presence of residual networks sustaining fragmentary behavioral patterns, even when no conscious behavior can be observed. To determine the potential prognostic value of using functional magnetic resonance imaging (fMRI) to identify patients with disorders of consciousness, who show potential for recovery. Thirty-four subjects (mean age 55 years, body mass index 34 kg/m 2 , fasting triglycerides 3.5 mmol/L) with diagnosed sleep apnoea syndrome not treated with continuous positive airways pressure were enrolled and randomized to once daily treatment with fenofibrate (145 mg NanoCrystal(R) tablet) or placebo. The difference between non-cycloplegic and cycloplegic refractive measurements was analyzed.","Maybe

Justification: The context discusses the use of transcranial magnetic stimulation, not transcranial direct current stimulation, to potentially identify residual networks in patients with disorders of consciousness. However, it does not explicitly"
semantic_dense,semantic,dense,mistral,Aromatase inhibitor-related musculoskeletal symptoms: is preventing osteoporosis the key to eliminating these symptoms?,yes,maybe,0,1,generation_failure,"However, patients receiving AIs report a higher incidence of musculoskeletal symptoms and bone fractures; the mechanism and risk factors for this correlation are not well studied. The aim of this study was to correlate these musculoskeletal symptoms and bone fractures in patients receiving AIs with bone mineral density (BMD), previous tamoxifen use, and administration of calcium/bisphosphonate (Ca/Bis). Arthralgia, generalized bone pain and/or myalgia, bone fracture after beginning AIs, any tamoxifen treatment, and Ca/Bis therapy were recorded. Similarly, the group receiving tamoxifen before AIs had fewer patients with arthralgia or generalized bone pain/myalgia or bone fracture (P<.001). Finally, the group receiving steroidal AIs compared with nonsteroidal AIs had more patients with arthralgia or generalized bone pain and/or myalgia, and bone fractures (P<.001). To look at the effect of stopping FA supplementation in UK rheumatoid arthritis (RA) patients established on methotrexate<20 mg weekly and FA 5 mg daily, to report all toxicity (including absolute changes in haematological and liver enzyme indices) and to report changes in the efficacy of methotrexate.","Maybe

Justification: The study suggests a correlation between aromatase inhibitor (AI) use and musculoskeletal symptoms, including bone fractures ([1], [2], [4]). Previous tamoxifen"
semantic_dense,semantic,dense,mistral,Could different follow-up modalities play a role in the diagnosis of asymptomatic endometrial cancer relapses?,maybe,yes,0,1,generation_failure,To determine current practice and to assess the value of routine follow-up procedures for endometrial cancer surveillance. To discuss whether such procedures are feasible and effective to identify asymptomatic recurrences and describe the pattern of relapse detected by procedures. To compare adherence to follow-up recommendations for colposcopy or repeated Papanicolaou (Pap) smears for women with previously abnormal Pap smear results. The influence of positron emission tomography in the management of recurrent rectal cancer is well established but its role in primary rectal cancer remains uncertain. This study therefore prospectively assesses the impact of position emission tomography scanning on the management of primary rectal cancer. Patients with untreated locally advanced primary or clinically curable recurrent cervical carcinoma were enrolled.,"Yes

Justification: The context discusses the value of routine follow-up procedures for endometrial cancer surveillance ([1]), suggesting that different follow-up modalities could potentially be used to identify asymptomatic recurrences."
semantic_dense,semantic,dense,mistral,Locoregional opening of the rodent blood-brain barrier for paclitaxel using Nd:YAG laser-induced thermo therapy: a new concept of adjuvant glioma therapy?,yes,yes,1,1,success,"We address the question of whether LITT-induced locoregional disruption of the BBB could possibly allow a locoregional passage of chemotherapeutic agents into brain tissue to treat malignant glioma.STUDY DESIGN/ Nd:YAG laser-induced thermo therapy (LITT) of rat brains is associated with blood-brain barrier (BBB) permeability changes. Animals were perfused with paclitaxel, and high-pressure liquid chromatography (HPLC) was employed to analyze the content of paclitaxel in brain and plasma samples. Moreover, biochemical measurements of oxidative stress markers (MDA, GSH and TAC) revealed that prophylactic edaravone treatment attenuated oxidative stress induced by I/R injury. To evaluate the impact of HER2 immunoreactivity on clinical outcome in locally advanced urothelial carcinoma patients who received surgery alone, or methotrexate, vinblastine, epirubicin, and cisplatin (M-VEC) as adjuvant chemotherapy.","Yes

Justification: The context states that Nd:YAG laser-induced thermo therapy (LITT) of rat brains is associated with blood-brain barrier (BBB) permeability changes, and that perf"
semantic_dense,semantic,dense,mistral,Preoperative tracheobronchoscopy in newborns with esophageal atresia: does it matter?,yes,maybe,0,1,generation_failure,"Despite surgical refinements, perioperative use of tracheobronchoscopy (TBS) as part of surgical approach to esophageal atresia (EA) is still controversial. We sought to determine the feasibility and assess the clinical outcomes associated with an early extubation strategy for all children undergoing congenital heart surgery, including neonates (age,<30 days). Infantile hypertrophic pyloric stenosis (IHPS) is a common condition which presents in infants at 2-12 weeks of postnatal life, and whose cause remains obscure. Demographics, location of atresia, operative findings, complications, investigations, resumption of feeding, duration of prolonged parental nutrition, and follow-up information were examined. Our objective in this study was to determine whether the decision to manage a contralateral hydrocele in cases of neonatal testicular torsion solely through a scrotal approach is safe and effective.","Maybe

Justification: The context indicates that the use of tracheobronchoscopy (TBS) in the perioperative approach to esophageal atresia (EA) is still controversial ([1]). This suggests"
semantic_dense,semantic,dense,mistral,Is horizontal semicircular canal ocular reflex influenced by otolith organs input?,yes,yes,1,1,success,"To clarify whether horizontal canal ocular reflex is influenced by otolith organs input. Tinnitus can be related to many different aetiologies such as hearing loss or a noise trauma, but it can also be related to the somatosensory system of the cervical spine, called cervicogenic somatic tinnitus (CST). To understand the effect of past group A streptococcal infection on MS, antistreptolysin O (ASO) and antideoxyribonuclease B (ADNase B) were measured in 21 patients with relapsing-remitting MS and 21 healthy blood donors by nephelometric assay. One cochlea specimen from each animal was stained with haematoxylin and eosin and the other with toluidine blue. To determine whether post-operative administration of topical ropivacaine hydrochloride decreases morbidity following adenotonsillectomy.","Yes

Justification: The question asks about the horizontal canal ocular reflex, which is a reflex involving the vestibular system, specifically the horizontal semicircular canal and the oculomotor system. The otolith"
semantic_dense,semantic,dense,mistral,Is perforation of the appendix a risk factor for tubal infertility and ectopic pregnancy?,maybe,maybe,1,1,success,"To critically assess the evidence that appendiceal perforation is a risk factor for subsequent tubal infertility or ectopic pregnancy. Review of the literature yielded estimates of the risk of adverse fertility outcomes ranging from 1.6 (95% confidence interval [CI] 1.1 to 2.5) for ectopic pregnancy after an appendectomy to 4.8 (95% CI 1.5 to 14.9) for tubal infertility from perforation of the appendix. Epidemiologic studies investigating the relationship between appendectomy and infertility or ectopic pregnancy were identified by searching the MEDLINE database from 1966 to 1997. The objective of the study was to determine whether risk of recurrent preterm birth differs based on the clinical presentation of a prior spontaneous preterm birth (SPTB): advanced cervical dilatation (ACD), preterm premature rupture of membranes (PPROM), or preterm labor (PTL). The purpose of this study is to determine if baseline antral follicle assessment may serve as additional information in predicting in vitro fertilization outcome.","Maybe

Justification: The provided context indicates that the risk of tubal infertility from perforation of the appendix is estimated to be 4.8 (95% CI 1.5 to 14."
semantic_dense,semantic,dense,mistral,Serovar specific immunity to Neisseria gonorrhoeae: does it exist?,no,maybe,0,1,generation_failure,"To determine whether the host immune response to gonorrhoea provides limited serovar specific protection from reinfection. Although the mechanisms of inducting autoimmunity by some of the infectious agents have been investigated, there is not yet enough research on streptococcal infections.MATERIAL/ To understand the effect of past group A streptococcal infection on MS, antistreptolysin O (ASO) and antideoxyribonuclease B (ADNase B) were measured in 21 patients with relapsing-remitting MS and 21 healthy blood donors by nephelometric assay. No significant difference was seen in the prevalence of serovars isolated following a repeat infection compared with those without repeat infections. The site of the initial infection did not appear to influence the subsequent serovar isolated. Patients with recurrent gonococcal infection were analysed with respect to the initial and subsequent serovars isolated.","Maybe

Justification: The context does not definitively state that serovar specific immunity does not exist, but it does not provide evidence for its existence either. The study in the context focuses on the host immune response to gonor"
semantic_dense,semantic,dense,mistral,May student examiners be reasonable substitute examiners for faculty in an undergraduate OSCE on medical emergencies?,yes,maybe,0,1,generation_failure,"To compare the effect of student examiners (SE) to that of faculty examiners (FE) on examinee performance in an OSCE as well as on post-assessment evaluation in the area of emergency medicine management. Students chose any two surgical rotations and were assessed by written examination, objective structured clinical examination (OSCE), ward evaluations, self-assessment objectives questionnaire, and satisfaction survey. An OSCE test-format (seven stations: Advanced Cardiac Life Support (ACLS), Basic Life Support (BLS), Trauma-Management (TM), Pediatric-Emergencies (PE), Acute-Coronary-Syndrome (ACS), Airway-Management (AM), and Obstetrical-Emergencies (OE)) was administered to 207 medical students in their third year of training after they had received didactics in emergency medicine management. Resident performance was assessed using objective measures including American Board of Orthopaedic Surgery (ABOS) Part I scores and Orthopaedics In-Training Exam (OITE) scores and subjective ratings by faculty including global evaluation scores and faculty rankings of residents. Preresidency selection criteria examined included United States Medical Licensing Examination (USMLE) Step 1 and Step 2 scores, Medical College Admission Test (MCAT) scores, number of clinical clerkship honors, number of letters of recommendation, number of away rotations, Alpha Omega Alpha (AOA) honor medical society membership, fourth-year subinternship at our institution, and number of publications.","Maybe

Justification: The context does not definitively state that student examiners are not reasonable substitutes for faculty in an undergraduate OSCE on medical emergencies, but it also does not provide evidence that they are superior or inferior"
semantic_dense,semantic,dense,mistral,Are endothelial cell patterns of astrocytomas indicative of grade?,yes,yes,1,1,success,"Classic histologic grading schemes for astrocytomas have included evaluating the presence or absence of nuclear abnormalities, mitoses, vascular endothelial proliferation, and tumor necrosis. We evaluated the vascular pattern of 17 astrocytoma surgical specimens (seven from children and 10 from adults), and four normal brains obtained at autopsy, utilizing antibody to glial fibrillary acidic protein (GFAP) and von Willebrand factor (vWF) utilizing confocal microscopy. Pilocytic astrocytomas (four cases) showed lacy clusters of small-to-medium sized vessels, with intact vessel wall integrity. Diffuse, low grade astrocytoma (three cases) showed a staining pattern similar to control tissue; intermediate grade (one case), anaplastic astrocytoma (three cases) and gliobastoma multiforme (six cases) showed an increased vessel density with multiple small vessels (glomeruloid clusters), some with prominent intimal hyperplasia, loss of vessel wall integrity, and with numerous vWF-positive single cells/microvessels within the tumor substance. The most common primary brain tumors in children and adults are of astrocytic origin. 78 patients with a pT3a or pT3b tumour without vena cava invasion or pT3b tumour with vena cava invasion were compared for age, gender, Fuhrman grade and immunohistochemical expression of VEGF.","Yes

Justification: The text states that the endothelial cell patterns of astrocytomas (anaplastic astrocytoma, glioblastoma multiforme) showed an increased vessel density with multiple small"
semantic_dense,semantic,dense,mistral,Do healthier lifestyles lead to less utilization of healthcare resources?,no,yes,0,1,generation_failure,"The question is, do health behaviors have an impact on the use of medical resources? This study aims to identify and understand the difference in the number of outpatient visits and health examinations based on various health behaviors and to determine whether patients seek medical care for illness from the same physicians. It is uncertain whether the inverse equity hypothesis-the idea that new health interventions are initially primarily accessed by the rich, but that inequalities narrow with diffusion to the poor-holds true for cancer screening in low and middle income countries (LMICs).This study examines the relationship between overall coverage and economic inequalities in coverage of cancer screening in four middle-income countries. An online survey was conducted to elicit the relative importance placed on preventing harms caused by 1) health care (hospital-acquired infections, drug administration errors, injuries to health care staff), 2) individuals (personal lifestyle choices, sports-related injuries), and 3) nature (genetic disorders). Although observational data support an inverse relationship between high-density lipoprotein (HDL) cholesterol and coronary heart disease (CHD), genetic HDL deficiency states often do not correlate with premature CHD. However, the effect of bezafibrate on colon cancer development in humans is unknown. Therefore, we proposed to investigate a possible preventive effect of bezafibrate on the development of colon cancer in patients with coronary artery disease during a 6-year follow-up.","Yes

Justification: The study in the context aims to identify and understand the difference in the number of outpatient visits and health examinations based on various health behaviors, suggesting that healthier lifestyles lead to less utilization of healthcare resources"
semantic_dense,semantic,dense,mistral,Antral follicle assessment as a tool for predicting outcome in IVF--is it a better predictor than age and FSH?,maybe,yes,0,1,generation_failure,"The purpose of this study is to determine if baseline antral follicle assessment may serve as additional information in predicting in vitro fertilization outcome. The outcomes were analyzed with respect to antral follicle assessment (<or = 6 or>6), basal cycle day 3 follicle stimulated hormone (<or = 10 or>10 IU/L) and maternal age (<or = 35 or>35 years). From July 1998 to July 1999, 224 patients underwent antral follicle assessment (follicle 2-6 mm in diameter) on baseline of the planned, stimulated in vitro fertilization cycle. The clinical pregnancy rate was significantly higher in the group with baseline antral follicle>6 compared to that in the group with antral follicle<or = 6 (51% vs. 19%, respectively). Controlling for patient age, and basal follicle stimulated hormone, the pregnancy rate was significantly higher in the group with antral follicle>6 compared to that in the group with antral follicle<or = 6. The cancellation rate was significantly increased with advancing maternal age, elevated basal follicle stimulated hormone levels, and baseline antral follicle<or = 6. The cancellation rate was significantly higher in the group with antral follicle<or = 6 compared to that in the group with antral follicle>or = 6 (33% vs. 1%, respectively). Measuring bioactive testosterone is difficult and new methods have been proposed, including measuring the primary androgen metabolite androsterone glucuronide (ADT-G).AIM: The aim of this study was to investigate a possible correlation between serum levels of androgens and sexual desire in women and whether the level of ADT-G is better correlated than the level of circulating androgens with sexual desire.","Yes

Justification: The study shows that the clinical pregnancy rate was significantly higher in the group with baseline antral follicle>6 compared to that in the group with antral follicle<or = 6, even"
semantic_dense,semantic,dense,mistral,Do all ethnic groups in New Zealand exhibit socio-economic mortality gradients?,yes,yes,1,1,success,"First, to establish whether a deprivation gradient in all-cause mortality exists for all ethnic groups within New Zealand; second, if such gradients do exist, whether their absolute slopes are the same; and third, if such gradients exist, what impact the unequal deprivation distributions of the different ethnic groups have on the observed ethnic inequalities in life expectancy at birth. Gradients were estimated by fitting generalised linear models to the quintile-specific life expectancy estimates for each ethnic group (by sex). The contribution of variation in deprivation distributions to inter-ethnic inequalities in life expectancy was estimated by re-weighting the quintile-specific mortality rates for each ethnic group using weights derived from the European deprivation distribution and recalculating the lifetable. Abridged lifetables for the period 1999-2003 were constructed using standard demographic methods for each of four ethnic groups (Asian, Pacific, Maori and European) by NZDep2001 quintile and sex. All four ethnic groups exhibit deprivation gradients in all-cause mortality (life expectancy). Trends in Alzheimer's disease, cancer, and chronic obstructive pulmonary disease showed differences by sex or dual eligibility or both.","Yes

Justification: The context states that all four ethnic groups (Asian, Pacific, Maori, and European) exhibit deprivation gradients in all-cause mortality (life expectancy) ([4])."
semantic_dense,semantic,dense,mistral,Can normal knee kinematics be restored with unicompartmental knee replacement?,no,maybe,0,1,generation_failure,"Unicompartmental replacement can be an alternative to tibial osteotomy in younger, active patients with unicompartmental knee disease. To test this hypothesis, knee kinematics and quadriceps tension were recorded before and after replacement with a unicompartmental design and then with a tricompartmental design. Therefore, it was hypothesized that the knee kinematics after unicompartmental replacement may also be unchanged. Six human cadaver knees were tested before implantation, after implantation with a bicruciate-retaining unicompartmental knee prosthesis, and after implantation with a posterior cruciate-retaining tricompartmental knee prosthesis. The unicompartmental prosthesis was initially implanted, and it was then revised to a total condylar knee replacement.","Maybe

Justification: The study hypothesized that the knee kinematics after unicompartmental replacement may also be unchanged ([3]), but the results were not explicitly provided in the context."
semantic_dense,semantic,dense,mistral,Are serum leptin levels a prognostic factor in advanced lung cancer?,no,maybe,0,0,retrieval_failure,"Prognostic significance of the following independent variables was tested using univariate (log-rank) and multivariate (Cox proportional-hazards) analysis: type of resection (sublobar vs lobectomy vs pneumonectomy), histology (squamous cell vs adenocarcinoma), tumour size (<or=3cm vs>3cm), histologic vascular invasion, visceral pleura involvement, positive bronchial resection margin, general T status. The aim of this prognostic factor analysis was to investigate if a patient's self-reported health-related quality of life (HRQOL) provided independent prognostic information for survival in non-small cell lung cancer (NSCLC) patients. The objective of our study was to analyze prognostic factors related to survival and to see whether cytostatic treatment was an independent predictor. We review our results on surgical treatment of patients with stage I non-small cell lung carcinoma and we attempted to clarify the prognostic significance of some surgical--pathologic variables. It is not well known, however, whether genetic traits also influence prognostic features of the malignant phenotype.","Maybe

Justification: The context does not directly mention serum leptin levels as a prognostic factor in advanced lung cancer. However, it does mention that prognostic factors for survival in non-small cell lung cancer"
semantic_dense,semantic,dense,mistral,Is fetal gender associated with emergency department visits for asthma during pregnancy?,no,no,1,1,success,"To investigate if fetal gender (1) affects the risk of having an emergency department (ED) visit for asthma; and (2) is associated with adverse pregnancy outcomes among women who had at least one visit to the ED for asthma during pregnancy. We performed a multivariable analysis using logistic regression to model the risk of having an ED visit for asthma, with fetal gender being one of the predictors. While having an ED visit for asthma was positively associated with teenage pregnancy, low income, and presence of pregnancy-induced hypertension, it was not associated with fetal gender (OR 1.01, 95% CI 0.85-1.19). Fetal gender was not a significant predictor of adverse pregnancy outcomes among women who had an asthma ED visit during pregnancy. Pregnant women who made at least one ED visit for asthma were counted as cases and the rest of the women as control subjects. The objective of the study was to determine whether risk of recurrent preterm birth differs based on the clinical presentation of a prior spontaneous preterm birth (SPTB): advanced cervical dilatation (ACD), preterm premature rupture of membranes (PPROM), or preterm labor (PTL).","No

Justification: The study found that fetal gender was not a significant predictor of having an ED visit for asthma during pregnancy (OR 1.01, 95% CI 0.85-"
semantic_dense,semantic,dense,mistral,Stretch-sensitive KCNQ1 mutation A link between genetic and environmental factors in the pathogenesis of atrial fibrillation?,yes,maybe,0,1,generation_failure,"This study sought to evaluate mutations in genes encoding the slow component of the cardiac delayed rectifier K+ current (I(Ks)) channel in familial atrial fibrillation (AF). The effects of mutant protein on cardiac I(Ks) activation were evaluated using electrophysiological studies and human atrial action potential modeling. One missense KCNQ1 mutation, R14C, was identified in 1 family with a high prevalence of hypertension. Twenty patients (age 62 ± 9 years, 13 males) with persistent AF and 9 control subjects without organic heart disease or AF (age 36 ± 6 years, 4 males) underwent detailed CFAE and SRF left atrial electroanatomic maps. Although AF can have a genetic etiology, links between inherited gene defects and acquired factors such as atrial stretch have not been explored.","Maybe

Justification: The study identifies a KCNQ1 mutation (R14C) in a family with a high prevalence of hypertension, suggesting a potential link between genetic and environmental factors (stretch due to"
semantic_dense,semantic,dense,mistral,Are adult body circumferences associated with height?,yes,yes,1,1,success,"If, and how, circumferences, including waist circumference (WC) and hip circumference (HC), scale to height remains unclear, but this is an important consideration when developing normative ranges or applying WC/height and HC/height as risk indexes. After adjustment for age and race, weight scaled to height in men and women with mean (±SEE) powers of 2.29 ± 0.11 and 1.80 ± 0.07, respectively (both P<0.001). Although univariate circumference-height models were weak or nonsignificant, when adjusted for age and race WC and HC scaled to height with powers of 0.76 ± 0.08 and 0.45 ± 0.05, respectively, in men and 0.80 ± 0.05 and 0.53 ± 0.04, respectively, in women (all P<0.001). We examined the relationship between body mass index and prostate specific antigen by age in men without prostate cancer in a longitudinal aging study to determine whether prostate specific antigen must be adjusted for body mass index. In addition to height, allometric models were developed for each measure that controlled for age, race, and self-reported health status. Weight scales as height squared, which is an observation that forms the basis of body mass index (weight/height(2)).","Yes

Justification: The provided context shows that waist circumference (WC) and hip circumference (HC) scale to height in adults, after adjusting for age and race ([2])."
semantic_dense,semantic,dense,mistral,Would corrected QT dispersion predict left ventricular hypertrophy in hypertensive patients?,yes,yes,1,1,success,"We explored whether QT corrected dispersion (QTcD) can identify left ventricular hypertrophy (LVH) in hypertensives. Echocardiography was performed to measure left ventricular mass and left ventricular mass index. Hypertensive patients had significantly greater indices of LVH and QTcD compared with controls (p<0.001 for all). Similarly, among hypertensive patients, those with LVH had a significantly greater QTcD compared with those without (p<0.001). The aim of this study was to evaluate the protective effect of remote postischemic conditioning in patients undergoing elective PCI for stable angina or non-ST elevation acute coronary syndrome with troponin<1 ng/ml at the time of randomization. Chronic pulmonary regurgitation (PR) following repair of tetralogy of Fallot (TOF) leads to RV dilation and an increased incidence of sudden cardiac death in adult patients.","Yes

Justification: Hypertensive patients with LVH had a significantly greater QTcD compared with those without LVH (p<0.001). (3)"
semantic_dense,semantic,dense,mistral,Traumatic aortic injury: does the anatomy of the aortic arch influence aortic trauma severity?,yes,yes,1,1,success,"We investigate whether the anatomy of the aortic arch influences the severity of aortic injury. The rate of aortic aneurysm rupture correlates with the aneurysm's diameter, and a higher rate of rupture is observed in patients with larger aneurysms. According to the literature, contradictory results concerning the relationship between atmospheric pressure and aneurysm size have been reported.AIM: In this paper, we assessed the influence of changes in atmospheric pressure on abdominal aneurysm ruptures in relationship to the aneurysm's size. A multivariate analysis confirmed that the aortic arch angle was significantly associated with the occurrence of type III damage (OR 1.5; 95% CI 1.03-2.2). We measured the aortic arch angle and the aortic arch index, based on the initial angio-CT scan, in each of the analyzed cases.","Yes

Justification: The multivariate analysis in the context confirms that the aortic arch angle is significantly associated with the occurrence of type III damage (OR 1.5; 95% CI "
semantic_dense,semantic,dense,mistral,Inpatient versus outpatient management of neutropenic fever in gynecologic oncology patients: is risk stratification useful?,yes,yes,1,1,success,"This study aimed to evaluate the utility of risk stratification of gynecologic oncology patients with neutropenic fever (NF). A retrospective chart review of gynecologic cancer patients admitted with NF from 2007 to 2011 was performed, wherein demographic, oncologic, and NF characteristics (hospitalization length, complications, and death) were collected. The purpose of this study was to delineate early respiratory predictors of mortality in children with hemato-oncology malignancy who developed acute respiratory distress syndrome (ARDS). The objectives of this study were to evaluate the ability of the Young-Burgess classification system to predict mortality, transfusion requirements, and nonorthopaedic injuries in patients with pelvic ring fractures and to determine whether mortality rates after pelvic fractures have changed over time. High-risk patients were more likely to have a severe complication (10% versus 50%, p=0.0003), multiple severe complications (3% versus 20%, p=0.0278), ICU admission (2% versus 40%, p<0.0001), overall mortality (2% versus 15%, p=0.0417), and death due to neutropenic fever (0% versus 15%, p=0.0124).","Yes

Justification: The study shows that high-risk patients are more likely to have severe complications, ICU admission, overall mortality, and death due to neutropenic fever, suggesting that risk stratification is useful in"
semantic_dense,semantic,dense,mistral,Should chest wall irradiation be included after mastectomy and negative node breast cancer?,maybe,maybe,1,1,success,"This study aims to evaluate local failure patterns in node negative breast cancer patients treated with post-mastectomy radiotherapy including internal mammary chain only. Retrospective analysis of patients in an academic breast service, who underwent mastectomy, with or without reconstruction, and received adjuvant chemotherapy. Retrospective analysis of 92 internal or central-breast node-negative tumours with mastectomy and external irradiation of the internal mammary chain at the dose of 50 Gy, from 1994 to 1998. Immediate breast reconstruction (IBR) provides psychological benefit to many early breast cancer patients however concerns persist regarding its potential impact on chemotherapy delivery. To evaluate accelerated partial breast irradiation (APBI) in patients after oncoplastic surgery for early breast cancer.","Maybe

Justification: The context provides information about post-mastectomy radiotherapy including internal mammary chain only ([1]), but it does not explicitly state that chest wall irradiation should not be included. However, the"
semantic_dense,semantic,dense,mistral,Can bisphosphonate treatment be stopped in a growing child with skeletal fragility?,maybe,maybe,1,1,success,"The BMD at both sites decreased precipitously within 24 months of stopping treatment, raising the question as to whether bisphosphonates can be stopped in a growing child with skeletal fragility. Cyclical pamidronate therapy in a 2-year-old child with skeletal fragility resulted in remodelling of vertebral fractures and improvement in bone mineral density (BMD) at distal radial and spinal sites. This case report presents bone densitometry data before, during and after bisphosphonate treatment. However, patients receiving AIs report a higher incidence of musculoskeletal symptoms and bone fractures; the mechanism and risk factors for this correlation are not well studied. The aim of this study was to correlate these musculoskeletal symptoms and bone fractures in patients receiving AIs with bone mineral density (BMD), previous tamoxifen use, and administration of calcium/bisphosphonate (Ca/Bis). Arthralgia, generalized bone pain and/or myalgia, bone fracture after beginning AIs, any tamoxifen treatment, and Ca/Bis therapy were recorded.","Maybe

Justification: The context suggests that bisphosphonate treatment can lead to remodelling of vertebral fractures and improvement in bone mineral density (BMD) in a growing child with skeletal fragility ("
semantic_dense,semantic,dense,mistral,"Regional anesthesia as compared with general anesthesia for surgery in geriatric patients with hip fracture: does it decrease morbidity, mortality, and health care costs?",no,maybe,0,1,generation_failure,"The average cost of hospitalization in patients who received surgery for hip fracture was no different between patients who receive regional or general anesthesia ($16,789 + 631 vs $16,815 + 643, respectively, P = 0.9557). This retrospective cohort review examines the effects of regional anesthesia (from mainly after July 2007) vs general anesthesia (mainly prior to July 2007) on morbidity, mortality and hospitalization costs. At our institution, a regional anesthesia program was instituted for patients undergoing surgery for hip fracture. The objectives of this study were to evaluate the ability of the Young-Burgess classification system to predict mortality, transfusion requirements, and nonorthopaedic injuries in patients with pelvic ring fractures and to determine whether mortality rates after pelvic fractures have changed over time. When controlled for patient factors, stage, and hospital factors, patients in the short-distance/low-volume group had lower odds of a lymph node yield ≥12 (OR = 0.51) and neoadjuvant chemoradiation (OR = 0.67) and higher 30-day (OR = 3.38) and 90-day mortality (OR = 2.07) compared with those in the long-distance/high-volume group.","Maybe

Justification: The study shows no significant difference in hospitalization costs between regional and general anesthesia for hip fracture surgery (P = 0.9557). However, it does not directly address morbidity"
semantic_dense,semantic,dense,mistral,Does blood pressure change in treated hypertensive patients depending on whether it is measured by a physician or a nurse?,yes,yes,1,1,success,"To determine whether there are differences between blood pressure (BP) measured by the nurse (NBP), BP measured by the physician (PBP) and self-measured BP in treated hypertensive patients and, if found, to evaluate their clinical importance. The difference between physician-systolic BP and nurse-systolic BP was 5.16 mmHg (95% CI 2.62-7.7; p<0.001). The difference between physician-systolic BP and self-measured systolic BP was 4.67 mmHg (95% CI 0.89-8.44; p=0.016). This trend was particularly pronounced in patients suffering from hypertension (p = 0.1). Blood pressure and standardized questionnaires addressing side effects were evaluated during treatment. Although consensus guidelines for pretreatment evaluation and monitoring of propranolol therapy in patients with infantile hemangiomas (IH) have been formulated, little is known about the cardiovascular side effects.","Yes

Justification: The difference between physician-systolic BP and nurse-systolic BP was statistically significant (p<0.001), indicating a change in blood pressure measurement depending on who is measuring it"
semantic_dense,semantic,dense,mistral,Treadmill testing of children who have spina bifida and are ambulatory: does peak oxygen uptake reflect maximum oxygen uptake?,yes,maybe,0,1,generation_failure,")Vo(2)max) in children who have spina bifida and are ambulatory. )Vo(2)peak) in children with spina bifida. )Vo(2)peak measurements was evaluated by use of previously described guidelines for maximum exercise testing in children who are healthy, as well as differences between Vo(2)peak and (. We sought to determine whether patients with obstructive sleep apnea (OSA) had an objective change in aerobic fitness during cycle ergometry compared to a normal population. These results apply to children who have spina bifida and are at least community ambulatory.","Maybe

Justification: The context does not explicitly state that peak oxygen uptake reflects maximum oxygen uptake in children with spina bifida and are ambulatory. However, it is mentioned that Vo(2)peak"
semantic_dense,semantic,dense,mistral,Is the probability of prenatal diagnosis or termination of pregnancy different for fetuses with congenital anomalies conceived following assisted reproductive techniques?,no,maybe,0,1,generation_failure,"To compare the probability of prenatal diagnosis (PND) and termination of pregnancy for fetal anomaly (TOPFA) between fetuses conceived by assisted reproductive techniques (ART) and spontaneously-conceived fetuses with congenital heart defects (CHD). The objective of the study was to determine whether risk of recurrent preterm birth differs based on the clinical presentation of a prior spontaneous preterm birth (SPTB): advanced cervical dilatation (ACD), preterm premature rupture of membranes (PPROM), or preterm labor (PTL). Comparison of ART-conceived and spontaneously conceived fetuses taking into account potential confounders (maternal characteristics, multiplicity and year of birth or TOPFA). Probability and gestational age at PND and TOPFA for ART-conceived versus spontaneously conceived fetuses. Review of the literature yielded estimates of the risk of adverse fertility outcomes ranging from 1.6 (95% confidence interval [CI] 1.1 to 2.5) for ectopic pregnancy after an appendectomy to 4.8 (95% CI 1.5 to 14.9) for tubal infertility from perforation of the appendix.","Maybe

Justification: The context provides a study objective to compare the probability of prenatal diagnosis (PND) and termination of pregnancy for fetal anomaly (TOPFA) between fetuses conceived by assisted reproductive"
semantic_dense,semantic,dense,mistral,Is there a relationship between complex fractionated atrial electrograms recorded during atrial fibrillation and sinus rhythm fractionation?,no,yes,0,1,generation_failure,"Both ablation-targeting complex fractionated atrial electrograms (CFAEs) recorded during AF and fractionated electrograms recorded during sinus rhythm (sinus rhythm fractionation [SRF]) have been described. This study sought to evaluate mutations in genes encoding the slow component of the cardiac delayed rectifier K+ current (I(Ks)) channel in familial atrial fibrillation (AF). Twenty patients (age 62 ± 9 years, 13 males) with persistent AF and 9 control subjects without organic heart disease or AF (age 36 ± 6 years, 4 males) underwent detailed CFAE and SRF left atrial electroanatomic maps. Subanalyses were performed for defects that have been associated with FA in non-DS populations (conotruncal, ventricular septal [VSD]) and for those that are associated with DS (ostium secundum type atrial septal defects [ASD]and endocardial cushion defects [ECD]). Ablation of persistent atrial fibrillation (AF) may require adjunctive methods of substrate modification.","Yes

Justification: The context mentions that both complex fractionated atrial electrograms recorded during AF and fractionated electrograms recorded during sinus rhythm have been described ([1])."
semantic_dense,semantic,dense,mistral,Does rural or urban residence make a difference to neonatal outcome in premature birth?,yes,yes,1,1,success,"Perinatal characteristics, major morbidity and case mix adjusted mortality were compared between 1879 rural and 6775 urban infants<32 weeks gestational age, born in 1992-2002 and admitted to all 10 neonatal intensive care units in NSW and ACT. Patients living in rural areas may be at a disadvantage in accessing tertiary health care.AIM: To test the hypothesis that very premature infants born to mothers residing in rural areas have poorer outcomes than those residing in urban areas in the state of New South Wales (NSW) and the Australian Capital Territory (ACT) despite a coordinated referral and transport system. Regional birth data in this gestational age range also showed a higher stillbirth rate among rural infants (OR 1.20, 95% CI 1.09 to 1.32, p<0.001). Infants of rural residence had a higher mortality (adjusted odds ratio (OR) 1.26, 95% confidence interval (CI) 1.07 to 1.48, p = 0.005). The objective of the study was to determine whether risk of recurrent preterm birth differs based on the clinical presentation of a prior spontaneous preterm birth (SPTB): advanced cervical dilatation (ACD), preterm premature rupture of membranes (PPROM), or preterm labor (PTL).","Yes

Justification: Infants of rural residence had a higher mortality (adjusted odds ratio (OR) 1.26, 95% confidence interval (CI) 1.07 to 1.48"
semantic_dense,semantic,dense,mistral,Is the use of cyanoacrylate in intestinal anastomosis a good and reliable alternative?,yes,maybe,0,1,generation_failure,"Intestinal anastomosis was performed by polyglactin 910 sutures in A subgroups and with ethyl-2-cyanoacrylate in B subgroups. The present study aims to compare strength, healing, and operation time of experimental intestinal anastomoses performed by polyglactin 910 (Vicryl; Ethicon, Edinburgh, United Kingdom) sutures with ethyl-2-cyanoacrylate glue (Pattex; Henkel, Dusseldorf, Germany). To determine whether post-operative administration of topical ropivacaine hydrochloride decreases morbidity following adenotonsillectomy. Four groups were determined (rectal, rectosigmoid, long segment, and absence of transition zone) and by Kappa coefficient of agreement correlated to the length of aganglionosis in the pathological report. Our objective in this study was to determine whether the decision to manage a contralateral hydrocele in cases of neonatal testicular torsion solely through a scrotal approach is safe and effective.","Maybe

Justification: The study compares the strength, healing, and operation time of intestinal anastomoses performed by polyglactin 910 sutures with ethyl-2-cyanoacrylate"
semantic_dense,semantic,dense,mistral,Is trabecular bone related to primary stability of miniscrews?,yes,maybe,0,1,generation_failure,"To compare the primary stability of miniscrews inserted into bone blocks of different bone mineral densities (BMDs) with and without cortical bone, and investigate whether some trabecular properties could influence primary stability. Miniscrews 1.4 mm in diameter and 6 mm long were inserted into the bone blocks, and primary stability was evaluated by insertion torque (IT), mini-implant mobility (PTV), and pull-out strength (PS). Specimens were micro-computed tomography imaged to evaluate trabecular thickness, trabecular number, trabecular separation, bone volume density (BV/TV), BMD, and cortical thickness. The proper angle of miniscrew insertion is important for cortical anchorage, patient safety, and biomechanical control. To test this hypothesis, knee kinematics and quadriceps tension were recorded before and after replacement with a unicompartmental design and then with a tricompartmental design.","Maybe

Justification: The study compares the primary stability of miniscrews in bone blocks of different BMDs and investigates trabecular properties, suggesting a potential relationship between them ([1]). However, the study does not"
semantic_dense,semantic,dense,mistral,"Is there any evidence of a ""July effect"" in patients undergoing major cancer surgery?",no,maybe,0,1,generation_failure,"There has been some evidence supporting the presence of the July effect, including data from surgical specialties. On univariate analysis, the overall postoperative complication rate, as well as genitourinary and hematologic complications specifically, was higher in July than the rest of the year. However, on multivariate analysis, only hematologic complications were significantly higher in July, with no difference in overall postoperative complication rate or in-hospital mortality for all 8 surgeries considered separately or together. This retrospective cohort review examines the effects of regional anesthesia (from mainly after July 2007) vs general anesthesia (mainly prior to July 2007) on morbidity, mortality and hospitalization costs. We review our results on surgical treatment of patients with stage I non-small cell lung carcinoma and we attempted to clarify the prognostic significance of some surgical--pathologic variables. Univariate analyses and subsequently multivariate analyses, controlling for patient and hospital characteristics, were performed to identify whether the time of surgery was an independent predictor of outcome after major cancer surgery.","Maybe

Justification: The text mentions that the July effect was examined in the context of surgical treatment of patients with stage I non-small cell lung carcinoma ([4]), but the results are not explicitly stated in the provided"
semantic_dense,semantic,dense,mistral,Is it necessary to insert a nasobiliary drainage tube routinely after endoscopic clearance of the common bile duct in patients with choledocholithiasis-induced cholangitis?,no,maybe,0,1,generation_failure,"Little is known about whether a routinely inserted endoscopic nasobiliary drainage (ENBD) tube improves the clinical course in patients with choledocholithiasis-induced acute cholangitis after clearance of choledocholithiasis. A total of 104 patients with choledocholithiasis-induced acute cholangitis who underwent primary endoscopic treatment were compared according to insertion of an ENBD tube (51 in the ENBD group and 53 in the no-ENBD group). The aim of this study was to investigate the need for ENBD on the clinical outcomes of patients with acute cholangitis undergoing endoscopic clearance of common bile duct (CBD) stones. Insertion of an ENBD tube after clearance of CBD stones. We have previously reported the feasibility of diagnostic and therapeutic peritoneoscopy including liver biopsy, gastrojejunostomy, and tubal ligation by an oral transgastric approach.","Maybe

Justification: The study aims to investigate the need for ENBD on the clinical outcomes of patients with acute cholangitis undergoing endoscopic clearance of common bile duct stones, suggesting that the necessity of"
semantic_dense,semantic,dense,mistral,Storage of vaccines in the community: weak link in the cold chain?,maybe,yes,0,1,generation_failure,"To assess quality of storage of vaccines in the community. Of the 40 respondents, only 16 were aware of the appropriate storage conditions for the vaccines; eight had minimum and maximum thermometers but only one of these was monitored daily. In six of the eight practices selected for monitoring of refrigeration temperatures the vaccines were exposed to either subzero temperatures (three fridges) or temperatures up to 16 degrees C (three). Adherence to Department of Health guidelines for vaccine storage, temperature range to which vaccines were exposed over two weeks. Identified 4 clusters: Potentials (45%) would receive influenza vaccine to prevent disease; Fearful Uninformeds (9%) were unsure if influenza vaccine causes illness; Doubters (27%) were unsure if vaccine is efficacious; Misinformeds (19%) believed influenza vaccine causes illness. Questionnaire survey of general practices and child health clinics, and monitoring of storage temperatures of selected refrigerators.","Yes

Justification: The vaccines were exposed to either subzero temperatures or temperatures up to 16 degrees C in six of the eight practices selected for monitoring of refrigeration temperatures (context [2])."
semantic_dense,semantic,dense,mistral,Is the clinically positive axilla in breast cancer really a contraindication to sentinel lymph node biopsy?,no,maybe,0,1,generation_failure,"Clinically positive axillary nodes are widely considered a contraindication to sentinel lymph node (SLN) biopsy in breast cancer, yet no data support this mandate. Clinical examination of the axilla was inaccurate in 41% of patients (43 of 106) overall, and was falsely positive in 53% of patients (33 of 62) with moderately suspicious nodes and 23% of patients (10 of 44) with highly suspicious nodes. In fact, data from the era of axillary lymph node dissection (ALND) suggest that clinical examination of the axilla is falsely positive in as many as 30% of cases. Here we report the results of SLN biopsy in a selected group of breast cancer patients with palpable axillary nodes classified as either moderately or highly suspicious for metastasis. Among 2,027 consecutive SLN biopsy procedures performed by two experienced surgeons, clinically suspicious axillary nodes were identified in 106, and categorized as group 1 (asymmetric enlargement of the ipsilateral axillary nodes moderately suspicious for metastasis, n = 62) and group 2 (clinically positive axillary nodes highly suspicious for metastasis, n = 44).","Maybe

Justification: The provided context suggests that clinical examination of the axilla can be falsely positive in as many as 30% of cases, and in this specific study, it was falsely positive in 23% of"
semantic_dense,semantic,dense,mistral,Convulsions and retinal haemorrhage: should we look further?,yes,yes,1,1,success,"The prevalence of retinal haemorrhages after convulsions is not well established. One child was found with unilateral retinal haemorrhages following an episode of a simple febrile convulsion. As these haemorrhages are considered characteristic of child abuse, we investigated their occurrence after convulsive episodes to see whether the finding of haemorrhage should prompt further investigation. After a thorough history and physical examination, a retinal examination was performed by an ophthalmologist. In each one of these cases the improvement in visual acuity could not be attributed to treatment of other existing pathology.","Yes

Justification: The context mentions that retinal haemorrhages were found in a child after an episode of a simple febrile convulsion, and further investigation was deemed necessary due to the potential association with child abuse."
semantic_dense,semantic,dense,mistral,Are patients willing participants in the new wave of community-based medical education in regional and rural Australia?,yes,yes,1,1,success,"Patients attending six rural and 11 regional general practices in New South Wales over 18 teaching sessions in November 2008, who consented to student involvement in their consultation. Patient perceptions, expectations and acceptance of medical student involvement in consultations, assessed by surveys before and after their consultations. Community-based medical education is growing to meet the increased demand for quality clinical education in expanded settings, and its sustainability relies on patient participation. This study investigated patients' views on being used as an educational resource for teaching medical students. Educational opportunities for medical undergraduate programmes are being sought in the day surgery environment. Our study was undertaken to explore ways in which senior medical students can actively contribute to the QA processes as part of an undergraduate day surgery educational programme.","Yes

Justification: The study was undertaken to explore patients' views on being used as an educational resource for teaching medical students, indicating that patients were willing participants in the new wave of community-based medical education in regional and rural Australia ("
semantic_dense,semantic,dense,mistral,Can Flexible Instruments Create Adequate Femoral Tunnel Lengths at 90° of Knee Flexion in Anterior Cruciate Ligament Reconstruction?,yes,yes,1,1,success,"This study aims to study femoral tunnel lengths drilled with a flexible reamer and the distance to important lateral structures obtained by flexing the knee at various angles and by drilling the guide pins arthroscopically to resemble clinical practice. The purpose of this cadaveric study was twofold: 1. to determine whether femoral tunnel lengths of greater than 20 mm can be created with a flexible reamer system at 90 ° of knee flexion and 2. to determine whether the lateral structures of the knee are safe with this technique. Reconstructing the natural joint line in knee revision surgery improves clinical and functional outcome but may be challenging when both cartilage and bone were removed during previous operations. To test this hypothesis, knee kinematics and quadriceps tension were recorded before and after replacement with a unicompartmental design and then with a tricompartmental design. Six human cadaver knees were tested before implantation, after implantation with a bicruciate-retaining unicompartmental knee prosthesis, and after implantation with a posterior cruciate-retaining tricompartmental knee prosthesis. Unicompartmental replacement can be an alternative to tibial osteotomy in younger, active patients with unicompartmental knee disease.","Yes

Justification: The study aims to determine whether femoral tunnel lengths of greater than 20 mm can be created with a flexible reamer system at 90° of knee flexion (context [1])."
semantic_dense,semantic,dense,mistral,Quality of life in lung cancer patients: does socioeconomic status matter?,yes,maybe,0,1,generation_failure,"As part of a prospective study on quality of life in newly diagnosed lung cancer patients an investigation was carried out to examine whether there were differences among patients' quality of life scores and their socioeconomic status. The aim of this prognostic factor analysis was to investigate if a patient's self-reported health-related quality of life (HRQOL) provided independent prognostic information for survival in non-small cell lung cancer (NSCLC) patients. Quality of life was measured at two points in time (baseline and three months after initial treatment) using three standard instruments; the Nottingham Health Profile (NHP), the European Organization for Research and Cancer Treatment Quality of Life Questionnaire (EORTC QLQ-C30) and its lung cancer supplement (QLQ-LC13). Prognostic significance of the following independent variables was tested using univariate (log-rank) and multivariate (Cox proportional-hazards) analysis: type of resection (sublobar vs lobectomy vs pneumonectomy), histology (squamous cell vs adenocarcinoma), tumour size (<or=3cm vs>3cm), histologic vascular invasion, visceral pleura involvement, positive bronchial resection margin, general T status. Results were then correlated with socio-economic status measured by the percentage of habitants living below the poverty level.","Maybe

Justification: The context mentions that the study investigated differences among patients' quality of life scores and their socioeconomic status, but it does not provide conclusive evidence that socioeconomic status directly affects quality of life in"
semantic_dense,semantic,dense,mistral,Are Biochemical Markers of Bone Turnover Representative of Bone Histomorphometry in 370 Postmenopausal Women?,maybe,no,0,1,generation_failure,A total of 371 untreated postmenopausal osteoporotic women aged 50 to 84 years with a lumbar T-score ≤ -2.5 SD or ≤ -1 SD with at least one osteoporotic fracture. The levels of bone formation and resorption can be assessed at the tissue level by bone histomorphometry on transiliac bone biopsies. Our aim was to investigate the correlations between the serum biochemical markers of formation and resorption with histomorphometric parameters. Systemic biochemical markers of bone turnover reflect the overall bone formation and resorption at the level of the entire skeleton but cannot discriminate the different skeletal compartments. The static and dynamic parameters of formation and bone resorption were measured by histomorphometry.,"No.

Justification: Biochemical markers of bone turnover reflect the overall bone formation and resorption at the level of the entire skeleton, while histomorphometry measures these parameters specifically at the tissue level in the trans"
semantic_dense,semantic,dense,mistral,Should early extubation be the goal for children after congenital cardiac surgery?,yes,yes,1,1,success,"We sought to determine the feasibility and assess the clinical outcomes associated with an early extubation strategy for all children undergoing congenital heart surgery, including neonates (age,<30 days). Early extubation was associated with lower mortality (1% vs 9%, P<.001) and a lower rate of reintubation (4% vs 23%, P<.001) compared with delayed extubation. Notably, 63% of the neonates were extubated within 24 hours, including 67% of arterial switch operations and 54% of total anomalous pulmonary venous return repairs. Our objective in this study was to determine whether the decision to manage a contralateral hydrocele in cases of neonatal testicular torsion solely through a scrotal approach is safe and effective. The purpose of this study was to delineate early respiratory predictors of mortality in children with hemato-oncology malignancy who developed acute respiratory distress syndrome (ARDS).","Yes

Justification: The study shows that early extubation was associated with lower mortality and a lower rate of reintubation compared with delayed extubation ([2])."
semantic_dense,semantic,dense,mistral,Does delivery mode affect women's postpartum quality of life in rural China?,no,maybe,0,1,generation_failure,"To explore the impact of delivery mode on women's postpartum quality of life in rural China and probe factors influencing postnatal quality of life. Under the circumstance of increasing high caesarean section rate in rural China, the impact of delivery mode on postnatal quality of life remains unclear. The scale for rural postnatal quality of life was adopted to assess postnatal quality of life from six dimensions: physical complaints and pain, sleep and energy, sex satisfaction, interpersonal communication, self-evaluated living stress and perceived life satisfaction. A structured questionnaire was used to evaluate women's socio-demographic characteristics, previous pregnant experiences, foetal characteristics and use of maternal health services. Women residing in rural areas and in their 0-12 months after childbirth from 30 rural townships participated in a household survey.","Maybe

Justification: The study aims to explore the impact of delivery mode on women's postpartum quality of life in rural China, but the results are not yet presented in the provided context."
semantic_dense,semantic,dense,mistral,Menopausal hormone therapy and irregular endometrial bleeding: a potential role for uterine natural killer cells?,yes,yes,1,1,success,"The main objective of this study was to explore the role of uterine natural killer (uNK) cells and their regulatory cytokine IL-15 in irregular bleeding in HT users. The relationship between endometrial uNK cells (CD56+) and bleeding patterns was measured. We also addressed the impact of HT exposure on uNK cell populations, the relationship between endometrial IL-15 expression and uNK cell populations, and killer Ig like receptor genotype in subjects with irregular bleeding. Irregular bleeding affects many users of combined menopausal hormone therapy (HT) and commonly leads to invasive and expensive investigations to exclude underlying malignancy. Endometrial CD56+ uNK cells were significantly increased in biopsies obtained during bleeding episodes (P<0.001), compared with HT users with no bleeding. The outcomes were analyzed with respect to antral follicle assessment (<or = 6 or>6), basal cycle day 3 follicle stimulated hormone (<or = 10 or>10 IU/L) and maternal age (<or = 35 or>35 years).","Yes

Justification: The study explores the role of uterine natural killer (uNK) cells and their regulatory cytokine IL-15 in irregular bleeding in HT users, and finds that endometrial CD"
semantic_dense,semantic,dense,mistral,Percutaneous ethanol injection for benign cystic thyroid nodules: is aspiration of ethanol-mixed fluid advantageous?,no,maybe,0,1,generation_failure,"We evaluated the differences between percutaneous ethanol injection with and without aspiration of ethanol-mixed fluid for treatment of benign cystic thyroid nodules. We examined 60 patients with benign cystic thyroid nodules confirmed by fine-needle aspiration biopsy and divided them into 2 groups according to nonaspiration (group A, n = 30) or aspiration (group B, n = 30) of ethanol-mixed fluid after intracystic ethanol injection. To investigate whether prepuncture ultrasound evaluation of vascular anatomy facilitates internal jugular vein cannulation compared with landmark-guided puncture. Little is known about whether a routinely inserted endoscopic nasobiliary drainage (ENBD) tube improves the clinical course in patients with choledocholithiasis-induced acute cholangitis after clearance of choledocholithiasis. The use of three-dimensional (3D) ultrasound may help to determine the exact position of the needle during breast biopsy, thereby reducing the number of core samples that are needed to achieve a reliable histological diagnosis. The aim of this study was to demonstrate the efficacy of 3D ultrasound-validated large-core needle biopsy (LCNB) of the breast.","Maybe

Justification: The study compared the effects of percutaneous ethanol injection with and without aspiration of ethanol-mixed fluid, but it did not explicitly state whether aspiration was advantageous. The study was designed"
semantic_dense,semantic,dense,mistral,Can the growth rate of a gallbladder polyp predict a neoplastic polyp?,no,no,1,1,success,"Neoplastic polyps were more frequently found in patients older than 60 years, those with hypertension, a polyp size greater than 10 mm, and a rapid growth rate greater than 0.6 mm/mo. On multivariate analysis, however, the growth rate was not related to the neoplastic nature of a polyp, but older age (>60 y) and large size (>10 mm) were significantly associated with neoplastic polyps. It often mimics a gallbladder carcinoma (GBC), and may coexist with GBC, leading to a diagnostic dilemma. However, there are no treatment guidelines for polyps that grow in size during the follow-up period.STUDY: We retrospectively investigated 145 patients with GB polyps who underwent at least 1 ultrasonographic follow-up examination over an interval greater than 6 months, before cholecystectomy at Samsung medical center, South Korea, from 1994 to 2007. Xanthogranulomatous cholecystitis (XGC) is an uncommon variant of chronic cholecystitis, characterized by marked thickening of the gallbladder wall and dense local adhesions. Sections from paraffin-embedded blocks of surgically resected specimens of GBC (69 cases), XGC (65), chronic cholecystitis (18) and control gallbladder (10) were stained with the monoclonal antibodies to p53 and PCNA, and a polyclonal antibody to beta-catenin.","No

Justification: In the provided context, it is stated that on multivariate analysis, the growth rate was not related to the neoplastic nature of a polyp ([1])."
semantic_dense,semantic,dense,mistral,Are performance measurement systems useful?,yes,yes,1,1,success,"Prior literature identified the use of Performance Measurement Systems (PMS) as crucial in addressing improved processes of care. The aim of this study was to assess the reproducibility of different measurement methods and define the most workable technique for measuring head and neck paragangliomas, to determine the best method for evaluating tumour growth. Moreover, a strategic use of PMS has been found to enhance quality, compared to non-strategic use, although a clear understanding of this linkage is still to be achieved. This paper deals with the test of direct and indirect models related to the link between the strategic use of PMS and the level of improved processes in health care organizations. The aim of our study was to identify electrophysiological parameters, by means of a transcranial magnetic stimulation approach, which might potentially express the presence of residual networks sustaining fragmentary behavioral patterns, even when no conscious behavior can be observed. This study investigates whether the public value safety-related health care improvements more highly than the same improvements in contexts where the health care system is not responsible.","Yes

Justification: The provided context states that performance measurement systems (PMS) are crucial in addressing improved processes of care (context [1])."
semantic_dense,semantic,dense,mistral,Does para-cervical block offer additional advantages in abortion induction with gemeprost in the 2nd trimester?,yes,maybe,0,1,generation_failure,"Since paracervical anaesthesia may be useful during this procedure, we investigated in this prospective randomised study its impact on the clinical course of abortion and pain especially in the late first and second stage of labour. The intervals from the last application of prostaglandin until abortion and from 3 cm cervical dilatation to abortion were slightly, but not significantly shorter in the paracervical anaesthesia group. In the group without paracervical anaesthesia the median induction to abortion interval was 20 hours (range: 8-44 hours), 13 hours (range: 8-36 hours, NS) resulting for the paracervical anaesthesia group. 20 women scheduled for elective abortion (fetal reasons) between the 16th and 23rd week of gestation were to be given 1 mg gemeprost vaginally every 6 hours. They were allocated at random: 10 women received only Pethidin intravenously and Butylscopolamine rectally, another 10 women were additionally treated by paracervical anaesthesia (2 x 10 ml 0.5% Bupivacain solution) at a cervical dilatation of 2-3 cm.","Maybe

Justification: The intervals from the last application of prostaglandin until abortion were slightly shorter in the paracervical anaesthesia group, but the difference was not statistically significant. This suggests that paracerv"
semantic_dense,semantic,dense,mistral,Does insulin resistance drive the association between hyperglycemia and cardiovascular risk?,yes,maybe,0,1,generation_failure,"We examined whether associations between hyperglycemia and CVD risk were explained by underlying insulin resistance. Insulin sensitivity was measured as the glucose infusion rate during a euglycemic hyperinsulinemic clamp, body fat percentage was measured by dual X-ray absorptiometry, and CVD risk was estimated using the Framingham risk score. Associations of fasting plasma glucose, 2-hour plasma glucose, insulin sensitivity and body fat percentage with the Framingham risk score were assessed in linear regression models. A total of 12 537 participants with dysglycaemia and high CV-risk were randomized to basal insulin glargine titrated to a fasting glucose of ≤ 5.3 mmol/L (95 mg/dL) or standard glycaemic care. Epidemiologic studies have suggested that hypertriglyceridemia and insulin resistance are related to the development of colon cancer. Impaired fasting glucose (IFG) below the diagnostic threshold for diabetes mellitus (DM) is associated with macrovascular pathology and increased mortality after percutaneous coronary interventions.","Maybe

Justification: The context suggests that the study examined the association between hyperglycemia and cardiovascular risk in relation to insulin resistance, but it does not definitively conclude that insulin resistance drives the association. Instead,"
semantic_dense,semantic,dense,mistral,Are there risk factors that increase the rate of staple line leakage in patients undergoing primary sleeve gastrectomy for morbid obesity?,yes,yes,1,1,success,"Up to 30 % of patients who have undergone laparoscopic sleeve gastrectomy require revision surgery for inadequate weight loss, weight regain, and/or the development of severe upper gastrointestinal symptoms. For the current analysis, all patients that had undergone primary sleeve gastrectomy for morbid obesity within a 7-year period were considered. Male gender, higher BMI, concomitant sleep apnea, conversion to laparotomy, longer operation time, use of both buttresses and oversewing, and the occurrence of intraoperative complications were associated with a significantly higher leakage rate. Laparoscopic sleeve gastrectomy (LSG) is currently being performed with increasing frequency worldwide. Intestinal anastomosis was performed by polyglactin 910 sutures in A subgroups and with ethyl-2-cyanoacrylate in B subgroups.","Yes

Justification: The provided context mentions that male gender, higher BMI, concomitant sleep apnea, conversion to laparotomy, longer operation time, use of both buttresses and oversewing, and the"
semantic_dense,semantic,dense,mistral,Chronic functional somatic symptoms: a single syndrome?,no,maybe,0,1,generation_failure,"To identify distinctive features in patients with chronic functional somatic symptoms, and to determine whether these symptoms support the hypothesis of the existence of specific somatic syndromes. In particular, it is unclear whether somatic complaints may heighten the risk for the subsequent development of depressive symptoms. Reliable longitudinal data of patients with functional somatic symptoms in general practice are lacking. Using a questionnaire we investigated in a cross-sectional study the prevalence of pain, duration of pain, impairment and unfitness for work due to pain in 106 patients primarily diagnosed with a psychiatric disorder in the field of general adult psychiatry. In the 10 years before the diagnosis of chronic functional somatic symptoms, significantly more patients than controls presented functional somatic symptoms in at least two body systems, and used more somatic and psychotropic drugs.","Maybe

Justification: The context suggests that chronic functional somatic symptoms may be associated with multiple body systems and the use of multiple types of drugs, which could indicate that they are not a single syndrome but rather a complex of related conditions. However"
semantic_dense,semantic,dense,mistral,"Actinobaculum schaalii, a cause of urinary tract infections in children?",maybe,yes,0,1,generation_failure,"In addition, A. schaalii was found in quantities equivalent to ≥ 10(6) CFU/mL by both culture and PCR in two children with a urinary tract infection and large numbers of leucocytes in the urine. Urine samples were examined by wet smear microscopy, incubated in 5% CO(2) for 1-2 days, and species-specific real-time polymerase chain reaction (PCR) for A. schaalii was performed. To understand the effect of past group A streptococcal infection on MS, antistreptolysin O (ASO) and antideoxyribonuclease B (ADNase B) were measured in 21 patients with relapsing-remitting MS and 21 healthy blood donors by nephelometric assay. To determine whether the host immune response to gonorrhoea provides limited serovar specific protection from reinfection. Although the mechanisms of inducting autoimmunity by some of the infectious agents have been investigated, there is not yet enough research on streptococcal infections.MATERIAL/","Yes

Justification: The context states that Actinobaculum schaalii was found in quantities equivalent to ≥ 10(6) CFU/mL by both culture and PCR in two children with a urinary"
semantic_dense,semantic,dense,mistral,Prevalence of chronic conditions among Medicare Part A beneficiaries in 2008 and 2010: are Medicare beneficiaries getting sicker?,yes,yes,1,1,success,"Medicare Part A beneficiaries had more chronic conditions on average in 2010 than in 2008. Medicare beneficiaries who have chronic conditions are responsible for a disproportionate share of Medicare fee-for-service expenditures. The objective of this study was to analyze the change in the health of Medicare beneficiaries enrolled in Part A (hospital insurance) between 2008 and 2010 by comparing the prevalence of 11 chronic conditions. We conducted descriptive analyses using the 2008 and 2010 Chronic Conditions Public Use Files, which are newly available from the Centers for Medicare and Medicaid Services and have administrative (claims) data on 100% of the Medicare fee-for-service population. The deterioration of average health was due to other chronic conditions: chronic kidney disease, depression, diabetes, osteoporosis, rheumatoid arthritis/osteoarthritis.","Yes

Justification: The deterioration of average health was due to other chronic conditions: chronic kidney disease, depression, diabetes, osteoporosis, rheumatoid arthritis/osteoarthrit"
semantic_dense,semantic,dense,mistral,Does successful completion of the Perinatal Education Programme result in improved obstetric practice?,no,maybe,0,1,generation_failure,"To determine whether successful completion of the Perinatal Education Programme (PEP) improves obstetric practice. To assess the extent to which the title and font of participant information sheets (PISs) can influence pregnant women's and trainee midwives' perceptions of an antenatal intervention. We ascertained whether the obstetric history, syphilis testing, blood group testing, haemoglobin measurement and uterine growth assessment were performed during antenatal care along with whether appropriate action was taken. For intrapartum care, estimation of fetal weight, the performance of pelvimetry, blood pressure monitoring, urine testing, evaluation of head above pelvis, fetal heart rate monitoring, monitoring of contractions and plotting of cervical dilatation, and whether the appropriate actions were taken, were assessed. The objective of the study was to determine whether risk of recurrent preterm birth differs based on the clinical presentation of a prior spontaneous preterm birth (SPTB): advanced cervical dilatation (ACD), preterm premature rupture of membranes (PPROM), or preterm labor (PTL). The goal is to evaluate the epidural acceptance and penetration into hospital practice by women and care givers and safety and efficacy during childbirth.","Maybe

Justification: The context does not provide direct evidence of improved obstetric practice resulting from the successful completion of the Perinatal Education Programme. However, it does suggest that the programme aims to improve obstetric practice ([1])."
semantic_dense,semantic,dense,mistral,Do patients with localized prostate cancer treatment really want more aggressive treatment?,no,maybe,0,1,generation_failure,"Examine whether patients with prostate cancer choose the more aggressive of two radiotherapeutic options, whether this choice is reasoned, and what the determinants of the choice are. To analyze, retrospectively, the patterns and behavior of metastatic lesions in prostate cancer patients treated with external beam radiotherapy and to investigate whether patients with<or =5 lesions had an improved outcome relative to patients with>5 lesions. One hundred fifty patients with primary prostate cancer (T(1-3)N(0)M(0)) were informed by means of a decision aid of two treatment options: radiotherapy with 70 Gy versus 74 Gy. There were no significant differences between the two groups in terms of cancer detection, clinical or pathological stage, but the si-PSA group with cancer had a higher Gleason score. Separate models were explored in men with prostate cancer censored at diagnosis, for percent body fat measurements, for weight changes with time and adjusting for initial prostate size in 483 men (2,523 observations) with pelvic magnetic resonance imaging measurements.","Maybe

Justification: The context mentions that patients were informed of two treatment options, one more aggressive than the other (70 Gy versus 74 Gy), but it does not explicitly state that all patients chose the more aggressive option,"
semantic_dense,semantic,dense,mistral,Does music influence stress in mechanically ventilated patients?,no,yes,0,1,generation_failure,"The purpose of this study was to explore the influence of music on stress in a sample of patients over the duration of ventilatory support.RESEARCH METHODOLOGY/ Randomised controlled trial; randomised patients (56.8+16.9 years, 61% male, APACHE III 57.2+18.3) receiving ventilatory support to: (1) patient-directed music (PDM) where patients self-initiated music listening whenever desired from a preferred collection, (2) headphones only to block ICU noise, or (3) usual ICU care. Mechanically ventilated patients experience profound stress. We collected data on the cardiac diagnoses, preoperative status, procedure, and postoperative course, including the duration of invasive and noninvasive ventilation, failure of extubation, hemodynamic data, length of stay, complications, and mortality. Thirty-four subjects (mean age 55 years, body mass index 34 kg/m 2 , fasting triglycerides 3.5 mmol/L) with diagnosed sleep apnoea syndrome not treated with continuous positive airways pressure were enrolled and randomized to once daily treatment with fenofibrate (145 mg NanoCrystal(R) tablet) or placebo.","Yes

Justification: The study was designed to explore the influence of music on stress in mechanically ventilated patients, and it was found that patients who self-initiated music listening experienced less stress (patient-directed music group)"
semantic_dense,semantic,dense,mistral,Does reducing spasticity translate into functional benefit?,yes,maybe,0,1,generation_failure,"Although botulinum toxin is used to reduce spasticity, its functional benefits are less easily demonstrated. In 26 patients the improvement in spasticity preceded the improvement in function with 18 showing the reverse. There was a clear relationship between the changes in spasticity and in arm function in patients treated with botulinum toxin (Dysport) at 500 or 1000 units (rho = -0.5679, p = 0.0090, n = 22; rho = -0.4430, p = 0.0018, n = 47), but not in those treated with placebo or 1500 units. This paper reports an exploratory meta-analysis to investigate the relationship between reduced arm spasticity and improved arm function. In primary and secondary prevention trials, statins have been shown to reduce the risk of stroke. In addition to lipid lowering, statins have a number of antiatherothrombotic and neuroprotective properties.","Maybe

Justification: The study shows a relationship between reduced spasticity and improved arm function in patients treated with botulinum toxin, but not in all cases (only when treated with 500 or 100"
semantic_dense,semantic,dense,mistral,Is the holmium:YAG laser the best intracorporeal lithotripter for the ureter?,yes,maybe,0,1,generation_failure,"To study the efficiency and safety of holmium:YAG laser lithotripsy for ureteral stones. A series of 188 patients with 208 ureteral stones were treated with semirigid ureteroscopy and holmium:YAG laser lithotripsy from January 2003 to December 2005. To evaluate the efficacy of extracorporeal shock wave lithotripsy (SWL) on lower calyceal calculi in relation to the renal anatomical factors and determine which of these factors can be used to select patients who will benefit from SWL. Variables recorded included age, sex, type of procedure, surgical diagnosis, passive or active dilatation, number of stones, stone location, stone diameter, peroperative and postoperative complications, internal urinary diversion after the procedure, therapeutic success rate, operating time, and hospital stay duration. The success of the treatment, removal of all fragments, was correlated with renal anatomical factors measured in the pre-treatment intravenous urography: infundibulopelvic angle, lower infundibulum width, lower infundibulum length, ratio length/width, infundibulum height, and number of minor calyces in the lower calyceal group.","Maybe

Justification: The context does not directly compare the holmium:YAG laser to other intracorporeal lithotripters for the ureter, so it cannot be definitively stated that it is the best"
semantic_dense,semantic,dense,mistral,Metered-dose inhalers. Do health care providers know what to teach?,no,maybe,0,1,generation_failure,"The specific aim of this investigation was to evaluate the proficiency of health care providers and patients in the proper use of metered-dose inhalers. Health care providers, which include house staff, nurses, and respiratory care practitioners who provide care to patients with asthma in the primary general medicine clinic or the pulmonary medicine clinic of a university-county hospital in which patients were referred, were surveyed and assigned a performance score regarding the knowledge base of the appropriate use of metered-dose inhalers. Patients who attended the primary care general medicine and pulmonary subspecialty clinic were also assessed as to their proficiency in the use of metered-dose inhalers. A significant percentage of patients had a poor understanding of the technique used with the metered-dose inhaler. This study investigated patients' views on being used as an educational resource for teaching medical students. House staff and nursing staff were also less proficient in the proper use of the metered-dose inhaler.","Maybe

Justification: Health care providers, including house staff and nurses, were surveyed and assigned a performance score regarding the knowledge base of the appropriate use of metered-dose inhalers, but their proficiency was found to be"
semantic_dense,semantic,dense,mistral,Does the bracket-ligature combination affect the amount of orthodontic space closure over three months?,no,maybe,0,1,generation_failure,"To investigate the effect of bracket-ligature combination on the amount of orthodontic space closure over three months. Informed consent was obtained and participants were randomly allocated into one of three groups: (1) conventional pre-adjusted edgewise brackets and elastomeric ligatures; (2) conventional pre-adjusted edgewise brackets and Super Slick(®) low friction elastomeric ligatures; (3) Damon 3MX(®) passive self-ligating brackets. Seventeen patients, aged 7-54 years (mean of 37.2 year), were treated by pulpotomy and filling with ProRoot MTA(®)  in premolar or molar teeth with vital pulps and without clinical evidence of irreversible pulpitis. The purposes of this study are to report the alveolar process thickness and inter-radicular space in the posterior region of the mandible, to assess the impact of different miniscrew insertion angle protocols, and to identify differences between the genders or types of malocclusion. The primary outcome measure was the mean amount of space closure in a 3-month period.","Maybe

Justification: The study does not compare the same bracket type with different ligature types, so it is not definitive whether the bracket-ligature combination affects the amount of orthodontic space closure over three months."
semantic_dense,semantic,dense,mistral,Health habits and vaccination status of Lebanese residents: are future doctors applying the rules of prevention?,no,maybe,0,1,generation_failure,"This study evaluated the health practices and the vaccination status of first year residents working at the academic hospital Hôtel-Dieu de France. Students made a number of recommendations including the development of multilingual videotapes and patient information sheets for non-English speaking patients, avoidance of bilateral surgical procedures and improved links with local medical officers. The question is, do health behaviors have an impact on the use of medical resources? This study aims to identify and understand the difference in the number of outpatient visits and health examinations based on various health behaviors and to determine whether patients seek medical care for illness from the same physicians. An online survey was conducted to elicit the relative importance placed on preventing harms caused by 1) health care (hospital-acquired infections, drug administration errors, injuries to health care staff), 2) individuals (personal lifestyle choices, sports-related injuries), and 3) nature (genetic disorders). Health care providers, which include house staff, nurses, and respiratory care practitioners who provide care to patients with asthma in the primary general medicine clinic or the pulmonary medicine clinic of a university-county hospital in which patients were referred, were surveyed and assigned a performance score regarding the knowledge base of the appropriate use of metered-dose inhalers. Patients who attended the primary care general medicine and pulmonary subspecialty clinic were also assessed as to their proficiency in the use of metered-dose inhalers.","Maybe

Justification: The context does not provide specific information about the health habits and vaccination status of Lebanese residents, but it does mention the development of recommendations for health practices, including the use of multilingual resources for non-"
semantic_dense,semantic,dense,mistral,Does vaginal intraepithelial neoplasia have the same evolution as cervical intraepithelial neoplasia?,maybe,maybe,1,1,success,"A retrospective study to identify patients with vaginal lesions and synchronous cervical lesions through biopsy. To ascertain wheter vaginal lesions have a natural history similar to cervical lesions.MATERIALS & Vaginal intraepithelial neoplasia is a little known disease which could be related to risk factors different from simple HPV infections. The rate of mild cervical lesions (koilocytosis, warts, CIN I with and without koilocytosis) was compared with the rate of severe cervical lesions (CIN II and III, cervical carcinoma) in patients with mild vaginal lesions (warts and koilocytosis, and low-grade VAIN) and in patients with severe vaginal lesions (high-grade VAIN). Using koilocytosis as a marker, the rate of ""active"" cervical lesions was compared with the rate of ""non active"" cervical lesions in patients with ""active"" versus ""non active"" vaginal lesions. In patients with mild vaginal lesions, mild cervical lesions were significantly more frequent than severe cervical lesions. In patients with ""active"" vaginal lesions the rate of ""active"" cervical lesions was significantly higher than ""non active"" cervical lesions.","Maybe

Justification: The study shows that in patients with mild vaginal lesions, mild cervical lesions are more frequent than severe cervical lesions, and in patients with ""active"" vaginal lesions, the rate"
semantic_dense,semantic,dense,mistral,Should general practitioners call patients by their first names?,yes,maybe,0,1,generation_failure,"To assess the acceptability to patients of the use of patients' first names by doctors and doctors' first names by patients in general practice. Response by patients to questionnaire on attitude to use of first names. Attempts to contact the patients for follow-up, adherence to follow-up recommendations, and patient characteristics were abstracted from medical records. The question is, do health behaviors have an impact on the use of medical resources? This study aims to identify and understand the difference in the number of outpatient visits and health examinations based on various health behaviors and to determine whether patients seek medical care for illness from the same physicians. 475 Patients consulting 30 general practitioners.","Maybe

Justification: The study is about assessing the acceptability of patients to doctors using their first names, not about whether doctors should use first names (Context [1]). However, the study does not find any significant difference in the number"
semantic_dense,semantic,dense,mistral,Transesophageal echocardiographic assessment of left ventricular function in brain-dead patients: are marginally acceptable hearts suitable for transplantation?,yes,maybe,0,1,generation_failure,Echocardiography is now widely available and is a reliable tool to assess left ventricular dysfunction in brain-dead donors. Fractional area change (FAC) was used to assess left ventricular function in potential brain-dead donors. Fifty-five potential brain-dead heart donors (age 38 +/- 11 years) were prospectively evaluated by transesophageal echocardiography (TEE) before harvesting. Yet few data are available on the degree of left ventricular dysfunction where a transplantation is possible. Echocardiography was performed to measure left ventricular mass and left ventricular mass index.,"Maybe

Justification: The study provides data on the assessment of left ventricular function in brain-dead donors, but it does not explicitly discuss the suitability of marginally acceptable hearts for transplantation. However, the study'"
semantic_dense,semantic,dense,mistral,Attenuation of ischemia/reperfusion-induced ovarian damage in rats: does edaravone offer protection?,yes,yes,1,1,success,"Moreover, biochemical measurements of oxidative stress markers (MDA, GSH and TAC) revealed that prophylactic edaravone treatment attenuated oxidative stress induced by I/R injury. Immediately after the reperfusion period, both ovaries were excised for histological scoring, caspase-3 immunohistochemistry and biochemical evaluation including glutathione (GSH) and malondialdehyde (MDA) levels. Administration of different doses of edaravone in rats significantly prevented degenerative changes in the ovary (p<0.0001). Treatment of rats with edaravone reduced caspase-3 expression in a dose-dependent manner. Also, total antioxidant capacity (TAC) was measured in plasma samples to evaluate the antioxidant effect of edaravone.","Yes

Justification: The provided context shows that edaravone treatment attenuated oxidative stress induced by I/R injury, prevented degenerative changes in the ovary, reduced caspase-3 expression, and increased total"
semantic_dense,semantic,dense,mistral,Does the National Institutes of Health Stroke Scale favor left hemisphere strokes?,yes,no,0,1,generation_failure,"We examined the placebo arm of the NINDS t-PA stroke trial to test the hypothesis that the total volume of cerebral infarction in patients with right hemisphere strokes would be greater than the volume of cerebral infarction in patients with left hemisphere strokes who have similar NIHSS scores. The median volume of a right hemisphere stroke was roughly equal to the median volume of a left hemisphere stroke in the next highest 5-point category of the NIHSS. For example, for patients with a left hemisphere stroke and a 24-hour NIHSS score of 16 to 20, the median volume of cerebral infarction was 48 mL (interquartile range 14 to 111 mL) as compared with 133 mL (interquartile range 81 to 208 mL) for patients with a right hemisphere stroke (P<0.001). For each 5-point category of the NIHSS score<20, the median volume of right hemisphere strokes was approximately double the median volume of left hemisphere strokes. While the effect of the dominant hemisphere resection on spoken language has been extensively researched, little is known about reading abilities in individuals after left-sided resection.","No

Justification: The study shows that for each 5-point category of the NIHSS score<20, the median volume of right hemisphere strokes is approximately double the median volume of left hemisphere stro"
semantic_dense,semantic,dense,mistral,Can a Novel Surgical Approach to the Temporomandibular Joint Improve Access and Reduce Complications?,yes,yes,1,1,success,"This clinical study investigated whether the vascular-guided multilayer preauricular approach (VMPA) to the temporomandibular joint (TMJ) could improve access and decrease complications. Despite surgical refinements, perioperative use of tracheobronchoscopy (TBS) as part of surgical approach to esophageal atresia (EA) is still controversial. Our objective in this study was to determine whether the decision to manage a contralateral hydrocele in cases of neonatal testicular torsion solely through a scrotal approach is safe and effective. To determine whether post-operative administration of topical ropivacaine hydrochloride decreases morbidity following adenotonsillectomy. Reconstructing the natural joint line in knee revision surgery improves clinical and functional outcome but may be challenging when both cartilage and bone were removed during previous operations.","Yes

Justification: The context states that the objective of the clinical study was to investigate whether the vascular-guided multilayer preauricular approach (VMPA) to the temporomandibular joint (TMJ)"
semantic_dense,semantic,dense,mistral,"Young-Burgess classification of pelvic ring fractures: does it predict mortality, transfusion requirements, and non-orthopaedic injuries?",maybe,maybe,1,1,success,"The objectives of this study were to evaluate the ability of the Young-Burgess classification system to predict mortality, transfusion requirements, and nonorthopaedic injuries in patients with pelvic ring fractures and to determine whether mortality rates after pelvic fractures have changed over time. Mortality at index admission, transfusion requirement during first 24 hours, and presence of nonorthopaedic injuries as a function of Young-Burgess pelvic classification type. The Young-Burgess system differentiated transfusion requirements--lateral compression Type 3 (LC3) and anteroposterior compression Types 2 (APC2) and 3 (APC3) fractures had higher transfusion requirements than did lateral compression Type 1 (LC1), anteroposterior compression Type 1 (APC1), and vertical shear (VS) (P<0.05)--but was not as useful at predicting head, chest, or abdomen injuries. It is also assessed whether the occurrence of this complication is related to the displacement of the fracture, soft tissue injury, or delay in the reduction or surgery. The following variables were analysed: displacement of the fracture, soft tissue injury, delay and type of treatment, complications, observation of the Hawkins sign, and functional outcome.","Maybe

Justification: The Young-Burgess system can predict transfusion requirements (as stated in [3]), but it is not as useful at predicting non-orthopaedic injuries (as stated in [3])."
semantic_dense,semantic,dense,mistral,Is vitamin D deficiency a feature of pediatric celiac disease?,no,yes,0,1,generation_failure,"Vitamin D deficiency has been described in autoimmune diseases, but its status in prepubertal children with CD has not been adequately studied. To determine the vitamin D status of prepubertal children with CD. Children were included in the study if they had a diagnosis of CD by intestinal biopsy, and were not on a gluten-free diet (GFD). Celiac disease (CD) is an autoimmune enteropathy characterized by villus atrophy and malabsorption of essential nutrients. The possible importance of mitochondrial permeability transition pore (PTP) formation during PCD was indirectly examined via in vivo cyclosporine A (CsA) treatment.","Yes

Justification: The context states that vitamin D deficiency has been described in autoimmune diseases, and celiac disease is an autoimmune disease (context [4]). Additionally, the study aims to determine the vitamin D"
semantic_dense,semantic,dense,mistral,Is unsafe sexual behaviour increasing among HIV-infected individuals?,no,maybe,0,1,generation_failure,"To evaluate whether reported unsafe sexual behaviour among HIV- infected individuals is changing over time. Among those at high risk, HIV prevalence rates have risen to 6.3% (95% confidence interval 5.0-8.0) in STD clinic attenders, around 10% and 21% in female prostitutes in Kingston and Montego Bay respectively and approximately 30% among homosexuals. Females (OR, 1.38; 95% CI, 1.19-1.60), 15-30 year olds (OR, 1.26; 95% CI, 1.09-1.47), those with HIV-positive partners (OR, 12.58; 95% CI, 10.84-14.07) and those with occasional partners (OR, 3.25; 95% CI, 2.87-3.67) were more likely to report unsafe sex. AIDS case reports, HIV testing of blood donors, antenatal clinic attenders (ANC), food service workers, sexually transmitted disease (STD) clinic attenders, female prostitutes, homosexuals and other groups were used to monitor the HIV/AIDS epidemic. Endometrial CD56+ uNK cells were significantly increased in biopsies obtained during bleeding episodes (P<0.001), compared with HT users with no bleeding.","Maybe

Justification: The context does not provide direct evidence of an increase in unsafe sexual behavior among HIV-infected individuals over time. However, it does suggest that certain groups, such as females, younger individuals, those with HIV-"
semantic_dense,semantic,dense,mistral,Cholestasis associated with small bowel atresia: do we always need to investigate?,no,yes,0,1,generation_failure,"We characterized cholestasis and analyzed the pertinence of investigating this patient population. We investigated symptoms, gluten consumption, antibodies for CD and other autoimmunity, human leukocyte antigen (HLA)-typing, bone mineral density, and performed small bowel biopsies. Cholestasis occurs frequently in patients with small bowel atresia (SBA) and is often attributed to prolonged parental nutrition. All patients with short bowel (4) and 60% (6/10) of patients with a delay of enteral feeding more than 14 days postoperatively had cholestasis. The aim of this study was to investigate the need for ENBD on the clinical outcomes of patients with acute cholangitis undergoing endoscopic clearance of common bile duct (CBD) stones.","Yes

Justification: The context states that cholestasis occurs frequently in patients with small bowel atresia and is often attributed to prolonged parental nutrition ([3]). Additionally, all patients with short bowel and 6"
semantic_dense,semantic,dense,mistral,Are financial incentives cost-effective to support smoking cessation during pregnancy?,yes,maybe,0,1,generation_failure,"To investigate the cost-effectiveness of up to £400 worth of financial incentives for smoking cessation in pregnancy as an adjunct to routine health care. A total of 612 pregnant women randomized to receive usual cessation support plus or minus financial incentives of up to £400 vouchers (US $609), contingent upon smoking cessation. Comparison of usual support and incentive interventions in terms of cotinine-validated quitters, quality-adjusted life years (QALYs) and direct costs to the NHS. The incremental cost per quitter at 34-38 weeks pregnant was £1127 ($1716).This is similar to the standard look-up value derived from Stapleton&West's published ICER tables, £1390 per quitter, by looking up the Cessation in Pregnancy Incentives Trial (CIPT) incremental cost (£157) and incremental 6-month quit outcome (0.14). Compared to usual care alone, telephone counseling promoted a significantly higher proportion of women having mammograms on schedule (71% vs 61%) than did tailored print (67% vs 61%) but only after the first year of intervention (during 1996). Furthermore, compared to usual care, telephone counseling was more effective than tailored print materials at promoting being on schedule with screening during 1996 and 1997 among women who were off-schedule during the previous year.","Maybe

Justification: The cost per quitter is similar to the standard look-up value, but the cost-effectiveness in terms of QALYs and direct costs to the NHS is not explicitly stated in the provided context."
semantic_dense,semantic,dense,mistral,Can medical students contribute to quality assurance programmes in day surgery?,yes,yes,1,1,success,"Educational opportunities for medical undergraduate programmes are being sought in the day surgery environment. Our study was undertaken to explore ways in which senior medical students can actively contribute to the QA processes as part of an undergraduate day surgery educational programme. Educational opportunities for medical undergraduate programmes are being sought in the day surgery environment. Our study was undertaken to explore ways in which senior medical students can actively contribute to QA processes as part of an undergraduate day surgery educational programme. Students chose any two surgical rotations and were assessed by written examination, objective structured clinical examination (OSCE), ward evaluations, self-assessment objectives questionnaire, and satisfaction survey. Fifty-nine final year medical students followed allocated patients with common surgical conditions through all phases of the day surgery process. Do preresidency selection factors serve as predictors of success in residency? Specifically, we asked which preresidency selection factors are associated or correlated with (1) objective measures of resident knowledge and performance; and (2) subjective ratings by faculty.","Yes

Justification: The context states that the study was undertaken to explore ways in which senior medical students can actively contribute to the QA processes as part of an undergraduate day surgery educational programme ([1], [2])."
semantic_dense,semantic,dense,mistral,Measurement of head and neck paragangliomas: is volumetric analysis worth the effort?,yes,maybe,0,1,generation_failure,"The aim of this study was to assess the reproducibility of different measurement methods and define the most workable technique for measuring head and neck paragangliomas, to determine the best method for evaluating tumour growth. One hundred forty-nine consecutive patients with suspected tumors of the parotid gland were examined with an epiDWI sequence by using a 1.5T unit. The influence of positron emission tomography in the management of recurrent rectal cancer is well established but its role in primary rectal cancer remains uncertain. This study therefore prospectively assesses the impact of position emission tomography scanning on the management of primary rectal cancer. Thirty tumours, including carotid body, vagal body, jugulotympanic tumours and conglomerates of multiple tumours, were measured in duplicate, using linear dimensions, manual area tracing and an automated segmentation method. Neoplastic polyps were more frequently found in patients older than 60 years, those with hypertension, a polyp size greater than 10 mm, and a rapid growth rate greater than 0.6 mm/mo. On multivariate analysis, however, the growth rate was not related to the neoplastic nature of a polyp, but older age (>60 y) and large size (>10 mm) were significantly associated with neoplastic polyps.","Maybe

Justification: The study ([4]) mentions measuring head and neck paragangliomas using volumetric analysis, but it does not explicitly state whether it is worth the effort. However, the study does suggest that vol"
semantic_dense,semantic,dense,mistral,Three-dimensional ultrasound-validated large-core needle biopsy: is it a reliable method for the histological assessment of breast lesions?,yes,yes,1,1,success,"The use of three-dimensional (3D) ultrasound may help to determine the exact position of the needle during breast biopsy, thereby reducing the number of core samples that are needed to achieve a reliable histological diagnosis. The aim of this study was to demonstrate the efficacy of 3D ultrasound-validated large-core needle biopsy (LCNB) of the breast. 3D ultrasound visualization of the needle in the postfiring position was used to classify the biopsy as central, marginal or outside the lesion. Here we report the results of SLN biopsy in a selected group of breast cancer patients with palpable axillary nodes classified as either moderately or highly suspicious for metastasis. The aim of this study was to assess the reproducibility of different measurement methods and define the most workable technique for measuring head and neck paragangliomas, to determine the best method for evaluating tumour growth. Additional open breast biopsy was performed in 111 women (127/169 breast lesions); the remaining 42 lesions were followed up for at least 24 months.","Yes

Justification: The context states that the aim of the study was to demonstrate the efficacy of 3D ultrasound-validated large-core needle biopsy (LCNB) of the breast, indicating that"
semantic_dense,semantic,dense,mistral,Can bone thickness and inter-radicular space affect miniscrew placement in posterior mandibular sites?,no,yes,0,1,generation_failure,"The purposes of this study are to report the alveolar process thickness and inter-radicular space in the posterior region of the mandible, to assess the impact of different miniscrew insertion angle protocols, and to identify differences between the genders or types of malocclusion. To compare the primary stability of miniscrews inserted into bone blocks of different bone mineral densities (BMDs) with and without cortical bone, and investigate whether some trabecular properties could influence primary stability. The bone thicknesses were taken at 45°, 60°, and 90° in relation to the alveolar ridge, simulating a miniscrew insertion. Miniscrews 1.4 mm in diameter and 6 mm long were inserted into the bone blocks, and primary stability was evaluated by insertion torque (IT), mini-implant mobility (PTV), and pull-out strength (PS). The proper angle of miniscrew insertion is important for cortical anchorage, patient safety, and biomechanical control.","Yes

Justification: The study's purpose is to report the alveolar process thickness and inter-radicular space in the posterior region of the mandible, indicating that these factors can indeed affect miniscrew placement ([1"
semantic_dense,semantic,dense,mistral,Do general practice selection scores predict success at MRCGP?,yes,maybe,0,1,generation_failure,"The MRCGP comprises of an applied knowledge test (AKT), a clinical skills assessment (CSA) and workplace-based assessments (WPBA).AIM: To explore the predictive validity of general  practice selection scores using the AKT and CSA elements of the MRCGP as a final outcome measure. However, the relationship between selection  and performance in the Royal College of General Practitioner examinations (MRCGP) has yet to be explored. Do preresidency selection factors serve as predictors of success in residency? Specifically, we asked which preresidency selection factors are associated or correlated with (1) objective measures of resident knowledge and performance; and (2) subjective ratings by faculty. In regression analyses, we determined whether total use was associated with structural characteristics of the practice (total list size, training status, numbers of GPs (general practitioners), mean age of the GPs, numbers of female GPs, level of deprivation of the population and whether staff had received advanced training in diabetes care). As part of an MRC funded study into primary care oral anticoagulation management, INR measurements obtained in general practice were validated against values on the same samples obtained in hospital laboratories.","Maybe

Justification: The study explores the predictive validity of general practice selection scores, but it does not definitively state that they predict success at MRCGP. Instead, it suggests that there may be a correlation or association between"
semantic_dense,semantic,dense,mistral,The Deformity Angular Ratio: Does It Correlate With High-Risk Cases for Potential Spinal Cord Monitoring Alerts in Pediatric 3-Column Thoracic Spinal Deformity Corrective Surgery?,yes,maybe,0,1,generation_failure,"The purpose of this study was to determine whether the deformity angular ratio (DAR) can reliably assess the neurological risks of patients undergoing deformity correction. Identifying high-risk patients and procedures can help ensure that appropriate measures are taken to minimize neurological complications during spinal deformity corrections. To identify the regional and global apexes of curves in adolescent idiopathic scoliosis and to compare the levels of those with the most rotated vertebral levels on computed tomography scans. In patients undergoing 3-column osteotomies, sagittal curve magnitude and total curve magnitude were associated with increased incidence of transcranial motor evoked potential changes. Thirty-three structural curves of 25 consecutive patients scheduled for surgery for thoracic or thoracolumbar scoliosis were analyzed with standing anteroposterior radiographs and computed tomography scans covering the curve apexes and pelvis.","Maybe

Justification: The study aims to determine the reliability of the deformity angular ratio (DAR) in assessing neurological risks, but it does not directly state that DAR correlates with high-risk cases"
semantic_dense,semantic,dense,mistral,Does age moderate the effect of personality disorder on coping style in psychiatric inpatients?,yes,maybe,0,1,generation_failure,"To examine age-related differences in the relationship between personality and coping strategies in an Australian population of psychiatric inpatients. Personality traits, social supports, gender, and age predicted coping strategies, while Axis I diagnosis, education, personality disorder, and symptom severity were not significant predictors of coping strategies. Older adults reported less symptomatology than younger patients and younger patients described more personality dysfunction than older patients. The influence of affective disorder polarity on subsequent suicide attempts or completions and any differential effect of suicide risk factors by polarity were assessed in a prospective cohort. Subjects (N = 247) were outpatients who participated in either the National Institute of Mental Health-funded Phenomenology and Course of Pediatric Bipolar Disorders study or the Treatment of Early Age Mania (TEAM) study.","Maybe

Justification: The provided context does not directly state whether age moderates the effect of personality disorder on coping style. However, it does show that age and personality traits predict coping strategies, suggesting that age may have an indirect effect"
semantic_dense,semantic,dense,mistral,Autoxidation products of both carbohydrates and lipids are increased in uremic plasma: is there oxidative stress in uremia?,yes,yes,1,1,success,"Recent studies, however, have demonstrated that one AGE, the glycoxidation product carboxymethyllysine (CML), could be derived not only from carbohydrates but also from oxidation of polyunsaturated fatty acids in vitro, raising the possibility that both carbohydrate and lipid autoxidation might be increased in uremia. To address this hypothesis, we applied gas chromatography-mass spectrometry and high performance liquid chromatography to measure protein adducts formed in uremic plasma by reactions between carbonyl compounds and protein amino groups: pentosidine derived from carbohydrate-derived carbonyls, malondialdehyde (MDA)-lysine derived from lipid-derived carbonyls, and CML originating possibly from both sources. Advanced glycation end products (AGEs), formed by non-enzymatic glycation and oxidation (glycoxidation) reactions, have been implicated in the pathogenesis of several diseases, including normoglycemic uremia. AGE research in uremia has focused on the accumulation of carbohydrate-derived adducts generated by the Maillard reaction. Insulin sensitivity was measured as the glucose infusion rate during a euglycemic hyperinsulinemic clamp, body fat percentage was measured by dual X-ray absorptiometry, and CVD risk was estimated using the Framingham risk score. Associations of fasting plasma glucose, 2-hour plasma glucose, insulin sensitivity and body fat percentage with the Framingham risk score were assessed in linear regression models.","Yes

Justification: The text mentions that one AGE, carboxymethyllysine (CML), could be derived not only from carbohydrates but also from oxidation of polyunsaturated fat"
semantic_dense,semantic,dense,mistral,Can 'high-risk' human papillomaviruses (HPVs) be detected in human breast milk?,no,no,1,1,success,"Using polymerase chain reaction techniques, we evaluated the presence of HPV infection in human breast milk collected from 21 HPV-positive and 11 HPV-negative mothers. Several studies have investigated human papillomavirus (HPV) as a risk factor for the development of pterygia, but the results are inconclusive.AIM: To investigate a large sample of pterygia for the presence of HPV in order to clarify the putative association between pterygia and HPV. Vaginal intraepithelial neoplasia is a little known disease which could be related to risk factors different from simple HPV infections. Of the 32 studied human milk specimens, no 'high-risk' HPV 16, 18, 31, 33, 35, 39, 45, 51, 52, 56, 58 or 58 DNA was detected. The objective of the study was to determine whether risk of recurrent preterm birth differs based on the clinical presentation of a prior spontaneous preterm birth (SPTB): advanced cervical dilatation (ACD), preterm premature rupture of membranes (PPROM), or preterm labor (PTL).","No.

Justification: The study in the context specifically states that no 'high-risk' HPV 16, 18, 31, 33, 35, 39, 4"
semantic_dense,semantic,dense,mistral,Quaternary cytoreductive surgery in ovarian cancer: does surgical effort still matter?,yes,yes,1,1,success,"To evaluate surgical outcome and survival benefit after quaternary cytoreduction (QC) in epithelial ovarian cancer (EOC) relapse. We review our results on surgical treatment of patients with stage I non-small cell lung carcinoma and we attempted to clarify the prognostic significance of some surgical--pathologic variables. Despite surgical refinements, perioperative use of tracheobronchoscopy (TBS) as part of surgical approach to esophageal atresia (EA) is still controversial. To evaluate the impact of HER2 immunoreactivity on clinical outcome in locally advanced urothelial carcinoma patients who received surgery alone, or methotrexate, vinblastine, epirubicin, and cisplatin (M-VEC) as adjuvant chemotherapy. Prognostic significance of the following independent variables was tested using univariate (log-rank) and multivariate (Cox proportional-hazards) analysis: type of resection (sublobar vs lobectomy vs pneumonectomy), histology (squamous cell vs adenocarcinoma), tumour size (<or=3cm vs>3cm), histologic vascular invasion, visceral pleura involvement, positive bronchial resection margin, general T status.","Yes

Justification: The context mentions that the study is evaluating the surgical outcome and survival benefit after quaternary cytoreduction in epithelial ovarian cancer relapse, indicating that surgical effort is"
semantic_dense,semantic,dense,mistral,Chemotherapy and survival in advanced non-small cell lung carcinoma: is pneumologists' skepticism justified?,no,maybe,0,1,generation_failure,"Few studies have assessed whether the advantage chemotherapy has been shown to have in treating advanced non-small lung carcinoma in clinical trials is transferrable to normal health care activity. This could explain the skepticism of a large number of pneumologists towards this treatment. Prognostic significance of the following independent variables was tested using univariate (log-rank) and multivariate (Cox proportional-hazards) analysis: type of resection (sublobar vs lobectomy vs pneumonectomy), histology (squamous cell vs adenocarcinoma), tumour size (<or=3cm vs>3cm), histologic vascular invasion, visceral pleura involvement, positive bronchial resection margin, general T status. In both univariate and multivariate survival analysis, significant prognostic factors were histology (adenocarcinoma 65% vs squamous cell carcinoma 51%), tumour size (<or=3cm 67% vs>3cm 46%), and the presence of negative resection margin. Five-year survival by general T status was 66% in T1N0 vs 55% in T2N0 disease (P=0.19). We review our results on surgical treatment of patients with stage I non-small cell lung carcinoma and we attempted to clarify the prognostic significance of some surgical--pathologic variables.","Maybe

Justification: The provided context does not directly discuss chemotherapy and survival in advanced non-small cell lung carcinoma. However, it does suggest that other factors such as histology, tumor size, and resection margin have"
semantic_dense,semantic,dense,mistral,Does topical ropivacaine reduce the post-tonsillectomy morbidity in pediatric patients?,yes,yes,1,1,success,"To determine whether post-operative administration of topical ropivacaine hydrochloride decreases morbidity following adenotonsillectomy. Patients received 1.0% ropivacaine hydrochloride soaked swabs packed in their tonsillar fossae while the control group received saline-soaked swabs. Our objective in this study was to determine whether the decision to manage a contralateral hydrocele in cases of neonatal testicular torsion solely through a scrotal approach is safe and effective. We reviewed the literature to determine if there is sufficient evidence that dexamethasone can be used as an effective alternative in the treatment of pediatric asthma exacerbations in the inpatient setting. Intrathecal administration of urokinase, IV administration of fasudil hydrochloride, and continuous cerebrospinal fluid (CSF) evacuation via cisternal drainage were performed as prophylactic treatments for vasospasm.","Yes

Justification: The patients who received 1.0% ropivacaine hydrochloride soaked swabs in their tonsillar fossae were part of the experimental group in the study, while the control group received"
semantic_dense,semantic,dense,mistral,Is pain a clinically relevant problem in general adult psychiatry?,yes,yes,1,1,success,"Using a questionnaire we investigated in a cross-sectional study the prevalence of pain, duration of pain, impairment and unfitness for work due to pain in 106 patients primarily diagnosed with a psychiatric disorder in the field of general adult psychiatry. To study the prevalence of pain and risk factors for pain in psychiatric patients in a psychiatric hospital. Patients with affective disorders most frequently had pain complaints, followed by those with neurotic, stress-related and somatoform disorders and those with psychotic disorders such as schizophrenia, schizotypic and delusional disorders. (i) To examine the association between self-reported mechanical factors and chronic oro-facial pain. Reliable longitudinal data of patients with functional somatic symptoms in general practice are lacking.","Yes

Justification: The study in the context investigated the prevalence of pain in patients primarily diagnosed with a psychiatric disorder in the field of general adult psychiatry ([1])."
semantic_dense,semantic,dense,mistral,Does concomitant anterior/apical repair during midurethral sling improve the overactive bladder component of mixed incontinence?,no,maybe,0,1,generation_failure,"Midurethral sling (MUS) can improve overactive bladder (OAB) symptoms. We hypothesized that women with mixed urinary incontinence (MUI) experience greater improvement in the OAB component of their symptoms after concomitant MUS and AA repair compared with MUS alone. It is unclear if anterior/apical prolapse (AA) repair provides additional benefit. The transanal endorectal pull-through (TERPT) is becoming the most popular procedure in the treatment of Hirschsprung disease (HD), but overstretching of the anal sphincters remains a critical issue that may impact the continence. For data analysis purposes, the population was divided into two groups based on whether ureteroscopy had been performed with (Group 1) or without (Group 2) ureteral meatus dilatation.","Maybe

Justification: The text suggests a hypothesis that women with mixed urinary incontinence may experience greater improvement in the OAB component of their symptoms after concomitant MUS and AA repair compared with MUS alone, but it"
semantic_dense,semantic,dense,mistral,Does the use of atypical antipsychotics as adjunctive therapy in depression result in cost savings?,no,maybe,0,1,generation_failure,"Several atypical antipsychotics (AAPs) are used as second-line agents for treatment resistant depression. We reviewed the literature to determine if there is sufficient evidence that dexamethasone can be used as an effective alternative in the treatment of pediatric asthma exacerbations in the inpatient setting. Some studies found potential additional benefits of dexamethasone, including improved compliance and less vomiting. Treatment groups were AAPs (n = 2211), augmentation agents other than AAPs (n = 1008), and antidepressant switching (n = 691). Subjects were depression-diagnosed adult members with at least two prescriptions of antidepressant medications followed by a second-line agent.","Maybe

Justification: The context does not provide direct evidence of cost savings, but it does mention that atypical antipsychotics are used as second-line agents for treatment-resistant depression, implying that they may be"
semantic_dense,semantic,dense,mistral,Can patients be anticoagulated after intracerebral hemorrhage?,maybe,maybe,1,1,success,"In sensitivity analyses for patients with deep ICH, anticoagulation could be preferred if the risk of thromboembolic stroke is particularly high. In light of this consideration, should a patient with both a history of ICH and a clear indication for anticoagulation such as nonvalvular atrial fibrillation be anticoagulated? Trauma patients who require therapeutic anticoagulation pose a difficult treatment problem. Intrathecal administration of urokinase, IV administration of fasudil hydrochloride, and continuous cerebrospinal fluid (CSF) evacuation via cisternal drainage were performed as prophylactic treatments for vasospasm. Complications of anticoagulation were documented and defined as any unanticipated discontinuation of the anticoagulant for bleeding or other adverse events.","Maybe

Justification: The text suggests that anticoagulation could be preferred for patients with deep ICH if the risk of thromboembolic stroke is particularly high (1). However, it also mentions that complications of"
semantic_dense,semantic,dense,mistral,Diagnostic and therapeutic ureteroscopy: is dilatation of ureteral meatus always necessary?,no,maybe,0,1,generation_failure,"For data analysis purposes, the population was divided into two groups based on whether ureteroscopy had been performed with (Group 1) or without (Group 2) ureteral meatus dilatation. To assess the feasibility and safety of diagnostic or therapeutic semirigid ureteroscopy without ureteral meatus dilatation. The aim of the study was to see whether or not balloon predilatation is necessary in transcatheter aortic valve replacement (TAVI). Our objective in this study was to determine whether the decision to manage a contralateral hydrocele in cases of neonatal testicular torsion solely through a scrotal approach is safe and effective. Little is known about whether a routinely inserted endoscopic nasobiliary drainage (ENBD) tube improves the clinical course in patients with choledocholithiasis-induced acute cholangitis after clearance of choledocholithiasis.","Maybe

Justification: The context provides two groups for data analysis: one with ureteral meatus dilatation (Group 1) and one without (Group 2). This suggests that dilatation is not always necessary,"
semantic_dense,semantic,dense,mistral,Does managed care enable more low income persons to identify a usual source of care?,maybe,maybe,1,1,success,"(1) To examine the effects of managed care on the likelihood of low-income persons having a usual source of care and a usual physician, and; (2) To examine the association between usual source of care and access. Managed care has only marginal effects on the likelihood of having a usual source of care for privately insured and Medicaid beneficiaries. Having a usual physician substantially reduces unmet medical needs for the insured but less so for the uninsured. By requiring or encouraging enrollees to obtain a usual source of care, managed care programs hope to improve access to care without incurring higher costs. High managed care penetration in the community is associated with a lower likelihood of having a usual source of care for uninsured persons (54.8% vs. 62.2% in low penetration areas) as well as a lower likelihood of having a usual physician (60% vs. 72.8%). The question is, do health behaviors have an impact on the use of medical resources? This study aims to identify and understand the difference in the number of outpatient visits and health examinations based on various health behaviors and to determine whether patients seek medical care for illness from the same physicians.","Maybe

Justification: The study suggests that managed care has only marginal effects on the likelihood of having a usual source of care for low-income persons (privately insured and Medicaid beneficiaries), but it is not definit"
semantic_dense,semantic,dense,mistral,"Knee extensor strength, dynamic stability, and functional ambulation: are they related in Parkinson's disease?",yes,yes,1,1,success,"To evaluate the relationship between knee extensor strength, postural stability, functional ambulation, and disease severity in Parkinson's disease (PD). Knee extensor strength positively correlated with dynamic postural stability and negatively correlated with disease severity. Further, dynamic postural stability was negatively correlated to disease severity and positively correlated with functional ambulation in this cohort of patients with PD (P<.05). Lastly, participants were evaluated by a neurologist specially trained in movement disorders to assess neurologic status and disease severity using the Unified Parkinson's Disease Rating Scale and the Hoehn and Yahr disability score. Participants were evaluated on their isokinetic knee extensor strength. Additionally, participants completed an assessment of their postural stability (Functional Reach Test for static stability and a dynamic postural stability assessment as measured by the center of pressure-center of mass moment arm during gait initiation).","Yes

Justification: The provided context shows that knee extensor strength positively correlated with dynamic postural stability ([2]) and dynamic postural stability was positively correlated with functional ambulation ([2]). Therefore, knee ext"
semantic_dense,semantic,dense,mistral,"Is distance to provider a barrier to care for medicaid patients with breast, colorectal, or lung cancer?",no,yes,0,1,generation_failure,"Distance to provider might be an important barrier to timely diagnosis and treatment for cancer patients who qualify for Medicaid coverage. Driving distances and times from patient residence to primary care provider were calculated for 3,917 breast, colorectal (CRC) and lung cancer Medicaid patients in Washington State from 1997 to 2003 using MapQuest.com. Important increases could be demonstrated for communicating a diagnosis of cancer with good or less good prognosis, recurrence of cancer or a far progressive cancer disease without curative approach. High managed care penetration in the community is associated with a lower likelihood of having a usual source of care for uninsured persons (54.8% vs. 62.2% in low penetration areas) as well as a lower likelihood of having a usual physician (60% vs. 72.8%). Women without insurance and women attending 1 of the 3 clinics were less likely to adhere to any follow-up recommendation (hazard ratio for no insurance, 0.43 [95% confidence interval, 0.20-0.93], and for clinic, 0.35 [95% confidence interval, 0.15-0.73]).","Yes

Justification: The context states that ""important increases could be demonstrated for communicating a diagnosis of cancer with good or less good prognosis, recurrence of cancer or a far progressive cancer disease without curative approach"" when the distance"
semantic_dense,semantic,dense,mistral,Can folic acid protect against congenital heart defects in Down syndrome?,no,no,1,1,success,"Several studies have suggested a protective effect of folic acid (FA) on congenital heart anomalies. Our objectives were to investigate whether first-trimester FA use protects against heart anomalies among DS children. Subanalyses were performed for defects that have been associated with FA in non-DS populations (conotruncal, ventricular septal [VSD]) and for those that are associated with DS (ostium secundum type atrial septal defects [ASD]and endocardial cushion defects [ECD]). After adjustment for possible confounders, no protective effect of FA was found on heart anomalies overall (OR 0.95, 95% CI: 0.61-1.47) nor separately for conotruncal defects, VSDs, ASDs, or ECDs. It is postulated that some aspects of methotrexate toxicity may be related to its action as an anti-folate. Folic acid (FA) is often given as an adjunct to methotrexate therapy, but there is no conclusive proof that it decreases the toxicity of methotrexate and there is a theoretical risk that it may decrease the efficacy of methotrexate.","No, based on the study findings that no protective effect of FA was found on heart anomalies overall or separately for conotruncal defects, ventricular septal defects, atrial septal defects, or endocard"
semantic_dense,semantic,dense,mistral,Are there mental health differences between francophone and non-francophone populations in manitoba?,maybe,yes,0,1,generation_failure,"Our study sought to compare mental health indicators between Francophones and non-Francophones living in the province of Manitoba. When surveyed, Francophones were less likely than non-Francophones to report that their mental health was excellent, very good, or good (66.9%, compared with 74.2%). Outside urban areas, Francophones had lower rates of diagnosed substance use disorder (rate ratio [RR] = 0.80; 95% CI 0.68 to 0.95) and of suicide and suicide attempts (RR = 0.59; 95% CI 0.43 to 0.79), compared with non-Francophones, but no differences were found between the groups across the province in rates of diagnosed mood disorders, anxiety disorders, dementia, or any mental disorders after adjusting for age, sex, and geographic area. Francophones may experience poorer health due to social status, cultural differences in lifestyle and attitudes, and language barriers to health care. Thirty-four subjects (mean age 55 years, body mass index 34 kg/m 2 , fasting triglycerides 3.5 mmol/L) with diagnosed sleep apnoea syndrome not treated with continuous positive airways pressure were enrolled and randomized to once daily treatment with fenofibrate (145 mg NanoCrystal(R) tablet) or placebo.","Yes

Justification: Francophones were less likely to report that their mental health was excellent, very good, or good compared with non-Francophones (66.9% vs 74.2%)."
semantic_dense,semantic,dense,mistral,Does type 1 diabetes mellitus affect Achilles tendon response to a 10 km run?,no,maybe,0,1,generation_failure,"The load-response behaviour of tendons may be altered in type 1 diabetes mellitus (T1DM) as hyperglycaemia accelerates collagen cross-linking. This study compared Achilles tendon load-response in participants with T1DM and controls. Achilles tendon structure was quantified at day-0, day-2 and day-4 after a 10 km run. To explore whether electrochemiluminescence (ECL) assays can help improve prediction of time to type 1 diabetes in the TrialNet autoantibody-positive population. A total of 12 537 participants with dysglycaemia and high CV-risk were randomized to basal insulin glargine titrated to a fasting glucose of ≤ 5.3 mmol/L (95 mg/dL) or standard glycaemic care.","Maybe

Justification: The study compared Achilles tendon load-response in participants with T1DM and controls, suggesting a potential effect, but the study does not provide information about the specific effect of T1DM on the Achilles tend"
semantic_dense,semantic,dense,mistral,Fragility of the esophageal mucosa: a pathognomonic endoscopic sign of primary eosinophilic esophagitis?,yes,maybe,0,1,generation_failure,"Primary eosinophilic esophagitis, a chronic inflammatory disorder of the esophagus, evokes recurrent dysphagia. The response of a series of patients with primary eosinophilic esophagitis to dilation is reported together with a description of a possibly pathognomonic sign: fragile esophageal mucosa, for which the term ""crêpe-paper"" mucosa is introduced. Five men underwent endoscopy because of dysphagia confirmed (clinically, endoscopically, and histologically) to be caused by primary eosinophilic esophagitis and were treated by bouginage. We observed an endoscopic abnormally in a group of children with histological esophagitis. We examined the relationship between the presence of VLEM and significant histologic changes in esophageal mucosal biopsies.","Maybe

Justification: The term ""crêpe-paper"" mucosa is introduced as a possibly pathognomonic sign of primary eosinophilic esophagitis (context [2]), but the text does not"
semantic_dense,semantic,dense,mistral,Does cup-cage reconstruction with oversized cups provide initial stability in THA for osteoporotic acetabular fractures?,yes,maybe,0,1,generation_failure,"This study measured acetabular component stability and the initial surface contact achieved between the acetabular component and unfractured region of the pelvis after THA using an oversized acetabular component and cup-cage reconstruction. Immediate total hip arthroplasty (THA) has potential advantages, but achieving acetabular component stability is challenging and, at early followup, reported revision rates for loosening are high.QUESTIONS/ Of these, 12 (30%) underwent immediate THA using an oversized acetabular component with screws inserted only into the ilium and a cup-cage construct. To determine the relationship between injury severity surrogates and other patient factors with the development and severity of heterotopic ossification (HO) following open reduction internal fixation of acetabular fractures treated with a posterior approach. Acetabular component migration was defined as acceptable if less than the limits for primary THA that predict later loosening (1.76 mm of proximal migration and 2.53° of sagittal rotation).","Maybe

Justification: The study measures the stability of the acetabular component in THA using an oversized acetabular component and cup-cage reconstruction, but it does not specifically state that this method is used for o"
semantic_dense,semantic,dense,mistral,Pulmonary valve replacement in adults late after repair of tetralogy of fallot: are we operating too late?,yes,maybe,0,1,generation_failure,"Chronic pulmonary regurgitation (PR) following repair of tetralogy of Fallot (TOF) leads to RV dilation and an increased incidence of sudden cardiac death in adult patients. The purpose of this study is to evaluate right ventricular (RV) volume and function after pulmonary valve replacement (PVR) and to address the issue of optimal surgical timing in these patients. Despite surgical refinements, perioperative use of tracheobronchoscopy (TBS) as part of surgical approach to esophageal atresia (EA) is still controversial. None of the patients who presented with a hydrocele have developed a clinical hydrocele or hernia after an average 7.5 years (range 4.3-11.2) follow-up. Twenty patients (age 62 ± 9 years, 13 males) with persistent AF and 9 control subjects without organic heart disease or AF (age 36 ± 6 years, 4 males) underwent detailed CFAE and SRF left atrial electroanatomic maps.","Maybe

Justification: The purpose of the study is to evaluate right ventricular (RV) volume and function after pulmonary valve replacement (PVR) and to address the issue of optimal surgical timing in these patients (context"
semantic_dense,semantic,dense,mistral,Xanthogranulomatous cholecystitis: a premalignant condition?,no,maybe,0,1,generation_failure,"Xanthogranulomatous cholecystitis (XGC) is an uncommon variant of chronic cholecystitis, characterized by marked thickening of the gallbladder wall and dense local adhesions. Furthermore, the premalignant nature of this entity is not known. The purpose of this study is to examine whether or not well differentiated (w-d) hepatocellular carcinoma (HCC) is indeed clinically early cancer. But the expression pattern in XGC, chronic cholecystitis and control gallbladders was homogenously membranous, whereas in GBC the membranous expression pattern was altered to cytoplasmic and nuclear. We investigated symptoms, gluten consumption, antibodies for CD and other autoimmunity, human leukocyte antigen (HLA)-typing, bone mineral density, and performed small bowel biopsies.","Maybe

Justification: The context states that the premalignant nature of Xanthogranulomatous cholecystitis is not known (context [2]). However, the fact that the study is investigating whether well different"
semantic_dense,semantic,dense,mistral,Does TDP-43 type confer a distinct pattern of atrophy in frontotemporal lobar degeneration?,yes,yes,1,1,success,"To determine whether TDP-43 type is associated with distinct patterns of brain atrophy on MRI in subjects with pathologically confirmed frontotemporal lobar degeneration (FTLD). We identified different patterns of atrophy across the types with type 1 showing frontotemporal and parietal atrophy, type 2 predominantly anterior temporal lobe atrophy, and type 3 predominantly posterior frontal atrophy. Within the FTLD-TDP type 1 group, those with a progranulin mutation had significantly more lateral temporal lobe atrophy than those without. Subjects with a pathologic diagnosis of FTLD with motor neuron degeneration had a similar pattern of atrophy, regardless of whether they were type 1 or type 3. Voxel-based morphometry was used to compare subjects with each of the different FTLD-TDP types to age- and gender-matched normal controls (n = 30).","Yes

Justification: The context states that different patterns of atrophy were observed across the types of TDP-43 (type 1, 2, and 3) in subjects with frontotemporal lobar degeneration"
semantic_dense,semantic,dense,mistral,Is oncoplastic surgery a contraindication for accelerated partial breast radiation using the interstitial multicatheter brachytherapy method?,maybe,maybe,1,1,success,"To evaluate accelerated partial breast irradiation (APBI) in patients after oncoplastic surgery for early breast cancer. A retrospective analysis of 136 breasts of 134 patients, who received breast-conserving oncoplastic surgery for low-risk breast cancer between 2002 and 2010 in the Universities of Vienna and Luebeck followed by adjuvant APBI applying total doses of pulse dose rate of 50.4 Gy or high-dose rate (HDR) of 32 Gy over 4 days. This study aims to evaluate local failure patterns in node negative breast cancer patients treated with post-mastectomy radiotherapy including internal mammary chain only. Clinically positive axillary nodes are widely considered a contraindication to sentinel lymph node (SLN) biopsy in breast cancer, yet no data support this mandate. This study examined the impact of radiotherapy for the primary rectal cancer on outcomes after pelvic exenteration for local recurrence.","Maybe

Justification: The context does not explicitly state that oncoplastic surgery is a contraindication for accelerated partial breast radiation using the interstitial multicatheter brachytherapy method. However,"
semantic_dense,semantic,dense,mistral,"Diagnostic characteristics of child bipolar I disorder: does the ""Treatment of Early Age Mania (team)"" sample generalize?",yes,maybe,0,1,generation_failure,"Subjects (N = 247) were outpatients who participated in either the National Institute of Mental Health-funded Phenomenology and Course of Pediatric Bipolar Disorders study or the Treatment of Early Age Mania (TEAM) study. Both studies required that subjects have current DSM-IV bipolar I disorder (manic or mixed phase) and a Children's Global Assessment Scale (CGAS) score<or=60. To examine the representativeness of a randomized controlled trial (RCT) sample versus one obtained by consecutive new case ascertainment, for subjects with child bipolar I disorder. After controlling for age of onset, there were no differences in prior suicide attempts by polarity although bipolar participants had more prior severe attempts. The PEA-BP phenotype was defined by DSM-IV mania with at least one of the cardinal symptoms of mania (elation and/or grandiosity) to avoid diagnosing mania only by symptoms that overlapped with those for attention-deficit hyperactivity disorder (ADHD).","Maybe

Justification: The study compares the ""Treatment of Early Age Mania (TEAM)"" sample with another study's sample, but it does not directly compare the ""TEAM"" sample with the general population of children"
semantic_dense,semantic,dense,mistral,Estimation of basal metabolic rate in Chinese: are the current prediction equations applicable?,yes,maybe,0,1,generation_failure,"The aim of this study was to develop a new BMR prediction equation for Chinese adults applicable for a large BMI range and compare it with commonly used prediction equations. Additionally, the newly derived equation was cross-validated in a separate group of 70 Chinese subjects (26 men and 44 women, age: 21-69 years, BMI: 17-39 kg/m(2)). A regression equation was derived using stepwise regression and accuracy was compared to 6 existing equations (Harris-Benedict, Henry, Liu, Yang, Owen and Mifflin). Measurement of basal metabolic rate (BMR) is suggested as a tool to estimate energy requirements. However, patients receiving AIs report a higher incidence of musculoskeletal symptoms and bone fractures; the mechanism and risk factors for this correlation are not well studied. The aim of this study was to correlate these musculoskeletal symptoms and bone fractures in patients receiving AIs with bone mineral density (BMD), previous tamoxifen use, and administration of calcium/bisphosphonate (Ca/Bis).","Maybe

Justification: The study suggests that a new BMR prediction equation for Chinese adults was developed and compared with commonly used prediction equations, but it does not explicitly state that the current equations are not applicable. Therefore, it is possible that the"
semantic_dense,semantic,dense,mistral,Does rugby headgear prevent concussion?,maybe,maybe,1,1,success,"To examine the attitudes of players and coaches to the use of protective headgear, particularly with respect to the prevention of concussion. Although the players tended to believe that the headgear could prevent concussion (62%), the coaches were less convinced (33%). Despite the players' belief that headgear offers protection against concussion, only a minority reported wearing headgear (27%) and few (24%) felt that its use should be made mandatory. In addition, coaches from all four levels were questioned about team policies and their personal opinions about the use of headgear to prevent concussion. A questionnaire designed to assess attitudes to headgear was administered to 63 players from four different Canadian teams, each representing a different level of play (high school, university, community club, national). Moreover, biochemical measurements of oxidative stress markers (MDA, GSH and TAC) revealed that prophylactic edaravone treatment attenuated oxidative stress induced by I/R injury.","Maybe

Justification: The players tend to believe that headgear can prevent concussion, but only a minority reported wearing headgear and few felt that its use should be made mandatory, suggesting that there may be some doubt about its"
semantic_dense,semantic,dense,mistral,Spinal subdural hematoma: a sequela of a ruptured intracranial aneurysm?,yes,maybe,0,1,generation_failure,"A case of spinal subdural hematoma (SSDH) following subarachnoid hemorrhage (SAH) because of a ruptured internal carotid aneurysm is described. Magnetic resonance imaging showed a subdural hematoma in the lumbosacral region. Patients presenting with transient ischemic attack or stroke may have symptom-related lesions on acute computed tomography angiography (CTA) such as free-floating intraluminal thrombus (FFT). A 52-year-old woman underwent a craniotomy for a ruptured internal carotid aneurysm. Intrathecal administration of urokinase, IV administration of fasudil hydrochloride, and continuous cerebrospinal fluid (CSF) evacuation via cisternal drainage were performed as prophylactic treatments for vasospasm.","Maybe

Justification: The patient in the provided context had a ruptured internal carotid aneurysm ([4]), and spinal subdural hematoma (SSDH) was found ([1], ["
semantic_dense,semantic,dense,mistral,Can shape analysis differentiate free-floating internal carotid artery thrombus from atherosclerotic plaque in patients evaluated with CTA for stroke or transient ischemic attack?,yes,maybe,0,1,generation_failure,"Patients presenting with transient ischemic attack or stroke may have symptom-related lesions on acute computed tomography angiography (CTA) such as free-floating intraluminal thrombus (FFT). Extracranial internal carotid artery stenosis is a risk factor for perioperative stroke in patients undergoing coronary artery bypass surgery (CAB). Patients were stratified retrospectively into high- or low-risk groups according to risk factors for significant carotid stenosis and perioperative stroke: peripheral vascular disease (PVD), carotid bruit, diabetes mellitus, age>70 years and/or history of cerebrovascular disease. Prevalence of carotid stenosis detected by ultrasonography, surgical management and perioperative stroke rates were determined in each group. Carotid stenosis was a risk factor for stroke (P=0.03). The objective of our study is to determine whether quantitative shape analysis can accurately differentiate FFT from atherosclerotic plaque.","Maybe

Justification: The objective of the study is to determine whether quantitative shape analysis can differentiate FFT from atherosclerotic plaque, but the study has not been conducted yet, so we cannot definitively say yes"
semantic_dense,semantic,dense,mistral,Dementia and aphasia in motor neuron disease: an underrecognised association?,yes,maybe,0,1,generation_failure,"To determine the prevalence and nature of global cognitive dysfunction and language deficits in an unselected population based cohort of patients with motor neuron disease (MND). A battery of neuropsychological and language tests was administered to patients presenting consecutively over a 3 year period to a regional neurology service with a new diagnosis of sporadic motor neuron disease. Lastly, participants were evaluated by a neurologist specially trained in movement disorders to assess neurologic status and disease severity using the Unified Parkinson's Disease Rating Scale and the Hoehn and Yahr disability score. The difference between non-cycloplegic and cycloplegic refractive measurements was analyzed. Disorders of consciousness (DOC) diagnosis relies on the presence or absence of purposeful motor responsiveness, which characterizes the minimally conscious state (MCS) and the unresponsive wakefulness syndrome (UWS), respectively.","Maybe

Justification: The context does not definitively state whether dementia and aphasia are underrecognized in motor neuron disease, but it does mention that a battery of neuropsychological and language tests were administered to"
semantic_dense,semantic,dense,mistral,Does solid culture for tuberculosis influence clinical decision making in India?,maybe,yes,0,1,generation_failure,"To investigate the impact of solid culture on Löwenstein-Jensen medium on clinical decision making. In a retrospective review of 150 culture-positive and 150 culture-negative consecutively sampled tuberculosis (TB) suspects, treatment decisions were analysed at presentation, after the availability of culture detection results and after the availability of drug susceptibility testing (DST) culture results. A total of 124 (82.7%) culture-positive patients and 35 (23.3%) culture-negative patients started anti-tuberculosis treatment prior to receiving their culture results; 101 patients (33.7%) returned for their results; two (1.3%) initiated treatment based on positive culture and no culture-negative patients discontinued treatment. We review our results on surgical treatment of patients with stage I non-small cell lung carcinoma and we attempted to clarify the prognostic significance of some surgical--pathologic variables. It is uncertain whether the inverse equity hypothesis-the idea that new health interventions are initially primarily accessed by the rich, but that inequalities narrow with diffusion to the poor-holds true for cancer screening in low and middle income countries (LMICs).This study examines the relationship between overall coverage and economic inequalities in coverage of cancer screening in four middle-income countries.","Yes

Justification: The study shows that 82.7% of culture-positive patients started anti-tuberculosis treatment prior to receiving their culture results ([3])."
semantic_dense,semantic,dense,mistral,Diffusion-weighted echo-planar MR imaging of primary parotid gland tumors: is a prediction of different histologic subtypes possible?,yes,yes,1,1,success,"Our aim was to determine the value of echo-planar diffusion-weighted MR imaging (epiDWI) in differentiating various types of primary parotid gland tumors. The aim of this study was to assess the reproducibility of different measurement methods and define the most workable technique for measuring head and neck paragangliomas, to determine the best method for evaluating tumour growth. Prognostic significance of the following independent variables was tested using univariate (log-rank) and multivariate (Cox proportional-hazards) analysis: type of resection (sublobar vs lobectomy vs pneumonectomy), histology (squamous cell vs adenocarcinoma), tumour size (<or=3cm vs>3cm), histologic vascular invasion, visceral pleura involvement, positive bronchial resection margin, general T status. The influence of positron emission tomography in the management of recurrent rectal cancer is well established but its role in primary rectal cancer remains uncertain. This study therefore prospectively assesses the impact of position emission tomography scanning on the management of primary rectal cancer. Compared with computed tomography (CT) and magnetic resonance imaging (MRI), positron emission tomography (PET) may have additional value in the assessment of primary and recurrent cervical cancer.","Yes

Justification: The context states that the aim of the study was to determine the value of echo-planar diffusion-weighted MR imaging (epiDWI) in differentiating various types of primary parotid g"
semantic_dense,semantic,dense,mistral,Is there a role for endothelin-1 in the hemodynamic changes during hemodialysis?,maybe,yes,0,1,generation_failure,"There is mounting evidence that endothelin-1 (ET-1) may play a vital role in these hemodynamic changes. We examined the possible role of intradialytic changes of ET-1 in the pathogenesis of hypotension and rebound hypertension during HD. Pre-dialysis levels of ET-1 were significantly higher in dialysis patients compared to the controls (P<0.001); however, they were comparable in the three HD groups. They were divided according to their hemodynamic status during HD into three groups (group I had stable intradialytic hemodynamics, group II had dialysis-induced hypotension, and group III had rebound hypertension during HD). The etiology of hemodialysis (HD)-induced hypotension and hypertension remains speculative.","Yes

Justification: The text mentions that there is mounting evidence suggesting a role for endothelin-1 in hemodynamic changes during hemodialysis (ET-1 may play a vital role in these hemodynamic changes"
semantic_dense,semantic,dense,mistral,Do risk factors for suicidal behavior differ by affective disorder polarity?,no,maybe,0,1,generation_failure,"The influence of affective disorder polarity on subsequent suicide attempts or completions and any differential effect of suicide risk factors by polarity were assessed in a prospective cohort. Mixed-effects, grouped-time survival analysis assessed risk of suicidal behavior and differential effects of risk factors for suicidal behavior by polarity. Interference from irrelevant negative material might be a key mechanism underlying intrusive ruminative thoughts in depression. Considering commonalities between depression and social anxiety and the presence of similar intrusive thoughts in social anxiety, the current study was designed to assess whether interference from irrelevant material in working memory is specific to depression or is also present in social anxiety disorder. After controlling for age of onset, there were no differences in prior suicide attempts by polarity although bipolar participants had more prior severe attempts. In addition to polarity, the main effects of age, gender, hopelessness, married status, prior suicide attempts and active substance abuse were modeled, with mood cycle as the unit of analysis.","Maybe

Justification: The text mentions that the study assessed the differential effects of risk factors for suicidal behavior by polarity ([2]), but it also states that after controlling for several factors, there were no differences in prior"
semantic_dense,semantic,dense,mistral,Multidisciplinary breast cancer clinics. Do they work?,yes,yes,1,1,success,"In an attempt to improve the care they provide for their patients with breast cancer, the authors' institution developed a multidisciplinary breast cancer clinic (MDBCC) to offer ""one-stop shopping"" consultation and support for newly diagnosed breast cancer patients. Retrospective analysis of patients in an academic breast service, who underwent mastectomy, with or without reconstruction, and received adjuvant chemotherapy. A total of 648 breast cancer patients treated in the University Malaya Medical Center (UMMC), Malaysia between 2004 and 2005 were included in the study. We reviewed charts of 856 patients with hormone receptor-positive nonmetastatic breast cancer seen at our institution between January 1999 and October 2007. A retrospective analysis of 136 breasts of 134 patients, who received breast-conserving oncoplastic surgery for low-risk breast cancer between 2002 and 2010 in the Universities of Vienna and Luebeck followed by adjuvant APBI applying total doses of pulse dose rate of 50.4 Gy or high-dose rate (HDR) of 32 Gy over 4 days.","Yes

Justification: The context mentions the development of a multidisciplinary breast cancer clinic (MDBCC) at the authors' institution, which was intended to improve the care provided for patients with breast cancer ([1])."
semantic_dense,semantic,dense,mistral,Is the international normalised ratio (INR) reliable?,maybe,yes,0,0,retrieval_failure,"Comparison between results obtained in the practices and those in the reference hospital laboratory (gold standard), which used the same method of testing for INR, showed a correlation coefficient of 0.96. The right internal jugular vein was cannulated using either anatomic landmarks or prepuncture ultrasound (3.75/7.5 MHz) guidance. To investigate whether prepuncture ultrasound evaluation of vascular anatomy facilitates internal jugular vein cannulation compared with landmark-guided puncture. Both groups presented no differences in relation to infundibulopelvic angle, width and length of the lower calyceal infundibulum, length/width ratio of the lower infundibulum or number of lower calyces. Height of the infundibulum, described as the distance between the line passing through the lowest part of the calyx containing the calculus and the highest point of the lower lip of renal pelvis, was the only parameter in which significant differences (p = 0.002) were found between the NR and R groups.","Yes

Justification: The correlation coefficient of 0.96 between the results obtained in the practices and the reference hospital laboratory (gold standard) indicates a strong relationship and reliability of the INR."
semantic_dense,semantic,dense,mistral,"Are there associations of health status, disease activity and damage in SLE patients?",yes,yes,1,1,success,"The assessment included, besides demographic data, the measurement of disease activity using the BILAG index, the measurement of disease damage using the SLICC/ACR damage index (SDI), as well as the patient's self assessed health status using the patient's questionnaire Medical Outcome Survey Short Form 36 (SF-36). The purpose of this study was to analyze sputum cell counts, blood leukocytes and systemic inflammatory markers in these phenotypes, and investigate how those groups compared with healthy subjects. As part of a prospective study on quality of life in newly diagnosed lung cancer patients an investigation was carried out to examine whether there were differences among patients' quality of life scores and their socioeconomic status. The aim of this prognostic factor analysis was to investigate if a patient's self-reported health-related quality of life (HRQOL) provided independent prognostic information for survival in non-small cell lung cancer (NSCLC) patients. To understand the effect of past group A streptococcal infection on MS, antistreptolysin O (ASO) and antideoxyribonuclease B (ADNase B) were measured in 21 patients with relapsing-remitting MS and 21 healthy blood donors by nephelometric assay.","Yes

Justification: The context mentions the measurement of disease activity using the BILAG index, the measurement of disease damage using the SLICC/ACR damage index (SDI), and the patient's self assessed health"
semantic_dense,semantic,dense,mistral,PSA repeatedly fluctuating levels are reassuring enough to avoid biopsy?,no,maybe,0,0,retrieval_failure,"Adherence to a second colposcopy was not significantly different from that to a repeated Pap smear (odds ratio, 1.40; 95% confidence interval, 0.80-2.46). To assess the feasibility and safety of diagnostic or therapeutic semirigid ureteroscopy without ureteral meatus dilatation. Routine clinic protocols for follow-up--telephone call, letter, or certified letter--were applied without regard to the type of abnormality seen on a Pap smear or recommended examination. Although selective and non-selective methods of preoperative carotid screening have been advocated, it remains unclear if this screening is clinically relevant.AIM: To test whether selective carotid screening is as effective as non-selective screening in detecting significant carotid disease. The intervals from the last application of prostaglandin until abortion and from 3 cm cervical dilatation to abortion were slightly, but not significantly shorter in the paracervical anaesthesia group.","Maybe

Justification: The provided context does not directly discuss PSA levels or their relationship to biopsy recommendations. However, the context does suggest that some conditions may not require immediate intervention (e.g., colposcopy, ure"
semantic_dense,semantic,dense,mistral,Is zero central line-associated bloodstream infection rate sustainable?,yes,maybe,0,1,generation_failure,"Adoption and implementation of evidence-based measures for catheter care leads to reductions in central line-associated bloodstream infection (CLABSI) rates in the NICU. Microbial contamination can be a marker for faulty process and is assumed to play an important role in the collection of hematopoietic progenitor cell (HPC) and infusion procedure. We aimed to determine the microbial contamination rates and evaluate the success of hematopoietic cell transplantation (HCT) in patients who received contaminated products.PATIENTS- Intrathecal administration of urokinase, IV administration of fasudil hydrochloride, and continuous cerebrospinal fluid (CSF) evacuation via cisternal drainage were performed as prophylactic treatments for vasospasm. The mean duration of anesthesia and the infection rates in both groups were recorded and compared. The relationship between the use of an endoscope during ventriculoperitoneal shunt (VPS) procedures and infection remains poorly defined.","Maybe

Justification: The context does not provide a specific example of a zero CLABSI rate being sustained, but it does state that adoption and implementation of evidence-based measures for catheter care leads to reductions in CLABSI"
semantic_dense,semantic,dense,mistral,"Is gastric electrical stimulation superior to standard pharmacologic therapy in improving GI symptoms, healthcare resources, and long-term health care benefits?",yes,yes,1,1,success,"To compare symptoms, healthcare resource utilization and costs in two groups of patients with the symptoms of GP: those treated via gastric electrical stimulation (GES) and those treated with traditional pharmacological agents in an intensive outpatient program (MED). Gastrointestinal symptoms were significantly different from baseline (F = 3.03, P<0.017) with GP patients treated via GES showing more sustained improvement over 36 months than those treated via MED. Severe upper gastrointestinal (GI) motor disorders, including gastroparesis (GP), can consume significant health care resources. Little is known about whether a routinely inserted endoscopic nasobiliary drainage (ENBD) tube improves the clinical course in patients with choledocholithiasis-induced acute cholangitis after clearance of choledocholithiasis. However, there are no treatment guidelines for polyps that grow in size during the follow-up period.STUDY: We retrospectively investigated 145 patients with GB polyps who underwent at least 1 ultrasonographic follow-up examination over an interval greater than 6 months, before cholecystectomy at Samsung medical center, South Korea, from 1994 to 2007.","Yes

Justification: The provided context states that patients treated via gastric electrical stimulation (GES) showed more sustained improvement in gastrointestinal (GI) symptoms over 36 months compared to those treated with traditional pharm"
semantic_dense,semantic,dense,mistral,Should pulp chamber pulpotomy be seen as a permanent treatment?,no,maybe,0,1,generation_failure,"Seventeen patients, aged 7-54 years (mean of 37.2 year), were treated by pulpotomy and filling with ProRoot MTA(®)  in premolar or molar teeth with vital pulps and without clinical evidence of irreversible pulpitis. To investigate the effect of bracket-ligature combination on the amount of orthodontic space closure over three months. Two of the 17 treated teeth required root canal treatment for pain control and one for prosthetic reasons. Statistical analysis was performed with Kaplan-Meier survival probability statistics to estimate the survival of the treated teeth. Forty-five patients requiring upper first premolar extractions.","Maybe

Justification: While the majority of the treated teeth did not require root canal treatment, three out of seventeen did, suggesting that the pulpotomy may not be a permanent treatment in all cases ([1], [4]). However"
semantic_dense,semantic,dense,mistral,Does transverse apex coincide with coronal apex levels (regional or global) in adolescent idiopathic scoliosis?,no,maybe,0,1,generation_failure,"To identify the regional and global apexes of curves in adolescent idiopathic scoliosis and to compare the levels of those with the most rotated vertebral levels on computed tomography scans. The most rotated vertebral (or disc) levels (transverse apex) were compared with the regional and global apex levels (vertebra or disc) (coronal apexes) of the corresponding curves separately. Thirty-three structural curves of 25 consecutive patients scheduled for surgery for thoracic or thoracolumbar scoliosis were analyzed with standing anteroposterior radiographs and computed tomography scans covering the curve apexes and pelvis. Regional and global apexes were at the same level in 18 (54.5%) curves, and within half a level in another 15 (45.4%), and the regional apex was one level higher in two curves (95% confidence levels: -0.82, +0.88). Apical vertebra or disc is defined as the most laterally deviated vertebra or disc in a scoliosis curve, but the most rotated vertebra (or disc) has not been included in this terminology.","Maybe

Justification: The regional and global apexes were at the same level in 54.5% of the curves, and within half a level in another 45.4%, suggesting that they may coincide in"
semantic_dense,semantic,dense,mistral,Does the Child Health Computing System adequately identify children with cerebral palsy?,no,maybe,0,1,generation_failure,"This paper assesses the usefulness of the Child Health Computing System as a source of information about children with cerebral palsy. A comparative survey of information held on the Child Health Computing System (CHCS) and the Northern Ireland Cerebral Palsy Register (NICPR) in one Health and Social Services Board in Northern Ireland was carried out. The sample comprised children with cerebral palsy aged 5-9 years. To determine the vitamin D status of prepubertal children with CD. A retrospective study of prepubertal children aged 3-12 years with CD (n=24) who were compared to prepubertal, non-CD children of the same age (n=50).","Maybe

Justification: The context does not provide enough information to definitively say whether the Child Health Computing System adequately identifies all children with cerebral palsy. However, a comparative survey was conducted between the Child"
semantic_dense,semantic,dense,mistral,Are we seeing the effects of public awareness campaigns?,maybe,maybe,1,0,lucky_guess,"To examine patterns of knowledge and attitudes among adults aged>65 years unvaccinated for influenza. To assess the extent to which the title and font of participant information sheets (PISs) can influence pregnant women's and trainee midwives' perceptions of an antenatal intervention. National knowledge, attitude and practice (KAP) surveys were conducted in 1988, 1989, 1992, 1994 and 1996. Identified 4 clusters: Potentials (45%) would receive influenza vaccine to prevent disease; Fearful Uninformeds (9%) were unsure if influenza vaccine causes illness; Doubters (27%) were unsure if vaccine is efficacious; Misinformeds (19%) believed influenza vaccine causes illness. Although selective and non-selective methods of preoperative carotid screening have been advocated, it remains unclear if this screening is clinically relevant.AIM: To test whether selective carotid screening is as effective as non-selective screening in detecting significant carotid disease.","Maybe

Justification: The study in the context does not directly measure the effects of public awareness campaigns, but the presence of clusters of knowledge and attitudes among adults aged>65 years suggests that public awareness campaigns may have influenced their perceptions of"
semantic_dense,semantic,dense,mistral,Is breast cancer prognosis inherited?,yes,yes,1,1,success,"It is not well known, however, whether genetic traits also influence prognostic features of the malignant phenotype. Among all women with breast cancer diagnosed from 1961 to 2001, 2,787 mother-daughter pairs and 831 sister pairs with breast cancer were identified; we achieved complete follow-up and classified 5-year breast cancer-specific prognosis among proband (mother or oldest sister) into tertiles as poor, intermediary, or good. A genetic component is well established in the etiology of breast cancer. After adjustment for potential confounders, daughters and sisters of a proband with poor prognosis had a 60% higher 5-year breast cancer mortality compared to those of a proband with good prognosis (hazard ratio [HR], 1.6; 95% confidence interval [CI], 1.2 to 2.2; p for trend 0.002). The objective of our study was to analyze prognostic factors related to survival and to see whether cytostatic treatment was an independent predictor.","Yes

Justification: The study shows that daughters and sisters of a proband with poor prognosis had a 60% higher 5-year breast cancer mortality compared to those of a proband with good prognosis ("
semantic_dense,semantic,dense,mistral,Does nuchal translucency thickness in the first trimester predict GDM onset during pregnancy?,no,maybe,0,1,generation_failure,"This study was planned to evaluate whether increased nuchal translucency (NT) thickness in the first trimester of gestation can be related to onset of gestational diabetes mellitus (GDM) during pregnancy. From January 2006 to August 2008, a group of 678 singleton pregnancies who had developed GDM has been selected as a study group among a total of 3966 pregnant women who had undergone first trimester screening for aneuploidies at 11-14 weeks of gestation. The objective of the study was to determine whether risk of recurrent preterm birth differs based on the clinical presentation of a prior spontaneous preterm birth (SPTB): advanced cervical dilatation (ACD), preterm premature rupture of membranes (PPROM), or preterm labor (PTL). The outcomes were analyzed with respect to antral follicle assessment (<or = 6 or>6), basal cycle day 3 follicle stimulated hormone (<or = 10 or>10 IU/L) and maternal age (<or = 35 or>35 years). To compare the probability of prenatal diagnosis (PND) and termination of pregnancy for fetal anomaly (TOPFA) between fetuses conceived by assisted reproductive techniques (ART) and spontaneously-conceived fetuses with congenital heart defects (CHD).","Maybe

Justification: The study was planned to evaluate this relationship, but the results or conclusions are not provided in the context."
semantic_dense,semantic,dense,mistral,Are the arginine vasopressin V1a receptor microsatellites related to hypersexuality in children with a prepubertal and early adolescent bipolar disorder phenotype?,no,maybe,0,1,generation_failure,"To examine family-based transmission of the number of 5' flanking arginine vasopressin V1a receptor (AVPR1A) microsatellites, which include [(GATA)(14)] and complex [(CT)(4)-TT-(CT)(8)-(GT)(24)]repeats, in probands with a prepubertal and early adolescent bipolar disorder phenotype (PEA-BP). Preferential transmission of the number of AVPR1A microsatellite repeats to hypersexual and uninhibited people-seeking probands was hypothesized, based on reports from preclinical work in the literature. Subjects (N = 247) were outpatients who participated in either the National Institute of Mental Health-funded Phenomenology and Course of Pediatric Bipolar Disorders study or the Treatment of Early Age Mania (TEAM) study. Insulin sensitivity was measured as the glucose infusion rate during a euglycemic hyperinsulinemic clamp, body fat percentage was measured by dual X-ray absorptiometry, and CVD risk was estimated using the Framingham risk score. Associations of fasting plasma glucose, 2-hour plasma glucose, insulin sensitivity and body fat percentage with the Framingham risk score were assessed in linear regression models. In boys under 1 year prepuce retractibility (assessed only in children who did not undergo forced dilation previously) was type I (non retractile) in 71.5% whereas type V (completely retractile) was only 5.5%. In adolescent boys type I prepuce was observed in 1 boy only, 1.6%, whereas type V was observed in 82.3%.","Maybe

Justification: The provided context does not directly establish a relationship between arginine vasopressin V1a receptor microsatellites and hypersexuality in children with a prepubertal and early adolescent"
semantic_dense,semantic,dense,mistral,Stage I non-small cell lung carcinoma: really an early stage?,no,maybe,0,1,generation_failure,"The purpose of this study is to examine whether or not well differentiated (w-d) hepatocellular carcinoma (HCC) is indeed clinically early cancer. We review our results on surgical treatment of patients with stage I non-small cell lung carcinoma and we attempted to clarify the prognostic significance of some surgical--pathologic variables. Patients enrolled in the study had been diagnosed with non-small cell carcinoma in stages IV or IIIB with pleural or N2-N3 involvement and with a performance status of 2 or below according to the Eastern Cooperative Oncology Group (ECOG). Only 1 was determined as an advanced adenoma. Prognostic significance of the following independent variables was tested using univariate (log-rank) and multivariate (Cox proportional-hazards) analysis: type of resection (sublobar vs lobectomy vs pneumonectomy), histology (squamous cell vs adenocarcinoma), tumour size (<or=3cm vs>3cm), histologic vascular invasion, visceral pleura involvement, positive bronchial resection margin, general T status.","Maybe

Justification: The study does not explicitly state that stage I non-small cell lung carcinoma is an early stage, but it does suggest that it could be considered early as it is one of the stages being examined in the study"
semantic_dense,semantic,dense,mistral,Does Residency Selection Criteria Predict Performance in Orthopaedic Surgery Residency?,yes,maybe,0,1,generation_failure,"Do preresidency selection factors serve as predictors of success in residency? Specifically, we asked which preresidency selection factors are associated or correlated with (1) objective measures of resident knowledge and performance; and (2) subjective ratings by faculty. Resident performance was assessed using objective measures including American Board of Orthopaedic Surgery (ABOS) Part I scores and Orthopaedics In-Training Exam (OITE) scores and subjective ratings by faculty including global evaluation scores and faculty rankings of residents. However, the criteria used in the selection process often are subjective and studies have differed in terms of which criteria predict either objective measures or subjective ratings of resident performance by faculty.QUESTIONS/ Preresidency selection criteria examined included United States Medical Licensing Examination (USMLE) Step 1 and Step 2 scores, Medical College Admission Test (MCAT) scores, number of clinical clerkship honors, number of letters of recommendation, number of away rotations, Alpha Omega Alpha (AOA) honor medical society membership, fourth-year subinternship at our institution, and number of publications. Students chose any two surgical rotations and were assessed by written examination, objective structured clinical examination (OSCE), ward evaluations, self-assessment objectives questionnaire, and satisfaction survey.","Maybe

Justification: The provided context mentions that preresidency selection criteria such as USMLE Step 1 and Step 2 scores, MCAT scores, number of clinical clerkship honors, number of letters of recommendation,"
semantic_dense,semantic,dense,mistral,Optimism and survival: does an optimistic outlook predict better survival at advanced ages?,yes,maybe,0,1,generation_failure,"The aim of this study was to examine whether an optimistic outlook predicts survival among the oldest-old. Only a few studies have examined the effect of personality traits on survival, such as optimism. When confounding factors such as baseline physical and cognitive functioning and disease were taken into account the association between optimism and survival weakened in both sexes, but the general pattern persisted. The risk of death was also decreased for optimistic men compared to their neutral counterparts, but the effect was non-significant [HR 0.91, 95 % CI (0.73-1.13)]. Univariable analyses revealed that optimistic women and men were at lower risk of death compared to their neutral counterparts [HR 0.82, 95 % CI (0.73-0.93) and 0.81, 95 % CI (0.66-0.99), respectively].","Maybe

Justification: The study shows that optimistic women and men have a lower risk of death compared to their neutral counterparts, but the effect is not significant for men. However, the association between optimism and survival weakened when conf"
semantic_dense,semantic,dense,mistral,Is it better to be big?,no,no,1,0,lucky_guess,"We wished to discover if these relationships could be reliably extended to a much more obese group. Neoplastic polyps were more frequently found in patients older than 60 years, those with hypertension, a polyp size greater than 10 mm, and a rapid growth rate greater than 0.6 mm/mo. On multivariate analysis, however, the growth rate was not related to the neoplastic nature of a polyp, but older age (>60 y) and large size (>10 mm) were significantly associated with neoplastic polyps. If, and how, circumferences, including waist circumference (WC) and hip circumference (HC), scale to height remains unclear, but this is an important consideration when developing normative ranges or applying WC/height and HC/height as risk indexes. A statistically non-significant trend towards the higher rupture of large aneurysms (>7 cm) was observed in the cases where the pressure increased between the day before the rupture and the day of the rupture. The rate of aortic aneurysm rupture correlates with the aneurysm's diameter, and a higher rate of rupture is observed in patients with larger aneurysms.","No, based on the context, larger polyps and aneurysms are associated with a higher risk of being neoplastic or rupturing, respectively."
semantic_dense,semantic,dense,mistral,Is arch form influenced by sagittal molar relationship or Bolton tooth-size discrepancy?,no,maybe,0,1,generation_failure,"This study investigates the possible association between arch form, clinically significant tooth-size discrepancy, and sagittal molar relationship. Furthermore, no association was observed between the presence of significant Bolton discrepancy and the sagittal molar relationship or arch form. Bolton ratio was calculated, sagittal molar relationship was defined according to Angle classification, and correlations were analyzed using ANOVA, chi-square, and t-tests. The purposes of this study are to report the alveolar process thickness and inter-radicular space in the posterior region of the mandible, to assess the impact of different miniscrew insertion angle protocols, and to identify differences between the genders or types of malocclusion. These factors were evaluated for sexual dimorphism and malocclusion (Angle Classes I and II). Sexual dimorphism and malocclusion were evaluated with t tests.","Maybe

Justification: The study does not directly state that arch form is not influenced by sagittal molar relationship or Bolton tooth-size discrepancy, but it does not find an association between these factors and arch form (["
semantic_dense,semantic,dense,mistral,Cold knife conization vs. LEEP. Are they the same procedure?,no,no,1,1,success,"To prospectively evaluate the amount of tissue removed at loop electrosurgical excision procedure (LEEP) vs. cold knife conization. Mean diameter of cold knife cone specimens was 2.6 vs. 2.2 cm for LEEP (P = .07). Mean length of cold knife cone specimens was 1.5 vs. 1.0 cm for LEEP (P = .001). Mean weight for cold knife cone specimens was 4.4 vs. 2.0 g for LEEP (P = .001). Histologic, ultrastructural, and cohesive tensile strength evaluations were performed on 25 normal human corneal specimens, 206 uncomplicated LASIK specimens, 17 uncomplicated sub-Bowman's keratomileusis (SBK) specimens, 4 uncomplicated photorefractive keratectomy (PRK) specimens, 2 uncomplicated advanced surface ablation (ASA) specimens, 5 keratoconus specimens, 12 postoperative LASIK ectasia specimens, and 1 postoperative PRK ectasia specimen and compared to previously published studies. To describe the biomechanical and wound healing characteristics of corneas after excimer laser keratorefractive surgery. This randomized single-blinded single-center clinical trial involved 320 patients undergoing elective PCI who were randomized to either receive three 5-min cycles of ischemia by inflation of a cuff on the non-dominant arm to 200 mm Hg (remote postischemic conditioning) or to placebo (uninflated cuff).","No

Justification: The context describes two different procedures, cold knife conization and loop electrosurgical excision procedure (LEEP), and compares their results in terms of diameter, length, weight, and other characteristics. Therefore,"
semantic_dense,semantic,dense,mistral,Are pectins involved in cold acclimation and de-acclimation of winter oil-seed rape plants?,yes,yes,1,1,success,"The hypothesis was tested that pectin content and methylation degree participate in regulation of cell wall mechanical properties and in this way may affect tissue growth and freezing resistance over the course of plant cold acclimation and de-acclimation. De-acclimation promoted leaf expansion and reversed most of the cold-induced effects, with the exception of pectin methylesterase activity. However, the cold-induced modifications in the cell wall properties were more pronounced in the leaves of the more pathogen-resistant genotype. Plant acclimation in the cold (2 degrees C) brought about retardation of leaf expansion, concomitant with development of freezing resistance. These effects were associated with the increases in leaf tensile stiffness, cell wall and pectin contents, pectin methylesterase (EC 3.1.1.11) activity and the low-methylated pectin content, independently of the genotype studied.","Yes

Justification: The context states that the cold-induced modifications in the cell wall properties were associated with the increases in pectin content ([5])."
semantic_dense,semantic,dense,mistral,Updating emotional content in working memory: a depression-specific deficit?,yes,no,0,1,generation_failure,"Interference from irrelevant negative material might be a key mechanism underlying intrusive ruminative thoughts in depression. Considering commonalities between depression and social anxiety and the presence of similar intrusive thoughts in social anxiety, the current study was designed to assess whether interference from irrelevant material in working memory is specific to depression or is also present in social anxiety disorder. Compared to control and social anxiety groups, the depression groups (both pure and comorbid with social anxiety disorder) exhibited greater difficulties removing irrelevant emotional material from working memory (i.e., greater intrusion effects). To examine the effects of irrelevant emotional material on working memory performance, participants memorized two lists of words on each trial and were subsequently instructed to ignore one of the lists. The influence of affective disorder polarity on subsequent suicide attempts or completions and any differential effect of suicide risk factors by polarity were assessed in a prospective cohort. In particular, it is unclear whether somatic complaints may heighten the risk for the subsequent development of depressive symptoms.","No, because the social anxiety group also exhibited greater difficulties removing irrelevant emotional material from working memory (i.e., greater intrusion effects) compared to the control group."
semantic_dense,semantic,dense,mistral,Does ultrasound imaging before puncture facilitate internal jugular vein cannulation?,maybe,maybe,1,1,success,"To investigate whether prepuncture ultrasound evaluation of vascular anatomy facilitates internal jugular vein cannulation compared with landmark-guided puncture. The right internal jugular vein was cannulated using either anatomic landmarks or prepuncture ultrasound (3.75/7.5 MHz) guidance. Respiratory jugular venodilation was identified in 188 patients (78.3%), in whom results of cannulation did not differ between the 2 techniques with respect to the venous access rate (cannulated at the first attempt: 83.5% in the landmark v 85.7% in the ultrasound group), the success rate (cannulated within 3 attempts: 96.9% v 95.6%), and the incidence of arterial puncture (1.0% v 3.3%). In the remaining 52 respiratory jugular venodilation-unidentified patients, the access rate (30.4% v 86.2%, p<0.001) and the success rate (78.3 v 100%, p<0.05) were significantly better in the ultrasound group, and no arterial puncture was recorded in the ultrasound group, whereas the incidence was 13.0% in the landmark group. The use of three-dimensional (3D) ultrasound may help to determine the exact position of the needle during breast biopsy, thereby reducing the number of core samples that are needed to achieve a reliable histological diagnosis. The aim of this study was to demonstrate the efficacy of 3D ultrasound-validated large-core needle biopsy (LCNB) of the breast. To assess the feasibility and safety of diagnostic or therapeutic semirigid ureteroscopy without ureteral meatus dilatation.","Maybe

Justification: The study shows that in patients with respiratory jugular venodilation, the success rate and access rate were significantly better in the ultrasound group compared to the landmark group. However, the study does not"
semantic_dense,semantic,dense,mistral,Should prostate specific antigen be adjusted for body mass index?,no,maybe,0,1,generation_failure,"We examined the relationship between body mass index and prostate specific antigen by age in men without prostate cancer in a longitudinal aging study to determine whether prostate specific antigen must be adjusted for body mass index. Mixed effects models were used to examine the relationship between prostate specific antigen and body mass index in kg/m(2) by age. Results were similar when men with prostate cancer were included, when percent body fat was substituted for body mass index, and after adjusting for prostate volume. In men without prostate cancer body mass index was not significantly associated with prostate specific antigen after adjusting for age (p = 0.06). Measuring bioactive testosterone is difficult and new methods have been proposed, including measuring the primary androgen metabolite androsterone glucuronide (ADT-G).AIM: The aim of this study was to investigate a possible correlation between serum levels of androgens and sexual desire in women and whether the level of ADT-G is better correlated than the level of circulating androgens with sexual desire.","Maybe

Justification: The study suggests that body mass index may have some influence on prostate specific antigen levels, but the association is not statistically significant after adjusting for age (p = 0.06). However, the"
semantic_dense,semantic,dense,mistral,Does obstructive sleep apnea affect aerobic fitness?,maybe,maybe,1,1,success,"We sought to determine whether patients with obstructive sleep apnea (OSA) had an objective change in aerobic fitness during cycle ergometry compared to a normal population. To investigate the effect of fenofibrate on sleep apnoea indices. Thirty-four subjects (mean age 55 years, body mass index 34 kg/m 2 , fasting triglycerides 3.5 mmol/L) with diagnosed sleep apnoea syndrome not treated with continuous positive airways pressure were enrolled and randomized to once daily treatment with fenofibrate (145 mg NanoCrystal(R) tablet) or placebo. Other variables included total apnoeas, hypopnoeas and oxygen desaturations, and non-cortical micro-awakenings related to respiratory events per hour. Exploratory study in patients with mild to moderate sleep apnoea, limited treatment duration; concomitant hypnotic treatment (35%); lack of correction for multiplicity of testing.","Maybe

Justification: The context states that the study aimed to determine if patients with obstructive sleep apnea (OSA) had an objective change in aerobic fitness during cycle ergometry compared to a normal population, suggesting that"
semantic_dense,semantic,dense,mistral,The effect of an intracerebroventricular injection of metformin or AICAR on the plasma concentrations of melatonin in the ewe: potential involvement of AMPK?,yes,yes,1,1,success,"injection of two activators of AMPK, metformin and AICAR, affected the circadian rhythm of melatonin in ewes that were housed in constant darkness. Considering this, we identified the presence of the subunits of AMPK in different hypothalamic nuclei involved in the pre- and post-pineal pathways that control seasonality of reproduction in the ewe and we investigated if the intracerebroventricular (i.c.v.) Metformin and AICAR both reduced (p<0.001 and p<0.01 respectively) the amplitude of the circadian rhythm of melatonin secretion independently of insulin secretion. injection of AICAR only tended (p = 0.1) to increase the levels of phosphorylated AMPK in the paraventricular nucleus but significantly increased the levels of phosphorylated ACC in the paraventricular nucleus (p<0.001) and in the pineal gland (p<0.05). It is postulated that some aspects of methotrexate toxicity may be related to its action as an anti-folate. Folic acid (FA) is often given as an adjunct to methotrexate therapy, but there is no conclusive proof that it decreases the toxicity of methotrexate and there is a theoretical risk that it may decrease the efficacy of methotrexate.","Yes

Justification: The injection of both metformin and AICAR affected the circadian rhythm of melatonin in ewes, and they both reduced the amplitude of the circadian rhythm of melatonin secretion"
semantic_dense,semantic,dense,mistral,Literacy after cerebral hemispherectomy: Can the isolated right hemisphere read?,yes,maybe,0,1,generation_failure,"While the effect of the dominant hemisphere resection on spoken language has been extensively researched, little is known about reading abilities in individuals after left-sided resection. Here, we explored the reading skills in participants who have undergone left cerebral hemispherectomy. We examined if components of phonological processing that are shown to reliably separate average readers from struggling readers, i.e., phonological awareness, verbal memory, speed of retrieval, and size of vocabulary, show the same relationship to reading levels when they are mediated by the right hemisphere [2]. Receptive vocabulary, a bilateral function, was preserved to a certain degree similar to that of strongly left-lateralized phonological skills [3]. Later seizure onset was associated with better reading levels.","Maybe

Justification: The text suggests that while receptive vocabulary, a bilateral function, is preserved to some degree, the relationship between reading levels and other components of phonological processing (mediated by the right hemisphere"
semantic_dense,semantic,dense,mistral,Characterization of the gender dimorphism after injury and hemorrhagic shock: are hormonal differences responsible?,no,maybe,0,1,generation_failure,"To characterize the gender dimorphism after injury with specific reference to the reproductive age of the women (young,<48 yrs of age, vs. old,>52 yrs of age) in a cohort of severely injured trauma patients for which significant variation in postinjury care is minimized. Mortality at index admission, transfusion requirement during first 24 hours, and presence of nonorthopaedic injuries as a function of Young-Burgess pelvic classification type. We examined the possible role of intradialytic changes of ET-1 in the pathogenesis of hypotension and rebound hypertension during HD. An 18-month retrospective review was performed on trauma patients>or= 15 years old who received therapeutic anticoagulation using unfractionated heparin (UH) and/or fractionated heparin (FH). The objectives of this study were to evaluate the ability of the Young-Burgess classification system to predict mortality, transfusion requirements, and nonorthopaedic injuries in patients with pelvic ring fractures and to determine whether mortality rates after pelvic fractures have changed over time.","Maybe

Justification: The context mentions the reproductive age of women (young and old) in the study, but it does not explicitly state that hormonal differences are being investigated. However, the fact that the study is character"
semantic_dense,semantic,dense,mistral,Can communication with terminally ill patients be taught?,yes,yes,1,0,lucky_guess,"Communication with terminally ill patients is a main responsibility of physicians. This study investigated patients' views on being used as an educational resource for teaching medical students. Students made a number of recommendations including the development of multilingual videotapes and patient information sheets for non-English speaking patients, avoidance of bilateral surgical procedures and improved links with local medical officers. To investigate whether intravenous opioid PCT can be an effective therapeutic method to reduce breathlessness in patients with advanced disease. Secondary aims were to study the feasibility and acceptance of opioid PCT in patients with refractory breathlessness. The scenarios were all possible combinations of five factors: severity of the disease (severe, lethal); time taken to discuss this with (little time, much time); intent to inform the spouse about the disease (none, one of these days, immediately); intent to adopt protective behaviours (no intent, intent); and decision to consult an expert in STDs (yes, no), 2 x 2 x 3 x 2 x 2.","Yes

Justification: The study mentioned that students made recommendations for improving communication with terminally ill patients, indicating that communication skills can be taught. (Context: [2], [3])"
semantic_dense,semantic,dense,mistral,Delays in time to primary treatment after a diagnosis of breast cancer: does it impact survival?,no,maybe,0,1,generation_failure,"Treatment delays in breast cancer are generally thought to affect prognosis but the impact on survival remains unclear. Indicators for breast cancer care include time to primary treatment. The purpose of this study was to evaluate whether time to primary treatment (TPT) in breast cancer impacts survival. We fitted regression models of stage at diagnosis and time-to-treatment (number of days between diagnosis and surgery) to test the hypothesis that travel burden is associated with timely diagnosis and treatment of cancer. Important increases could be demonstrated for communicating a diagnosis of cancer with good or less good prognosis, recurrence of cancer or a far progressive cancer disease without curative approach. We reviewed charts of 856 patients with hormone receptor-positive nonmetastatic breast cancer seen at our institution between January 1999 and October 2007.","Maybe

Justification: The study was conducted to evaluate whether time to primary treatment impacts survival, but the impact remains unclear as indicated in the first sentence of the context."
semantic_dense,semantic,dense,mistral,Are increased carotid artery pulsatility and resistance indexes early signs of vascular abnormalities in young obese males?,yes,yes,1,1,success,"To provide insight into the factors by which obesity in itself may directly lead to early arterial damage, we aimed to determine early sonographic markers of obesity-related vascular dysfunction in young obese males. Common carotid artery pulsatility index and resistance index were calculated from blood flow velocities curves obtained by pulsed Doppler ultrasonography. The mean pulsatility index, resistance index, body mass index, waist circumference, systolic and diastolic blood pressure, homeostasis model assessment for insulin resistance, plasma fasting glucose, insulin, C-peptide, triglycerides, low-density lipoprotein cholesterol, and high-sensitivity C-reactive protein were statistically higher in obese subjects than in healthy controls. Patients were stratified retrospectively into high- or low-risk groups according to risk factors for significant carotid stenosis and perioperative stroke: peripheral vascular disease (PVD), carotid bruit, diabetes mellitus, age>70 years and/or history of cerebrovascular disease. Prevalence of carotid stenosis detected by ultrasonography, surgical management and perioperative stroke rates were determined in each group. Insulin sensitivity was measured as the glucose infusion rate during a euglycemic hyperinsulinemic clamp, body fat percentage was measured by dual X-ray absorptiometry, and CVD risk was estimated using the Framingham risk score. Associations of fasting plasma glucose, 2-hour plasma glucose, insulin sensitivity and body fat percentage with the Framingham risk score were assessed in linear regression models.","Yes

Justification: The mean pulsatility index, resistance index, and other vascular-related parameters were statistically higher in obese subjects than in healthy controls (context [3])."
semantic_dense,semantic,dense,mistral,Are acceptance rates of a national preventive home visit programme for older people socially imbalanced?,yes,yes,1,1,success,"The purpose of this study is to investigate 1) whether socioeconomic status was associated with acceptance of preventive home visits among older people and 2) whether municipality invitational procedures for the preventive home visits modified the association. Preventive home visits are offered to community dwelling older people in Denmark aimed at maintaining their functional ability for as long as possible, but only two thirds of older people accept the offer from the municipalities. The odds ratio for accepting preventive home visits was larger among persons with low financial assets invited by a letter with a proposed date than among persons with high financial assets invited by other procedures, though these estimates had wide confidence intervals. Information on preventive home visit acceptance rates was obtained from questionnaires. Older persons with high financial assets accepted preventive home visits more frequently than persons with low assets (adjusted OR = 1.5 (CI95%: 1.1-2.0)).","Yes

Justification: Older persons with high financial assets accepted preventive home visits more frequently than persons with low assets (adjusted OR = 1.5 (CI95%: 1.1-2.0))."
semantic_dense,semantic,dense,mistral,Does open access publishing increase the impact of scientific articles?,yes,maybe,0,1,generation_failure,"Some studies suggest that open access articles are more often cited than non-open access articles. However, the relationship between open access and citations count in a discipline such as intensive care medicine has not been studied to date. The present article analyzes the effect of open access publishing of scientific articles in intensive care medicine journals in terms of citations count. The median number (interquartile range) of citations of non-open access articles was 8 (4-12) versus 9 (6-18) in the case of open access articles (p=0.084). Data sources included English language literature identified through MEDLINE searches and bibliographies from selected articles, along with empirical data from our own institution. Independent factors for citation advantage were the Hirsch index of the first signing author (β=0.207; p=0.015) and open access status (β=3.618; p=0.006).","Maybe

Justification: The study shows a statistically significant association between open access publishing and higher citation counts (p=0.006), suggesting that open access publishing may increase the impact of scientific articles. However, the study does"
semantic_dense,semantic,dense,mistral,In vivo visualization of pyloric mucosal hypertrophy in infants with hypertrophic pyloric stenosis: is there an etiologic role?,yes,maybe,0,1,generation_failure,"Infantile hypertrophic pyloric stenosis (IHPS) is a common condition which presents in infants at 2-12 weeks of postnatal life, and whose cause remains obscure. Our purpose in this study was to show that pyloric mucosal redundancy is a constant finding in infants with IHPS, to discuss its possible cause, and to explore the hypothesis of a relationship between pyloric mucosal redundancy and the development of IHPS. Multiple associated abnormalities have been recognized within the external hypertrophied pyloric muscle layer, but the internal component of the pyloric mucosa has received scant attention in the literature to date. We identified 102 consecutive infants with surgically confirmed IHPS and determined the thickness of the pyloric mucosa compared with the thickness of the surrounding hypertrophied muscle. In infants with IHPS, the pyloric mucosa constitutes approximately one third of the cross-sectional diameter of the pyloric mass and fills and obstructs the pyloric canal.","Maybe

Justification: The study shows that in infants with IHPS, the pyloric mucosa constitutes approximately one third of the cross-sectional diameter of the pyloric mass and fills and obstructs"
semantic_dense,semantic,dense,mistral,Does the early adopter of drugs exist?,no,maybe,0,1,generation_failure,"To analyse associations between indicators for adoption of new drugs and to test the hypothesis that physicians' early adoption of new drugs is a personal trait independent of drug groups. As indicators of new drug uptake, we used adoption time, cumulative incidence, preference proportion, incidence rate and prescription cost and volume. For all indicators, the general practitioners' adoption of one group of drugs was poorly associated with adoption of others ( r</=0.49), indicating that early adoption of one type of drugs is not associated with early adoption of another. Another dopamine agonist, aripiprazole, could be a new risk factor. For all drug groups, adoption time adjusted for practice size was only weakly associated with other indicators ( r: -0.56 to -0.27).","Maybe

Justification: The text suggests that early adoption of one type of drugs is not associated with early adoption of another (r<0.49), but it does not explicitly state that there are no early adopters of drugs."
semantic_dense,semantic,dense,mistral,Does high blood pressure reduce the risk of chronic low back pain?,yes,maybe,0,1,generation_failure,"In the prospective study of disease-free women, baseline pulse pressure and systolic pressure were inversely associated with risk of low back pain [odds ratio (OR) 0.93 per 10 mm Hg increase in pulse pressure, 95% confidence interval (CI) 0.89-0.98, p = 0.007; OR 0.95 per 10 mm Hg increase in systolic pressure, 95% CI 0.92-0.99, p = 0.005]. In the cross-sectional study, all three blood pressure measures showed inverse relationships with prevalence of low back pain in both sexes. Epidemiological studies have suggested inverse relationships between blood pressure and prevalence of conditions such as migraine and headache. Associations between blood pressure and chronic low back pain were explored in the cross-sectional HUNT 2 survey of a Norwegian county in 1995-1997, including 39,872 individuals who never used antihypertensive medication. In primary and secondary prevention trials, statins have been shown to reduce the risk of stroke. In addition to lipid lowering, statins have a number of antiatherothrombotic and neuroprotective properties.","Maybe

Justification: The provided context shows inverse relationships between blood pressure and chronic low back pain in both prospective and cross-sectional studies ([1], [2], [4]). However, it also mentions that epidemiological"
semantic_dense,semantic,dense,mistral,Does responsibility affect the public's valuation of health care interventions?,maybe,yes,0,1,generation_failure,"This study investigates whether the public value safety-related health care improvements more highly than the same improvements in contexts where the health care system is not responsible. An online survey was conducted to elicit the relative importance placed on preventing harms caused by 1) health care (hospital-acquired infections, drug administration errors, injuries to health care staff), 2) individuals (personal lifestyle choices, sports-related injuries), and 3) nature (genetic disorders). The question is, do health behaviors have an impact on the use of medical resources? This study aims to identify and understand the difference in the number of outpatient visits and health examinations based on various health behaviors and to determine whether patients seek medical care for illness from the same physicians. It is uncertain whether the inverse equity hypothesis-the idea that new health interventions are initially primarily accessed by the rich, but that inequalities narrow with diffusion to the poor-holds true for cancer screening in low and middle income countries (LMICs).This study examines the relationship between overall coverage and economic inequalities in coverage of cancer screening in four middle-income countries. Participants valued interventions preventing hospital-acquired infections (1.31) more highly than genetic disorders (1.0), although drug errors were valued similarly to genetic disorders (1.07), and interventions to prevent injury to health care staff were given less weight than genetic disorders (0.71).","Yes

Justification: The public values interventions preventing hospital-acquired infections more highly than genetic disorders, suggesting that responsibility plays a role in the public's valuation of health care interventions (5)."
semantic_dense,semantic,dense,mistral,Nasal fractures:  is closed reduction satisfying?,yes,maybe,0,1,generation_failure,"This study aims to evaluate the efficacy of closed reduction and the effects of timing and fracture types on patient satisfaction. The following variables were analysed: displacement of the fracture, soft tissue injury, delay and type of treatment, complications, observation of the Hawkins sign, and functional outcome. It is also assessed whether the occurrence of this complication is related to the displacement of the fracture, soft tissue injury, or delay in the reduction or surgery. In a comparison of patient satisfaction rates according to fracture type, the mild fracture group had a higher satisfaction rate compared to the severe fracture group. To determine the relationship between injury severity surrogates and other patient factors with the development and severity of heterotopic ossification (HO) following open reduction internal fixation of acetabular fractures treated with a posterior approach.","Maybe

Justification: The study does not specifically discuss nasal fractures or closed reduction of nasal fractures, so we cannot definitively say whether closed reduction of nasal fractures is satisfying based on the provided context. However, the"
semantic_dense,semantic,dense,mistral,"Do improvements in outreach, clinical, and family and community-based services predict improvements in child survival?",yes,maybe,0,1,generation_failure,"To determine which delivery channels are associated with the greatest reductions in under-5 mortality rates (U5MR), we used data from sequential population-based surveys to examine the correlation between changes in coverage of clinical, outreach, and family and community services and in U5MR for 27 high-burden countries. Average annual changes (AAC) between the most recent and penultimate survey were calculated for under-five mortality rates and for 22 variables in the domains of clinical, outreach, and family- and community-based services. This paper assesses the usefulness of the Child Health Computing System as a source of information about children with cerebral palsy. In the family- and community services domain, improvements in breastfeeding were associated with significant changes in mortality in the 30 countries but not in the African subset; while in the African countries, nutritional status improvements were associated with a significant decline in mortality. The purpose of this study is to investigate 1) whether socioeconomic status was associated with acceptance of preventive home visits among older people and 2) whether municipality invitational procedures for the preventive home visits modified the association.","Maybe

Justification: The provided context shows that improvements in breastfeeding and nutritional status in the family- and community services domain were associated with significant changes in mortality in some countries, but not in all countries. This suggests that"
semantic_dense,semantic,dense,mistral,Does spontaneous remission occur in polyarteritis nodosa?,yes,maybe,0,1,generation_failure,"Whether spontaneous remission of PAN occurs is therefore largely unknown. Polyarteritis nodosa (PAN) is a systemic vasculitis involving mainly medium-sized arteries and, rarely, small-sized arteries. To understand the effect of past group A streptococcal infection on MS, antistreptolysin O (ASO) and antideoxyribonuclease B (ADNase B) were measured in 21 patients with relapsing-remitting MS and 21 healthy blood donors by nephelometric assay. To determine whether post-operative administration of topical ropivacaine hydrochloride decreases morbidity following adenotonsillectomy. To discuss whether such procedures are feasible and effective to identify asymptomatic recurrences and describe the pattern of relapse detected by procedures.","Maybe

Justification: The context states that the occurrence of spontaneous remission in polyarteritis nodosa is largely unknown ([1])."
semantic_dense,semantic,dense,mistral,Gluten tolerance in adult patients with celiac disease 20 years after diagnosis?,maybe,no,0,1,generation_failure,"The aim of our study was to investigate whether CD patients are capable of developing tolerance to gluten. Twenty-three percent of patients had a gluten-containing diet, 15% admitted gluten transgression and 62% followed the GFD. Twenty patients (age 62 ± 9 years, 13 males) with persistent AF and 9 control subjects without organic heart disease or AF (age 36 ± 6 years, 4 males) underwent detailed CFAE and SRF left atrial electroanatomic maps. Celiac disease (CD) is believed to be a permanent intolerance to gluten. Twenty-four hour urinary cortisol samples were collected from a sub-set of subjects with intact renal function and not receiving medications known to influence cortisol levels (n=65).","No, based on the statement that ""Celiac disease (CD) is believed to be a permanent intolerance to gluten."""
semantic_dense,semantic,dense,mistral,Do symptoms predict COPD in smokers?,no,yes,0,1,generation_failure,"Sensitivity, specificity, positive and negative predictive values, and relative risks of predicting symptoms and smoking history for COPD were calculated. Respiratory symptoms were reported by 92% of smokers with AO, 86% smokers with restriction, 76% smokers with normal spirometry, and 73% of nonsmokers. Sensitivity (92% vs 90%), specificity (19% vs 22%), positive (47% vs 40%) and negative (75% vs 80%) predictive values for the presence of one or more symptoms were similar between smokers and all subjects. Report of symptoms, smoking history, and spirometric data were collected from subjects screened for a work-related medical evaluation (N = 3,955). Personality traits, social supports, gender, and age predicted coping strategies, while Axis I diagnosis, education, personality disorder, and symptom severity were not significant predictors of coping strategies. The influence of affective disorder polarity on subsequent suicide attempts or completions and any differential effect of suicide risk factors by polarity were assessed in a prospective cohort.","Yes

Justification: The sensitivity of symptoms in predicting COPD was 90% for smokers, indicating that 90% of smokers with COPD reported respiratory symptoms ([2])."
semantic_dense,semantic,dense,mistral,Search engine as a diagnostic tool in difficult immunological and allergologic cases: is Google useful?,yes,maybe,0,1,generation_failure,"Google's value as a diagnostic guide in general medicine was recently reported. The aim of this comparative cross-sectional study was to evaluate whether searching Google with disease-related terms was effective in the identification and diagnosis of complex immunological and allergic cases. We investigated symptoms, gluten consumption, antibodies for CD and other autoimmunity, human leukocyte antigen (HLA)-typing, bone mineral density, and performed small bowel biopsies. For every clinical case presented, each investigator independently carried out an Internet search using Google to provide a final diagnosis. Medical history and an extensive workup allowed to exclude systemic embolism, recreational drug abuse, cardiac arrhythmias, and thrombophilia. Among these, Google appears to be the most popular one: in August 2008, it accounted for 87% of all web searches in the UK, compared with Yahoo's 3.3%.","Maybe

Justification: The study shows that Google can provide a final diagnosis for complex immunological and allergic cases, but it does not definitively prove that it is always useful. The results are based on a specific study, and the"
semantic_dense,semantic,dense,mistral,Uniformity of evidence-based treatments in practice?,yes,maybe,0,0,retrieval_failure,"Uniformity of care, regardless of time of year, is required for patients undergoing major cancer surgery. Meta-analysis demonstrated homogeneity between the dexamethasone and prednisone groups when examining symptomatic return to baseline and unplanned physician revisits after the initial emergency department encounter. Their choice was highly consistent (P<or = .001), with the importance weights assigned to the probability of survival, cure (odds ratio [OR] = 6.7 and 6.9) and late GI and genitourinary adverse effects (OR = 0.1 and 0.2). This audit cycle measured epidural analgesia performance against 4 standards: (1) Implementation of epidural analgesia for labor to all patients; (2) Acceptance and good satisfaction level reported by patients and caregivers. Various factors contribute to the effective implementation of evidence-based treatments (EBTs).","Maybe

Justification: The context does not provide specific information about the uniformity of evidence-based treatments in practice, but it does mention that various factors contribute to their effective implementation (Context [5]). This suggests that while there may be evidence"
semantic_dense,semantic,dense,mistral,Do approved doctors and medical referees in the UK agree when assessing a seafarer's fitness?,no,maybe,0,1,generation_failure,"This study aims to investigate the extent of agreement between Approved Doctors (ADs) and Medical Referees (MRs) when they assess a seafarer's fitness. Preresidency selection criteria examined included United States Medical Licensing Examination (USMLE) Step 1 and Step 2 scores, Medical College Admission Test (MCAT) scores, number of clinical clerkship honors, number of letters of recommendation, number of away rotations, Alpha Omega Alpha (AOA) honor medical society membership, fourth-year subinternship at our institution, and number of publications. To understand the effect of past group A streptococcal infection on MS, antistreptolysin O (ASO) and antideoxyribonuclease B (ADNase B) were measured in 21 patients with relapsing-remitting MS and 21 healthy blood donors by nephelometric assay. We calculated criterion validity and interrater and intrarater overall and specific agreement with an index expert (senior infectious disease physician) and analysed the influence of doctor characteristics on validity. Students chose any two surgical rotations and were assessed by written examination, objective structured clinical examination (OSCE), ward evaluations, self-assessment objectives questionnaire, and satisfaction survey.","Maybe

Justification: The provided context does not directly discuss the agreement between Approved Doctors (ADs) and Medical Referees (MRs) in the UK when assessing seafarers' fitness. It only mentions"
semantic_dense,semantic,dense,mistral,Hepatorenal syndrome: are we missing some prognostic factors?,yes,maybe,0,1,generation_failure,"Hepatorenal syndrome (HRS) is the functional renal failure associated with advanced cirrhosis and has also been described in fulminant hepatic failure. Survival of HRS associated with alcoholic liver disease versus other etiologies was not statistically significant (p = 0.1). The objective of our study was to analyze prognostic factors related to survival and to see whether cytostatic treatment was an independent predictor. Our study included patients with type 1 HRS associated with cirrhosis, who were not liver transplant candidates.AIM: To identify variables associated with improved survival. It is not well known, however, whether genetic traits also influence prognostic features of the malignant phenotype.","Maybe

Justification: The text mentions that the objective of the study was to analyze prognostic factors related to survival, but it also states that it is not well known whether genetic traits also influence prognostic features of the"
semantic_dense,semantic,dense,mistral,Vaginal dose assessment in image-guided brachytherapy for cervical cancer: Can we really rely on dose-point evaluation?,maybe,maybe,1,1,success,"Although dose-volume parameters in image-guided brachytherapy have become a standard, the use of posterior-inferior border of the pubic symphysis (PIBS) points has been recently proposed in the reporting of vaginal doses. To assess the outcomes of patients with nasopharyngeal carcinoma (NPC) whose treatment was determined by computerized tomography (CT) and/or magnetic resonance imaging staging and to analyze the impact of induction chemotherapy and accelerated fractionated radiotherapy. A retrospective analysis of 136 breasts of 134 patients, who received breast-conserving oncoplastic surgery for low-risk breast cancer between 2002 and 2010 in the Universities of Vienna and Luebeck followed by adjuvant APBI applying total doses of pulse dose rate of 50.4 Gy or high-dose rate (HDR) of 32 Gy over 4 days. This study examined the impact of radiotherapy for the primary rectal cancer on outcomes after pelvic exenteration for local recurrence. To evaluate the impact of HER2 immunoreactivity on clinical outcome in locally advanced urothelial carcinoma patients who received surgery alone, or methotrexate, vinblastine, epirubicin, and cisplatin (M-VEC) as adjuvant chemotherapy.","Maybe

Justification: The context mentions the use of the posterior-inferior border of the pubic symphysis points in the reporting of vaginal doses, suggesting that dose-point evaluation is used, but it does not"
semantic_dense,semantic,dense,mistral,Prescriptions as a proxy for asthma in children: a good choice?,no,maybe,0,1,generation_failure,"Our objective was to critically assess and discuss various aspects of identifying children with asthma using prescription data. We reviewed the literature to determine if there is sufficient evidence that dexamethasone can be used as an effective alternative in the treatment of pediatric asthma exacerbations in the inpatient setting. A short course of systemic corticosteroids is an important therapy in the treatment of pediatric asthma exacerbations. A Medline search was conducted on the use of dexamethasone in the treatment of asthma exacerbations in children. Asthma prevalence was also estimated in a sample of 17,641 children aged 0-17 years participating in the German Health Interview and Examination Survey for Children and Adolescents (KiGGS) from 2003 to 2006.","Maybe

Justification: The context discusses the use of prescription data to identify children with asthma, but it does not provide enough information to definitively say whether prescriptions are a good choice as a proxy for asthma in children"
semantic_dense,semantic,dense,mistral,Does the familial transmission of drinking patterns persist into young adulthood?,maybe,maybe,1,1,success,"To explore the long-term (10-year) transmission of familial drinking during adolescence to offspring drinking patterns in young adulthood. Swedish longitudinal study, assessing the relationship between familial drinking in 2000 and offspring drinking in 2010 using simultaneous quantile regression analysis (n=744).DATA: Data on familial drinking was gathered from the Swedish level-of-living surveys (LNU) and from partner LNU in 2000 while data on offspring drinking in young adulthood was gathered from LNU 2010. Drinking among offspring, parents and potential stepparents was measured through identical quantity-frequency indices referring to the past 12 months in 2010 and 2000 respectively. Parental drinking has been shown to be associated with offspring drinking. Actual drinking levels in drinking families were not at all or weakly associated with drinking in offspring. To examine family-based transmission of the number of 5' flanking arginine vasopressin V1a receptor (AVPR1A) microsatellites, which include [(GATA)(14)] and complex [(CT)(4)-TT-(CT)(8)-(GT)(24)]repeats, in probands with a prepubertal and early adolescent bipolar disorder phenotype (PEA-BP).","Maybe

Justification: The study shows a weak association between familial drinking in 2000 and offspring drinking in 2010, but it does not definitively prove that the association persists into young adulth"
semantic_dense,semantic,dense,mistral,Proof of concept study: does fenofibrate have a role in sleep apnoea syndrome?,yes,maybe,0,1,generation_failure,"To investigate the effect of fenofibrate on sleep apnoea indices. Thirty-four subjects (mean age 55 years, body mass index 34 kg/m 2 , fasting triglycerides 3.5 mmol/L) with diagnosed sleep apnoea syndrome not treated with continuous positive airways pressure were enrolled and randomized to once daily treatment with fenofibrate (145 mg NanoCrystal(R) tablet) or placebo. Exploratory study in patients with mild to moderate sleep apnoea, limited treatment duration; concomitant hypnotic treatment (35%); lack of correction for multiplicity of testing. Other sleep variables were not significantly influenced by fenofibrate. However, the effect of bezafibrate on colon cancer development in humans is unknown. Therefore, we proposed to investigate a possible preventive effect of bezafibrate on the development of colon cancer in patients with coronary artery disease during a 6-year follow-up.","Maybe

Justification: The study shows a potential effect of fenofibrate on sleep apnoea indices, but the results are limited by the exploratory nature of the study, short treatment duration, concomitant hypnotic"
semantic_dense,semantic,dense,mistral,Can mental imagery functional magnetic resonance imaging predict recovery in patients with disorders of consciousness?,yes,maybe,0,1,generation_failure,"To determine the potential prognostic value of using functional magnetic resonance imaging (fMRI) to identify patients with disorders of consciousness, who show potential for recovery. Disorders of consciousness (DOC) diagnosis relies on the presence or absence of purposeful motor responsiveness, which characterizes the minimally conscious state (MCS) and the unresponsive wakefulness syndrome (UWS), respectively. The aim of our study was to identify electrophysiological parameters, by means of a transcranial magnetic stimulation approach, which might potentially express the presence of residual networks sustaining fragmentary behavioral patterns, even when no conscious behavior can be observed. Patients presenting with transient ischemic attack or stroke may have symptom-related lesions on acute computed tomography angiography (CTA) such as free-floating intraluminal thrombus (FFT). Interference from irrelevant negative material might be a key mechanism underlying intrusive ruminative thoughts in depression. Considering commonalities between depression and social anxiety and the presence of similar intrusive thoughts in social anxiety, the current study was designed to assess whether interference from irrelevant material in working memory is specific to depression or is also present in social anxiety disorder.","Maybe

Justification: The context discusses the potential prognostic value of using fMRI to identify patients with disorders of consciousness who show potential for recovery, but it does not explicitly state that mental imagery fMRI can predict"
semantic_dense,semantic,dense,mistral,The nurse cystoscopist: a feasible option?,yes,yes,1,1,success,To compare the accuracy achieved by a trained urology nurse practitioner (UNP) and consultant urologist in detecting bladder tumours during flexible cystoscopy. To assess the feasibility and safety of diagnostic or therapeutic semirigid ureteroscopy without ureteral meatus dilatation. Our objective in this study was to determine whether the decision to manage a contralateral hydrocele in cases of neonatal testicular torsion solely through a scrotal approach is safe and effective. To evaluate the efficacy of extracorporeal shock wave lithotripsy (SWL) on lower calyceal calculi in relation to the renal anatomical factors and determine which of these factors can be used to select patients who will benefit from SWL. The goal of this study was to determine the technical feasibility of per-oral transgastric splenectomy using a flexible endoscope.,"Yes

Justification: The context [1] mentions a trained urology nurse practitioner (UNP) performing flexible cystoscopy, indicating that the nurse cystoscopist is a feasible option."
semantic_dense,semantic,dense,mistral,Is cardiovascular evaluation necessary prior to and during beta-blocker therapy for infantile hemangiomas?,no,yes,0,1,generation_failure,"Although consensus guidelines for pretreatment evaluation and monitoring of propranolol therapy in patients with infantile hemangiomas (IH) have been formulated, little is known about the cardiovascular side effects. Patient and family history, pretreatment electrocardiogram (ECG), heart rate, and blood pressure were evaluated before initiation of beta-blocker therapy. We sought to analyze cardiovascular evaluations in patients with IH at baseline and during treatment with an oral beta-blocker. In light of this consideration, should a patient with both a history of ICH and a clear indication for anticoagulation such as nonvalvular atrial fibrillation be anticoagulated? Our objective in this study was to determine whether the decision to manage a contralateral hydrocele in cases of neonatal testicular torsion solely through a scrotal approach is safe and effective.","Yes

Justification: The context states that patient and family history, pretreatment ECG, heart rate, and blood pressure were evaluated before initiation of beta-blocker therapy ([2]). This implies that cardiovascular evaluation is"
semantic_dense,semantic,dense,mistral,Is specialty care associated with improved survival of patients with congestive heart failure?,yes,maybe,0,1,generation_failure,"Implementation of the complex treatment strategies that have been shown to improve survival of patients with congestive heart failure (CHF) may require certain expertise. Patients were stratified retrospectively into high- or low-risk groups according to risk factors for significant carotid stenosis and perioperative stroke: peripheral vascular disease (PVD), carotid bruit, diabetes mellitus, age>70 years and/or history of cerebrovascular disease. Prevalence of carotid stenosis detected by ultrasonography, surgical management and perioperative stroke rates were determined in each group. We collected data on the cardiac diagnoses, preoperative status, procedure, and postoperative course, including the duration of invasive and noninvasive ventilation, failure of extubation, hemodynamic data, length of stay, complications, and mortality. We wanted to examine the association between pattern of outpatient care and survival of patients with CHF. When controlled for patient factors, stage, and hospital factors, patients in the short-distance/low-volume group had lower odds of a lymph node yield ≥12 (OR = 0.51) and neoadjuvant chemoradiation (OR = 0.67) and higher 30-day (OR = 3.38) and 90-day mortality (OR = 2.07) compared with those in the long-distance/high-volume group.","Maybe

Justification: The provided context does not directly compare specialty care to non-specialty care in terms of survival of patients with congestive heart failure. Instead, it discusses the association between pattern of outpatient care and survival"
semantic_dense,semantic,dense,mistral,Can the prognosis of polymyalgia rheumatica be predicted at disease onset?,yes,maybe,0,0,retrieval_failure,"Symptoms at recurrence can predict survival: patients with an asymptomatic recurrence had a median survival time from relapse of 35 months versus 13 months if they had a symptomatic repetition (P = 0.0001). To understand the effect of past group A streptococcal infection on MS, antistreptolysin O (ASO) and antideoxyribonuclease B (ADNase B) were measured in 21 patients with relapsing-remitting MS and 21 healthy blood donors by nephelometric assay. Arthralgia, generalized bone pain and/or myalgia, bone fracture after beginning AIs, any tamoxifen treatment, and Ca/Bis therapy were recorded. To examine the ability of various postoperative nomograms to predict prostate cancer-specific mortality (PCSM) and to validate that they could predict aggressive biochemical recurrence (BCR). Prostate-specific antigen (PSA), grade, and stage are the classic triad used to predict BCR after radical prostatectomy (RP). However, patients receiving AIs report a higher incidence of musculoskeletal symptoms and bone fractures; the mechanism and risk factors for this correlation are not well studied. The aim of this study was to correlate these musculoskeletal symptoms and bone fractures in patients receiving AIs with bone mineral density (BMD), previous tamoxifen use, and administration of calcium/bisphosphonate (Ca/Bis).","Maybe

Justification: The provided context does not directly discuss polymyalgia rheumatica, but it does show that symptoms at recurrence can predict survival in another disease context (MS), suggesting that prognosis may be"
