condition_id,chunker,retriever,model,question,gold,answer,correct,retrieval_hit,failure_type,retrieved_text,raw_output
semantic_bm25,semantic,bm25,biomistral,Do mitochondria play a role in remodelling lace plant leaves during programmed cell death?,yes,yes,1,1,success,"The lace plant (Aponogeton madagascariensis) produces perforations in its leaves through PCD. Programmed cell death (PCD) is the regulated death of cells within an organism. The role of mitochondria during PCD has been recognized in animals; however, it has been less studied during PCD in plants. This treatment resulted in lace plant leaves with a significantly lower number of perforations compared to controls, and that displayed mitochondrial dynamics similar to that of non-PCD cells. The leaves of the plant consist of a latticework of longitudinal and transverse veins enclosing areoles.", Yes. The role of mitochondria during PCD has been less studied during PCD in plants.
semantic_bm25,semantic,bm25,biomistral,Landolt C and snellen e acuity: differences in strabismus amblyopia?,no,no,1,1,success,"Differences between Landolt C acuity (LR) and Snellen E acuity (SE) were small. In this study, visual acuity measured with the Snellen E was compared to the Landolt C acuity. Charts with the Snellen E and the Landolt C (Precision Vision) which mimic the ETDRS charts were used to assess visual acuity. The mean decimal values for LR and SE were 0.25 and 0.29 in the entire group and 0.14 and 0.16 for the eyes with strabismus amblyopia. In nine of these the eye showing improvement of acuity had a history of amblyopia.", No.
semantic_bm25,semantic,bm25,biomistral,"Syncope during bathing in infants, a pediatric form of water-induced urticaria?",yes,no,0,1,generation_failure,"After a 2-7 year follow-up, three out of seven infants continue to suffer from troubles associated with sun or water. Apparent life-threatening events in infants are a difficult and frequent problem in pediatric practice. The hypothesis of an equivalent of aquagenic urticaria was then considered; as for patients with this disease, each infant's family contained members suffering from dermographism, maladies or eruption after exposure to water or sun. Radiological findings were concordant with the specimen in pathology in 8 cases of 19 in rectal form (42 %), in 20 cases of 35 in rectosigmoid form (57 %), in all 6 cases of long-segment form (100 %), in the 2 cases of total colonic form (100 %) with a global agreement of 58.1 %, κ = 0.39 CI [0.24; 0.57]. A short course of systemic corticosteroids is an important therapy in the treatment of pediatric asthma exacerbations.", No.
semantic_bm25,semantic,bm25,biomistral,Are the long-term results of the transanal pull-through equal to those of the transabdominal pull-through?,no,no,1,1,success,"This study examined the long-term outcome of TERPT versus conventional transabdominal (ABD) pull-through for HD. The transanal endorectal pull-through (TERPT) is becoming the most popular procedure in the treatment of Hirschsprung disease (HD), but overstretching of the anal sphincters remains a critical issue that may impact the continence. Records of 41 patients more than 3 years old who underwent a pull-through for HD (TERPT, n = 20; ABD, n = 21) were reviewed, and their families were thoroughly interviewed and scored via a 15-item post-pull-through long-term outcome questionnaire. The puncture was extended to create a 1.5-cm incision using a pull-type sphincterotome, and a double-channel endoscope was advanced into the peritoneal cavity. The peritoneal cavity was insufflated with air through the endoscope. This retrospective evaluation consisted of a consecutive series of patients who underwent TMJ surgeries through the VMPA from January through December 2013."," No. The transanal endorectal pull-through (TERPT) is becoming the most popular procedure in the treatment of Hirschsprung disease (HD), but overstretching of the anal sphincters remains a critical issue that"
semantic_bm25,semantic,bm25,biomistral,Can tailored interventions increase mammography use among HMO women?,yes,yes,1,1,success,"This study addressed the question: Compared to usual care, is tailored telephone counseling more effective than tailored print materials for promoting mammography screening? Telephone counseling and tailored print communications have emerged as promising methods for promoting mammography screening. Women were randomized to 1 of 3 groups: (1) usual care, (2) tailored print communications, and (3) tailored telephone counseling. Compared to usual care alone, telephone counseling promoted a significantly higher proportion of women having mammograms on schedule (71% vs 61%) than did tailored print (67% vs 61%) but only after the first year of intervention (during 1996). Furthermore, compared to usual care, telephone counseling was more effective than tailored print materials at promoting being on schedule with screening during 1996 and 1997 among women who were off-schedule during the previous year. Atrial fibrillation, which occurs in 12% of all major foregut surgeries, can prolong hospital stay and increase morbidity.", Yes. Telephone counseling promoted a significantly higher proportion of women having mammograms on schedule (71% vs 61%) than did tailored print (67% vs 61%) but only after the first year of intervention
semantic_bm25,semantic,bm25,biomistral,Double balloon enteroscopy: is it efficacious and safe in a community setting?,yes,yes,1,0,lucky_guess,"Common reasons for not wearing headgear were ""its use is not mandatory"", ""it is uncomfortable"", and ""it costs too much"". The use of a balloon expandable stent valve includes balloon predilatation of the aortic stenosis before valve deployment. Our objective in this study was to determine whether the decision to manage a contralateral hydrocele in cases of neonatal testicular torsion solely through a scrotal approach is safe and effective. The aim of the study was to see whether or not balloon predilatation is necessary in transcatheter aortic valve replacement (TAVI). It is unclear whether cycloplegic refraction is necessary in this age group.", Yes. The use of double balloon enteroscopy is efficacious and safe in a community setting.
semantic_bm25,semantic,bm25,biomistral,30-Day and 1-year mortality in emergency general surgery laparotomies: an area of concern and need for improvement?,maybe,yes,0,1,generation_failure,"The aim of this study was to analyse the 30-day mortality, age-related 30-day mortality and 1-year mortality following emergency laparotomy. The primary end point of the study was 30-day mortality, age-related 30-day mortality and 1-year all-cause mortality. Emergency surgery is associated with poorer outcomes and higher mortality with recent studies suggesting the 30-day mortality to be 14-15%. The outcomes of interest were margins, lymph node yield, receipt of neoadjuvant chemoradiation, adjuvant chemotherapy, readmission within 30 days, 30-day and 90-day mortality, and 5-year overall survival. The receiver operator characteristic area for the continuous variable fB-glu and 1 year mortality was 0.65 (P=0.002)."," Yes. The aim of the study was to analyse the 30-day mortality, age-related 30-day mortality and 1-year mortality following emergency laparotomy. The primary end point of the"
semantic_bm25,semantic,bm25,biomistral,Is adjustment for reporting heterogeneity necessary in sleep disorders?,no,yes,0,1,generation_failure,"This research uses vignettes to elucidate factors associated with sleep disorders in adult Japanese before and after adjustment for reporting heterogeneity in self-reports. This study also evaluates the need for adjusting for reporting heterogeneity in the management of sleep and energy related problems in Japan. Compared to the ordered probit model, the CHOPIT model provided two changes with a subtle difference in the magnitude of regression coefficients after correction for reporting heterogeneity. It is unclear whether cycloplegic refraction is necessary in this age group. The aim of the study was to see whether or not balloon predilatation is necessary in transcatheter aortic valve replacement (TAVI). Estimates were similar after adjustment for potential confounders.", Yes. Justification: “This research uses vignettes to elucidate factors associated with sleep disorders in adult Japanese before and after adjustment for reporting heterogeneity in self-reports.”
semantic_bm25,semantic,bm25,biomistral,Do mutations causing low HDL-C promote increased carotid intima-media thickness?,no,no,1,1,success,"Carotid intima-media thickness (cIMT) measurements were obtained in cases comprising 10 different mutations in LCAT, ABCA1 and APOA1 to further evaluate the relationship between low HDL resulting from genetic variation and early atherosclerosis. Although observational data support an inverse relationship between high-density lipoprotein (HDL) cholesterol and coronary heart disease (CHD), genetic HDL deficiency states often do not correlate with premature CHD. A moderate increase of quality was assessed, which, a low proportion of the employees perceived had decisively or largely to do with the merger. Prevalence of carotid stenosis was higher in the high-risk group (9.1%) than the low-risk group (1.2%) (P<0.05). Patients were stratified retrospectively into high- or low-risk groups according to risk factors for significant carotid stenosis and perioperative stroke: peripheral vascular disease (PVD), carotid bruit, diabetes mellitus, age>70 years and/or history of cerebrovascular disease. Prevalence of carotid stenosis detected by ultrasonography, surgical management and perioperative stroke rates were determined in each group.", No. (The mutations causing low HDL-C do not promote increased carotid intima-media thickness.)
semantic_bm25,semantic,bm25,biomistral,A short stay or 23-hour ward in a general and academic children's hospital: are they effective?,yes,yes,1,1,success,"We evaluated the usefulness of a short stay or 23-hour ward in a pediatric unit of a large teaching hospital, Westmead Hospital, and an academic Children's hospital, The New Children's Hospital, to determine if they are a useful addition to the emergency service. This is a descriptive comparison of prospectively collected data on all children admitted to the short stay ward at Westmead Hospital (WH) during 1994 and the short stay ward at the New Children's Hospital (NCH) during 1997-98. The short stay ward increased hospital efficiency with an average length of stay of 17.5 hours (Westmead Hospital) compared to 20.5 hours (New Children's Hospital). The short stay ward accounted for 10.3% (Westmead Hospital) and 14.7% (New Children's Hospital) of admissions, with 56% medical in nature, 30% surgical, and the remainder procedural or psychological. The users of the short stay ward were children of young age less than 2 years, with stay greater than 23 hours reported in only 1% of all admissions to the short stay ward.", Yes. The short stay ward increased hospital efficiency with an average length of stay of 17.5 hours (Westmead Hospital) compared to 20.5 hours (New Children's Hospital).
semantic_bm25,semantic,bm25,biomistral,Did Chile's traffic law reform push police enforcement?,yes,yes,1,1,success,"The objective of the current study is to determine to what extent the reduction of Chile's traffic fatalities and injuries during 2000-2012 was related to the police traffic enforcement increment registered after the introduction of its 2005 traffic law reform. Independent variables were: (1) presence of new national traffic law; (2) police officers per population; (3) number of traffic tickets per police officer; and (4) interaction effect of number of traffic tickets per police officer with traffic law reform. Empirical estimates from instrumental variables suggest that the enactment of the traffic law reform in interaction with number of traffic tickets per police officer is significantly associated with a decrease of 8% in traffic fatalities and 7% in severe injuries. Piecewise regression model results for the 2007-2012 period suggest that police traffic enforcement reduced traffic fatalities by 59% and severe injuries by 37%. Using a 5-point rating scale, safety ratings for vehicular gaps of different durations were measured along a two-lane street of one-way traffic without a traffic signal.", Yes.
semantic_bm25,semantic,bm25,biomistral,Therapeutic anticoagulation in the trauma patient: is it safe?,no,yes,0,1,generation_failure,"One-hundred-fourteen trauma patients were initiated on therapeutic anticoagulation. Trauma patients who require therapeutic anticoagulation pose a difficult treatment problem. The purpose of this study was to determine: (1) the incidence of complications using therapeutic anticoagulation in trauma patients, and (2) if any patient factors are associated with these complications. An 18-month retrospective review was performed on trauma patients>or= 15 years old who received therapeutic anticoagulation using unfractionated heparin (UH) and/or fractionated heparin (FH). It is unclear whether patient-controlled therapy (PCT) systems would be an additional treatment option.", Yes. The study found that complications were rare and that the majority of patients tolerated anticoagulation well.
semantic_bm25,semantic,bm25,biomistral,Differentiation of nonalcoholic from alcoholic steatohepatitis: are routine laboratory markers useful?,yes,yes,1,1,success,Specific markers for differentiation of nonalcoholic (NASH) from alcoholic steatohepatitis (ASH) are lacking. We investigated the role of routine laboratory parameters in distinguishing NASH from ASH. Survival of HRS associated with alcoholic liver disease versus other etiologies was not statistically significant (p = 0.1). University research laboratory. Correlation coefficients comparing the results with the various standard laboratory techniques ranged from 0.86 to 0.92., Yes. Correlation coefficients comparing the results with the various standard laboratory techniques ranged from 0.86 to 0.92.
semantic_bm25,semantic,bm25,biomistral,Prompting Primary Care Providers about Increased Patient Risk As a Result of Family History: Does It Work?,no,yes,0,1,generation_failure,"Electronic health records have the potential to facilitate family history use by primary care physicians (PCPs) to provide personalized care. The objective of this study was to determine whether automated, at-the-visit tailored prompts about family history risk change PCP behavior. The respiratory care practitioners were the most knowledgeable of the health care providers. The main outcome measures were PCP response to the prompts, adding family history risk to problem summary lists, and patient screening status for each disease. Patient and family history, pretreatment electrocardiogram (ECG), heart rate, and blood pressure were evaluated before initiation of beta-blocker therapy. Medical records of a cohort of community-based primary care patients, aged 35 to 65 years, who previously participated in our Family Healthware study and had a moderate or strong familial risk for any of the 6 diseases were subsequently reviewed.", Yes. The prompting of primary care providers about increased patient risk as a result of family history does work. The study found that tailored prompts about family history risk changed primary care physician behavior.
semantic_bm25,semantic,bm25,biomistral,Do emergency ultrasound fellowship programs impact emergency medicine residents' ultrasound education?,yes,no,0,1,generation_failure,"The purpose of this study was to determine the impact of EUS fellowships on emergency medicine (EM) residents' US education. Recent years have seen a rapid proliferation of emergency ultrasound (EUS) programs in the United States. The secondary outcomes were factors that would impact residents' US education. A questionnaire on US education and bedside US use was pilot tested and given to EM residents. The primary outcomes included the number of US examinations performed, scope of bedside US applications, barriers to residents' US education, and US use in the emergency department. To date, there is no evidence supporting that EUS fellowships enhance residents' ultrasound (US) educational experiences.", No.
semantic_bm25,semantic,bm25,biomistral,Patient-Controlled Therapy of Breathlessness in Palliative Care: A New Therapeutic Concept for Opioid Administration?,yes,yes,1,1,success,"To investigate whether intravenous opioid PCT can be an effective therapeutic method to reduce breathlessness in patients with advanced disease. Secondary aims were to study the feasibility and acceptance of opioid PCT in patients with refractory breathlessness. It is unclear whether patient-controlled therapy (PCT) systems would be an additional treatment option. Oral, buccal, and parenteral routes of provider-controlled drug administration have been described. This was a pilot observational study with 18 inpatients with advanced disease and refractory breathlessness receiving opioid PCT. To examine the representativeness of a randomized controlled trial (RCT) sample versus one obtained by consecutive new case ascertainment, for subjects with child bipolar I disorder.", Yes. The study is a pilot observational study with 18 inpatients with advanced disease and refractory breathlessness receiving opioid PCT. The study aims to investigate whether intravenous opioid PCT can be an
semantic_bm25,semantic,bm25,biomistral,Is there still a need for living-related liver transplantation in children?,yes,yes,1,1,success,"To assess and compare the value of split-liver transplantation (SLT) and living-related liver transplantation (LRT). The combination of SLT and LRT has abolished deaths on the waiting list, thus raising the question whether living donor liver transplantation is still necessary. Without liver transplantation its prognosis is dismal. None of them was suitable for liver transplantation. However, there is a paucity of data on BMR measured in overweight and obese adults living in Asia and equations developed for this group of interest.", Yes.
semantic_bm25,semantic,bm25,biomistral,Do patterns of knowledge and attitudes exist among unvaccinated seniors?,yes,yes,1,1,success,"To examine patterns of knowledge and attitudes among adults aged>65 years unvaccinated for influenza. Surveyed Medicare beneficiaries in 5 areas; clustered unvaccinated seniors by their immunization related knowledge and attitudes. Do preresidency selection factors serve as predictors of success in residency? Specifically, we asked which preresidency selection factors are associated or correlated with (1) objective measures of resident knowledge and performance; and (2) subjective ratings by faculty. First, to establish whether a deprivation gradient in all-cause mortality exists for all ethnic groups within New Zealand; second, if such gradients do exist, whether their absolute slopes are the same; and third, if such gradients exist, what impact the unequal deprivation distributions of the different ethnic groups have on the observed ethnic inequalities in life expectancy at birth. This study addresses autoerotic asphyxiation (AEA) with the intent of increasing pediatricians' knowledge of the syndrome and awareness of its typical onset among young patients.", Yes. Justification: Surveyed Medicare beneficiaries in 5 areas; clustered unvaccinated seniors by their immunization related knowledge and attitudes.
semantic_bm25,semantic,bm25,biomistral,Is there a model to teach and practice retroperitoneoscopic nephrectomy?,yes,yes,1,1,success,"Fifteen piglets were operated on to develop a standard retroperitoneoscopic nephrectomy (RPN) training model. RPN in a porcine model could simulate the whole procedure, from creating the space to nephrectomy completion. AEA is characteristically a clandestine and elusive practice. The goal is to evaluate the epidural acceptance and penetration into hospital practice by women and care givers and safety and efficacy during childbirth. Selection into general practice training is undertaken using a competency based approach.", Yes. Justification: “[1] Fifteen piglets were operated on to develop a standard retroperitoneoscopic nephrectomy (RPN) training model.”
semantic_bm25,semantic,bm25,biomistral,Cardiovascular risk in a rural adult West African population: is resting heart rate also relevant?,yes,yes,1,1,success,"Elevated resting heart rate (RHR) is a neglected marker in cardiovascular risk factor studies of sub-Saharan African populations. This study aimed to determine the prevalence of elevated RHR and other risk factors for cardiovascular disease (CVD) and to investigate any associations between RHR and these risk factors in a rural population in Ghana. A population based cross-sectional study of 4200 randomly selected adults registered with a General Medical Practice in North West, England. The risk is that the population is underserved and therefore needs new treatment episodes. Measures relevant to auditory and/or language function were also gathered.", Yes. Elevated resting heart rate is a neglected marker in cardiovascular risk factor studies of sub-Saharan African populations.
semantic_bm25,semantic,bm25,biomistral,Israeli hospital preparedness for terrorism-related multiple casualty incidents: can the surge capacity and injury severity distribution be better predicted?,yes,yes,1,1,success,"These incidents often result in Hospital Multiple Casualty Incidents (HMCI), which are very challenging to hospital teams. 15 years ago the Emergency and Disaster Medicine Division in the Israeli Ministry of Health defined a key of 20 percent of each hospital's bed capacity as its readiness for multiple casualties. Injury severity score (ISS), Glasgow coma score (GCS), and revised trauma score (RTS) are the most frequently used methods to evaluate the severity of injury in blunt trauma patients. Tinnitus can be related to many different aetiologies such as hearing loss or a noise trauma, but it can also be related to the somatosensory system of the cervical spine, called cervicogenic somatic tinnitus (CST). A significant reduction in the ""no-flow-time"", quantitatively better chest compressions and an improved quality of ventilation can be demonstrated during CPR using supraglottic airway devices (SADs).", Yes. The Israeli Ministry of Health has defined a key of 20 percent of each hospital's bed capacity as its readiness for multiple casualties.
semantic_bm25,semantic,bm25,biomistral,Acute respiratory distress syndrome in children with malignancy--can we predict outcome?,yes,yes,1,1,success,"The purpose of this study was to delineate early respiratory predictors of mortality in children with hemato-oncology malignancy who developed acute respiratory distress syndrome (ARDS). Provided with relevant information, pediatricians can identify the syndrome, demonstrate a willingness to discuss concerns about it, ameliorate distress, and possibly prevent a tragedy. Seventeen children with ARDS and malignancy aged 10.5 +/- 5.1 years were identified. Sepsis syndrome was present in 70.6% of all the children. We reviewed 500 consecutive cases with acute aSAH with surgical indication for aneurysm repair.", Yes.
semantic_bm25,semantic,bm25,biomistral,Secondhand smoke risk in infants discharged from an NICU: potential for significant health disparities?,yes,yes,1,0,lucky_guess,"Secondhand smoke exposure (SHSe) threatens fragile infants discharged from a neonatal intensive care unit (NICU). Potential risk factors were explored. Geographic regions with significant racial disparities for African-Americans and Hispanics frequently had a poverty rate above 10.00%. Overall, 26% of all families with a high-risk infant in the NICU reported a household smoker. Adoption of standardized care practices, including bundles and checklists, was associated with a significant reduction of the CLABSI rate to zero for>370 consecutive days in our NICU in 2012.", Yes.
semantic_bm25,semantic,bm25,biomistral,Do nomograms designed to predict biochemical recurrence (BCR) do a better job of predicting more clinically relevant prostate cancer outcomes than BCR?,yes,yes,1,1,success,"To examine the ability of various postoperative nomograms to predict prostate cancer-specific mortality (PCSM) and to validate that they could predict aggressive biochemical recurrence (BCR). Prostate-specific antigen (PSA), grade, and stage are the classic triad used to predict BCR after radical prostatectomy (RP). A previous study showed that several nomograms could predict aggressive BCR (prostate-specific antigen doubling time [PSADT] <9 months) more accurately than BCR. Multiple nomograms use these to predict risk of BCR. We also compared their ability to predict BCR and aggressive BCR in a subset of men. We found that each nomogram could predict aggressive BCR and PCSM in a statistically significant manner and that they all predicted PCSM more accurately than they predicted BCR (ie, with higher c-index values).", Yes. (Nomograms designed to predict BCR do a better job of predicting more clinically relevant prostate cancer outcomes than BCR.)
semantic_bm25,semantic,bm25,biomistral,Are reports of mechanical dysfunction in chronic oro-facial pain related to somatisation?,yes,no,0,1,generation_failure,"(i) To examine the association between self-reported mechanical factors and chronic oro-facial pain. The study examined the association of chronic oro-facial pain with a variety of self-reported mechanical factors: teeth grinding, facial trauma, missing teeth and the feeling that the teeth did not fit together properly. Only two mechanical factors: teeth grinding (odds ratio (OR) 2.0, 95% CI 1.3-3.0) and facial trauma (OR 2.0; 95% CI 1.3-2.9) were independently associated with chronic oro-facial pain after adjusting for psychological factors. However, these factors were also commonly associated with the reporting of other frequently unexplained syndromes: teeth grinding (odds ratio (OR) 1.8, 95% CI 1.5-2.2), facial trauma (OR 2.1; 95% CI 1.7-2.6). Of 42 possible points, 7 points are directly related to measurement of language compared with only 2 points related to neglect. Yet few data are available on the degree of left ventricular dysfunction where a transplantation is possible.", No.
semantic_bm25,semantic,bm25,biomistral,Amblyopia: is visual loss permanent?,no,no,1,0,lucky_guess,"Celiac disease (CD) is believed to be a permanent intolerance to gluten. No patient developed permanent weakness of the facial nerve or other severe complications. Since optotypes are evaluated on individuals with good visual acuity and without eye disorders, differences in the lower visual acuity range cannot be excluded. In nine of these the eye showing improvement of acuity had a history of amblyopia. Assessment of visual acuity depends on the optotypes used for measurement. The ability to recognize different optotypes differs even if their critical details appear under the same visual angle.", No.
semantic_bm25,semantic,bm25,biomistral,Implementation of epidural analgesia for labor: is the standard of effective analgesia reachable in all women?,yes,yes,1,1,success,This audit cycle measured epidural analgesia performance against 4 standards: (1) Implementation of epidural analgesia for labor to all patients; (2) Acceptance and good satisfaction level reported by patients and caregivers. The present study was launched contemporarily to the implementation of analgesia for labor in our Department in order to perform a 2 years audit on its use. (3) Effectiveness of labor analgesia; (4) No maternal or fetal side effects. During the audit period epidural analgesia increased from 15.5% of all labors in the first trimester of the study to 51% in the last trimester (p<0.005). Social and cultural factors combined with little information may prevent the diffusion of epidural analgesia for pain relief during childbirth.," Yes. Justification: [1, 2, 4]."
semantic_bm25,semantic,bm25,biomistral,Does HER2 immunoreactivity provide prognostic information in locally advanced urothelial carcinoma patients receiving adjuvant M-VEC chemotherapy?,maybe,yes,0,1,generation_failure,"To evaluate the impact of HER2 immunoreactivity on clinical outcome in locally advanced urothelial carcinoma patients who received surgery alone, or methotrexate, vinblastine, epirubicin, and cisplatin (M-VEC) as adjuvant chemotherapy. We studied 114 formalin-fixed paraffin-embedded specimens obtained from locally advanced urothelial carcinoma patients receiving surgery alone or adjuvant M-VEC. As for patients with adjuvant M-VEC, HER2 immunoreactivity was a significant prognostic factor for PFS (p = 0.03) and disease-specific OS (p = 0.02) using univariate analysis, but not multivariate analysis, and not for patients receiving watchful waiting. The HER2 immunoreactivity was significantly associated with PFS (p = 0.02) and disease-specific OS (p = 0.005) in advanced urothelial carcinoma patients. Urothelial carcinoma of the bladder had a significantly higher frequency of HER2 immunoreactivity than that of the upper urinary tract (60.7 vs. 20.7%, p<0.0001).", Yes. HER2 immunoreactivity is a significant prognostic factor for PFS (p = 0.03) and disease-specific OS (p = 0.02) in patients receiving adjuvant M
semantic_bm25,semantic,bm25,biomistral,Is halofantrine ototoxic?,yes,yes,1,1,success,"Halofantrine is a newly developed antimalarial drug used for the treatment of Plasmodium falciparum malaria. Thirty guinea pigs were divided into three groups: a control group, a halofantrine therapeutic dose group and a halofantrine double therapeutic dose group. The halofantrine therapeutic dose group showed loss and distortion of inner hair cells and inner phalangeal cells, and loss of spiral ganglia cells. In the halofantrine double therapeutic dose group, the inner and outer hair cells were distorted and there was loss of spiral ganglia cells. It is unclear whether cycloplegic refraction is necessary in this age group. The risk is that the population is underserved and therefore needs new treatment episodes.", Yes.
semantic_bm25,semantic,bm25,biomistral,Visceral adipose tissue area measurement at a single level: can it represent visceral adipose tissue volume?,yes,no,0,1,generation_failure,"Measurement of visceral adipose tissue (VAT) needs to be accurate and sensitive to change for risk monitoring. The levels of bone formation and resorption can be assessed at the tissue level by bone histomorphometry on transiliac bone biopsies. To prospectively evaluate the amount of tissue removed at loop electrosurgical excision procedure (LEEP) vs. cold knife conization. It is also assessed whether the occurrence of this complication is related to the displacement of the fracture, soft tissue injury, or delay in the reduction or surgery. Minimally invasive techniques in foregut surgery have been suggested to cause less tissue trauma.", No.
semantic_bm25,semantic,bm25,biomistral,Necrotizing fasciitis: an indication for hyperbaric oxygenation therapy?,no,yes,0,1,generation_failure,"Hyperbaric oxygenation (HBO) has been recommended as adjuvant therapy for NF, improving patient mortality and outcome. The accepted treatment protocol for necrotizing fasciitis (NF) consists of extensive surgery and wide spectrum antibiotics. The most common indication for anticoagulation was deep venous thrombosis (46%). We reviewed 500 consecutive cases with acute aSAH with surgical indication for aneurysm repair. Patients were randomized in an immediate-start therapy group (n = 19) and a 6-week delayed-start therapy group (n = 19)."," Yes. Hyperbaric oxygenation (HBO) has been recommended as adjuvant therapy for NF, improving patient mortality and outcome. (1)"
semantic_bm25,semantic,bm25,biomistral,Is the Hawkins sign able to predict necrosis in fractures of the neck of the astragalus?,maybe,no,0,1,generation_failure,"To assess if the Hawkins sign can predict whether or not astragalus fractures of the neck will develop avascular necrosis. Differences were found when comparing the development of avascular necrosis with the Hawkins sign (P=.03). Hawkins sign was observed in 12 cases, of which none developed necrosis. Four cases with negative Hawkins sign developed necrosis. The following variables were analysed: displacement of the fracture, soft tissue injury, delay and type of treatment, complications, observation of the Hawkins sign, and functional outcome.", No. The Hawkins sign is not able to predict necrosis in fractures of the neck of the astragalus. The Hawkins sign was not observed in any of the cases that developed necrosis.
semantic_bm25,semantic,bm25,biomistral,Is a mandatory general surgery rotation necessary in the surgical clerkship?,no,yes,0,1,generation_failure,Changes in the spectrum of general surgery and the delivery of surgical care have placed the requirement for a mandatory general surgery rotation in the surgical clerkship in question. We tested the hypothesis that equal mastery of surgical clerkship objectives can be obtained in a clerkship with and without general surgery. It is unclear whether cycloplegic refraction is necessary in this age group. The aim of the study was to see whether or not balloon predilatation is necessary in transcatheter aortic valve replacement (TAVI). No specific concerns related to the absence of general surgery were identified., Yes.
semantic_bm25,semantic,bm25,biomistral,Is Acupuncture Efficacious for Treating Phonotraumatic Vocal Pathologies?,yes,yes,1,1,success,"To investigate the effectiveness of acupuncture in treating phonotraumatic vocal fold lesions.STUDY DESIGN/ A total of 123 dysphonic individuals with benign vocal pathologies were recruited. One-hundred seventeen subjects completed the study (genuine acupuncture = 40; sham acupuncture = 43; and no treatment = 34), but only 84 of them had a complete set of vocal functions and quality of life measures (genuine acupuncture = 29; sham acupuncture = 33; and no-treatment = 22) and 42 of them with a complete set of endoscopic data (genuine acupuncture = 16; sham acupuncture = 15; and no treatment = 11). Significant improvement in vocal function, as indicated by the maximum fundamental frequency produced, and also perceived quality of life, were found in both the genuine and sham acupuncture groups, but not in the no-treatment group. Structural (morphological) improvements were, however, only noticed in the genuine acupuncture group, which demonstrated a significant reduction in the size of the vocal fold lesions. They were given either genuine acupuncture (n = 40), sham acupuncture (n = 44), or no treatment (n = 39) for 6 weeks (two 30-minute sessions/wk).", Yes. The study shows that acupuncture is efficacious for treating phonotraumatic vocal pathologies. The study shows that acupuncture is efficacious for treating phonotraumatic vocal pathologies.
semantic_bm25,semantic,bm25,biomistral,Is aneurysm repair justified for the patients aged 80 or older after aneurysmal subarachnoid hemorrhage?,yes,yes,1,1,success,"The aim of this study was to investigate the feasibility of the definitive surgery for the acute subarachnoid cases aged 80 or older. With the advancement of an aging society in the world, an increasing number of elderly patients have been hospitalized due to aneurysmal subarachnoid hemorrhage (aSAH). A case of spinal subdural hematoma (SSDH) following subarachnoid hemorrhage (SAH) because of a ruptured internal carotid aneurysm is described. We compared the cases aged 80 or older that received clipping or coil embolization with the controls that the family selected conservative treatment. We reviewed 500 consecutive cases with acute aSAH with surgical indication for aneurysm repair."," Yes. The aim of this study was to investigate the feasibility of the definitive surgery for the acute subarachnoid cases aged 80 or older. With the advancement of an aging society in the world, an increasing number"
semantic_bm25,semantic,bm25,biomistral,Do general practice characteristics influence uptake of an information technology (IT) innovation in primary care?,no,yes,0,1,generation_failure,"Recent evaluations of IT innovations in primary care have highlighted variations between centres and practices in uptake and use. As part of an MRC funded study into primary care oral anticoagulation management, INR measurements obtained in general practice were validated against values on the same samples obtained in hospital laboratories. We evaluated whether structural characteristics of a general practice were associated with variations in use of a web-based clinical information system underpinning a Managed Clinical Network in diabetes, between the years 2001 and 2003. In regression analyses, we determined whether total use was associated with structural characteristics of the practice (total list size, training status, numbers of GPs (general practitioners), mean age of the GPs, numbers of female GPs, level of deprivation of the population and whether staff had received advanced training in diabetes care). To assess the extent to which the title and font of participant information sheets (PISs) can influence pregnant women's and trainee midwives' perceptions of an antenatal intervention."," Yes. Justification: [1, 3, 4]."
semantic_bm25,semantic,bm25,biomistral,Prognosis of well differentiated small hepatocellular carcinoma--is well differentiated hepatocellular carcinoma clinically early cancer?,no,yes,0,1,generation_failure,"The purpose of this study is to examine whether or not well differentiated (w-d) hepatocellular carcinoma (HCC) is indeed clinically early cancer. The purpose of this paper is to evaluate the efficacy of ultrasonographic screening for primary hepatocellular carcinoma. Fifty-nine (48%) patients had squamous cell carcinoma; 63 (52%) had lymphoepitheliomas, undifferentiated NPC or poorly differentiated carcinoma, NOS (UNPC). A genetic component is well established in the etiology of breast cancer. Patients with untreated locally advanced primary or clinically curable recurrent cervical carcinoma were enrolled.", Yes. The purpose of this study is to examine whether or not well differentiated hepatocellular carcinoma is indeed clinically early cancer.
semantic_bm25,semantic,bm25,biomistral,Do follow-up recommendations for abnormal Papanicolaou smears influence patient adherence?,no,yes,0,1,generation_failure,"To compare adherence to follow-up recommendations for colposcopy or repeated Papanicolaou (Pap) smears for women with previously abnormal Pap smear results. Attempts to contact the patients for follow-up, adherence to follow-up recommendations, and patient characteristics were abstracted from medical records. Documented adherence to follow-up within 8 months of an abnormal result. The rate of overall adherence to follow-up recommendations was 56.0% (136/243). The use of as many as 3 patient reminders substantially improved adherence to follow-up.", Yes. The use of as many as 3 patient reminders substantially improved adherence to follow-up.
semantic_bm25,semantic,bm25,biomistral,Biomolecular identification of allergenic pollen: a new perspective for aerobiological monitoring?,yes,yes,1,1,success,"Pollen was properly identified even when collected on routine aerobiological tape. To verify the feasibility of developing a real-time polymerase chain reaction (PCR) approach, an alternative to optical analysis, as a rapid, accurate, and automated tool for the detection and quantification of airborne allergenic pollen taxa. Current monitoring systems are based on a morphologic identification approach, a time-consuming method that may represent a limiting factor for sampling network enhancement. Eight practices were selected for refrigeration monitoring. To analyse associations between indicators for adoption of new drugs and to test the hypothesis that physicians' early adoption of new drugs is a personal trait independent of drug groups.", Yes. The evidence from the context suggests that the biomolecular identification of allergenic pollen is a new perspective for aerobiological monitoring.
semantic_bm25,semantic,bm25,biomistral,Does diabetes mellitus influence the efficacy of FDG-PET in the diagnosis of cervical cancer?,no,yes,0,1,generation_failure,"Therefore, we conducted this prospective study to compare the diagnostic ability of FDG-PET in patients with cervical cancer complicated by DM and those without DM. However, the degree of tumour uptake of (18)F-2-fluoro-2-deoxy-D: -glucose (FDG) uptake is sometimes influenced by diabetes mellitus (DM). Compared with computed tomography (CT) and magnetic resonance imaging (MRI), positron emission tomography (PET) may have additional value in the assessment of primary and recurrent cervical cancer. The influence of positron emission tomography in the management of recurrent rectal cancer is well established but its role in primary rectal cancer remains uncertain. This study therefore prospectively assesses the impact of position emission tomography scanning on the management of primary rectal cancer. The load-response behaviour of tendons may be altered in type 1 diabetes mellitus (T1DM) as hyperglycaemia accelerates collagen cross-linking."," Yes. [1, 2]"
semantic_bm25,semantic,bm25,biomistral,Biomechanical and wound healing characteristics of corneas after excimer laser keratorefractive surgery: is there a difference between advanced surface ablation and sub-Bowman's keratomileusis?,yes,no,0,1,generation_failure,"To describe the biomechanical and wound healing characteristics of corneas after excimer laser keratorefractive surgery. Because adult human corneal stromal wounds heal slowly and incompletely, all excimer laser keratorefractive surgical techniques still have some distinct disadvantages due to inadequate reparative wound healing. Histologic, ultrastructural, and cohesive tensile strength evaluations were performed on 25 normal human corneal specimens, 206 uncomplicated LASIK specimens, 17 uncomplicated sub-Bowman's keratomileusis (SBK) specimens, 4 uncomplicated photorefractive keratectomy (PRK) specimens, 2 uncomplicated advanced surface ablation (ASA) specimens, 5 keratoconus specimens, 12 postoperative LASIK ectasia specimens, and 1 postoperative PRK ectasia specimen and compared to previously published studies. Histologic and ultrastructural studies of normal corneas showed significant differences in the direction of collagen fibrils and/or the degree of lamellar interweaving in Bowman's layer, the anterior third of the corneal stroma, the posterior two-thirds of the corneal stroma, and Descemet's membrane. Caspase-3 expression was only detected in the ovarian surface epithelium in all groups, and there was a significant difference between the treatment groups and the saline group (p<0.0001).", No.
semantic_bm25,semantic,bm25,biomistral,Does radiotherapy of the primary rectal cancer affect prognosis after pelvic exenteration for recurrent rectal cancer?,yes,no,0,1,generation_failure,This study examined the impact of radiotherapy for the primary rectal cancer on outcomes after pelvic exenteration for local recurrence. The influence of positron emission tomography in the management of recurrent rectal cancer is well established but its role in primary rectal cancer remains uncertain. This study therefore prospectively assesses the impact of position emission tomography scanning on the management of primary rectal cancer. Patients who did and did not receive radiotherapy as part of their primary rectal cancer treatment were compared. The National Cancer Database was queried for patients with rectal cancer. Forty-six patients with advanced primary rectal cancer referred for consideration of adjuvant preoperative therapy underwent position emission tomography scanning., No. The influence of radiotherapy on the prognosis of primary rectal cancer is uncertain. The study examined the impact of radiotherapy for the primary rectal cancer on outcomes after pelvic exenteration for local recurrence.
semantic_bm25,semantic,bm25,biomistral,Can a practicing surgeon detect early lymphedema reliably?,maybe,no,0,1,generation_failure,A 10% volume increase or greater than 1 cm increase in arm circumference identified lymphedema with verification by a lymphedema specialist. The purpose of this study was to determine whether the deformity angular ratio (DAR) can reliably assess the neurological risks of patients undergoing deformity correction. We lacked data regarding patient and physician decision making and surgeon-specific factors. We wished to discover if these relationships could be reliably extended to a much more obese group. Thirty-nine cases of lymphedema were identified by the academic trial., No.
semantic_bm25,semantic,bm25,biomistral,Colorectal cancer with synchronous liver metastases: does global management at the same centre improve results?,no,yes,0,1,generation_failure,"Synchronous liver metastases (SLM) occur in 20% of colorectal cancers (CRC). Resection of SLM and CLC can be undertaken at different centres (separate management, SM) or at the same centre (global management, GM). However, there is controversy with regards to management of a synchronous contralateral hydrocele. The overall survival rate for patients who developed bone metastases was 58% and 27% at 5 and 10 years, respectively, and patients with bone metastases to the pelvis fared worse compared with those with vertebral metastases. One of the sites most frequently invaded by gastric cancer is the mesocolon; however, the UICC does not mention this anatomical site as an adjacent structure involved in gastric cancer.", Yes. The global management of synchronous liver metastases and contralateral hydrocele at the same centre improves results.
semantic_bm25,semantic,bm25,biomistral,Is motion perception deficit in schizophrenia a consequence of eye-tracking abnormality?,yes,no,0,1,generation_failure,"Studies have shown that schizophrenia patients have motion perception deficit, which was thought to cause eye-tracking abnormality in schizophrenia. The known eye-tracking difficulties in schizophrenia patients may interact with their motion perception. However, eye movement closely interacts with motion perception. The frequency of eye tracking during speed discrimination was not significantly related to regular eye-tracking performance. Regular eye-tracking performance was evaluated in a third experiment.", No. The eye-tracking abnormality in schizophrenia is not a consequence of motion perception deficit.
semantic_bm25,semantic,bm25,biomistral,Transgastric endoscopic splenectomy: is it possible?,yes,yes,1,1,success,"Endoscopic splenectomy was performed on six pigs. We present results of per-oral transgastric splenectomy in a porcine model. The goal of this study was to determine the technical feasibility of per-oral transgastric splenectomy using a flexible endoscope. Common reasons for not wearing headgear were ""its use is not mandatory"", ""it is uncomfortable"", and ""it costs too much"". It is unclear whether cycloplegic refraction is necessary in this age group.", Yes. The context describes a study that performed endoscopic splenectomy on pigs.
semantic_bm25,semantic,bm25,biomistral,It's Fournier's gangrene still dangerous?,yes,yes,1,1,success,"To assess the morbidity and mortality in the treatment of Fournier's gangrene in our experience. Fournier's gangrene is known to have an impact in the morbidity and despite antibiotics and aggressive debridement, the mortality rate remains high. The medical records of 14 patients with Fournier's gangrene who presented at the University Hospital Center ""Mother Teresa"" from January 1997 to December 2006 were reviewed retrospectively to analyze the outcome and identify the risk factor and prognostic indicators of mortality. Shapiro-Wilk's, Mann-Whitney's U, Chi-square, and Fisher's exact tests were used for statistical analysis. To compare children's, parents' and physicians' perceptions of children's body size."," Yes. Fournier's gangrene is known to have an impact in the morbidity and despite antibiotics and aggressive debridement, the mortality rate remains high."
semantic_bm25,semantic,bm25,biomistral,Is it appropriate to implant kidneys from elderly donors in young recipients?,yes,no,0,1,generation_failure,"Kidneys from elderly donors tend to be implanted in recipients who are also elderly. We present the results obtained after 10 years of evolution on transplanting elderly kidneys into young recipients. Ninety-one consecutive transplants are studied, carried out in our center with kidneys from cadaver donors older than 60 years implanted in recipients younger than 60 years. The FAC increased significantly from 51 +/- 15% to 57 +/- 11% in 18 hearts that underwent TEE in donors and afterwards in recipients. Four patients died: 2 from hemorrhage (FAC>50% in donors); 1 from right and one from left ventricular dysfunction (FAC<50% in donors).", No.
semantic_bm25,semantic,bm25,biomistral,Do provider service networks result in lower expenditures compared with HMOs or primary care case management in Florida's Medicaid program?,yes,yes,1,1,success,"To determine the impact of Florida's Medicaid Demonstration 4 years post-implementation on per member per month (PMPM) Medicaid expenditures and whether receiving care through HMOs versus provider service networks (PSNs) in the Demonstration was associated with PMPM expenditures.DATA: Florida Medicaid claims from two fiscal years prior to implementation of the Demonstration (FY0405, FY0506) and the first four fiscal years after implementation (FY0607-FY0910) from two urban Demonstration counties and two urban non-Demonstration counties. Among SSI enrollees, the Demonstration resulted in lower increases in PMPM expenditures over time ($40) compared with the non-Demonstration counties ($186), with Demonstration PSNs lowering PMPM expenditures by $7 more than HMOs. Driving distances and times from patient residence to primary care provider were calculated for 3,917 breast, colorectal (CRC) and lung cancer Medicaid patients in Washington State from 1997 to 2003 using MapQuest.com. A difference-in-difference approach was used to compare changes in enrollee expenditures before and after implementation of the Demonstration overall and specifically for HMOs and PSNs. Medicare beneficiaries who have chronic conditions are responsible for a disproportionate share of Medicare fee-for-service expenditures.", Yes.
semantic_bm25,semantic,bm25,biomistral,Assessment of carotid artery stenosis before coronary artery bypass surgery. Is it always necessary?,no,yes,0,1,generation_failure,"Extracranial internal carotid artery stenosis is a risk factor for perioperative stroke in patients undergoing coronary artery bypass surgery (CAB). The study goal was to determine whether pre-operative fasting blood glucose (fB-glu) is associated with an increased mortality after coronary artery bypass grafting (CABG). In 14 healthy pigs, blood flow was measured in the ascending aorta, left anterior descending (LAD), circumflex (Cx), right coronary artery (RCA), right common carotid artery (RCCA), and left internal mammary artery (LIMA), along with left-and right-ventricular pressures (LVP and RVP), aortic pressure (AoP), and pulmonary artery pressure (PAP). Common carotid artery pulsatility index and resistance index were calculated from blood flow velocities curves obtained by pulsed Doppler ultrasonography. It is unclear whether cycloplegic refraction is necessary in this age group.", Yes. Extracranial internal carotid artery stenosis is a risk factor for perioperative stroke in patients undergoing coronary artery bypass surgery (CAB).
semantic_bm25,semantic,bm25,biomistral,Should direct mesocolon invasion be included in T4 for the staging of gastric cancer?,maybe,yes,0,1,generation_failure,"Among these, patients who showed macroscopically direct invasion into the mesocolon were compared to other patients with advanced gastric cancer. The purpose of this study was to characterize and classify mesocolon invasion from gastric cancer. One of the sites most frequently invaded by gastric cancer is the mesocolon; however, the UICC does not mention this anatomical site as an adjacent structure involved in gastric cancer. The curability, number and extent of nodal metastasis, and the survival of the mesocolon invasion group were significantly worse than these factors in the T3 group. However, the survival of the mesocolon invasion group after curative resection was much better than that of patients who had incurable factors."," Yes. Direct mesocolon invasion is a special case of T4, and it should be included in T4."
semantic_bm25,semantic,bm25,biomistral,Do Surrogates of Injury Severity Influence the Occurrence of Heterotopic Ossification in Fractures of the Acetabulum?,maybe,yes,0,1,generation_failure,"To determine the relationship between injury severity surrogates and other patient factors with the development and severity of heterotopic ossification (HO) following open reduction internal fixation of acetabular fractures treated with a posterior approach. We investigate whether the anatomy of the aortic arch influences the severity of aortic injury. Other variables evaluated in multivariate modeling not significantly associated with development and severity of HO included age, gender, mechanism of injury, injury severity score, presence of neurologic injury, Letournel fracture type, occurrence of hip dislocation, interval from injury to surgery, operative time, and estimated blood loss. The occurrence and severity (Brooker Grade III/IV) of HO 6 months postsurgery. It is also assessed whether the occurrence of this complication is related to the displacement of the fracture, soft tissue injury, or delay in the reduction or surgery.", Yes.
semantic_bm25,semantic,bm25,biomistral,Does pretreatment with statins improve clinical outcome after stroke?,no,yes,0,1,generation_failure,"In a preliminary observational study, we explored whether clinical outcome is improved in patients who are on treatment with statins when stroke occurs. In primary and secondary prevention trials, statins have been shown to reduce the risk of stroke. In addition to lipid lowering, statins have a number of antiatherothrombotic and neuroprotective properties. All relevant surgical and clinical outcome parameters were systematically assessed. We conducted a population-based case-referent study of 25- to 74-year-old stroke patients with, for each case of a patient who was on statin treatment at the onset of stroke (n=125), 2 referent patients who were not treated with statins but were matched for age, gender, year of onset, and stroke subtype (n=250). Overall, nodal status was a strong and independent prognostic indicator for clinical outcome."," Yes. Statins have been shown to reduce the risk of stroke in primary and secondary prevention trials. In addition to lipid lowering, statins have a number of antiatherothrombotic and neuroprotective properties."
semantic_bm25,semantic,bm25,biomistral,Processing fluency effects: can the content and presentation of participant information sheets influence recruitment and participation for an antenatal intervention?,yes,yes,1,1,success,"To assess the extent to which the title and font of participant information sheets (PISs) can influence pregnant women's and trainee midwives' perceptions of an antenatal intervention. Students made a number of recommendations including the development of multilingual videotapes and patient information sheets for non-English speaking patients, avoidance of bilateral surgical procedures and improved links with local medical officers. Knowledge was assessed about harmful effects and its source of information. These effects were associated with the increases in leaf tensile stiffness, cell wall and pectin contents, pectin methylesterase (EC 3.1.1.11) activity and the low-methylated pectin content, independently of the genotype studied. We calculated criterion validity and interrater and intrarater overall and specific agreement with an index expert (senior infectious disease physician) and analysed the influence of doctor characteristics on validity.", Yes.
semantic_bm25,semantic,bm25,biomistral,Sternal fracture in growing children : A rare and often overlooked fracture?,maybe,yes,0,1,generation_failure,"A total of 4 children aged 5-14 years with a sternal fracture were treated in 2 years, 2 children were hospitalized for pain management and 2 remained in outpatient care. Sternal fractures in childhood are rare. In a comparison of patient satisfaction rates according to fracture type, the mild fracture group had a higher satisfaction rate compared to the severe fracture group. Hip fracture in geriatric patients has a substantial economic impact and represents a major cause of morbidity and mortality in this population. Patients were classified into 5 types according to their fracture.", Yes. [1]
semantic_bm25,semantic,bm25,biomistral,Is there a correlation between androgens and sexual desire in women?,yes,yes,1,1,success,"For women, the correlation between circulating androgens and sexual desire is inconclusive. Measuring bioactive testosterone is difficult and new methods have been proposed, including measuring the primary androgen metabolite androsterone glucuronide (ADT-G).AIM: The aim of this study was to investigate a possible correlation between serum levels of androgens and sexual desire in women and whether the level of ADT-G is better correlated than the level of circulating androgens with sexual desire. Substitution with androgens at physiological levels improves sexual function in women who experience decreased sexual desire and androgen deficiency from surgical menopause, pituitary disease, and age-related decline in androgen production in the ovaries. Sexual desire correlated overall with FT and androstenedione in the total cohort of women. In a subgroup of women aged 25-44 years with no use of systemic hormonal contraception, sexual desire correlated with TT, FT, androstenedione, and DHEAS. In women aged 45-65 years, androstenedione correlated with sexual desire. No correlations between ADT-G and sexual desire were identified.", Yes. The correlation between androgens and sexual desire in women is inconclusive.
semantic_bm25,semantic,bm25,biomistral,Does immediate breast reconstruction compromise the delivery of adjuvant chemotherapy?,no,no,1,1,success,"Immediate breast reconstruction (IBR) provides psychological benefit to many early breast cancer patients however concerns persist regarding its potential impact on chemotherapy delivery. Retrospective analysis of patients in an academic breast service, who underwent mastectomy, with or without reconstruction, and received adjuvant chemotherapy. We investigated the association between IBR, complications and adjuvant chemotherapy delivery. The outcomes of interest were margins, lymph node yield, receipt of neoadjuvant chemoradiation, adjuvant chemotherapy, readmission within 30 days, 30-day and 90-day mortality, and 5-year overall survival. To evaluate the impact of HER2 immunoreactivity on clinical outcome in locally advanced urothelial carcinoma patients who received surgery alone, or methotrexate, vinblastine, epirubicin, and cisplatin (M-VEC) as adjuvant chemotherapy."," No. Immediate breast reconstruction did not compromise the delivery of adjuvant chemotherapy. The outcomes of interest were margins, lymph node yield, receipt of neoadjuvant chemoradiation, adjuvant chemotherapy"
semantic_bm25,semantic,bm25,biomistral,Human papillomavirus and pterygium. Is the virus a risk factor?,maybe,no,0,1,generation_failure,"Several studies have investigated human papillomavirus (HPV) as a risk factor for the development of pterygia, but the results are inconclusive.AIM: To investigate a large sample of pterygia for the presence of HPV in order to clarify the putative association between pterygia and HPV. Pterygium is a disease of unknown origin and pathogenesis that might be vision threatening. To critically assess the evidence that appendiceal perforation is a risk factor for subsequent tubal infertility or ectopic pregnancy. Combining various antiretroviral agents into one single dosage form has been a strategy to reduce pill burden and enhance medication adherence among human immunodeficiency virus /AIDS (HIV/AIDS) patients. The risk is that the population is underserved and therefore needs new treatment episodes."," No. Several studies have investigated human papillomavirus as a risk factor for the development of pterygia, but the results are inconclusive."
semantic_bm25,semantic,bm25,biomistral,Can PRISM predict length of PICU stay?,no,yes,0,1,generation_failure,"PRISM is claimed to score disease severity which has attributed an impact on length of PICU stay (LOS). Recurrence of cholangitis and length of hospital stay after clearance of CBD stones. The following outcome measures were used: length of stay, appropriateness of stay, rate of admission to an in-hospital bed, and rate of unscheduled visits within 72 hours of discharge. The short stay ward increased hospital efficiency with an average length of stay of 17.5 hours (Westmead Hospital) compared to 20.5 hours (New Children's Hospital). Retrospectively we performed correlation and regression analyses on routinely scored PRISM data of all consecutive admissions to our level-III PICU from 1994 to 1999 (n>2000) with individual LOS.", Yes. PRISM predicts length of PICU stay.
semantic_bm25,semantic,bm25,biomistral,Can predilatation in transcatheter aortic valve implantation be omitted?,yes,yes,1,1,success,"The aim of the study was to see whether or not balloon predilatation is necessary in transcatheter aortic valve replacement (TAVI). The use of a balloon expandable stent valve includes balloon predilatation of the aortic stenosis before valve deployment. Sixty consecutive TAVI patients were randomized to the standard procedure or to a protocol where balloon predilatation was omitted. Six human cadaver knees were tested before implantation, after implantation with a bicruciate-retaining unicompartmental knee prosthesis, and after implantation with a posterior cruciate-retaining tricompartmental knee prosthesis. AAPs can be expensive compared to other treatment options and can cause several side effects.", Yes. The use of a balloon expandable stent valve includes balloon predilatation of the aortic stenosis before valve deployment.
semantic_bm25,semantic,bm25,biomistral,Autoerotic asphyxiation: secret pleasure--lethal outcome?,yes,no,0,1,generation_failure,"This study addresses autoerotic asphyxiation (AEA) with the intent of increasing pediatricians' knowledge of the syndrome and awareness of its typical onset among young patients. Voluntary asphyxiation among children, preteens, and adolescents by hanging or other means of inducing hypoxia/anoxia to enhance sexual excitement is not uncommon and can lead to unintended death. Prospective, descriptive preliminary study of in vitro fertilization outcome. All relevant surgical and clinical outcome parameters were systematically assessed. Non-severe hypoglycaemia was not associated with any outcome following adjustment.", No. [1]
semantic_bm25,semantic,bm25,biomistral,Major depression and alcohol use disorder in adolescence: Does comorbidity lead to poorer outcomes of depression?,no,yes,0,1,generation_failure,"Comorbid major depression (MD) and alcohol use disorder (AUD), particularly in adolescents, have been shown to be associated with poorer subsequent MD outcomes. Evidence suggests substantial comorbidity between symptoms of somatization and depression in clinical as well as nonclinical populations. 80% of women dispensed an antidepressant did not have depression recorded as a comorbidity on their hospital records. Interference from irrelevant negative material might be a key mechanism underlying intrusive ruminative thoughts in depression. Considering commonalities between depression and social anxiety and the presence of similar intrusive thoughts in social anxiety, the current study was designed to assess whether interference from irrelevant material in working memory is specific to depression or is also present in social anxiety disorder. Measures of sociodemographics, smoking, home and car smoking bans, and depression were collected."," Yes. Comorbid major depression and alcohol use disorder in adolescents has been shown to be associated with poorer subsequent major depression outcomes. (Context: [1, 2])"
semantic_bm25,semantic,bm25,biomistral,Cold preparation use in young children after FDA warnings: do concerns still exist?,yes,yes,1,1,success,"To characterize the use and delivery of cough and cold medicines in children younger than 6 presenting to an inner-city pediatric emergency department (PED) following 2007 FDA warnings. First, to establish whether a deprivation gradient in all-cause mortality exists for all ethnic groups within New Zealand; second, if such gradients do exist, whether their absolute slopes are the same; and third, if such gradients exist, what impact the unequal deprivation distributions of the different ethnic groups have on the observed ethnic inequalities in life expectancy at birth. The sample consisted of 91 children and their parents being seen in the Pediatric Gastroenterology Clinic for concerns unrelated to overweight. Despite surgical refinements, perioperative use of tracheobronchoscopy (TBS) as part of surgical approach to esophageal atresia (EA) is still controversial. A Medline search was conducted on the use of dexamethasone in the treatment of asthma exacerbations in children.", Yes.
semantic_bm25,semantic,bm25,biomistral,Does a 4 diagram manual enable laypersons to operate the Laryngeal Mask Supreme®?,yes,yes,1,1,success,"The aim of this pilot study was to determine whether an instruction manual consisting of four diagrams enables laypersons to operate a Laryngeal Mask Supreme® (LMAS) in the manikin. Laypersons were handed a bag containing a LMAS, a bag mask valve device (BMV), a syringe prefilled with air and the instruction sheet, and were asked to perform and ventilate the manikin as displayed. Previous studies have demonstrated the ability of inexperienced persons to operate SADs after brief instruction. A total of 150 laypersons took part. Appropriate citations were also extracted from a manual search of the bibliographies of selected papers.", Yes. (The aim of this pilot study was to determine whether an instruction manual consisting of four diagrams enables laypersons to operate a Laryngeal Mask Supreme® (LMAS) in the manikin.)
semantic_bm25,semantic,bm25,biomistral,Can we measure mesopic pupil size with the cobalt blue light slit-lamp biomicroscopy method?,no,yes,0,1,generation_failure,"The aim of this work is to assess a previously described slit-lamp biomicroscopy-based method (SLBM) for measuring pupil diameter and compare it to Colvard infrared pupillometry (CIP). For each measure, we ranked the general practices. One cochlea specimen from each animal was stained with haematoxylin and eosin and the other with toluidine blue. Disruption of the BBB was analyzed using Evans blue and immunohistochemistry (IH). We determined the agreement of SLBM and CIP, intraobserver and interobserver repeatabilities, and interobserver concordance (kappa) and SLBM ability for detecting pupil sizes over 6.0 mm.", Yes. The SLBM is a reliable method for measuring mesopic pupil size.
semantic_bm25,semantic,bm25,biomistral,Should circumcision be performed in childhood?,no,yes,0,1,generation_failure,"To point out the value of circumcision and prepucial forced dilation during childhood. Sternal fractures in childhood are rare. In light of this consideration, should a patient with both a history of ICH and a clear indication for anticoagulation such as nonvalvular atrial fibrillation be anticoagulated? This suggests that PRK and ASA, and secondarily SBK, should be biomechanically safer than conventional LASIK with regard to risk for causing keratectasia after surgery. These associations were then adjusted for confounding by a series of factors measured in childhood.", Yes. To point out the value of circumcision and prepucial forced dilation during childhood.
semantic_bm25,semantic,bm25,biomistral,Does a colonoscopy after acute diverticulitis affect its management?,no,no,1,1,success,"Acute diverticulitis was diagnosed by clinical criteria and characteristic CT findings. No new or different diagnosis was made after colonoscopy. Medical records of 220 patients hospitalized for acute diverticulitis between June 1, 2002 and September 1, 2009 were reviewed. An OSCE test-format (seven stations: Advanced Cardiac Life Support (ACLS), Basic Life Support (BLS), Trauma-Management (TM), Pediatric-Emergencies (PE), Acute-Coronary-Syndrome (ACS), Airway-Management (AM), and Obstetrical-Emergencies (OE)) was administered to 207 medical students in their third year of training after they had received didactics in emergency medicine management. One hundred patients (aged 61.8±13.3 y, 54.1% females), underwent an early (4 to 6 wk) colonoscopy after hospital discharge.", No. The diagnosis of acute diverticulitis is made by clinical criteria and characteristic CT findings. A colonoscopy after acute diverticulitis does not affect its management.
semantic_bm25,semantic,bm25,biomistral,Do instrumental activities of daily living predict dementia at 1- and 2-year follow-up?,yes,yes,1,1,success,"To investigate whether problems in instrumental activities of daily living (IADL) can add to conventionally used clinical measurements in helping to predict a diagnosis of dementia at 1- and 2-year follow-up. Five hundred thirty-one participants had baseline and 1-year follow-up assessments; 69 (13.0%) of these had developed dementia at 1-year follow-up. SEM showed that IADL disability could help predict dementia in addition to the measured variables at 1-year follow-up (odds ratio (OR) = 2.20, 95% confidence interval (CI) = 1.51-3.13) and 2-year follow-up (OR = 2.11, 95% CI = 1.33-3.33). At 2-year follow-up, 481 participants were seen, of whom 100 (20.8%) had developed dementia. Data from the arm section of the Barthel Activities of Daily Living Index (dressing, grooming, and feeding) and three subjective measures (putting arm through sleeve, cleaning palm, cutting fingernails) were summed to give a ""Composite Functional Index"".", Yes.
semantic_bm25,semantic,bm25,biomistral,Does the Simultaneous Use of a Neuroendoscope Influence the Incidence of Ventriculoperitoneal Shunt Infection?,no,yes,0,1,generation_failure,"The relationship between the use of an endoscope during ventriculoperitoneal shunt (VPS) procedures and infection remains poorly defined. In this study, we sought to analyze whether the simultaneous use of an endoscope could in fact increase the infection rate associated with VPS procedures. No significant difference was seen in the prevalence of serovars isolated following a repeat infection compared with those without repeat infections. The site of the initial infection did not appear to influence the subsequent serovar isolated. The purpose of this study was to explore the influence of music on stress in a sample of patients over the duration of ventilatory support.RESEARCH METHODOLOGY/ Results of cannulation and the incidence of complications were compared."," Yes. Justification: ""In this study, we sought to analyze whether the simultaneous use of an endoscope could in fact increase the infection rate associated with VPS procedures."""
semantic_bm25,semantic,bm25,biomistral,"Body perception: do parents, their children, and their children's physicians perceive body image differently?",yes,yes,1,1,success,"To compare children's, parents' and physicians' perceptions of children's body size. Forty-four percent of parents underestimated children's body size using word descriptions and 47% underestimated using figures. Forty percent of the children underestimated their own body size using descriptions and 43% underestimated using figures. We administered a structured questionnaire of body size perception using a descriptive Likert scale keyed to body image figures to children ages 12 to 18 years. Assessment instruments included the Washington University in St. Louis Kiddie Schedule for Affective Disorders and Schizophrenia, given separately to parents about their children and to children about themselves, and the CGAS. The sample consisted of 91 children and their parents being seen in the Pediatric Gastroenterology Clinic for concerns unrelated to overweight.", Yes. Justification: Parents and children underestimate their body size using figures.
semantic_bm25,semantic,bm25,biomistral,Is a specialised training of phonological awareness indicated in every preschool child?,maybe,no,0,1,generation_failure,"In a prospective study 218 preschool children were enrolled (stratified in 2 training programs, one specialized for phonologic awareness in order to prevent dyslexia, the other consisting in training of general perception) during the last year of kindergarten. Phonological processing measured by both phonological awareness and nonword reading was unexpectedly spared in the majority of participants. Phonological awareness levels strongly correlated with word reading. We examined if components of phonological processing that are shown to reliably separate average readers from struggling readers, i.e., phonological awareness, verbal memory, speed of retrieval, and size of vocabulary, show the same relationship to reading levels when they are mediated by the right hemisphere [2]. Selection into general practice training is undertaken using a competency based approach.", No.
semantic_bm25,semantic,bm25,biomistral,Is there any relationship between streptococcal infection and multiple sclerosis?,yes,no,0,1,generation_failure,"Multiple sclerosis (MS) is an immune-mediated inflammatory demyelinating disease of uncertain etiology. The relationship between the use of an endoscope during ventriculoperitoneal shunt (VPS) procedures and infection remains poorly defined. Female gender was independently associated with a 43% and 23% lower risk of multiple organ failure and nosocomial infection, respectively. Although the mechanisms of inducting autoimmunity by some of the infectious agents have been investigated, there is not yet enough research on streptococcal infections.MATERIAL/ Overall mortality, multiple organ failure, and nosocomial infection rates for the entire cohort (n = 1,036) were 20%, 40%, and 45%, respectively.", No.
semantic_bm25,semantic,bm25,biomistral,Is the combination with 2-methoxyestradiol able to reduce the dosages of chemotherapeutices in the treatment of human ovarian cancer?,yes,yes,1,1,success,"To investigate the effect of bracket-ligature combination on the amount of orthodontic space closure over three months. We investigated for the first time whether in vitro combinations of 2ME with various chemotherapeutic compounds may result in an additive inhibitory effect on the proliferation of human ovary cancer cells. There is increasing pressure on mental health providers to reduce the duration of treatments, while retaining level of quality and effectiveness. The influence of positron emission tomography in the management of recurrent rectal cancer is well established but its role in primary rectal cancer remains uncertain. This study therefore prospectively assesses the impact of position emission tomography scanning on the management of primary rectal cancer. The combination of SLT and LRT has abolished deaths on the waiting list, thus raising the question whether living donor liver transplantation is still necessary.", Yes. The combination of 2-methoxyestradiol with various chemotherapeutic compounds may result in an additive inhibitory effect on the proliferation of human ovary cancer cells. (Context: [2])
semantic_bm25,semantic,bm25,biomistral,Assessing joint line positions by means of the contralateral knee: a new approach for planning knee revision surgery?,yes,no,0,1,generation_failure,"Reconstructing the natural joint line in knee revision surgery improves clinical and functional outcome but may be challenging when both cartilage and bone were removed during previous operations. Assessing joint lines (JLs) by means of bony landmarks is inadvisable because of large variations in human anatomy. Because of the inherent symmetry of the human body, we hypothesised that JLs may be directly assessed by measuring the distances from the bony landmarks to the JL of the contralateral knee by means of radiographic images. There are a number of factors responsible for the longevity of unicompartmental knee replacements (UKR). All hydroceles were opened through a scrotal approach at the time of contralateral scrotal fixation.", No. Assessing joint lines by means of bony landmarks is inadvisable because of large variations in human anatomy.
semantic_bm25,semantic,bm25,biomistral,Does the type of tibial component affect mechanical alignment in unicompartmental knee replacement?,yes,no,0,0,retrieval_failure,"Unicompartmental replacement can be an alternative to tibial osteotomy in younger, active patients with unicompartmental knee disease. In unicompartmental replacement, the other compartments and knee ligaments are largely untouched. Therefore, it was hypothesized that the knee kinematics after unicompartmental replacement may also be unchanged. The unicompartmental prosthesis was initially implanted, and it was then revised to a total condylar knee replacement. We explored the magnitude of mechanical alignment correction obtained in both groups."," No. The type of tibial component does not affect mechanical alignment in unicompartmental knee replacement. The unicompartmental prosthesis was initially implanted, and it was then revised to a total condylar"
semantic_bm25,semantic,bm25,biomistral,Is tumour expression of VEGF associated with venous invasion and survival in pT3 renal cell carcinoma?,maybe,yes,0,1,generation_failure,"To determine whether there is a relationship between VEGF expression and renal vein and vena cava invasion in stage pT3 renal cell carcinoma and to evaluate the impact of VEGF expression on survival in pT3 renal cell carcinoma. 78 patients with a pT3a or pT3b tumour without vena cava invasion or pT3b tumour with vena cava invasion were compared for age, gender, Fuhrman grade and immunohistochemical expression of VEGF. On univariate analysis, invasion of the perirenal fat, lymph node involvement, distant metastases and VEGF expression were significantly associated with survival (p<0.01). On multivariate analysis, lymph node involvement, distant metastases and VEGF expression (OR 6.07) were identified as independent predictive factors of survival. In both univariate and multivariate survival analysis, significant prognostic factors were histology (adenocarcinoma 65% vs squamous cell carcinoma 51%), tumour size (<or=3cm 67% vs>3cm 46%), and the presence of negative resection margin. Five-year survival by general T status was 66% in T1N0 vs 55% in T2N0 disease (P=0.19). Hepatorenal syndrome (HRS) is the functional renal failure associated with advanced cirrhosis and has also been described in fulminant hepatic failure."," Yes. VEGF expression is associated with venous invasion and survival in pT3 renal cell carcinoma. (Context [1, 2, 3, 4, 5])"
semantic_bm25,semantic,bm25,biomistral,Injury and poisoning mortality among young men--are there any common factors amenable to prevention?,yes,yes,1,1,success,"Deaths from injury and poisoning (suicide, accidents, undetermined deaths, and homicide) are the major cause of death among young men aged 15-39 years in England and Wales and have been increasing in recent years.AIM: To describe common characteristics among young men who die from injury and poisoning. We employed a retrospective survey methodology to investigate factors associated with deaths by injury and poisoning among young men aged 15-39 years (n = 268) in Merseyside and Cheshire during 1995. The most common cause of death was poisoning by alcohol and drugs (29.1%, n = 78). Results among men were equivocal. Spasticity and loss of function in an affected arm are common after stroke.", Yes. The most common cause of death was poisoning by alcohol and drugs.
semantic_bm25,semantic,bm25,biomistral,Continuation of pregnancy after antenatal corticosteroid administration: opportunity for rescue?,maybe,yes,0,1,generation_failure,"To determine the duration of continuing pregnancy after antenatal corticosteroid (AC) administration and to evaluate the potential opportunity for rescue AC. Rural mothers were more likely to be teenaged, indigenous, and to have had a previous premature birth, prolonged ruptured membrane, and antenatal corticosteroid. Intrathecal administration of urokinase, IV administration of fasudil hydrochloride, and continuous cerebrospinal fluid (CSF) evacuation via cisternal drainage were performed as prophylactic treatments for vasospasm. have been widely employed for termination of pregnancy in the second trimester. While having an ED visit for asthma was positively associated with teenage pregnancy, low income, and presence of pregnancy-induced hypertension, it was not associated with fetal gender (OR 1.01, 95% CI 0.85-1.19). Fetal gender was not a significant predictor of adverse pregnancy outcomes among women who had an asthma ED visit during pregnancy.", Yes.
semantic_bm25,semantic,bm25,biomistral,Does either obesity or OSA severity influence the response of autotitrating CPAP machines in very obese subjects?,yes,no,0,1,generation_failure,"Measurements of obesity were made, OSA severity was recorded, and the 95th centile autoCPAP pressure was recorded during 1 week of autoCPAP. Spearman's rank correlation was performed between measurements of obesity and autoCPAP pressure, and between OSA severity and autoCPAP pressure. In earlier work from this unit, we used correlations between autoCPAP pressure and both OSA severity and obesity, to construct an algorithm to estimate the fixed CPAP pressure a patient required for subsequent clinical use. The pressures delivered by autotitrating continuous positive airways pressure (CPAP) devices not only treat obstructive sleep apnoea (OSA) effectively but also give potentially interesting physiological information about the forces impinging on the pharynx. No differences in VO2max were observed after either medical or surgical therapy for OSA. No response to load was seen in either T1DM or control group over the 4-days post exercise.", No.
semantic_bm25,semantic,bm25,biomistral,Does the clinical presentation of a prior preterm birth predict risk in a subsequent pregnancy?,yes,no,0,1,generation_failure,"The objective of the study was to determine whether risk of recurrent preterm birth differs based on the clinical presentation of a prior spontaneous preterm birth (SPTB): advanced cervical dilatation (ACD), preterm premature rupture of membranes (PPROM), or preterm labor (PTL). Risks for sonographic short cervical length and recurrent SPTB were compared between women based on the clinical presentation of their prior preterm birth. Women were categorized based on the clinical presentation of their prior preterm delivery as having ACD, PPROM, or PTL. To critically assess the evidence that appendiceal perforation is a risk factor for subsequent tubal infertility or ectopic pregnancy. In addition, a series of multivariable logistic regressions were also constructed separately for cases and controls for the following adverse delivery outcomes: low birth weight baby, preterm delivery, and delivery via Caesarian section."," No. The clinical presentation of a prior preterm birth does not predict risk in a subsequent pregnancy. The study found that the clinical presentation of a prior preterm birth (ACD, PPROM, or PTL) did not predict risk of"
semantic_bm25,semantic,bm25,biomistral,Is the Distance Worth It?,yes,no,0,1,generation_failure,"The median travel distance was 62.6 miles for the long-distance/high-volume group and 2.3 miles for the short-distance/low-volume group. It is characterised by a wing-like conjunctival overgrowth of the cornea. It is difficult to distinguish FFT from carotid plaque, but the distinction is critical as management differs. Whether driving time or driving distance is a better indicator of travel burden is also of interest. It is also assessed whether the occurrence of this complication is related to the displacement of the fracture, soft tissue injury, or delay in the reduction or surgery."," No. The distance is not worth it. The longer the distance, the more likely it is that the patient will not seek medical attention. This is because the longer the distance, the more time and effort it will take for the patient to seek medical"
semantic_bm25,semantic,bm25,biomistral,Aripiprazole: a new risk factor for pathological gambling?,yes,yes,1,1,success,"Another dopamine agonist, aripiprazole, could be a new risk factor. The probability that pathological gambling is actually due to aripiprazole is ""possible"" in 7 cases out of 8, and ""doubtful"" in one. It is commonly accepted that pathological gambling results from the interaction of multiple risk factors. Carotid stenosis was a risk factor for stroke (P=0.03). The patients involved were schizophrenic or bipolar, mostly young men with a history of addictive disorders and regular gambling prior to the prescription of aripiprazole.", Yes.
semantic_bm25,semantic,bm25,biomistral,Immune suppression by lysosomotropic amines and cyclosporine on T-cell responses to minor and major histocompatibility antigens: does synergy exist?,yes,yes,1,1,success,"Using murine models, we have shown that the lysosomotropic amine, chloroquine, is effective in the prevention of graft-versus-host disease (GVHD) mediated by donor T cells reactive with recipient minor histocompatibility antigens (MiHCs). Because lysosomotropic amines can suppress major histocompatibility complex (MHC) class II antigen presentation, their mechanism of action is potentially different from current immune suppressant drugs used to control GVHD such as cyclosporine. We investigated the use of cyclosporine and the lysosomotropic amines chloroquine and hydroxychloroquine in combination for additive or synergistic immunosuppression on T-cell responses in vitro to MiHC and MHC in mice. We found that similar concentrations of chloroquine and hydroxychloroquine suppress the T-cell response to MiHC in mice (C57BL/6 anti-BALB.B) and that lysosomotropic amines in combination with cyclosporine result in synergistic suppression of a proliferative response to MiHC. Similar suppression and synergy appear to be present in an alloreactive response (C57BL/6 anti-BALB/c). Direct inhibition by chloroquine of T-cell proliferative responses induced by anti-CD3epsilon in the absence of antigen-presenting cells is present at higher concentrations than that required to suppress responses to MiHC or MHC.", Yes.
semantic_bm25,semantic,bm25,biomistral,Does induction chemotherapy have a role in the management of nasopharyngeal carcinoma?,yes,yes,1,1,success,To assess the outcomes of patients with nasopharyngeal carcinoma (NPC) whose treatment was determined by computerized tomography (CT) and/or magnetic resonance imaging staging and to analyze the impact of induction chemotherapy and accelerated fractionated radiotherapy. Fifty-eight patients (24 of whom had induction chemotherapy) were treated with the concomitant boost fractionation schedule. Few studies have assessed whether the advantage chemotherapy has been shown to have in treating advanced non-small lung carcinoma in clinical trials is transferrable to normal health care activity. The influence of positron emission tomography in the management of recurrent rectal cancer is well established but its role in primary rectal cancer remains uncertain. This study therefore prospectively assesses the impact of position emission tomography scanning on the management of primary rectal cancer. Sixty-seven patients (65 with Stage IV disease) received induction chemotherapy., Yes.
semantic_bm25,semantic,bm25,biomistral,Treatment of contralateral hydrocele in neonatal testicular torsion: Is less more?,maybe,yes,0,1,generation_failure,"Treatment of neonatal testicular torsion has two objectives: salvage of the involved testicle (which is rarely achieved) and preservation of the contralateral gonad. Our objective in this study was to determine whether the decision to manage a contralateral hydrocele in cases of neonatal testicular torsion solely through a scrotal approach is safe and effective. The second goal universally involves contralateral testicular scrotal fixation to prevent the future occurrence of contralateral torsion. We reviewed all cases of neonatal testicular torsion occurring at our institution between the years 1999 and 2006. However, there is controversy with regards to management of a synchronous contralateral hydrocele.", Yes.
semantic_bm25,semantic,bm25,biomistral,"Are normally sighted, visually impaired, and blind pedestrians accurate and reliable at making street crossing decisions?",maybe,yes,0,1,generation_failure,"The purpose of this study is to measure the accuracy and reliability of normally sighted, visually impaired, and blind pedestrians at making street crossing decisions using visual and/or auditory information. We found that normally sighted and visually impaired pedestrians were accurate and reliable in their street crossing decision-making ability when using either vision plus hearing or vision only (P>0.05). Under the hearing only condition, all subjects were reliable (P>0.05) but inaccurate with their street crossing decisions (P<0.05). Compared to either the normally sighted (P = 0.018) or visually impaired subjects (P = 0.019), blind subjects were the least accurate with their street crossing decisions under the hearing only condition. Safety ratings were collected from 12 normally sighted, 10 visually impaired, and 10 blind subjects for eight different gap times under three sensory conditions: (1) visual plus auditory information, (2) visual information only, and (3) auditory information only. Accuracy and reliability in street crossing decision-making were calculated for each subject under each sensory condition.", Yes. (Accuracy and reliability in street crossing decision-making were calculated for each subject under each sensory condition.)
semantic_bm25,semantic,bm25,biomistral,Is it Crohn's disease?,maybe,no,0,0,retrieval_failure,"Common reasons for not wearing headgear were ""its use is not mandatory"", ""it is uncomfortable"", and ""it costs too much"". It is unclear whether cycloplegic refraction is necessary in this age group. The correlation between radiographic transition zone on contrast enema in Hirschsprung's disease and the total length of aganglionosis is known to be inaccurate. To evaluate the relationship between knee extensor strength, postural stability, functional ambulation, and disease severity in Parkinson's disease (PD). Trends in Alzheimer's disease, cancer, and chronic obstructive pulmonary disease showed differences by sex or dual eligibility or both.", No. The provided context does not support that the condition is Crohn's disease.
semantic_bm25,semantic,bm25,biomistral,Is Chaalia/Pan Masala harmful for health?,yes,yes,1,1,success,"Chaalia was considered harmful for health by 96% and Pan Masala by 60%. To determine the practices and knowledge of harmful effects regarding use of Chaalia and Pan Masala in three schools of Mahmoodabad and Chanesar Goth, Jamshed Town, Karachi, Pakistan. The frequency of use of any brand of Chaalia was found to be 94% and that of Pan Masala was 73.8%. Along with demographic data, questions regarding frequency of Chaalia and Pan Masala use, practices of this habit in friends and family and place of procurement of these substances, were inquired. Whether spontaneous remission of PAN occurs is therefore largely unknown.", Yes. Justification: 96% of the people considered Chaalia harmful for health.
semantic_bm25,semantic,bm25,biomistral,Does multi-modal cervical physical therapy improve tinnitus in patients with cervicogenic somatic tinnitus?,yes,yes,1,1,success,"To investigate the effect of a multimodal cervical physical therapy treatment on tinnitus complaints in patients with CST. Tinnitus can be related to many different aetiologies such as hearing loss or a noise trauma, but it can also be related to the somatosensory system of the cervical spine, called cervicogenic somatic tinnitus (CST). All patients received cervical physical therapy for 6 weeks (12 sessions). Case studies suggest a positive effect of cervical spine treatment on tinnitus complaints in patients with CST, but no experimental studies are available. Patients with a combination of severe subjective tinnitus (Tinnitus Functional Index (TFI): 25-90 points) and neck complaints (Neck Bournemouth Questionnaire (NBQ) > 14 points).", Yes.
semantic_bm25,semantic,bm25,biomistral,Detailed analysis of sputum and systemic inflammation in asthma phenotypes: are paucigranulocytic asthmatics really non-inflammatory?,maybe,no,0,1,generation_failure,"The technique of induced sputum has allowed to subdivide asthma patients into inflammatory phenotypes according to their level of granulocyte airway infiltration. There are very few studies which looked at detailed sputum and blood cell counts in a large cohort of asthmatics divided into inflammatory phenotypes. The total non-squamous cell count per gram of sputum was greater in mixed granulocytic and neutrophilic phenotypes as compared to eosinophilic, paucigranulocytic asthma and healthy subjects (p < 0.005). Sputum eosinophils (in absolute values and percentages) were increased in all asthma phenotypes including paucigranulocytic asthma, compared to healthy subjects (p < 0.005). Eosinophilic asthma showed higher absolute sputum neutrophil and lymphocyte counts than healthy subjects (p < 0.005), while neutrophilic asthmatics had a particularly low number of sputum macrophages and epithelial cells. All asthma phenotypes showed an increased blood leukocyte count compared to healthy subjects (p < 0.005), with paucigranulocytic asthmatics having also increased absolute blood eosinophils compared to healthy subjects (p < 0.005). Neutrophilic asthma had raised CRP and fibrinogen while eosinophilic asthma only showed raised fibrinogen compared to healthy subjects (p < 0.005). Asthmatics were classified into inflammatory phenotypes. The purpose of this study was to analyze sputum cell counts, blood leukocytes and systemic inflammatory markers in these phenotypes, and investigate how those groups compared with healthy subjects. A short course of systemic corticosteroids is an important therapy in the treatment of pediatric asthma exacerbations.", No. The paucigranulocytic asthma phenotype is not non-inflammatory.
semantic_bm25,semantic,bm25,biomistral,Is HIV/STD control in Jamaica making a difference?,yes,yes,1,1,success,"To assess the impact of the comprehensive HIV/STD Control Program established in Jamaica since the late 1980s on the HIV/AIDS epidemic. AIDS case reports, HIV testing of blood donors, antenatal clinic attenders (ANC), food service workers, sexually transmitted disease (STD) clinic attenders, female prostitutes, homosexuals and other groups were used to monitor the HIV/AIDS epidemic. To evaluate whether reported unsafe sexual behaviour among HIV- infected individuals is changing over time. Among those at high risk, HIV prevalence rates have risen to 6.3% (95% confidence interval 5.0-8.0) in STD clinic attenders, around 10% and 21% in female prostitutes in Kingston and Montego Bay respectively and approximately 30% among homosexuals. The number of new diagnoses of HIV infection is rising in the northwestern hemisphere and it is becoming increasingly important to understand the mechanisms behind this trend.", Yes.
semantic_bm25,semantic,bm25,biomistral,Is Panton-Valentine leucocidin associated with the pathogenesis of Staphylococcus aureus bacteraemia in the UK?,maybe,no,0,1,generation_failure,"The morbidity and mortality associated with Panton-Valentine leucocidin (PVL)-positive Staphylococcus aureus suggest that this toxin is a key marker of disease severity. Nevertheless, the importance of PVL in the pathogenesis of primary bacteraemia caused by S. aureus is uncertain. Consecutive bacteraemia isolates of S. aureus (n=244) from patients hospitalized in 25 centres in the UK and Ireland during 2005 were screened for PVL and mecA genes. We examined the possible role of intradialytic changes of ET-1 in the pathogenesis of hypotension and rebound hypertension during HD. Responses were obtained from 1030 people, reflecting the sociodemographic mix of the UK population.", No. [2] The importance of PVL in the pathogenesis of primary bacteraemia caused by S. aureus is uncertain.
semantic_bm25,semantic,bm25,biomistral,Are even impaired fasting blood glucose levels preoperatively associated with increased mortality after CABG surgery?,yes,yes,1,1,success,"The study goal was to determine whether pre-operative fasting blood glucose (fB-glu) is associated with an increased mortality after coronary artery bypass grafting (CABG). Impaired fasting glucose (IFG) below the diagnostic threshold for diabetes mellitus (DM) is associated with macrovascular pathology and increased mortality after percutaneous coronary interventions. However, adjustment for insulin sensitivity and 2-hour glucose made the effect of fasting glucose non-significant (P = 0.060). Likewise, when adjusting for insulin sensitivity and fasting glucose, the association between 2-hour glucose and Framingham risk score disappeared (P = 0.143). In contrast, insulin sensitivity was still associated with Framingham risk score after adjusting for glucose levels (P<0.001). Both fasting and 2-hour plasma glucose levels were associated with higher Framingham risk score (fasting glucose: r(2) = 0.21; 2-hour glucose: r(2) = 0.24; P<0.001 for both), and insulin sensitivity with lower Framingham risk score (r(2) = 0.36; P<0.001). Age, male gender, African American race and ICU admission were associated with increased in-hospital mortality.", Yes. The study goal was to determine whether pre-operative fasting blood glucose (fB-glu) is associated with an increased mortality after coronary artery bypass grafting (CABG).
semantic_bm25,semantic,bm25,biomistral,Does positron emission tomography change management in primary rectal cancer?,yes,yes,1,1,success,"The influence of positron emission tomography in the management of recurrent rectal cancer is well established but its role in primary rectal cancer remains uncertain. This study therefore prospectively assesses the impact of position emission tomography scanning on the management of primary rectal cancer. Compared with computed tomography (CT) and magnetic resonance imaging (MRI), positron emission tomography (PET) may have additional value in the assessment of primary and recurrent cervical cancer. Forty-six patients with advanced primary rectal cancer referred for consideration of adjuvant preoperative therapy underwent position emission tomography scanning. Where available, follow-up confirmed the appropriateness of position emission tomography-induced management change in each case. Two patients had a change in therapy independent of the position emission tomography scan due to clinical circumstances."," Yes. Justification: ""Yes"" because ""The influence of positron emission tomography in the management of recurrent rectal cancer is well established but its role in primary rectal cancer remains uncertain. This study therefore prospectively assesses the impact"
semantic_bm25,semantic,bm25,biomistral,Can you deliver accurate tidal volume by manual resuscitator?,no,no,1,1,success,"One of the problems with manual resuscitators is the difficulty in achieving accurate volume delivery. Ventilation was delivered with a manual resuscitator connected to a microspirometer and volumes were measured. Tidal volume delivered by two hands was significantly greater than that delivered by one hand (r = 0.398, p<0.01). Accurate and updated information on airborne pollen in specific areas can help allergic patients. There were slight increases in tidal volume with education and practice, but correlation was weak (r = 0.213, r = 0.281, r = 0.131, p<0.01).", No. The tidal volume delivered by one hand was significantly less than that delivered by two hands.
semantic_bm25,semantic,bm25,biomistral,Can increases in the cigarette tax rate be linked to cigarette retail prices?,no,no,1,1,success,"The 2009 excise tax increase on cigarettes in China has not translated into higher retail prices because the Chinese STMA used its policy authority to ensure that retail cigarette prices did not change. To explain China's cigarette pricing mechanism and the role of the Chinese State Tobacco Monopoly Administration (STMA) on cigarette pricing and taxation. In the population, 10% were current cigarette smokers and habitual alcohol use was high at 56%. As a result, the 2009 excise tax increase in China has resulted in higher tax revenue for the government and lower profits for the tobacco industry, with no increase in the retail price of cigarettes for consumers. Published government tobacco tax documentation and statistics published by the Chinese STMA are used to analyse the interrelations among industry profits, taxes and retail price of cigarettes in China.", No. The 2009 excise tax increase on cigarettes in China has not translated into higher retail prices because the Chinese STMA used its policy authority to ensure that retail cigarette prices did not change.
semantic_bm25,semantic,bm25,biomistral,Vertical lines in distal esophageal mucosa (VLEM): a true endoscopic manifestation of esophagitis in children?,yes,yes,1,1,success,"We termed this finding ""vertical lines in esophageal mucosa"" (VLEM). The esophageal mucosa had a normal appearance on 160 endoscopic studies (Group 1) and VLEM were the only mucosal abnormalities in 41 endoscopies (Group 2). We observed an endoscopic abnormally in a group of children with histological esophagitis. The procedure reports, available endoscopic photographs, and histology reports were reviewed to establish the endoscopic and histologic appearance of the esophageal mucosa. The response of a series of patients with primary eosinophilic esophagitis to dilation is reported together with a description of a possibly pathognomonic sign: fragile esophageal mucosa, for which the term ""crêpe-paper"" mucosa is introduced.", Yes. VLEM are the only mucosal abnormalities in 41 endoscopies (Group 2).
semantic_bm25,semantic,bm25,biomistral,Does hypoglycaemia increase the risk of cardiovascular events?,yes,yes,1,1,success,"Hypoglycaemia caused by glucose-lowering therapy has been linked to cardiovascular (CV) events. Several studies have shown associations between hyperglycemia and risk of cardiovascular disease (CVD) and mortality, yet glucose-lowering treatment does little to mitigate this risk. The primary outcome variable was the maximum increase in troponin in the first 24 h. The secondary outcome variable was readmission due to heart failure or cardiovascular mortality after 1 year of follow-up. Elevated resting heart rate (RHR) is a neglected marker in cardiovascular risk factor studies of sub-Saharan African populations. This study aimed to determine the prevalence of elevated RHR and other risk factors for cardiovascular disease (CVD) and to investigate any associations between RHR and these risk factors in a rural population in Ghana.", Yes. Hypoglycaemia caused by glucose-lowering therapy has been linked to cardiovascular (CV) events.
semantic_bm25,semantic,bm25,biomistral,Does the radiographic transition zone correlate with the level of aganglionosis on the specimen in Hirschsprung's disease?,no,no,1,1,success,"The correlation between radiographic transition zone on contrast enema in Hirschsprung's disease and the total length of aganglionosis is known to be inaccurate. All available preoperative contrast enemas (n = 61) had been single blind reviewed by the same radiologist who defined the radiographic transition zone when present in vertebral level. Four groups were determined (rectal, rectosigmoid, long segment, and absence of transition zone) and by Kappa coefficient of agreement correlated to the length of aganglionosis in the pathological report. The transanal endorectal pull-through (TERPT) is becoming the most popular procedure in the treatment of Hirschsprung disease (HD), but overstretching of the anal sphincters remains a critical issue that may impact the continence. From 1998 to 2009, 79 patients were operated on for Hirschsprung's disease."," No. [1] The correlation between radiographic transition zone on contrast enema in Hirschsprung's disease and the total length of aganglionosis is known to be inaccurate. [2, 3]"
semantic_bm25,semantic,bm25,biomistral,Is dexamethasone an effective alternative to oral prednisone in the treatment of pediatric asthma exacerbations?,yes,yes,1,1,success,We reviewed the literature to determine if there is sufficient evidence that dexamethasone can be used as an effective alternative in the treatment of pediatric asthma exacerbations in the inpatient setting. All of the pediatric trials found that prednisone is not superior to dexamethasone in treating mild to moderate asthma exacerbations. A short course of systemic corticosteroids is an important therapy in the treatment of pediatric asthma exacerbations. A Medline search was conducted on the use of dexamethasone in the treatment of asthma exacerbations in children. The studies selected were clinical trials comparing the efficacy of dexamethasone with prednisone., Yes.
semantic_bm25,semantic,bm25,biomistral,Mammographic screening in Sami speaking municipalities and a control group. Are early outcome measures influenced by ethnicity?,yes,yes,1,1,success,"The objective of this study was to describe the attendance rate and outcome of the Norwegian Breast Cancer Screening Program (NBCSP) in the Sami-speaking municipalities and a control group. The 8 municipalities included in the administration area of the Sami language law (Sami) were matched with a control group of 11 municipalities (non-Sami). A woman's decision to go for screening is influenced by her social support network. For all constructs, time 2 measures were influenced by the baseline level. The main outcome measures were PCP response to the prompts, adding family history risk to problem summary lists, and patient screening status for each disease.", Yes. The objective of this study was to describe the attendance rate and outcome of the Norwegian Breast Cancer Screening Program (NBCSP) in the Sami-speaking municipalities and a control group. The 8 municipalities included
semantic_bm25,semantic,bm25,biomistral,Do Electrochemiluminescence Assays Improve Prediction of Time to Type 1 Diabetes in Autoantibody-Positive TrialNet Subjects?,yes,yes,1,1,success,"To explore whether electrochemiluminescence (ECL) assays can help improve prediction of time to type 1 diabetes in the TrialNet autoantibody-positive population. TrialNet subjects who were positive for one or more autoantibodies (microinsulin autoantibody, GAD65 autoantibody [GADA], IA-2A, and ZnT8A) with available ECL-insulin autoantibody (IAA) and ECL-GADA data at their initial visit were analyzed; after a median follow-up of 24 months, 177 of these 1,287 subjects developed diabetes. Subjects who were ECL positive had a risk of progression to diabetes within 6 years of 58% compared with 5% for the ECL-negative subjects (P<0.0001). The load-response behaviour of tendons may be altered in type 1 diabetes mellitus (T1DM) as hyperglycaemia accelerates collagen cross-linking. Subjects with a pathologic diagnosis of FTLD with motor neuron degeneration had a similar pattern of atrophy, regardless of whether they were type 1 or type 3.", Yes.
semantic_bm25,semantic,bm25,biomistral,Assessment of appropriate antimicrobial prescribing: do experts agree?,yes,yes,1,1,success,"Little is known about the validity and reliability of expert assessments of the quality of antimicrobial prescribing, despite their importance in antimicrobial stewardship. We created a reference standard of antimicrobial appropriateness using the modal assessment of 16 specialists. Appropriate care requires accurate physician estimates of severity. We ascertained whether the obstetric history, syphilis testing, blood group testing, haemoglobin measurement and uterine growth assessment were performed during antenatal care along with whether appropriate action was taken. For intrapartum care, estimation of fetal weight, the performance of pelvimetry, blood pressure monitoring, urine testing, evaluation of head above pelvis, fetal heart rate monitoring, monitoring of contractions and plotting of cervical dilatation, and whether the appropriate actions were taken, were assessed. Appropriate citations were also extracted from a manual search of the bibliographies of selected papers.", Yes. Expert assessments of the quality of antimicrobial prescribing are valid and reliable.
semantic_bm25,semantic,bm25,biomistral,Is there a favorable subset of patients with prostate cancer who develop oligometastases?,yes,yes,1,0,lucky_guess,"Here we investigatewd if: (a) biopsy timing influences the prostate cancer (PC) detection rate in patients with fluctuating PSA (flu-PSA) in comparison with patients with steadily increasing PSA (si-PSA); (b) PSA slope estimated in patients with flu-PSA predicts a different risk of cancer detection; (c) flu-PSA and si-PSA patients develop PC in topographically different sites; (d) the behaviour of pre-operative PSA is an expression of a disease with defferent characteristics to the following radical prostatectomy. Examine whether patients with prostate cancer choose the more aggressive of two radiotherapeutic options, whether this choice is reasoned, and what the determinants of the choice are. There is no study that compares the elderly cases of aSAH who receive the definitive treatment with those who treated conservatively. The treatment and outcome of 369 eligible patients with Stage T1-T3aN0-NXM0 prostate cancer were analyzed during a minimal 10-year follow-up period. There are 71 previously untreated patients with cytological or histological evidence of primary lung cancer who were admitted to the oncology department between November 2013 and August 2014.", Yes. (The favorable subset of patients with prostate cancer who develop oligometastases is the one with a low Gleason score.)
semantic_bm25,semantic,bm25,biomistral,Cycloplegic autorefraction in young adults: is it mandatory?,maybe,yes,0,1,generation_failure,"The purpose of this study was to compare the non-cycloplegic and cycloplegic spherical equivalent (SE) refractive error measured in young adults. It is unclear whether cycloplegic refraction is necessary in this age group. Common reasons for not wearing headgear were ""its use is not mandatory"", ""it is uncomfortable"", and ""it costs too much"". The precise correction of refractive error is especially important in young adults. Young adults whose families were abstainers in 2000 drank substantially less across quintiles in 2010 than offspring of non-abstaining families.", Yes. The purpose of this study was to compare the non-cycloplegic and cycloplegic spherical equivalent (SE) refractive error measured in young adults.
semantic_bm25,semantic,bm25,biomistral,Does screening or surveillance for primary hepatocellular carcinoma with ultrasonography improve the prognosis of patients?,yes,yes,1,1,success,"The purpose of this paper is to evaluate the efficacy of ultrasonographic screening for primary hepatocellular carcinoma. The purpose of this study is to examine whether or not well differentiated (w-d) hepatocellular carcinoma (HCC) is indeed clinically early cancer. Patients with untreated locally advanced primary or clinically curable recurrent cervical carcinoma were enrolled. There was no significant change in problem summary list documentation of risk status or screening interventions for any of the 6 diseases. Important increases could be demonstrated for communicating a diagnosis of cancer with good or less good prognosis, recurrence of cancer or a far progressive cancer disease without curative approach.", Yes. (The purpose of this paper is to evaluate the efficacy of ultrasonographic screening for primary hepatocellular carcinoma.)
semantic_bm25,semantic,bm25,biomistral,"""Would a man smell a rose then throw it away?",maybe,no,0,0,retrieval_failure,"The unicompartmental prosthesis was initially implanted, and it was then revised to a total condylar knee replacement. It is unclear whether patient-controlled therapy (PCT) systems would be an additional treatment option. The base case focused on a 69-year-old man with a history of ICH and newly diagnosed nonvalvular atrial fibrillation. It is unclear whether traveling long distances to high-volume centers would compensate for travel burden among patients undergoing rectal cancer resection. It was estimated that up to 53% of tests would have resulted in clinically significant differences (change in warfarin dose) depending upon the site and method of testing.", No.
semantic_bm25,semantic,bm25,biomistral,Department of Transportation vs self-reported data on motor vehicle collisions and driving convictions for stroke survivors: do they agree?,no,no,1,1,success,"Research on stroke survivors' driving safety has typically used either self-reports or government records, but the extent to which the 2 may differ is not known. We compared government records and self-reports of motor vehicle collisions and driving convictions in a sample of stroke survivors. Self-reports of collisions and convictions were acquired via a semistructured interview and then compared with the MTO records. The 56 participants were originally recruited for a prospective study on driving and community re-integration post-stroke; the study population consisted of moderately impaired stroke survivors without severe communication disorders who had been referred for a driving assessment. The kappa coefficient for the correlation between MTO records and self-reports was 0.52 for collisions and 0.47 for convictions (both in the moderate range of agreement). For 7 (13.5%) the MTO records did not match the self-reports regarding collision involvement, and for 9 (17.3%) the MTO records did not match self-reports regarding driving convictions.", No. The kappa coefficient for the correlation between MTO records and self-reports was 0.52 for collisions and 0.47 for convictions (both in the moderate range of agreement).
semantic_bm25,semantic,bm25,biomistral,"Neoadjuvant Imatinib in Locally Advanced Gastrointestinal stromal Tumours, Will Kit Mutation Analysis Be a Pathfinder?",yes,no,0,1,generation_failure,"Longer duration of neoadjuvant (NA) imatinib (IM) used for locally advanced (LA) gastrointestinal stromal tumours (GIST) is not based on biology of the tumour reflected by kit mutation analysis. Forty-five patients (36 %) had undergone c-kit mutation testing. By contouring the shape of these vascular lesions (""virtual endarterectomy""), advanced morphometric analysis can be performed. Patients with untreated locally advanced primary or clinically curable recurrent cervical carcinoma were enrolled. We studied 114 formalin-fixed paraffin-embedded specimens obtained from locally advanced urothelial carcinoma patients receiving surgery alone or adjuvant M-VEC.", No.
semantic_bm25,semantic,bm25,biomistral,Does the lipid-lowering peroxisome proliferator-activated receptors ligand bezafibrate prevent colon cancer in patients with coronary artery disease?,yes,yes,1,1,success,"Nuclear peroxisome proliferator-activated receptors (PPAR), which play a central role in lipid and glucose metabolism, had been hypothesized as being involved in colon cancerogenesis. In animal studies the lipid-lowering PPAR ligand bezafibrate suppressed colonic tumors. However, the effect of bezafibrate on colon cancer development in humans is unknown. Therefore, we proposed to investigate a possible preventive effect of bezafibrate on the development of colon cancer in patients with coronary artery disease during a 6-year follow-up. On multivariable analysis the colon cancer risk in patients who received bezafibrate tended to be lower with a hazard ratio of 0.47 and 95% confidence interval 0.2-1.1. Extracranial internal carotid artery stenosis is a risk factor for perioperative stroke in patients undergoing coronary artery bypass surgery (CAB).", Yes. The colon cancer risk in patients who received bezafibrate tended to be lower with a hazard ratio of 0.47 and 95% confidence interval 0.2-1.1. (RCT)
semantic_bm25,semantic,bm25,biomistral,Does self-efficacy mediate the relationship between transformational leadership behaviours and healthcare workers' sleep quality?,maybe,no,0,1,generation_failure,"The relationship between leadership and employees' sleep quality was not mediated by employees' self-efficacy. Structural equation modelling was used to investigate the relationships between transformational leadership, self-efficacy and sleep quality at both time points independently (cross-sectionally) and longitudinally. Direct relationships between transformational leadership and sleep quality were found. The prevalence of self-reported problems with sleep and energy was 53 %. The scale for rural postnatal quality of life was adopted to assess postnatal quality of life from six dimensions: physical complaints and pain, sleep and energy, sex satisfaction, interpersonal communication, self-evaluated living stress and perceived life satisfaction.", No. The relationship between leadership and employees' sleep quality was not mediated by employees' self-efficacy.
semantic_bm25,semantic,bm25,biomistral,Does microbial contamination influence the success of the hematopoietic cell transplantation outcomes?,maybe,no,0,1,generation_failure,"Microbial contamination can be a marker for faulty process and is assumed to play an important role in the collection of hematopoietic progenitor cell (HPC) and infusion procedure. We aimed to determine the microbial contamination rates and evaluate the success of hematopoietic cell transplantation (HCT) in patients who received contaminated products.PATIENTS- We analyzed microbial contamination records of HPC grafts between 2012 and 2015, retrospectively. Microbial contamination detected in nine patients (7 autologous; 2 allogeneic). During the study period 248 patients underwent HCT and among these patients microbial contamination rate on sample basis was 1.3 % (16/1212). The concept of SLT results from the development of reduced-size transplantation.", No.
semantic_bm25,semantic,bm25,biomistral,Very high serum CA 19-9 levels: a contraindication to pancreaticoduodenectomy?,no,no,1,1,success,"Fifty patients with normal preoperative serum CA 19-9 levels (<37 IU/ml) comprised the control group. From 2000 to 2007, 344 patients underwent pancreatoduodenectomy for PA. Fifty-three patients (elevated group) had preoperatively elevated serum CA 19-9 levels (>400 IU/ml) after resolution of obstructive jaundice. Patients in the elevated group who normalized their CA 19-9 levels after surgery (n = 11) had a survival equivalent to patients in the control group. Of these, 27 patients had high levels (400-899 IU/ml (HL)) and 26 patients had very high levels>or=900 IU/ml (VHL). Prevalence of casual high BP was 19%.", No.
semantic_bm25,semantic,bm25,biomistral,Perioperative care in an animal model for training in abdominal surgery: is it necessary a preoperative fasting?,no,yes,0,1,generation_failure,"Demonstrate that the rabbit may be used in the training of surgery, in addition to present its perioperative care. It is unclear whether cycloplegic refraction is necessary in this age group. Extracranial internal carotid artery stenosis is a risk factor for perioperative stroke in patients undergoing coronary artery bypass surgery (CAB). This study aims to develop a training model for retroperitoneoscopy and to establish an experimental learning curve. Uniformity of care, regardless of time of year, is required for patients undergoing major cancer surgery."," Yes. The rabbit is a good model for training in abdominal surgery, including perioperative care. The preoperative fasting is recommended to avoid complications such as vomiting and aspiration."
semantic_bm25,semantic,bm25,biomistral,Are physicians aware of the side effects of angiotensin-converting enzyme inhibitors?,no,yes,0,1,generation_failure,"Angiotensin-converting enzyme inhibitors (ACE-I) are considered safe, but they are associated with characteristic side effects, namely cough and angioedema, usually requiring discontinuation. A questionnaire (13 questions) on side effects of ACE-I was posted to physicians. Cardiologists seemed to be less aware of the fact that angiotensin receptor blockers (sartans) can cross-react with ACE-I. Side effects of paracervical anaesthesia did not occur. No patients in this study suffered systemic side effects related to the use of this medication."," Yes. ACE-I are considered safe, but they are associated with characteristic side effects, namely cough and angioedema, usually requiring discontinuation."
semantic_bm25,semantic,bm25,biomistral,Residual fundus or neofundus after laparoscopic sleeve gastrectomy: is fundectomy safe and effective as revision surgery?,maybe,yes,0,1,generation_failure,"Fundectomy was indicated when a residual fundus/neofundus was associated with severe GERD symptoms. The aim of this retrospective study was to evaluate the safety and efficacy of laparoscopic fundectomy (LF) in cases of a residual fundus/neofundus development regarding GERD symptoms. Up to 30 % of patients who have undergone laparoscopic sleeve gastrectomy require revision surgery for inadequate weight loss, weight regain, and/or the development of severe upper gastrointestinal symptoms. Laparoscopic sleeve gastrectomy (LSG) is currently being performed with increasing frequency worldwide. The presence of a residual fundus/neofundus was assessed by a barium swallow and/or multislice computed tomography.", Yes. Fundectomy is safe and effective as revision surgery for residual fundus or neofundus after laparoscopic sleeve gastrectomy.
semantic_bm25,semantic,bm25,biomistral,Are physician estimates of asthma severity less accurate in black than in white patients?,yes,yes,1,1,success,"Appropriate care requires accurate physician estimates of severity. It is unknown if accuracy of physician estimates differs between black and white patients, and how this relates to asthma care disparities. We collected physicians' estimates of their patients' asthma severity. Physicians' estimates of patients' asthma as being less severe than patient-reported symptoms were classified as underestimates of severity. We hypothesized that: 1) physician underestimation of asthma severity is more frequent among black patients; 2) among black patients, physician underestimation of severity is associated with poorer quality asthma care. Blacks were significantly more likely than white patients to have their asthma severity underestimated (OR = 1.39, 95% CI 1.08-1.79). Among black patients, underestimation was associated with less use of daily inhaled corticosteroids (13% vs 20%, p<.05), less physician instruction on management of asthma flare-ups (33% vs 41%, p<.0001), and lower ratings of asthma care (p = .01) and physician communication (p = .04).", Yes. Physicians underestimated asthma severity more frequently in black than in white patients. (Reference: [5])
semantic_bm25,semantic,bm25,biomistral,Does laparoscopic surgery decrease the risk of atrial fibrillation after foregut surgery?,yes,yes,1,1,success,"We examined the factors associated with new-onset atrial fibrillation after foregut surgery at our institution. Multivariate analysis revealed an association of atrial fibrillation with age (OR 1.08, 95% CI 1.02-1.14, p = 0.01), and laparoscopic surgery (OR 0.09, 95% CI 0.01-0.95, p = 0.04) after adjusting for surgery type. Laparoscopic (p = 0.004) and nonthoracic surgeries (p = 0.01) were associated with lower risk of atrial fibrillation. Atrial fibrillation, which occurs in 12% of all major foregut surgeries, can prolong hospital stay and increase morbidity. Minimally invasive techniques in foregut surgery have been suggested to cause less tissue trauma.", Yes. Laparoscopic surgery decreases the risk of atrial fibrillation after foregut surgery. (Multivariate analysis revealed an association of atrial fibrillation with laparoscopic surgery (OR
semantic_bm25,semantic,bm25,biomistral,"The Main Gate Syndrome: a new format in mass-casualty victim ""surge"" management?",yes,yes,1,0,lucky_guess,"An OSCE test-format (seven stations: Advanced Cardiac Life Support (ACLS), Basic Life Support (BLS), Trauma-Management (TM), Pediatric-Emergencies (PE), Acute-Coronary-Syndrome (ACS), Airway-Management (AM), and Obstetrical-Emergencies (OE)) was administered to 207 medical students in their third year of training after they had received didactics in emergency medicine management. In 95% of the HMCIs the casualty load was<or=52. The infection rates in these 2 main groups were calculated and compared. Sepsis syndrome was present in 70.6% of all the children. The prognosis is uncertain because of risk of sudden infant death syndrome."," Yes. The Main Gate Syndrome is a new format in mass-casualty victim ""surge"" management. The HMCIs are a new format in mass-casualty victim ""surge"" management."
semantic_bm25,semantic,bm25,biomistral,Do communication disorders extend to musical messages?,yes,yes,1,1,success,"Communication disorders that impair transmitting or decoding of structural features of music (e.g., pitch, timbre) and/or symbolic representation may result in atypical musical communication, which can have a negative impact on music therapy interventions. Effective musical communication requires conveyance of the intended message in a manner perceptible to the receiver. Participants listened to recorded musical excerpts conveying emotions or movements and matched them with labels. Patients with affective disorders most frequently had pain complaints, followed by those with neurotic, stress-related and somatoform disorders and those with psychotic disorders such as schizophrenia, schizotypic and delusional disorders. The 56 participants were originally recruited for a prospective study on driving and community re-integration post-stroke; the study population consisted of moderately impaired stroke survivors without severe communication disorders who had been referred for a driving assessment.", Yes.
semantic_bm25,semantic,bm25,biomistral,Do patients with rheumatoid arthritis established on methotrexate and folic acid 5 mg daily need to continue folic acid supplements long term?,yes,no,0,1,generation_failure,"To look at the effect of stopping FA supplementation in UK rheumatoid arthritis (RA) patients established on methotrexate<20 mg weekly and FA 5 mg daily, to report all toxicity (including absolute changes in haematological and liver enzyme indices) and to report changes in the efficacy of methotrexate. Several studies have suggested a protective effect of folic acid (FA) on congenital heart anomalies. In a prospective, randomized, double-blind, placebo-controlled study, 75 patients who were established on methotrexate<20 mg weekly and FA 5 mg daily were asked to stop their FA and were randomized to one of two groups: placebo or FA 5 mg daily. It is postulated that some aspects of methotrexate toxicity may be related to its action as an anti-folate. Folic acid (FA) is often given as an adjunct to methotrexate therapy, but there is no conclusive proof that it decreases the toxicity of methotrexate and there is a theoretical risk that it may decrease the efficacy of methotrexate. One of four PVL-positive isolates was resistant to penicillin and fusidic acid, the remainder were susceptible to all antibiotics tested.", No.
semantic_bm25,semantic,bm25,biomistral,Can infundibular height predict the clearance of lower pole calyceal stone after extracorporeal shockwave lithotripsy?,yes,yes,1,1,success,"To evaluate the efficacy of extracorporeal shock wave lithotripsy (SWL) on lower calyceal calculi in relation to the renal anatomical factors and determine which of these factors can be used to select patients who will benefit from SWL. The success of the treatment, removal of all fragments, was correlated with renal anatomical factors measured in the pre-treatment intravenous urography: infundibulopelvic angle, lower infundibulum width, lower infundibulum length, ratio length/width, infundibulum height, and number of minor calyces in the lower calyceal group. Both groups presented no differences in relation to infundibulopelvic angle, width and length of the lower calyceal infundibulum, length/width ratio of the lower infundibulum or number of lower calyces. Insertion of an ENBD tube after clearance of CBD stones. Recurrence of cholangitis and length of hospital stay after clearance of CBD stones.", Yes. [2]
semantic_bm25,semantic,bm25,biomistral,Does lung ischemia and reperfusion have an impact on coronary flow?,yes,no,0,1,generation_failure,"To determine the hemodynamic effect due to lung IR injury, we performed a quantitative coronary blood-flow analysis in a swine model of in situ lung ischemia and reperfusion. Ischemia-reperfusion (IR) injury remains a major cause of early morbidity and mortality after lung transplantation with poorly documented extrapulmonary repercussions. The experimental (IR) group (n=10) underwent 60 min of lung ischemia followed by 60 min of reperfusion by clamping and releasing the left pulmonary hilum. Coronary blood flow and hemodynamic profile remained unchanged in the control group. Conversely, RVP increased throughout ischemia (p<0.05) and returned toward baseline during reperfusion.", No. Justification: “Coronary blood flow and hemodynamic profile remained unchanged in the control group.”
semantic_bm25,semantic,bm25,biomistral,Is a patient's self-reported health-related quality of life a prognostic factor for survival in non-small-cell lung cancer patients?,maybe,yes,0,1,generation_failure,"The aim of this prognostic factor analysis was to investigate if a patient's self-reported health-related quality of life (HRQOL) provided independent prognostic information for survival in non-small cell lung cancer (NSCLC) patients. From 1993 to 1999, 667 patients received curative lung resection and complete hilar and mediastinal lymphadenectomy for non-small cell lung cancer. We review our results on surgical treatment of patients with stage I non-small cell lung carcinoma and we attempted to clarify the prognostic significance of some surgical--pathologic variables. As part of a prospective study on quality of life in newly diagnosed lung cancer patients an investigation was carried out to examine whether there were differences among patients' quality of life scores and their socioeconomic status. Quality of life was measured at two points in time (baseline and three months after initial treatment) using three standard instruments; the Nottingham Health Profile (NHP), the European Organization for Research and Cancer Treatment Quality of Life Questionnaire (EORTC QLQ-C30) and its lung cancer supplement (QLQ-LC13).", Yes. The aim of this prognostic factor analysis was to investigate if a patient's self-reported health-related quality of life (HRQOL) provided independent prognostic information for survival in non-small cell lung
semantic_bm25,semantic,bm25,biomistral,Transient tachypnea of the newborn (TTN): a role for polymorphisms in the beta-adrenergic receptor (ADRB) encoding genes?,yes,maybe,0,0,retrieval_failure,"We have determined the prevalence of PVL-encoding genes among isolates of S. aureus from bacteraemic patients. This study sought to evaluate mutations in genes encoding the slow component of the cardiac delayed rectifier K+ current (I(Ks)) channel in familial atrial fibrillation (AF). The following paper elucidates the role of mitochondrial dynamics during developmentally regulated PCD in vivo in A. madagascariensis. We examined the possible role of intradialytic changes of ET-1 in the pathogenesis of hypotension and rebound hypertension during HD. Mutation screening of the KCNQ1, KCNE1, KCNE2, and KCNE3 genes was performed in 50 families with AF."," Maybe. [1, 2, 3, 4, 5]"
semantic_bm25,semantic,bm25,biomistral,Is duration of psychological treatment for depression related to return into treatment?,yes,no,0,0,retrieval_failure,"The primary aim of this study was to investigate whether duration of treatment and return into mental health care were related. Cox regression analyses were used to assess whether duration of treatment and relapse into mental health care were related. Exploratory study in patients with mild to moderate sleep apnoea, limited treatment duration; concomitant hypnotic treatment (35%); lack of correction for multiplicity of testing. Several atypical antipsychotics (AAPs) are used as second-line agents for treatment resistant depression. The majority of patients did not return into mental health care (86 %)."," No. Justification: “Exploratory study in patients with mild to moderate sleep apnoea, limited treatment duration; concomitant hypnotic treatment (35%); lack of correction for multiplicity of testing.”"
semantic_bm25,semantic,bm25,biomistral,Does shaving the incision site increase the infection rate after spinal surgery?,maybe,yes,0,1,generation_failure,"To determine whether shaving the incision site before spinal surgery causes postsurgical infection. However, evidence from some surgical series suggests that presurgical shaving may increase the postsurgical infection rate. Spine surgeons usually shave the skin of the incision site immediately before surgery is performed. A total of 789 patients scheduled to undergo spinal surgery were randomly allocated into 2 groups: those in whom the site of operation was shaved immediately before surgery (shaved group; 371 patients) and the patients in whom presurgical shaving was not performed (unshaved group; 418 patients). In this study, we sought to analyze whether the simultaneous use of an endoscope could in fact increase the infection rate associated with VPS procedures.", Yes.
semantic_bm25,semantic,bm25,biomistral,The influence of atmospheric pressure on aortic aneurysm rupture--is the diameter of the aneurysm important?,maybe,yes,0,1,generation_failure,"The rate of aortic aneurysm rupture correlates with the aneurysm's diameter, and a higher rate of rupture is observed in patients with larger aneurysms. According to the literature, contradictory results concerning the relationship between atmospheric pressure and aneurysm size have been reported.AIM: In this paper, we assessed the influence of changes in atmospheric pressure on abdominal aneurysm ruptures in relationship to the aneurysm's size. The highest frequency of the admission of patients with a ruptured aortic aneurysm was observed during periods of winter and spring, when the highest mean values of atmospheric pressure were observed; however, this observation was not statistically confirmed. The atmospheric pressures on the day of the rupture and on the days both before the rupture and between the rupture events were compared. The size of the aneurysm was also considered in the analysis.", Yes. The rate of aortic aneurysm rupture correlates with the aneurysm's diameter.
semantic_bm25,semantic,bm25,biomistral,Do French lay people and health professionals find it acceptable to breach confidentiality to protect a patient's wife from a sexually transmitted disease?,maybe,yes,0,1,generation_failure,"To determine under what conditions lay people and health professionals find it acceptable for a physician to breach confidentiality to protect the wife of a patient with a sexually transmitted disease (STD). The concept of breaching confidentiality to protect a wife from her husband's STD was favoured much more by lay people and psychologists than by physicians (mean ratings 11.76, 9.28 and 2.90, respectively, on a scale of 0-22). The patient's stated intentions to protect his wife and to inform her of the disease had the greatest impact on acceptability. In a study in France, breaching confidentiality in 48 scenarios were accepted by 144 lay people, 10 psychologists and 7 physicians. A cluster analysis showed groups of lay participants who found breaching confidentiality ""always acceptable"" (n = 14), ""depending on the many circumstances"" (n = 87), requiring ""consultation with an expert"" (n = 30) and ""never acceptable (n = 13)"".", Yes.
semantic_bm25,semantic,bm25,biomistral,Do somatic complaints predict subsequent symptoms of depression?,maybe,yes,0,0,retrieval_failure,"In particular, it is unclear whether somatic complaints may heighten the risk for the subsequent development of depressive symptoms. To identify distinctive features in patients with chronic functional somatic symptoms, and to determine whether these symptoms support the hypothesis of the existence of specific somatic syndromes. In the 10 years before the diagnosis of chronic functional somatic symptoms, significantly more patients than controls presented functional somatic symptoms in at least two body systems, and used more somatic and psychotropic drugs. However, somatic complaints were a somewhat less powerful predictor than income and age. Reliable longitudinal data of patients with functional somatic symptoms in general practice are lacking.", Yes.
semantic_bm25,semantic,bm25,biomistral,Are women with major depression in pregnancy identifiable in population health data?,no,yes,0,1,generation_failure,"The women with depression during their pregnancy were ascertained in two ways: women with dispensing records relating to dispensed antidepressant medicines with an WHO ATC code to the 3rd level, pharmacological subgroup, 'N06A Antidepressants'; and, women with any hospital admission during pregnancy, including the birth admission, if a comorbidity was recorded relating to depression. The safe use of antidepressants in pregnancy is an ongoing issue for clinicians with around 10% of pregnant women suffer from depression. Participants with major affective disorders in the National Institute of Mental Health (NIMH) Collaborative Depression Study (CDS) were followed prospectively for up to 25 years. A simple capture-recapture calculation suggests the prevalence of depression in this population of pregnant women to be around 16%. There were 3010 (3.1%) women with a comorbidity related to depression recorded on their delivery admission, or other admission to hospital during pregnancy.", Yes.
semantic_bm25,semantic,bm25,biomistral,Remote ischemic postconditioning: does it protect against ischemic damage in percutaneous coronary revascularization?,yes,yes,1,1,success,"The prevalence of some chronic conditions, such as congestive heart failure, ischemic heart disease, and stroke/transient ischemic attack, decreased. Myocardial damage that is associated with percutaneous coronary intervention (PCI) partially affects the results of the procedure, and is related to medium-term cardiovascular death. In the SLT group, mean cold ischemic time was longer than in the LRT group. Patients presenting with transient ischemic attack or stroke may have symptom-related lesions on acute computed tomography angiography (CTA) such as free-floating intraluminal thrombus (FFT). Impaired fasting glucose (IFG) below the diagnostic threshold for diabetes mellitus (DM) is associated with macrovascular pathology and increased mortality after percutaneous coronary interventions."," Yes. Remote ischemic postconditioning (RIPC) is associated with decreased prevalence of some chronic conditions, such as congestive heart failure, ischemic heart disease, and stroke/transient ischemic attack."
semantic_bm25,semantic,bm25,biomistral,Does combining antiretroviral agents in a single dosage form enhance quality of life of HIV/AIDS patients?,no,yes,0,1,generation_failure,"Combining various antiretroviral agents into one single dosage form has been a strategy to reduce pill burden and enhance medication adherence among human immunodeficiency virus /AIDS (HIV/AIDS) patients. One hundred seventy HIV/AIDS patients with ≥2 antiretroviral agents were identified from the MEPS database, of which 53% (n=92) were on FXD formulation. The Medical Expenditure Panel Survey (MEPS) was used to identify HIV/AIDS patients with ≥2 active antiretroviral medications. To explore the impact of delivery mode on women's postpartum quality of life in rural China and probe factors influencing postnatal quality of life. As part of a prospective study on quality of life in newly diagnosed lung cancer patients an investigation was carried out to examine whether there were differences among patients' quality of life scores and their socioeconomic status.", Yes. Combining antiretroviral agents into one single dosage form has been a strategy to reduce pill burden and enhance medication adherence among HIV/AIDS patients.
semantic_bm25,semantic,bm25,biomistral,The inverse equity hypothesis: does it apply to coverage of cancer screening in middle-income countries?,yes,yes,1,1,success,"It is uncertain whether the inverse equity hypothesis-the idea that new health interventions are initially primarily accessed by the rich, but that inequalities narrow with diffusion to the poor-holds true for cancer screening in low and middle income countries (LMICs).This study examines the relationship between overall coverage and economic inequalities in coverage of cancer screening in four middle-income countries. Economic inequalities in screening participation were substantially lower or non-existent in countries with higher aggregate coverage, for both breast cancer screening (RII: 14.57 in South Africa, 4.90 in China, 2.01 in Mexico, 1.04 in Russia) and cervical cancer screening (RII: 3.60 in China, 2.47 in South Africa, 1.39 in Mexico, 1.12 in Russia). Coverage for breast cancer screening was 10.5% in South Africa, 19.3% in China, 33.8% in Russia and 43% in Mexico, and coverage for cervical cancer screening was 24% in South Africa, 27.2% in China, 63.7% in Mexico and 81.5% in Russia. One of the sites most frequently invaded by gastric cancer is the mesocolon; however, the UICC does not mention this anatomical site as an adjacent structure involved in gastric cancer. The objective of this study was to describe the attendance rate and outcome of the Norwegian Breast Cancer Screening Program (NBCSP) in the Sami-speaking municipalities and a control group."," Yes. Economic inequalities in screening participation were substantially lower or non-existent in countries with higher aggregate coverage, for both breast cancer screening and cervical cancer screening."
semantic_bm25,semantic,bm25,biomistral,Identification of racial disparities in breast cancer mortality: does scale matter?,yes,yes,1,1,success,"This paper investigates the impact of geographic scale (census tract, zip code, and county) on the detection of disparities in breast cancer mortality among three ethnic groups in Texas (period 1995-2005). The proportion and location of significant racial disparities however changed depending on the type of statistic (RR versus RD) and the geographic level. Geographic regions with significant racial disparities for African-Americans and Hispanics frequently had a poverty rate above 10.00%. A genetic component is well established in the etiology of breast cancer. Indicators for breast cancer care include time to primary treatment. The purpose of this study was to evaluate whether time to primary treatment (TPT) in breast cancer impacts survival."," Yes. Justification: [1, 2, 3]."
semantic_bm25,semantic,bm25,biomistral,Does the leukocyte count correlate with the severity of injury?,yes,no,0,0,retrieval_failure,"We investigate whether the anatomy of the aortic arch influences the severity of aortic injury. Injury severity score (ISS), Glasgow coma score (GCS), and revised trauma score (RTS) are the most frequently used methods to evaluate the severity of injury in blunt trauma patients. To determine the relationship between injury severity surrogates and other patient factors with the development and severity of heterotopic ossification (HO) following open reduction internal fixation of acetabular fractures treated with a posterior approach. Other variables evaluated in multivariate modeling not significantly associated with development and severity of HO included age, gender, mechanism of injury, injury severity score, presence of neurologic injury, Letournel fracture type, occurrence of hip dislocation, interval from injury to surgery, operative time, and estimated blood loss. Aortic injury was assessed in accordance with the recommendations of the Society of Vascular Surgery.", No. The leukocyte count does not correlate with the severity of injury. The leukocyte count is not a surrogate for injury severity.
semantic_bm25,semantic,bm25,biomistral,Can transcranial direct current stimulation be useful in differentiating unresponsive wakefulness syndrome from minimally conscious state patients?,yes,yes,1,1,success,"Disorders of consciousness (DOC) diagnosis relies on the presence or absence of purposeful motor responsiveness, which characterizes the minimally conscious state (MCS) and the unresponsive wakefulness syndrome (UWS), respectively. Then, we applied an anodal transcranial direct current stimulation (a-tDCS) protocol over the orbitofrontal cortex. Patients (N=22) in a vegetative state (VS; n=10) and minimally conscious state (MCS; n=12) during the first 200 days after the initial incident. The aim of our study was to identify electrophysiological parameters, by means of a transcranial magnetic stimulation approach, which might potentially express the presence of residual networks sustaining fragmentary behavioral patterns, even when no conscious behavior can be observed. Unicompartmental replacement can be an alternative to tibial osteotomy in younger, active patients with unicompartmental knee disease.", Yes. The application of an anodal transcranial direct current stimulation protocol over the orbitofrontal cortex can be useful in differentiating unresponsive wakefulness syndrome from minimally conscious state patients.
semantic_bm25,semantic,bm25,biomistral,Aromatase inhibitor-related musculoskeletal symptoms: is preventing osteoporosis the key to eliminating these symptoms?,yes,no,0,1,generation_failure,"Furthermore, the group receiving AIs plus Ca/Bis had more patients without musculoskeletal symptoms and had fewer fractures. However, patients receiving AIs report a higher incidence of musculoskeletal symptoms and bone fractures; the mechanism and risk factors for this correlation are not well studied. The aim of this study was to correlate these musculoskeletal symptoms and bone fractures in patients receiving AIs with bone mineral density (BMD), previous tamoxifen use, and administration of calcium/bisphosphonate (Ca/Bis). To identify distinctive features in patients with chronic functional somatic symptoms, and to determine whether these symptoms support the hypothesis of the existence of specific somatic syndromes. In particular, it is unclear whether somatic complaints may heighten the risk for the subsequent development of depressive symptoms. Breathlessness is one of the most distressing symptoms experienced by patients with advanced cancer and noncancer diagnoses alike.", No.
semantic_bm25,semantic,bm25,biomistral,Could different follow-up modalities play a role in the diagnosis of asymptomatic endometrial cancer relapses?,maybe,yes,0,1,generation_failure,"To determine current practice and to assess the value of routine follow-up procedures for endometrial cancer surveillance. The probability of adherence to follow-up vs the number of follow-up attempts was modeled with survival analysis. Important increases could be demonstrated for communicating a diagnosis of cancer with good or less good prognosis, recurrence of cancer or a far progressive cancer disease without curative approach. A difference in the incidence of cancer was only detectable after a 4 year lag and progressively increased with continued follow-up. However, the effect of bezafibrate on colon cancer development in humans is unknown. Therefore, we proposed to investigate a possible preventive effect of bezafibrate on the development of colon cancer in patients with coronary artery disease during a 6-year follow-up."," Yes. [1, 2, 3, 4]"
semantic_bm25,semantic,bm25,biomistral,Locoregional opening of the rodent blood-brain barrier for paclitaxel using Nd:YAG laser-induced thermo therapy: a new concept of adjuvant glioma therapy?,yes,yes,1,1,success,"Nd:YAG laser-induced thermo therapy (LITT) of rat brains is associated with blood-brain barrier (BBB) permeability changes. We address the question of whether LITT-induced locoregional disruption of the BBB could possibly allow a locoregional passage of chemotherapeutic agents into brain tissue to treat malignant glioma.STUDY DESIGN/ To study the efficiency and safety of holmium:YAG laser lithotripsy for ureteral stones. Microsatellite genotyping of the AVPR1A repeats was conducted using fluorescently labeled primers and detected by laser-induced fluorescence. LITT induces an opening of the BBB as demonstrated by locoregional extravasation of Evans blue, C3C, fibrinogen, and IgM."," Yes. [1, 5]"
semantic_bm25,semantic,bm25,biomistral,Preoperative tracheobronchoscopy in newborns with esophageal atresia: does it matter?,yes,yes,1,1,success,"Despite surgical refinements, perioperative use of tracheobronchoscopy (TBS) as part of surgical approach to esophageal atresia (EA) is still controversial. The purpose of this study was to evaluate the influence of preoperative TBS in newborns with EA in preventing complications and improving diagnosis and surgical treatment. For the remaining 53 patients, SBA were duodenal atresia in 18, jejunoileal atresia in 32, and multiple atresia in 3. No patient had biliary atresia. Cholestasis occurs frequently in patients with small bowel atresia (SBA) and is often attributed to prolonged parental nutrition.", Yes.
semantic_bm25,semantic,bm25,biomistral,Is horizontal semicircular canal ocular reflex influenced by otolith organs input?,yes,no,0,1,generation_failure,"To clarify whether horizontal canal ocular reflex is influenced by otolith organs input. A woman's decision to go for screening is influenced by her social support network. Other sleep variables were not significantly influenced by fenofibrate. For all constructs, time 2 measures were influenced by the baseline level. However, the degree of tumour uptake of (18)F-2-fluoro-2-deoxy-D: -glucose (FDG) uptake is sometimes influenced by diabetes mellitus (DM).", No.
semantic_bm25,semantic,bm25,biomistral,Is perforation of the appendix a risk factor for tubal infertility and ectopic pregnancy?,maybe,yes,0,1,generation_failure,To critically assess the evidence that appendiceal perforation is a risk factor for subsequent tubal infertility or ectopic pregnancy. Review of the literature yielded estimates of the risk of adverse fertility outcomes ranging from 1.6 (95% confidence interval [CI] 1.1 to 2.5) for ectopic pregnancy after an appendectomy to 4.8 (95% CI 1.5 to 14.9) for tubal infertility from perforation of the appendix. Epidemiologic studies investigating the relationship between appendectomy and infertility or ectopic pregnancy were identified by searching the MEDLINE database from 1966 to 1997. To investigate if fetal gender (1) affects the risk of having an emergency department (ED) visit for asthma; and (2) is associated with adverse pregnancy outcomes among women who had at least one visit to the ED for asthma during pregnancy. Elevated resting heart rate (RHR) is a neglected marker in cardiovascular risk factor studies of sub-Saharan African populations., Yes. The risk of tubal infertility from perforation of the appendix is 4.8 (95% CI 1.5 to 14.9) and the risk of ectopic pregnancy after an
semantic_bm25,semantic,bm25,biomistral,Serovar specific immunity to Neisseria gonorrhoeae: does it exist?,no,yes,0,1,generation_failure,"To determine whether the host immune response to gonorrhoea provides limited serovar specific protection from reinfection. Interventions are needed to ameliorate stress that does not cause adverse effects. This effect does not appear to be due to decreased T-cell production of interleukin-2 or interferon-gamma. First, to establish whether a deprivation gradient in all-cause mortality exists for all ethnic groups within New Zealand; second, if such gradients do exist, whether their absolute slopes are the same; and third, if such gradients exist, what impact the unequal deprivation distributions of the different ethnic groups have on the observed ethnic inequalities in life expectancy at birth. Several studies have shown associations between hyperglycemia and risk of cardiovascular disease (CVD) and mortality, yet glucose-lowering treatment does little to mitigate this risk.", Yes. To determine whether the host immune response to gonorrhoea provides limited serovar specific protection from reinfection.
semantic_bm25,semantic,bm25,biomistral,May student examiners be reasonable substitute examiners for faculty in an undergraduate OSCE on medical emergencies?,yes,yes,1,1,success,"To compare the effect of student examiners (SE) to that of faculty examiners (FE) on examinee performance in an OSCE as well as on post-assessment evaluation in the area of emergency medicine management. Two examiners performed three repeated measurements with each instrument in 40 healthy eyes. Educational opportunities for medical undergraduate programmes are being sought in the day surgery environment. Our study was undertaken to explore ways in which senior medical students can actively contribute to QA processes as part of an undergraduate day surgery educational programme. An OSCE test-format (seven stations: Advanced Cardiac Life Support (ACLS), Basic Life Support (BLS), Trauma-Management (TM), Pediatric-Emergencies (PE), Acute-Coronary-Syndrome (ACS), Airway-Management (AM), and Obstetrical-Emergencies (OE)) was administered to 207 medical students in their third year of training after they had received didactics in emergency medicine management. Educational opportunities for medical undergraduate programmes are being sought in the day surgery environment. Our study was undertaken to explore ways in which senior medical students can actively contribute to the QA processes as part of an undergraduate day surgery educational programme.", Yes. The study shows that the student examiners’ ratings are comparable to those of faculty examiners. (1)
semantic_bm25,semantic,bm25,biomistral,Are endothelial cell patterns of astrocytomas indicative of grade?,yes,yes,1,1,success,"Classic histologic grading schemes for astrocytomas have included evaluating the presence or absence of nuclear abnormalities, mitoses, vascular endothelial proliferation, and tumor necrosis. Finally, the rates of mild and severe cervical lesions were compared among each group of VAIN (low-grade, high-grade, with or without koilocytosis). Mixed effects logistic regression revealed different patterns of accuracy for specific emotions as a function of group. There was no change in the referral patterns of any of the clinics during the study period. The occurrence and severity (Brooker Grade III/IV) of HO 6 months postsurgery.", Yes.
semantic_bm25,semantic,bm25,biomistral,Do healthier lifestyles lead to less utilization of healthcare resources?,no,yes,0,1,generation_failure,"To estimate healthcare costs and utilization of AAPs compared to other second-line agents. Governments are urged to determine methods to control the use of medical resources and curb the rise of healthcare costs. GP Symptoms, healthcare resource utilization using investigator-derived independent outcome measure score (IDIOMS) and total hospital (inpatient and outpatient) billing costs. To compare symptoms, healthcare resource utilization and costs in two groups of patients with the symptoms of GP: those treated via gastric electrical stimulation (GES) and those treated with traditional pharmacological agents in an intensive outpatient program (MED). Four health behaviors (i.e., exercise habits, dietary habits, regular blood pressure measurement, drinking habits) exhibited a significant correlation with healthcare utilization (P<0.05).", Yes. Healthier lifestyles lead to less utilization of healthcare resources.
semantic_bm25,semantic,bm25,biomistral,Antral follicle assessment as a tool for predicting outcome in IVF--is it a better predictor than age and FSH?,maybe,yes,0,1,generation_failure,"The purpose of this study is to determine if baseline antral follicle assessment may serve as additional information in predicting in vitro fertilization outcome. The clinical pregnancy rate was significantly higher in the group with baseline antral follicle>6 compared to that in the group with antral follicle<or = 6 (51% vs. 19%, respectively). Controlling for patient age, and basal follicle stimulated hormone, the pregnancy rate was significantly higher in the group with antral follicle>6 compared to that in the group with antral follicle<or = 6. The cancellation rate was significantly increased with advancing maternal age, elevated basal follicle stimulated hormone levels, and baseline antral follicle<or = 6. The cancellation rate was significantly higher in the group with antral follicle<or = 6 compared to that in the group with antral follicle>or = 6 (33% vs. 1%, respectively). The outcomes were analyzed with respect to antral follicle assessment (<or = 6 or>6), basal cycle day 3 follicle stimulated hormone (<or = 10 or>10 IU/L) and maternal age (<or = 35 or>35 years). However, somatic complaints were a somewhat less powerful predictor than income and age. From July 1998 to July 1999, 224 patients underwent antral follicle assessment (follicle 2-6 mm in diameter) on baseline of the planned, stimulated in vitro fertilization cycle.", Yes. The clinical pregnancy rate was significantly higher in the group with antral follicle>6 compared to that in the group with antral follicle<or = 6. The cancellation rate was significantly higher in the group with
semantic_bm25,semantic,bm25,biomistral,Do all ethnic groups in New Zealand exhibit socio-economic mortality gradients?,yes,yes,1,1,success,"All four ethnic groups exhibit deprivation gradients in all-cause mortality (life expectancy). First, to establish whether a deprivation gradient in all-cause mortality exists for all ethnic groups within New Zealand; second, if such gradients do exist, whether their absolute slopes are the same; and third, if such gradients exist, what impact the unequal deprivation distributions of the different ethnic groups have on the observed ethnic inequalities in life expectancy at birth. Results were then correlated with socio-economic status measured by the percentage of habitants living below the poverty level. Gradients were estimated by fitting generalised linear models to the quintile-specific life expectancy estimates for each ethnic group (by sex). The contribution of variation in deprivation distributions to inter-ethnic inequalities in life expectancy was estimated by re-weighting the quintile-specific mortality rates for each ethnic group using weights derived from the European deprivation distribution and recalculating the lifetable. This paper investigates the impact of geographic scale (census tract, zip code, and county) on the detection of disparities in breast cancer mortality among three ethnic groups in Texas (period 1995-2005).", Yes. All four ethnic groups exhibit deprivation gradients in all-cause mortality (life expectancy).
semantic_bm25,semantic,bm25,biomistral,Can normal knee kinematics be restored with unicompartmental knee replacement?,no,yes,0,1,generation_failure,"Therefore, it was hypothesized that the knee kinematics after unicompartmental replacement may also be unchanged. Unicompartmental replacement can be an alternative to tibial osteotomy in younger, active patients with unicompartmental knee disease. To test this hypothesis, knee kinematics and quadriceps tension were recorded before and after replacement with a unicompartmental design and then with a tricompartmental design. In unicompartmental replacement, the other compartments and knee ligaments are largely untouched. The unicompartmental prosthesis was initially implanted, and it was then revised to a total condylar knee replacement.", Yes. The knee kinematics after unicompartmental replacement may also be unchanged.
semantic_bm25,semantic,bm25,biomistral,Are serum leptin levels a prognostic factor in advanced lung cancer?,no,no,1,1,success,"Nevertheless, we demonstrated a significant correlation between serum leptin levels and BMI in lung cancer patients (correlation coefficient: 0.303; p>0.010). The serum leptin levels at diagnosis were significantly lower in lung cancer patients than those in control subjects (4.75±4.91 ng/ml, 9.67±8.02 ng/ml; p<0.001). The aim of this prognostic factor analysis was to investigate if a patient's self-reported health-related quality of life (HRQOL) provided independent prognostic information for survival in non-small cell lung cancer (NSCLC) patients. Leptin levels were measured quantitatively by using a microELISA kit. Pretreatment HRQOL was measured in 391 advanced NSCLC patients using the EORTC QLQ-C30 and the EORTC Lung Cancer module (QLQ-LC13)."," No. The serum leptin levels were not significantly different between lung cancer patients and control subjects. ([2], [4])"
semantic_bm25,semantic,bm25,biomistral,Is fetal gender associated with emergency department visits for asthma during pregnancy?,no,no,1,1,success,"To investigate if fetal gender (1) affects the risk of having an emergency department (ED) visit for asthma; and (2) is associated with adverse pregnancy outcomes among women who had at least one visit to the ED for asthma during pregnancy. While having an ED visit for asthma was positively associated with teenage pregnancy, low income, and presence of pregnancy-induced hypertension, it was not associated with fetal gender (OR 1.01, 95% CI 0.85-1.19). Fetal gender was not a significant predictor of adverse pregnancy outcomes among women who had an asthma ED visit during pregnancy. Negative binomial models produced estimates of the difference in number of hospitalizations and emergency department (ED) visits. We performed a multivariable analysis using logistic regression to model the risk of having an ED visit for asthma, with fetal gender being one of the predictors. Among 109,173 live singleton deliveries, 530 women had visited ED due to asthma during pregnancy.", No. The study found that fetal gender was not a significant predictor of emergency department visits for asthma during pregnancy.
semantic_bm25,semantic,bm25,biomistral,Stretch-sensitive KCNQ1 mutation A link between genetic and environmental factors in the pathogenesis of atrial fibrillation?,yes,no,0,1,generation_failure,"Although AF can have a genetic etiology, links between inherited gene defects and acquired factors such as atrial stretch have not been explored. Mutation screening of the KCNQ1, KCNE1, KCNE2, and KCNE3 genes was performed in 50 families with AF. One missense KCNQ1 mutation, R14C, was identified in 1 family with a high prevalence of hypertension. We examined the factors associated with new-onset atrial fibrillation after foregut surgery at our institution. The base case focused on a 69-year-old man with a history of ICH and newly diagnosed nonvalvular atrial fibrillation.", No. Stretch-sensitive KCNQ1 mutation is not a link between genetic and environmental factors in the pathogenesis of atrial fibrillation.
semantic_bm25,semantic,bm25,biomistral,Are adult body circumferences associated with height?,yes,yes,1,1,success,"If, and how, circumferences, including waist circumference (WC) and hip circumference (HC), scale to height remains unclear, but this is an important consideration when developing normative ranges or applying WC/height and HC/height as risk indexes. Weight scales as height squared, which is an observation that forms the basis of body mass index (weight/height(2)). Age- and race-adjusted incremental increases in circumferences ranged from 0.2 to 0.5 cm per centimeter increase in height. Body fat was not associated with Framingham risk score when taking insulin sensitivity into account (P = 0.550). Both WC/height and HC/height scaled negatively to height in men and women, and WC/HC scaled negatively to height in women only (all P<0.001)."," Yes. Justification: [1, 2, 3, 5]."
semantic_bm25,semantic,bm25,biomistral,Would corrected QT dispersion predict left ventricular hypertrophy in hypertensive patients?,yes,no,0,1,generation_failure,We explored whether QT corrected dispersion (QTcD) can identify left ventricular hypertrophy (LVH) in hypertensives. Echocardiography was performed to measure left ventricular mass and left ventricular mass index. Fractional area change (FAC) was used to assess left ventricular function in potential brain-dead donors. Four patients died: 2 from hemorrhage (FAC>50% in donors); 1 from right and one from left ventricular dysfunction (FAC<50% in donors). Echocardiography is now widely available and is a reliable tool to assess left ventricular dysfunction in brain-dead donors., No. QT corrected dispersion is not a reliable tool to assess left ventricular hypertrophy in hypertensive patients. The study did not find a significant difference in QT corrected dispersion between hypertensive patients with and without
semantic_bm25,semantic,bm25,biomistral,Traumatic aortic injury: does the anatomy of the aortic arch influence aortic trauma severity?,yes,yes,1,1,success,"We investigate whether the anatomy of the aortic arch influences the severity of aortic injury. There were substantial differences in both the aortic arch index and the aortic arch angle of the type III and IV groups. Traumatic aortic injury (TAI) is a rare but life-threatening type of injury. We measured the aortic arch angle and the aortic arch index, based on the initial angio-CT scan, in each of the analyzed cases. Aortic injury was assessed in accordance with the recommendations of the Society of Vascular Surgery.", Yes. Justification: There were substantial differences in both the aortic arch index and the aortic arch angle of the type III and IV groups.
semantic_bm25,semantic,bm25,biomistral,Inpatient versus outpatient management of neutropenic fever in gynecologic oncology patients: is risk stratification useful?,yes,yes,1,1,success,"This study aimed to evaluate the utility of risk stratification of gynecologic oncology patients with neutropenic fever (NF). High-risk patients were more likely to have a severe complication (10% versus 50%, p=0.0003), multiple severe complications (3% versus 20%, p=0.0278), ICU admission (2% versus 40%, p<0.0001), overall mortality (2% versus 15%, p=0.0417), and death due to neutropenic fever (0% versus 15%, p=0.0124). The median day for the neutropenic fever was 4 days (0-9). In 8 of 9 patients, a febrile neutropenic attack was observed. GP Symptoms, healthcare resource utilization using investigator-derived independent outcome measure score (IDIOMS) and total hospital (inpatient and outpatient) billing costs.", Yes. (The risk stratification is useful for inpatient versus outpatient management of neutropenic fever in gynecologic oncology patients.)
semantic_bm25,semantic,bm25,biomistral,Should chest wall irradiation be included after mastectomy and negative node breast cancer?,maybe,yes,0,1,generation_failure,"Retrospective analysis of 92 internal or central-breast node-negative tumours with mastectomy and external irradiation of the internal mammary chain at the dose of 50 Gy, from 1994 to 1998. This study aims to evaluate local failure patterns in node negative breast cancer patients treated with post-mastectomy radiotherapy including internal mammary chain only. To evaluate accelerated partial breast irradiation (APBI) in patients after oncoplastic surgery for early breast cancer. Recurrence sites were the operative scare and chest wall. This suggests that PRK and ASA, and secondarily SBK, should be biomechanically safer than conventional LASIK with regard to risk for causing keratectasia after surgery."," Yes. Retrospective analysis of 92 internal or central-breast node-negative tumours with mastectomy and external irradiation of the internal mammary chain at the dose of 50 Gy, from 1"
semantic_bm25,semantic,bm25,biomistral,Can bisphosphonate treatment be stopped in a growing child with skeletal fragility?,maybe,no,0,1,generation_failure,"The BMD at both sites decreased precipitously within 24 months of stopping treatment, raising the question as to whether bisphosphonates can be stopped in a growing child with skeletal fragility. Cyclical pamidronate therapy in a 2-year-old child with skeletal fragility resulted in remodelling of vertebral fractures and improvement in bone mineral density (BMD) at distal radial and spinal sites. AAPs can be expensive compared to other treatment options and can cause several side effects. All patients experienced improvements in their GERD symptoms and stopped PPI treatment. This case report presents bone densitometry data before, during and after bisphosphonate treatment."," No. The BMD at both sites decreased precipitously within 24 months of stopping treatment, raising the question as to whether bisphosphonates can be stopped in a growing child with skeletal fragility."
semantic_bm25,semantic,bm25,biomistral,"Regional anesthesia as compared with general anesthesia for surgery in geriatric patients with hip fracture: does it decrease morbidity, mortality, and health care costs?",no,no,1,1,success,"At our institution, a regional anesthesia program was instituted for patients undergoing surgery for hip fracture. This retrospective cohort review examines the effects of regional anesthesia (from mainly after July 2007) vs general anesthesia (mainly prior to July 2007) on morbidity, mortality and hospitalization costs. Seventy-three patients received regional anesthesia and 235 patients received general anesthesia. Hip fracture in geriatric patients has a substantial economic impact and represents a major cause of morbidity and mortality in this population. The average cost of hospitalization in patients who received surgery for hip fracture was no different between patients who receive regional or general anesthesia ($16,789 + 631 vs $16,815 + 643, respectively, P = 0.9557).", No. The average cost of hospitalization in patients who received surgery for hip fracture was not different between patients who receive regional or general anesthesia.
semantic_bm25,semantic,bm25,biomistral,Does blood pressure change in treated hypertensive patients depending on whether it is measured by a physician or a nurse?,yes,yes,1,1,success,"To determine whether there are differences between blood pressure (BP) measured by the nurse (NBP), BP measured by the physician (PBP) and self-measured BP in treated hypertensive patients and, if found, to evaluate their clinical importance. It was estimated that up to 53% of tests would have resulted in clinically significant differences (change in warfarin dose) depending upon the site and method of testing. It is unclear whether cycloplegic refraction is necessary in this age group. Patients with the symptoms of GP were treated by a GES or intensive medical therapy (MED). It is characterised by a wing-like conjunctival overgrowth of the cornea.", Yes.
semantic_bm25,semantic,bm25,biomistral,Treadmill testing of children who have spina bifida and are ambulatory: does peak oxygen uptake reflect maximum oxygen uptake?,yes,no,0,1,generation_failure,Earlier studies have demonstrated low peak oxygen uptake ((. )Vo(2)max) in children who have spina bifida and are ambulatory. These results apply to children who have spina bifida and are at least community ambulatory. The aim of this study was to determine whether the Vo(2)peak measured during an incremental treadmill test is a true reflection of the maximum oxygen uptake ((. Twenty children who had spina bifida and were ambulatory participated., No.
semantic_bm25,semantic,bm25,biomistral,Is the probability of prenatal diagnosis or termination of pregnancy different for fetuses with congenital anomalies conceived following assisted reproductive techniques?,no,no,1,1,success,"To compare the probability of prenatal diagnosis (PND) and termination of pregnancy for fetal anomaly (TOPFA) between fetuses conceived by assisted reproductive techniques (ART) and spontaneously-conceived fetuses with congenital heart defects (CHD). Probability and gestational age at PND and TOPFA for ART-conceived versus spontaneously conceived fetuses. have been widely employed for termination of pregnancy in the second trimester. The probability of PND (28.1% versus 34.6%, P = 0.077) and TOPFA (36.2% versus 39.2%, P = 0.677) were not statistically different between ART-conceived (n = 171) and spontaneously conceived (n = 4620) fetuses. Fetuses with CHD in the Paris registry of congenital malformations and cohort of children with CHD (Epicard).", No. The probability of prenatal diagnosis and termination of pregnancy for fetuses with congenital heart defects conceived following assisted reproductive techniques is not statistically different from that of spontaneously conceived fetuses.
semantic_bm25,semantic,bm25,biomistral,Is there a relationship between complex fractionated atrial electrograms recorded during atrial fibrillation and sinus rhythm fractionation?,no,no,1,1,success,"Both ablation-targeting complex fractionated atrial electrograms (CFAEs) recorded during AF and fractionated electrograms recorded during sinus rhythm (sinus rhythm fractionation [SRF]) have been described. Atrial fibrillation was present only in older individuals who had developed atrial dilation and who were genotype positive. The base case focused on a 69-year-old man with a history of ICH and newly diagnosed nonvalvular atrial fibrillation. Ablation of persistent atrial fibrillation (AF) may require adjunctive methods of substrate modification. Atrial fibrillation, which occurs in 12% of all major foregut surgeries, can prolong hospital stay and increase morbidity.", No.
semantic_bm25,semantic,bm25,biomistral,Does rural or urban residence make a difference to neonatal outcome in premature birth?,yes,yes,1,1,success,"""Rural"" or ""urban"" status was based on the location of maternal residence. Rural mothers were more likely to be teenaged, indigenous, and to have had a previous premature birth, prolonged ruptured membrane, and antenatal corticosteroid. Infants of rural residence had a higher mortality (adjusted odds ratio (OR) 1.26, 95% confidence interval (CI) 1.07 to 1.48, p = 0.005). Perinatal characteristics, major morbidity and case mix adjusted mortality were compared between 1879 rural and 6775 urban infants<32 weeks gestational age, born in 1992-2002 and admitted to all 10 neonatal intensive care units in NSW and ACT. Patients living in rural areas may be at a disadvantage in accessing tertiary health care.AIM: To test the hypothesis that very premature infants born to mothers residing in rural areas have poorer outcomes than those residing in urban areas in the state of New South Wales (NSW) and the Australian Capital Territory (ACT) despite a coordinated referral and transport system.", Yes.
semantic_bm25,semantic,bm25,biomistral,Is the use of cyanoacrylate in intestinal anastomosis a good and reliable alternative?,yes,no,0,1,generation_failure,"Intestinal anastomosis was performed by polyglactin 910 sutures in A subgroups and with ethyl-2-cyanoacrylate in B subgroups. Good taste was cited as a reason for continuing the habit by 88.5% of the children and use by friends by 57%. The present study aims to compare strength, healing, and operation time of experimental intestinal anastomoses performed by polyglactin 910 (Vicryl; Ethicon, Edinburgh, United Kingdom) sutures with ethyl-2-cyanoacrylate glue (Pattex; Henkel, Dusseldorf, Germany). Echocardiography is now widely available and is a reliable tool to assess left ventricular dysfunction in brain-dead donors. Visualization of the spleen and other intraperitoneal organs was very good.", No.
semantic_bm25,semantic,bm25,biomistral,Is trabecular bone related to primary stability of miniscrews?,yes,yes,1,1,success,"To compare the primary stability of miniscrews inserted into bone blocks of different bone mineral densities (BMDs) with and without cortical bone, and investigate whether some trabecular properties could influence primary stability. Intergroup comparison showed lower levels of primary stability when the BMD of trabecular bone was lower and in the absence of cortical bone (P≤.05). Miniscrews 1.4 mm in diameter and 6 mm long were inserted into the bone blocks, and primary stability was evaluated by insertion torque (IT), mini-implant mobility (PTV), and pull-out strength (PS). Specimens were micro-computed tomography imaged to evaluate trabecular thickness, trabecular number, trabecular separation, bone volume density (BV/TV), BMD, and cortical thickness. The primary aim of this study was to investigate whether duration of treatment and return into mental health care were related.", Yes.
semantic_bm25,semantic,bm25,biomistral,"Is there any evidence of a ""July effect"" in patients undergoing major cancer surgery?",no,no,1,1,success,"Uniformity of care, regardless of time of year, is required for patients undergoing major cancer surgery. There has been some evidence supporting the presence of the July effect, including data from surgical specialties. We performed a linked database analysis of all patients undergoing congenital heart surgery from July 1, 2010 to December 31, 2012. However, the effect of bezafibrate on colon cancer development in humans is unknown. Therefore, we proposed to investigate a possible preventive effect of bezafibrate on the development of colon cancer in patients with coronary artery disease during a 6-year follow-up. Extracranial internal carotid artery stenosis is a risk factor for perioperative stroke in patients undergoing coronary artery bypass surgery (CAB).", No. The evidence is that there is no July effect in patients undergoing major cancer surgery.
semantic_bm25,semantic,bm25,biomistral,Is it necessary to insert a nasobiliary drainage tube routinely after endoscopic clearance of the common bile duct in patients with choledocholithiasis-induced cholangitis?,no,no,1,1,success,Little is known about whether a routinely inserted endoscopic nasobiliary drainage (ENBD) tube improves the clinical course in patients with choledocholithiasis-induced acute cholangitis after clearance of choledocholithiasis. The aim of this study was to investigate the need for ENBD on the clinical outcomes of patients with acute cholangitis undergoing endoscopic clearance of common bile duct (CBD) stones. A total of 104 patients with choledocholithiasis-induced acute cholangitis who underwent primary endoscopic treatment were compared according to insertion of an ENBD tube (51 in the ENBD group and 53 in the no-ENBD group). Insertion of an ENBD tube after clearance of CBD stones. Recurrence of cholangitis and length of hospital stay after clearance of CBD stones., No.
semantic_bm25,semantic,bm25,biomistral,Storage of vaccines in the community: weak link in the cold chain?,maybe,yes,0,1,generation_failure,"To assess quality of storage of vaccines in the community. Of the 40 respondents, only 16 were aware of the appropriate storage conditions for the vaccines; eight had minimum and maximum thermometers but only one of these was monitored daily. In six of the eight practices selected for monitoring of refrigeration temperatures the vaccines were exposed to either subzero temperatures (three fridges) or temperatures up to 16 degrees C (three). We report findings on the link between symptoms of somatization (assessed using the SCL-90-R) and depression 5 years later (assessed using the CES-D) in an initially healthy cohort of community adults, based on prospective data from the RENO Diet-Heart Study. Adherence to Department of Health guidelines for vaccine storage, temperature range to which vaccines were exposed over two weeks. However, the cold-induced modifications in the cell wall properties were more pronounced in the leaves of the more pathogen-resistant genotype.", Yes. The evidence shows that the vaccines were exposed to temperatures below the recommended range.
semantic_bm25,semantic,bm25,biomistral,Is the clinically positive axilla in breast cancer really a contraindication to sentinel lymph node biopsy?,no,no,1,1,success,"Clinically positive axillary nodes are widely considered a contraindication to sentinel lymph node (SLN) biopsy in breast cancer, yet no data support this mandate. In fact, data from the era of axillary lymph node dissection (ALND) suggest that clinical examination of the axilla is falsely positive in as many as 30% of cases. A genetic component is well established in the etiology of breast cancer. Breast cancer is the most common malignancy afflicting women, and the most common cancer overall in Jordan. In an attempt to improve the care they provide for their patients with breast cancer, the authors' institution developed a multidisciplinary breast cancer clinic (MDBCC) to offer ""one-stop shopping"" consultation and support for newly diagnosed breast cancer patients.", No. The clinical positive axilla is often a false positive.
semantic_bm25,semantic,bm25,biomistral,Convulsions and retinal haemorrhage: should we look further?,yes,yes,1,1,success,"As these haemorrhages are considered characteristic of child abuse, we investigated their occurrence after convulsive episodes to see whether the finding of haemorrhage should prompt further investigation. The prevalence of retinal haemorrhages after convulsions is not well established. Subjectively, surgeons look at radiographs and evaluate the riskiness of the procedure. After a thorough history and physical examination, a retinal examination was performed by an ophthalmologist. This suggests that PRK and ASA, and secondarily SBK, should be biomechanically safer than conventional LASIK with regard to risk for causing keratectasia after surgery.", Yes. The prevalence of retinal haemorrhages after convulsions is not well established.
semantic_bm25,semantic,bm25,biomistral,Are patients willing participants in the new wave of community-based medical education in regional and rural Australia?,yes,yes,1,1,success,"Community-based medical education is growing to meet the increased demand for quality clinical education in expanded settings, and its sustainability relies on patient participation. Patients attending six rural and 11 regional general practices in New South Wales over 18 teaching sessions in November 2008, who consented to student involvement in their consultation. Although we included three clinical groups (depression, social anxiety, and the comorbid groups), the results are based on a relatively small number of participants. Medical records of a cohort of community-based primary care patients, aged 35 to 65 years, who previously participated in our Family Healthware study and had a moderate or strong familial risk for any of the 6 diseases were subsequently reviewed. ""Rural"" or ""urban"" status was based on the location of maternal residence."," Yes. Patients attending six rural and 11 regional general practices in New South Wales over 18 teaching sessions in November 2008, who consented to student involvement in their consultation."
semantic_bm25,semantic,bm25,biomistral,Can Flexible Instruments Create Adequate Femoral Tunnel Lengths at 90° of Knee Flexion in Anterior Cruciate Ligament Reconstruction?,yes,yes,1,1,success,"This study aims to study femoral tunnel lengths drilled with a flexible reamer and the distance to important lateral structures obtained by flexing the knee at various angles and by drilling the guide pins arthroscopically to resemble clinical practice. The purpose of this cadaveric study was twofold: 1. to determine whether femoral tunnel lengths of greater than 20 mm can be created with a flexible reamer system at 90 ° of knee flexion and 2. to determine whether the lateral structures of the knee are safe with this technique. Flexible pins were inserted with the knee at 70°, 90°, and 120° of flexion. There is a trend for progressively increasing mean intra-osseous length associated with increased flexion of the knee. The mean intra-osseous length for 70° flexion was 25.2 mm (20 mm to 32 mm), which was statistically significant when compared to mean intra-osseous lengths of 32.1 mm (22 mm to 45 mm) and 38.0 mm (34 mm to 45 mm) in the 90° and 120° flexion groups, respectively (p<0.05). Six human cadaver knees were tested before implantation, after implantation with a bicruciate-retaining unicompartmental knee prosthesis, and after implantation with a posterior cruciate-retaining tricompartmental knee prosthesis."," Yes. The mean intra-osseous length for 90° flexion was 25.2 mm (20 mm to 32 mm), which was statistically significant when compared to mean intra-osseous"
semantic_bm25,semantic,bm25,biomistral,Quality of life in lung cancer patients: does socioeconomic status matter?,yes,yes,1,1,success,"As part of a prospective study on quality of life in newly diagnosed lung cancer patients an investigation was carried out to examine whether there were differences among patients' quality of life scores and their socioeconomic status. Quality of life was measured at two points in time (baseline and three months after initial treatment) using three standard instruments; the Nottingham Health Profile (NHP), the European Organization for Research and Cancer Treatment Quality of Life Questionnaire (EORTC QLQ-C30) and its lung cancer supplement (QLQ-LC13). The aim of this prognostic factor analysis was to investigate if a patient's self-reported health-related quality of life (HRQOL) provided independent prognostic information for survival in non-small cell lung cancer (NSCLC) patients. To explore the impact of delivery mode on women's postpartum quality of life in rural China and probe factors influencing postnatal quality of life. It was found that postnatal home visit related to good postnatal quality of life and lower husband education level, male gender of infant were associated with poor quality of life.", Yes.
semantic_bm25,semantic,bm25,biomistral,Are Biochemical Markers of Bone Turnover Representative of Bone Histomorphometry in 370 Postmenopausal Women?,maybe,no,0,1,generation_failure,"Systemic biochemical markers of bone turnover reflect the overall bone formation and resorption at the level of the entire skeleton but cannot discriminate the different skeletal compartments. The levels of bone formation and resorption can be assessed at the tissue level by bone histomorphometry on transiliac bone biopsies. The static and dynamic parameters of formation and bone resorption were measured by histomorphometry. Serum biochemical markers of formation (bone alkaline phosphatase [ALP]; procollagen type I N-terminal propeptide [PINP]) and resorption (C-terminal crosslinking telopeptide of collagen type 1 [sCTX]) were assessed. The mean values of biochemical markers were: bone ALP, 15.0 ± 5.2 ng/mL; PINP, 56.2 ± 21.9 μg/mL; and sCTX, 0.58 ± 0.26 ng/mL.", No.
semantic_bm25,semantic,bm25,biomistral,Should early extubation be the goal for children after congenital cardiac surgery?,yes,yes,1,1,success,"We sought to determine the feasibility and assess the clinical outcomes associated with an early extubation strategy for all children undergoing congenital heart surgery, including neonates (age,<30 days). This suggests that PRK and ASA, and secondarily SBK, should be biomechanically safer than conventional LASIK with regard to risk for causing keratectasia after surgery. Intraoperative extubation was achieved in 71% of the cases and early extubation (≤ 24 hours) was achieved in 89% of the cases. To evaluate accelerated partial breast irradiation (APBI) in patients after oncoplastic surgery for early breast cancer. Fetuses with CHD in the Paris registry of congenital malformations and cohort of children with CHD (Epicard).", Yes. Early extubation was achieved in 89% of the cases.
semantic_bm25,semantic,bm25,biomistral,Does delivery mode affect women's postpartum quality of life in rural China?,no,no,1,1,success,"To explore the impact of delivery mode on women's postpartum quality of life in rural China and probe factors influencing postnatal quality of life. Under the circumstance of increasing high caesarean section rate in rural China, the impact of delivery mode on postnatal quality of life remains unclear. None of six dimensions and total score of quality of life displayed significant difference between women with normal delivery and cesaerean section. The scale for rural postnatal quality of life was adopted to assess postnatal quality of life from six dimensions: physical complaints and pain, sleep and energy, sex satisfaction, interpersonal communication, self-evaluated living stress and perceived life satisfaction. Childbirth significantly affects puerpera's physical, psychological and social domains of quality of life.", No. The impact of delivery mode on postnatal quality of life remains unclear. None of six dimensions and total score of quality of life displayed significant difference between women with normal delivery and cesaerean section.
semantic_bm25,semantic,bm25,biomistral,Menopausal hormone therapy and irregular endometrial bleeding: a potential role for uterine natural killer cells?,yes,yes,1,1,success,"The main objective of this study was to explore the role of uterine natural killer (uNK) cells and their regulatory cytokine IL-15 in irregular bleeding in HT users. Irregular bleeding affects many users of combined menopausal hormone therapy (HT) and commonly leads to invasive and expensive investigations to exclude underlying malignancy. The relationship between endometrial uNK cells (CD56+) and bleeding patterns was measured. We also addressed the impact of HT exposure on uNK cell populations, the relationship between endometrial IL-15 expression and uNK cell populations, and killer Ig like receptor genotype in subjects with irregular bleeding. Endometrial CD56+ uNK cells were significantly increased in biopsies obtained during bleeding episodes (P<0.001), compared with HT users with no bleeding. Outpatient endometrial biopsies were taken during and outside bleeding episodes.", Yes. Endometrial CD56+ uNK cells were significantly increased in biopsies obtained during bleeding episodes compared with HT users with no bleeding.
semantic_bm25,semantic,bm25,biomistral,Percutaneous ethanol injection for benign cystic thyroid nodules: is aspiration of ethanol-mixed fluid advantageous?,no,yes,0,1,generation_failure,"We evaluated the differences between percutaneous ethanol injection with and without aspiration of ethanol-mixed fluid for treatment of benign cystic thyroid nodules. We examined 60 patients with benign cystic thyroid nodules confirmed by fine-needle aspiration biopsy and divided them into 2 groups according to nonaspiration (group A, n = 30) or aspiration (group B, n = 30) of ethanol-mixed fluid after intracystic ethanol injection. The total procedure time was nearly double in group B than in group A because of the additional procedures, such as complete evacuation of the ethanol-mixed fluid and the 10-minute compression. Most patients showed complete disappearance of the cystic portion of the thyroid nodule (group A, n = 29; group B, n = 28), and they revealed no recurrence on follow-up ultrasonography. Myocardial damage that is associated with percutaneous coronary intervention (PCI) partially affects the results of the procedure, and is related to medium-term cardiovascular death."," Yes. The total procedure time was nearly double in group B than in group A because of the additional procedures, such as complete evacuation of the ethanol-mixed fluid and the 10-minute compression."
semantic_bm25,semantic,bm25,biomistral,Can the growth rate of a gallbladder polyp predict a neoplastic polyp?,no,no,1,1,success,"Neoplastic polyps were more frequently found in patients older than 60 years, those with hypertension, a polyp size greater than 10 mm, and a rapid growth rate greater than 0.6 mm/mo. On multivariate analysis, however, the growth rate was not related to the neoplastic nature of a polyp, but older age (>60 y) and large size (>10 mm) were significantly associated with neoplastic polyps. However, in 32 patients (32%) at least 1 polyp was found. To assess if the Hawkins sign can predict whether or not astragalus fractures of the neck will develop avascular necrosis. The evaluation of tumour growth is vital for a 'wait-and-scan' policy, a management strategy that became increasingly important. The growth rate was determined based on the change in size per time interval between 2 ultrasonographic examinations (mm/mo)."," No. The growth rate of a gallbladder polyp is not related to the neoplastic nature of a polyp. ([1], ""growth rate was not related to the neoplastic nature of a polyp"")"
semantic_bm25,semantic,bm25,biomistral,Are performance measurement systems useful?,yes,yes,1,0,lucky_guess,"Prior literature identified the use of Performance Measurement Systems (PMS) as crucial in addressing improved processes of care. Current monitoring systems are based on a morphologic identification approach, a time-consuming method that may represent a limiting factor for sampling network enhancement. Of 42 possible points, 7 points are directly related to measurement of language compared with only 2 points related to neglect. It is unclear whether patient-controlled therapy (PCT) systems would be an additional treatment option. The seafaring industry remains a hazardous occupation that requires sophisticated systems of risk and fitness assessment.", Yes.
semantic_bm25,semantic,bm25,biomistral,Does para-cervical block offer additional advantages in abortion induction with gemeprost in the 2nd trimester?,yes,no,0,1,generation_failure,"The intervals from the last application of prostaglandin until abortion and from 3 cm cervical dilatation to abortion were slightly, but not significantly shorter in the paracervical anaesthesia group. In the group without paracervical anaesthesia the median induction to abortion interval was 20 hours (range: 8-44 hours), 13 hours (range: 8-36 hours, NS) resulting for the paracervical anaesthesia group. 20 women scheduled for elective abortion (fetal reasons) between the 16th and 23rd week of gestation were to be given 1 mg gemeprost vaginally every 6 hours. Compared with computed tomography (CT) and magnetic resonance imaging (MRI), positron emission tomography (PET) may have additional value in the assessment of primary and recurrent cervical cancer. During the audit period epidural analgesia increased from 15.5% of all labors in the first trimester of the study to 51% in the last trimester (p<0.005).", No. The intervals from the last application of prostaglandin until abortion and from 3 cm cervical dilatation to abortion were not significantly shorter in the paracervical anaesthesia group.
semantic_bm25,semantic,bm25,biomistral,Does insulin resistance drive the association between hyperglycemia and cardiovascular risk?,yes,no,0,1,generation_failure,"We examined whether associations between hyperglycemia and CVD risk were explained by underlying insulin resistance. Several studies have shown associations between hyperglycemia and risk of cardiovascular disease (CVD) and mortality, yet glucose-lowering treatment does little to mitigate this risk. However, adjustment for insulin sensitivity and 2-hour glucose made the effect of fasting glucose non-significant (P = 0.060). Likewise, when adjusting for insulin sensitivity and fasting glucose, the association between 2-hour glucose and Framingham risk score disappeared (P = 0.143). In contrast, insulin sensitivity was still associated with Framingham risk score after adjusting for glucose levels (P<0.001). Epidemiologic studies have suggested that hypertriglyceridemia and insulin resistance are related to the development of colon cancer. This study aimed to determine the prevalence of elevated RHR and other risk factors for cardiovascular disease (CVD) and to investigate any associations between RHR and these risk factors in a rural population in Ghana."," No. Insulin resistance is associated with cardiovascular risk, but not hyperglycemia."
semantic_bm25,semantic,bm25,biomistral,Are there risk factors that increase the rate of staple line leakage in patients undergoing primary sleeve gastrectomy for morbid obesity?,yes,yes,1,1,success,"For the current analysis, all patients that had undergone primary sleeve gastrectomy for morbid obesity within a 7-year period were considered. However, the ever present risk of a staple line leak is still a major concern. In the first quarter of 2013, there was a brief increase in CLABSI rate to 3.3 per 1000 line days; after a series of interventions, the CLABSI rate was maintained at zero for>600 days. Staple line leak rate decreased during the study period from 6.5 to 1.4 %. There are a number of factors responsible for the longevity of unicompartmental knee replacements (UKR)."," Yes. (The risk factors that increase the rate of staple line leakage in patients undergoing primary sleeve gastrectomy for morbid obesity are: previous abdominal surgery, leakage of the staple line,"
semantic_bm25,semantic,bm25,biomistral,Chronic functional somatic symptoms: a single syndrome?,no,yes,0,1,generation_failure,"In the 10 years before the diagnosis of chronic functional somatic symptoms, significantly more patients than controls presented functional somatic symptoms in at least two body systems, and used more somatic and psychotropic drugs. To identify distinctive features in patients with chronic functional somatic symptoms, and to determine whether these symptoms support the hypothesis of the existence of specific somatic syndromes. The number of patients undergoing diagnostic tests was higher for patients with chronic functional somatic symptoms than for controls, but hospital admissions rates were equal. Reliable longitudinal data of patients with functional somatic symptoms in general practice are lacking. One hundred and eighty-two patients diagnosed between 1998 and 2002 as having chronic functional somatic symptoms and 182 controls matched by age, sex, socioeconomic status, and practice were included.", Yes.
semantic_bm25,semantic,bm25,biomistral,"Actinobaculum schaalii, a cause of urinary tract infections in children?",maybe,yes,0,1,generation_failure,"In addition, A. schaalii was found in quantities equivalent to ≥ 10(6) CFU/mL by both culture and PCR in two children with a urinary tract infection and large numbers of leucocytes in the urine. Urothelial carcinoma of the bladder had a significantly higher frequency of HER2 immunoreactivity than that of the upper urinary tract (60.7 vs. 20.7%, p<0.0001). Urinary free cortisol (UFC), an integrative biomarker of stress. Microscopically, cancer cell infiltration into the fibrous frame of the portal tract was present. In 5 of the 29 screened urines, A. schaalii was found only by real-time PCR in quantities equivalent to ≥ 10(4) -10(5) CFU/mL."," Yes. In addition, A. schaalii was found in quantities equivalent to ≥ 10(6) CFU/mL by both culture and PCR in two children with a urinary tract infection and large numbers of leuc"
semantic_bm25,semantic,bm25,biomistral,Prevalence of chronic conditions among Medicare Part A beneficiaries in 2008 and 2010: are Medicare beneficiaries getting sicker?,yes,yes,1,1,success,"Medicare Part A beneficiaries had more chronic conditions on average in 2010 than in 2008. The objective of this study was to analyze the change in the health of Medicare beneficiaries enrolled in Part A (hospital insurance) between 2008 and 2010 by comparing the prevalence of 11 chronic conditions. Medicare beneficiaries who have chronic conditions are responsible for a disproportionate share of Medicare fee-for-service expenditures. We conducted descriptive analyses using the 2008 and 2010 Chronic Conditions Public Use Files, which are newly available from the Centers for Medicare and Medicaid Services and have administrative (claims) data on 100% of the Medicare fee-for-service population. Surveyed Medicare beneficiaries in 5 areas; clustered unvaccinated seniors by their immunization related knowledge and attitudes.", Yes. Medicare beneficiaries had more chronic conditions on average in 2010 than in 2008.
semantic_bm25,semantic,bm25,biomistral,Does successful completion of the Perinatal Education Programme result in improved obstetric practice?,no,no,1,1,success,"To determine whether successful completion of the Perinatal Education Programme (PEP) improves obstetric practice. Individual characteristics were obtained by the observer and the education and practice level were described by the subjects. The three midwife obstetric units (MOUs) in a health district of Mpumalanga were included in the study. Data were collected by scoring of the obstetric files after the patient had delivered. The haemoglobin level was measured in only 4-15% of patients, with no difference before or after completion of the PEP.", No.
semantic_bm25,semantic,bm25,biomistral,Do patients with localized prostate cancer treatment really want more aggressive treatment?,no,no,1,1,success,"Examine whether patients with prostate cancer choose the more aggressive of two radiotherapeutic options, whether this choice is reasoned, and what the determinants of the choice are. The treatment and outcome of 369 eligible patients with Stage T1-T3aN0-NXM0 prostate cancer were analyzed during a minimal 10-year follow-up period. The latter treatment is associated with more cure and more toxicity. A previous study showed that several nomograms could predict aggressive BCR (prostate-specific antigen doubling time [PSADT] <9 months) more accurately than BCR. One hundred fifty patients with primary prostate cancer (T(1-3)N(0)M(0)) were informed by means of a decision aid of two treatment options: radiotherapy with 70 Gy versus 74 Gy.", No.
semantic_bm25,semantic,bm25,biomistral,Does music influence stress in mechanically ventilated patients?,no,yes,0,1,generation_failure,"Mechanically ventilated patients experience profound stress. The purpose of this study was to explore the influence of music on stress in a sample of patients over the duration of ventilatory support.RESEARCH METHODOLOGY/ Interventions are needed to ameliorate stress that does not cause adverse effects. Communication disorders that impair transmitting or decoding of structural features of music (e.g., pitch, timbre) and/or symbolic representation may result in atypical musical communication, which can have a negative impact on music therapy interventions. Randomised controlled trial; randomised patients (56.8+16.9 years, 61% male, APACHE III 57.2+18.3) receiving ventilatory support to: (1) patient-directed music (PDM) where patients self-initiated music listening whenever desired from a preferred collection, (2) headphones only to block ICU noise, or (3) usual ICU care.", Yes.
semantic_bm25,semantic,bm25,biomistral,Does reducing spasticity translate into functional benefit?,yes,no,0,1,generation_failure,"Although botulinum toxin is used to reduce spasticity, its functional benefits are less easily demonstrated. Interventions are needed to ameliorate stress that does not cause adverse effects. It is unclear if anterior/apical prolapse (AA) repair provides additional benefit. Spasticity and loss of function in an affected arm are common after stroke. The Modified Ashworth Scale (elbow, wrist, fingers) was used to calculate a ""Composite Spasticity Index"".", No.
semantic_bm25,semantic,bm25,biomistral,Is the holmium:YAG laser the best intracorporeal lithotripter for the ureter?,yes,yes,1,1,success,"To study the efficiency and safety of holmium:YAG laser lithotripsy for ureteral stones. A series of 188 patients with 208 ureteral stones were treated with semirigid ureteroscopy and holmium:YAG laser lithotripsy from January 2003 to December 2005. Nd:YAG laser-induced thermo therapy (LITT) of rat brains is associated with blood-brain barrier (BBB) permeability changes. The purpose of this study is to determine the CT slice location where VAT area can best reflect changes in VAT volume and body weight. The aim of this study was to assess the reproducibility of different measurement methods and define the most workable technique for measuring head and neck paragangliomas, to determine the best method for evaluating tumour growth.", Yes. The holmium:YAG laser is the best intracorporeal lithotripter for the ureter. (The holmium:YAG laser lithotripsy is used in the study.)
semantic_bm25,semantic,bm25,biomistral,Metered-dose inhalers. Do health care providers know what to teach?,no,yes,0,1,generation_failure,"The specific aim of this investigation was to evaluate the proficiency of health care providers and patients in the proper use of metered-dose inhalers. Health care providers, which include house staff, nurses, and respiratory care practitioners who provide care to patients with asthma in the primary general medicine clinic or the pulmonary medicine clinic of a university-county hospital in which patients were referred, were surveyed and assigned a performance score regarding the knowledge base of the appropriate use of metered-dose inhalers. Patients who attended the primary care general medicine and pulmonary subspecialty clinic were also assessed as to their proficiency in the use of metered-dose inhalers. The respiratory care practitioners were the most knowledgeable of the health care providers. This is a cost-utility study from a health care system's perspective comparing coformulated fixed dose (FXD) strategy versus multiple free dose combination (FRC) in antiretroviral therapy. A significant percentage of patients had a poor understanding of the technique used with the metered-dose inhaler."," Yes. Health care providers, which include house staff, nurses, and respiratory care practitioners who provide care to patients with asthma in the primary general medicine clinic or the pulmonary medicine clinic of a university-county hospital in"
semantic_bm25,semantic,bm25,biomistral,Does the bracket-ligature combination affect the amount of orthodontic space closure over three months?,no,no,1,1,success,"To investigate the effect of bracket-ligature combination on the amount of orthodontic space closure over three months. The amount of space closure was very similar between the three groups (1 mm per 28 days); however, there was a wide variation in the rate of space closure between individuals. The differences in the amount of space closure over three months between the three groups was very small and non-significant (P = 0·718). The primary outcome measure was the mean amount of space closure in a 3-month period. The improvement in acuity generally occurred between 1 and 12 months from baseline and remained stable over the period of follow up. Pretreatment orthodontic casts of 230 Saudi patients were classified into one of three arch form types (tapered, ovoid, and square) using digitally scanned images of the mandibular arches."," No. The amount of space closure was very similar between the three groups (1 mm per 28 days); however, there was a wide variation in the rate of space closure between individuals. The differences in the amount of space closure over three months"
semantic_bm25,semantic,bm25,biomistral,Health habits and vaccination status of Lebanese residents: are future doctors applying the rules of prevention?,no,no,1,1,success,"This study evaluated the health practices and the vaccination status of first year residents working at the academic hospital Hôtel-Dieu de France. Only 25 residents (23%) of the cohort had a complete and up-to-date immunization status. To assess the acceptability to patients of the use of patients' first names by doctors and doctors' first names by patients in general practice. Accuracy of the patients', parents', and doctors' estimates were statistically compared. To examine the attitudes of players and coaches to the use of protective headgear, particularly with respect to the prevention of concussion.", No. The vaccination status of first year residents working at the academic hospital Hôtel-Dieu de France is not up-to-date.
semantic_bm25,semantic,bm25,biomistral,Does vaginal intraepithelial neoplasia have the same evolution as cervical intraepithelial neoplasia?,maybe,no,0,1,generation_failure,"Vaginal intraepithelial neoplasia is a little known disease which could be related to risk factors different from simple HPV infections. Intraepithelial cells were counted in a blind review of 42 randomly selected biopsies. To ascertain wheter vaginal lesions have a natural history similar to cervical lesions.MATERIALS & In patients with mild vaginal lesions, mild cervical lesions were significantly more frequent than severe cervical lesions. In patients with ""active"" vaginal lesions the rate of ""active"" cervical lesions was significantly higher than ""non active"" cervical lesions. The rate of mild cervical lesions (koilocytosis, warts, CIN I with and without koilocytosis) was compared with the rate of severe cervical lesions (CIN II and III, cervical carcinoma) in patients with mild vaginal lesions (warts and koilocytosis, and low-grade VAIN) and in patients with severe vaginal lesions (high-grade VAIN). Using koilocytosis as a marker, the rate of ""active"" cervical lesions was compared with the rate of ""non active"" cervical lesions in patients with ""active"" versus ""non active"" vaginal lesions."," No. The rate of mild cervical lesions (koilocytosis, warts, CIN I with and without koilocytosis) was compared with the rate of severe cervical lesions (CIN II and"
semantic_bm25,semantic,bm25,biomistral,Should general practitioners call patients by their first names?,yes,no,0,1,generation_failure,"To assess the acceptability to patients of the use of patients' first names by doctors and doctors' first names by patients in general practice. Most of the patients either liked (223) or did not mind (175) being called by their first names. Response by patients to questionnaire on attitude to use of first names. 475 Patients consulting 30 general practitioners. Most patients (324) did not, however, want to call the doctor by his or her first name.", No. Patients do not want to call the doctor by his or her first name.
semantic_bm25,semantic,bm25,biomistral,Transesophageal echocardiographic assessment of left ventricular function in brain-dead patients: are marginally acceptable hearts suitable for transplantation?,yes,yes,1,1,success,Fractional area change (FAC) was used to assess left ventricular function in potential brain-dead donors. Echocardiography is now widely available and is a reliable tool to assess left ventricular dysfunction in brain-dead donors. Yet few data are available on the degree of left ventricular dysfunction where a transplantation is possible. The brain-dead donor supply has become one of the criteria limiting the performance of heart transplantation. None of them was suitable for liver transplantation., Yes. Fractional area change (FAC) was used to assess left ventricular function in potential brain-dead donors.
semantic_bm25,semantic,bm25,biomistral,Attenuation of ischemia/reperfusion-induced ovarian damage in rats: does edaravone offer protection?,yes,yes,1,0,lucky_guess,"Treatment of rats with edaravone reduced caspase-3 expression in a dose-dependent manner. Administration of different doses of edaravone in rats significantly prevented degenerative changes in the ovary (p<0.0001). Conversely, RVP increased throughout ischemia (p<0.05) and returned toward baseline during reperfusion. Ischemia-reperfusion (IR) injury remains a major cause of early morbidity and mortality after lung transplantation with poorly documented extrapulmonary repercussions. Significant LVP drop at 5 min of ischemia (p<0.05) was followed by a slow return to baseline at 45 min of ischemia. A second LVP drop occurred at reperfusion (p<0.05) and persisted.", Yes. Edaravone offers protection against ischemia/reperfusion-induced ovarian damage in rats.
semantic_bm25,semantic,bm25,biomistral,Does the National Institutes of Health Stroke Scale favor left hemisphere strokes?,yes,no,0,1,generation_failure,"The National Institutes of Health Stroke Scale (NIHSS) is a valid, reproducible scale that measures neurological deficit. The volume for right hemisphere stroke was statistically greater than the volume for left hemisphere strokes, adjusting for the baseline NIHSS (P<0. For each 5-point category of the NIHSS score<20, the median volume of right hemisphere strokes was approximately double the median volume of left hemisphere strokes. We examined the placebo arm of the NINDS t-PA stroke trial to test the hypothesis that the total volume of cerebral infarction in patients with right hemisphere strokes would be greater than the volume of cerebral infarction in patients with left hemisphere strokes who have similar NIHSS scores. The median volume of a right hemisphere stroke was roughly equal to the median volume of a left hemisphere stroke in the next highest 5-point category of the NIHSS.", No. The volume of right hemisphere strokes is greater than the volume of left hemisphere strokes for each 5-point category of the NIHSS.
semantic_bm25,semantic,bm25,biomistral,Can a Novel Surgical Approach to the Temporomandibular Joint Improve Access and Reduce Complications?,yes,yes,1,1,success,This clinical study investigated whether the vascular-guided multilayer preauricular approach (VMPA) to the temporomandibular joint (TMJ) could improve access and decrease complications. Midurethral sling (MUS) can improve overactive bladder (OAB) symptoms. The purpose of this study was to evaluate the influence of preoperative TBS in newborns with EA in preventing complications and improving diagnosis and surgical treatment. To explore whether electrochemiluminescence (ECL) assays can help improve prediction of time to type 1 diabetes in the TrialNet autoantibody-positive population. Whether the curve spans many levels or just a few can significantly influence surgical strategies., Yes. The VMPA approach to the TMJ can improve access and reduce complications. (The clinical study investigated whether the VMPA approach to the TMJ could improve access and decrease complications.)
semantic_bm25,semantic,bm25,biomistral,"Young-Burgess classification of pelvic ring fractures: does it predict mortality, transfusion requirements, and non-orthopaedic injuries?",maybe,yes,0,1,generation_failure,"The objectives of this study were to evaluate the ability of the Young-Burgess classification system to predict mortality, transfusion requirements, and nonorthopaedic injuries in patients with pelvic ring fractures and to determine whether mortality rates after pelvic fractures have changed over time. Mortality at index admission, transfusion requirement during first 24 hours, and presence of nonorthopaedic injuries as a function of Young-Burgess pelvic classification type. Dividing fractures into stable and unstable types allowed the system to predict mortality rates, abdomen injury rates, and transfusion requirements. The Young-Burgess system differentiated transfusion requirements--lateral compression Type 3 (LC3) and anteroposterior compression Types 2 (APC2) and 3 (APC3) fractures had higher transfusion requirements than did lateral compression Type 1 (LC1), anteroposterior compression Type 1 (APC1), and vertical shear (VS) (P<0.05)--but was not as useful at predicting head, chest, or abdomen injuries. Despite a relatively large sample size, the ability of the Young-Burgess system to predict mortality only approached statistical significance (P = 0.07, Kruskal-Wallis)."," Yes. Justification: ""Dividing fractures into stable and unstable types allowed the system to predict mortality rates, abdomen injury rates, and transfusion requirements."" (2)"
semantic_bm25,semantic,bm25,biomistral,Is vitamin D deficiency a feature of pediatric celiac disease?,no,yes,0,1,generation_failure,"Vitamin D deficiency has been described in autoimmune diseases, but its status in prepubertal children with CD has not been adequately studied. Celiac disease (CD) is believed to be a permanent intolerance to gluten. Patients were excluded if they had diseases of calcium or vitamin D metabolism, or were receiving calcium or vitamin D supplementation or had other autoimmune diseases. To determine the vitamin D status of prepubertal children with CD. Celiac disease (CD) is an autoimmune enteropathy characterized by villus atrophy and malabsorption of essential nutrients."," Yes. Justification: ""Vitamin D deficiency has been described in autoimmune diseases, and celiac disease is an autoimmune enteropathy"" [1, 5]."
semantic_bm25,semantic,bm25,biomistral,Is unsafe sexual behaviour increasing among HIV-infected individuals?,no,no,1,1,success,"To evaluate whether reported unsafe sexual behaviour among HIV- infected individuals is changing over time. At least one sexual behaviour questionnaire was obtained for 6545 HIV-infected individuals and the median number of questionnaires completed per individual was five. There was no evidence of a response bias over time, but individuals were less willing to leave questions about their sexual behaviour unanswered or ambiguous (OR, 0.93; 95% CI, 0.90-0.97). The incidence of acetabular fractures in osteoporotic patients is increasing. Voluntary asphyxiation among children, preteens, and adolescents by hanging or other means of inducing hypoxia/anoxia to enhance sexual excitement is not uncommon and can lead to unintended death."," No. There was no evidence of a response bias over time, but individuals were less willing to leave questions about their sexual behaviour unanswered or ambiguous."
semantic_bm25,semantic,bm25,biomistral,Cholestasis associated with small bowel atresia: do we always need to investigate?,no,yes,0,1,generation_failure,"Cholestasis occurs frequently in patients with small bowel atresia (SBA) and is often attributed to prolonged parental nutrition. Indications included evaluation anemia/gastrointestinal bleed, small bowel IBD and dilation of strictures. We investigated symptoms, gluten consumption, antibodies for CD and other autoimmunity, human leukocyte antigen (HLA)-typing, bone mineral density, and performed small bowel biopsies. All patients with short bowel (4) and 60% (6/10) of patients with a delay of enteral feeding more than 14 days postoperatively had cholestasis. Normal small bowel mucosa was found in four of eight on gluten-containing diet and in four of four with gluten transgression.", Yes. Cholestasis associated with small bowel atresia is not always due to prolonged parental nutrition.
semantic_bm25,semantic,bm25,biomistral,Are financial incentives cost-effective to support smoking cessation during pregnancy?,yes,yes,1,1,success,"To investigate the cost-effectiveness of up to £400 worth of financial incentives for smoking cessation in pregnancy as an adjunct to routine health care. A total of 612 pregnant women randomized to receive usual cessation support plus or minus financial incentives of up to £400 vouchers (US $609), contingent upon smoking cessation. The incremental cost per quitter at 34-38 weeks pregnant was £1127 ($1716).This is similar to the standard look-up value derived from Stapleton&West's published ICER tables, £1390 per quitter, by looking up the Cessation in Pregnancy Incentives Trial (CIPT) incremental cost (£157) and incremental 6-month quit outcome (0.14). Health services often spend more on safety interventions than seems cost-effective. Probabilistic sensitivity analysis showed FXD to dominate FRC (>50% probability of being cost-effective) above the $40,000 threshold.", Yes. The financial incentives are cost-effective.
semantic_bm25,semantic,bm25,biomistral,Can medical students contribute to quality assurance programmes in day surgery?,yes,yes,1,1,success,Educational opportunities for medical undergraduate programmes are being sought in the day surgery environment. Our study was undertaken to explore ways in which senior medical students can actively contribute to QA processes as part of an undergraduate day surgery educational programme. Educational opportunities for medical undergraduate programmes are being sought in the day surgery environment. Our study was undertaken to explore ways in which senior medical students can actively contribute to the QA processes as part of an undergraduate day surgery educational programme. Fifty-nine final year medical students followed allocated patients with common surgical conditions through all phases of the day surgery process. 1% day surgery cases. Health care delivery has undertaken a major shift from inpatient management to ambulatory surgical care with increasing emphasis on quality assurance (QA) processes.," Yes. Justification: ""Health care delivery has undertaken a major shift from inpatient management to ambulatory surgical care with increasing emphasis on quality assurance (QA) processes."""
semantic_bm25,semantic,bm25,biomistral,Measurement of head and neck paragangliomas: is volumetric analysis worth the effort?,yes,yes,1,1,success,"The aim of this study was to assess the reproducibility of different measurement methods and define the most workable technique for measuring head and neck paragangliomas, to determine the best method for evaluating tumour growth. In this case-control study, we identified all subjects with a pathologic diagnosis of FTLD with TDP-43 immunoreactive inclusions (FTLD-TDP) and at least one volumetric head MRI scan (n = 42). The most accurate test of aerobic fitness is measurement of maximum oxygen consumption (VO2max) with cycle ergometry. Due to the irregular shape of paragangliomas in the temporal bone and conglomerates, the manual area tracing method showed better results in these tumours (26% and 8% versus 54% and 47%). We ascertained whether the obstetric history, syphilis testing, blood group testing, haemoglobin measurement and uterine growth assessment were performed during antenatal care along with whether appropriate action was taken. For intrapartum care, estimation of fetal weight, the performance of pelvimetry, blood pressure monitoring, urine testing, evaluation of head above pelvis, fetal heart rate monitoring, monitoring of contractions and plotting of cervical dilatation, and whether the appropriate actions were taken, were assessed."," Yes. The aim of this study was to assess the reproducibility of different measurement methods and define the most workable technique for measuring head and neck paragangliomas, to determine the best method for evaluating tumour growth."
semantic_bm25,semantic,bm25,biomistral,Three-dimensional ultrasound-validated large-core needle biopsy: is it a reliable method for the histological assessment of breast lesions?,yes,yes,1,1,success,"The use of three-dimensional (3D) ultrasound may help to determine the exact position of the needle during breast biopsy, thereby reducing the number of core samples that are needed to achieve a reliable histological diagnosis. The aim of this study was to demonstrate the efficacy of 3D ultrasound-validated large-core needle biopsy (LCNB) of the breast. A total of 360 core needle biopsies was obtained from 169 breast lesions in 146 patients. 3D ultrasound visualization of the needle in the postfiring position was used to classify the biopsy as central, marginal or outside the lesion. Additional open breast biopsy was performed in 111 women (127/169 breast lesions); the remaining 42 lesions were followed up for at least 24 months. A median of two core samples per lesion provided for all the lesions a sensitivity for malignancy of 96.9%, specificity of 100%, false-positive rate of 0% and false-negative rate of 3.1%, and for the excised lesions a sensitivity of 96.5%, specificity of 100%, false-positive rate of 0%, false-negative rate of 3.5% and an underestimation rate of 3.4%.", Yes. Three-dimensional ultrasound-validated large-core needle biopsy is a reliable method for the histological assessment of breast lesions. Justification: The study showed a sensitivity for malignancy of 96.9
semantic_bm25,semantic,bm25,biomistral,Can bone thickness and inter-radicular space affect miniscrew placement in posterior mandibular sites?,no,yes,0,1,generation_failure,"The primary outcome variables were bone thickness and inter-radicular space. To compare the inter-radicular space and the thickness of bone between areas, an analysis of variance for repeated measures was used. The inter-radicular space ranged from 2.46 to 3.31 mm, and alveolar bone thickness ranged from 8.01 to 13.77 mm. The purposes of this study are to report the alveolar process thickness and inter-radicular space in the posterior region of the mandible, to assess the impact of different miniscrew insertion angle protocols, and to identify differences between the genders or types of malocclusion. The inter-radicular spaces were evaluated 5 mm from the cement-enamel junction."," Yes. The inter-radicular space ranged from 2.46 to 3.31 mm, and alveolar bone thickness ranged from 8.01 to 13.77 mm. The inter-"
semantic_bm25,semantic,bm25,biomistral,Do general practice selection scores predict success at MRCGP?,yes,no,0,1,generation_failure,"The MRCGP comprises of an applied knowledge test (AKT), a clinical skills assessment (CSA) and workplace-based assessments (WPBA).AIM: To explore the predictive validity of general  practice selection scores using the AKT and CSA elements of the MRCGP as a final outcome measure. Selection into general practice training is undertaken using a competency based approach. However, the relationship between selection  and performance in the Royal College of General Practitioner examinations (MRCGP) has yet to be explored. Do preresidency selection factors serve as predictors of success in residency? Specifically, we asked which preresidency selection factors are associated or correlated with (1) objective measures of resident knowledge and performance; and (2) subjective ratings by faculty. Selection data consisted  of an overall selection score as well as scores from each individual stage of selection.", No. Selection scores do not predict success at MRCGP.
semantic_bm25,semantic,bm25,biomistral,The Deformity Angular Ratio: Does It Correlate With High-Risk Cases for Potential Spinal Cord Monitoring Alerts in Pediatric 3-Column Thoracic Spinal Deformity Corrective Surgery?,yes,yes,1,1,success,The data from 35 pediatric spinal deformity correction procedures with thoracic 3-column osteotomies were reviewed. Identifying high-risk patients and procedures can help ensure that appropriate measures are taken to minimize neurological complications during spinal deformity corrections. The purpose of this study was to determine whether the deformity angular ratio (DAR) can reliably assess the neurological risks of patients undergoing deformity correction. The terminology regarding the terms and definitions had been arbitrary until being refined and standardized by the Scoliosis Research Society Working Group on Three-Dimensional Terminology of Spinal Deformity. To determine whether shaving the incision site before spinal surgery causes postsurgical infection., Yes. The deformity angular ratio (DAR) is a reliable predictor of neurological risk in pediatric 3-column thoracic spinal deformity correction surgeries.
semantic_bm25,semantic,bm25,biomistral,Does age moderate the effect of personality disorder on coping style in psychiatric inpatients?,yes,no,0,1,generation_failure,"To examine age-related differences in the relationship between personality and coping strategies in an Australian population of psychiatric inpatients. Personality traits, social supports, gender, and age predicted coping strategies, while Axis I diagnosis, education, personality disorder, and symptom severity were not significant predictors of coping strategies. Only a few studies have examined the effect of personality traits on survival, such as optimism. The influence of affective disorder polarity on subsequent suicide attempts or completions and any differential effect of suicide risk factors by polarity were assessed in a prospective cohort. To study the prevalence of pain and risk factors for pain in psychiatric patients in a psychiatric hospital.", No. The study found that personality disorder was not a significant predictor of coping style.
semantic_bm25,semantic,bm25,biomistral,Autoxidation products of both carbohydrates and lipids are increased in uremic plasma: is there oxidative stress in uremia?,yes,yes,1,1,success,"Recent studies, however, have demonstrated that one AGE, the glycoxidation product carboxymethyllysine (CML), could be derived not only from carbohydrates but also from oxidation of polyunsaturated fatty acids in vitro, raising the possibility that both carbohydrate and lipid autoxidation might be increased in uremia. Moreover, biochemical measurements of oxidative stress markers (MDA, GSH and TAC) revealed that prophylactic edaravone treatment attenuated oxidative stress induced by I/R injury. All three adducts were elevated in uremic plasma. Advanced glycation end products (AGEs), formed by non-enzymatic glycation and oxidation (glycoxidation) reactions, have been implicated in the pathogenesis of several diseases, including normoglycemic uremia. Overnight polysomnography, computerized attention/vigilance tests and blood sampling for measurement of lipids, insulin, fasting plasma glucose and fibrinogen were performed at the end of each study period.", Yes.
semantic_bm25,semantic,bm25,biomistral,Can 'high-risk' human papillomaviruses (HPVs) be detected in human breast milk?,no,no,1,1,success,"Of the 32 studied human milk specimens, no 'high-risk' HPV 16, 18, 31, 33, 35, 39, 45, 51, 52, 56, 58 or 58 DNA was detected. Using polymerase chain reaction techniques, we evaluated the presence of HPV infection in human breast milk collected from 21 HPV-positive and 11 HPV-negative mothers. As a model two different human ovary cancer cell lines were used. Assessing joint lines (JLs) by means of bony landmarks is inadvisable because of large variations in human anatomy. In sensitivity analyses for patients with deep ICH, anticoagulation could be preferred if the risk of thromboembolic stroke is particularly high."," No. The presence of 'high-risk' HPVs in human breast milk is not detected. (Context: [1, 2])"
semantic_bm25,semantic,bm25,biomistral,Quaternary cytoreductive surgery in ovarian cancer: does surgical effort still matter?,yes,yes,1,1,success,"To evaluate surgical outcome and survival benefit after quaternary cytoreduction (QC) in epithelial ovarian cancer (EOC) relapse. Despite surgical refinements, perioperative use of tracheobronchoscopy (TBS) as part of surgical approach to esophageal atresia (EA) is still controversial. Changes in the spectrum of general surgery and the delivery of surgical care have placed the requirement for a mandatory general surgery rotation in the surgical clerkship in question. One of the sites most frequently invaded by gastric cancer is the mesocolon; however, the UICC does not mention this anatomical site as an adjacent structure involved in gastric cancer. Automated, tailored prompts highlighting familial risk for heart disease, stroke, diabetes, and breast, colorectal, or ovarian cancer were implemented during 2011 to 2012."," Yes. Despite surgical refinements, perioperative use of tracheobronchoscopy as part of surgical approach to esophageal atresia is still controversial."
semantic_bm25,semantic,bm25,biomistral,Chemotherapy and survival in advanced non-small cell lung carcinoma: is pneumologists' skepticism justified?,no,yes,0,1,generation_failure,"Few studies have assessed whether the advantage chemotherapy has been shown to have in treating advanced non-small lung carcinoma in clinical trials is transferrable to normal health care activity. From 1993 to 1999, 667 patients received curative lung resection and complete hilar and mediastinal lymphadenectomy for non-small cell lung cancer. We review our results on surgical treatment of patients with stage I non-small cell lung carcinoma and we attempted to clarify the prognostic significance of some surgical--pathologic variables. To determine whether there is a relationship between VEGF expression and renal vein and vena cava invasion in stage pT3 renal cell carcinoma and to evaluate the impact of VEGF expression on survival in pT3 renal cell carcinoma. This could explain the skepticism of a large number of pneumologists towards this treatment.", Yes.
semantic_bm25,semantic,bm25,biomistral,Does topical ropivacaine reduce the post-tonsillectomy morbidity in pediatric patients?,yes,yes,1,1,success,"To determine whether post-operative administration of topical ropivacaine hydrochloride decreases morbidity following adenotonsillectomy. Patients received 1.0% ropivacaine hydrochloride soaked swabs packed in their tonsillar fossae while the control group received saline-soaked swabs. None of the patients died within the post-transplant 30 days who received contaminated products. Fourty one children, aged 4-16 years, undergoing tonsillectomy. Six completed pediatric clinical trials met the inclusion criteria.", Yes.
semantic_bm25,semantic,bm25,biomistral,Is pain a clinically relevant problem in general adult psychiatry?,yes,yes,1,1,success,"Using a questionnaire we investigated in a cross-sectional study the prevalence of pain, duration of pain, impairment and unfitness for work due to pain in 106 patients primarily diagnosed with a psychiatric disorder in the field of general adult psychiatry. Adult patients undergoing general anesthesia (n = 240). Although selective and non-selective methods of preoperative carotid screening have been advocated, it remains unclear if this screening is clinically relevant.AIM: To test whether selective carotid screening is as effective as non-selective screening in detecting significant carotid disease. Selection into general practice training is undertaken using a competency based approach. The purpose of this study is to examine whether or not well differentiated (w-d) hepatocellular carcinoma (HCC) is indeed clinically early cancer."," Yes. Using a questionnaire we investigated in a cross-sectional study the prevalence of pain, duration of pain, impairment and unfitness for work due to pain in 106 patients primarily diagnosed with a psychiatric disorder in"
semantic_bm25,semantic,bm25,biomistral,Does concomitant anterior/apical repair during midurethral sling improve the overactive bladder component of mixed incontinence?,no,no,1,1,success,Midurethral sling (MUS) can improve overactive bladder (OAB) symptoms. We hypothesized that women with mixed urinary incontinence (MUI) experience greater improvement in the OAB component of their symptoms after concomitant MUS and AA repair compared with MUS alone. It is unclear if anterior/apical prolapse (AA) repair provides additional benefit. Carinal fistulas in 14 type C patients were occluded by Fogarty catheter to improve ventilation during repair. Our primary outcome was the Overactive Bladder Questionnaire Symptom Severity (OAB-q SS) change score 6 weeks after surgery., No.
semantic_bm25,semantic,bm25,biomistral,Does the use of atypical antipsychotics as adjunctive therapy in depression result in cost savings?,no,no,1,1,success,"Several atypical antipsychotics (AAPs) are used as second-line agents for treatment resistant depression. Communication disorders that impair transmitting or decoding of structural features of music (e.g., pitch, timbre) and/or symbolic representation may result in atypical musical communication, which can have a negative impact on music therapy interventions. The safe use of antidepressants in pregnancy is an ongoing issue for clinicians with around 10% of pregnant women suffer from depression. One of the sites most frequently invaded by gastric cancer is the mesocolon; however, the UICC does not mention this anatomical site as an adjacent structure involved in gastric cancer. Evidence suggests substantial comorbidity between symptoms of somatization and depression in clinical as well as nonclinical populations.", No. The use of atypical antipsychotics as adjunctive therapy in depression does not result in cost savings. The use of atypical antipsychotics as adjunctive therapy in depression results in increased costs.
semantic_bm25,semantic,bm25,biomistral,Can patients be anticoagulated after intracerebral hemorrhage?,maybe,no,0,1,generation_failure,"Warfarin increases both the likelihood and the mortality of intracerebral hemorrhage (ICH), particularly in patients with a history of prior ICH. AAPs can be expensive compared to other treatment options and can cause several side effects. In light of this consideration, should a patient with both a history of ICH and a clear indication for anticoagulation such as nonvalvular atrial fibrillation be anticoagulated? Unicompartmental replacement can be an alternative to tibial osteotomy in younger, active patients with unicompartmental knee disease. AEA can be conceptualized as a personalized, ritualized, and symbolic biopsychosocial drama.", No.
semantic_bm25,semantic,bm25,biomistral,Diagnostic and therapeutic ureteroscopy: is dilatation of ureteral meatus always necessary?,no,no,1,1,success,"To assess the feasibility and safety of diagnostic or therapeutic semirigid ureteroscopy without ureteral meatus dilatation. For data analysis purposes, the population was divided into two groups based on whether ureteroscopy had been performed with (Group 1) or without (Group 2) ureteral meatus dilatation. Of the stones, 116 were lower ureteral, 37 middle ureteral, and 55 upper ureteral. A series of 188 patients with 208 ureteral stones were treated with semirigid ureteroscopy and holmium:YAG laser lithotripsy from January 2003 to December 2005. We have previously reported the feasibility of diagnostic and therapeutic peritoneoscopy including liver biopsy, gastrojejunostomy, and tubal ligation by an oral transgastric approach.", No.
semantic_bm25,semantic,bm25,biomistral,Does managed care enable more low income persons to identify a usual source of care?,maybe,no,0,1,generation_failure,"(1) To examine the effects of managed care on the likelihood of low-income persons having a usual source of care and a usual physician, and; (2) To examine the association between usual source of care and access. Usual source of care, usual physician, managed care enrollment, managed care penetration. By requiring or encouraging enrollees to obtain a usual source of care, managed care programs hope to improve access to care without incurring higher costs. High managed care penetration in the community is associated with a lower likelihood of having a usual source of care for uninsured persons (54.8% vs. 62.2% in low penetration areas) as well as a lower likelihood of having a usual physician (60% vs. 72.8%). Managed care has only marginal effects on the likelihood of having a usual source of care for privately insured and Medicaid beneficiaries. Having a usual physician substantially reduces unmet medical needs for the insured but less so for the uninsured.", No. The evidence shows that managed care enables fewer low income persons to identify a usual source of care.
semantic_bm25,semantic,bm25,biomistral,"Knee extensor strength, dynamic stability, and functional ambulation: are they related in Parkinson's disease?",yes,yes,1,1,success,"To evaluate the relationship between knee extensor strength, postural stability, functional ambulation, and disease severity in Parkinson's disease (PD). Knee extensor strength positively correlated with dynamic postural stability and negatively correlated with disease severity. Further, dynamic postural stability was negatively correlated to disease severity and positively correlated with functional ambulation in this cohort of patients with PD (P<.05). Participants were evaluated on their isokinetic knee extensor strength. Additionally, participants completed an assessment of their postural stability (Functional Reach Test for static stability and a dynamic postural stability assessment as measured by the center of pressure-center of mass moment arm during gait initiation). Lastly, participants were evaluated by a neurologist specially trained in movement disorders to assess neurologic status and disease severity using the Unified Parkinson's Disease Rating Scale and the Hoehn and Yahr disability score.", Yes.
semantic_bm25,semantic,bm25,biomistral,"Is distance to provider a barrier to care for medicaid patients with breast, colorectal, or lung cancer?",no,yes,0,1,generation_failure,"Distance to provider might be an important barrier to timely diagnosis and treatment for cancer patients who qualify for Medicaid coverage. Driving distances and times from patient residence to primary care provider were calculated for 3,917 breast, colorectal (CRC) and lung cancer Medicaid patients in Washington State from 1997 to 2003 using MapQuest.com. In an attempt to improve the care they provide for their patients with breast cancer, the authors' institution developed a multidisciplinary breast cancer clinic (MDBCC) to offer ""one-stop shopping"" consultation and support for newly diagnosed breast cancer patients. Later stage at diagnosis for breast cancer Medicaid patients is associated with travel burden (OR = 1.488 per 100 driving miles, P= .037 and OR = 1.270 per driving hour, P= .016). Automated, tailored prompts highlighting familial risk for heart disease, stroke, diabetes, and breast, colorectal, or ovarian cancer were implemented during 2011 to 2012."," Yes. Driving distances and times from patient residence to primary care provider were calculated for 3,917 breast, colorectal (CRC) and lung cancer Medicaid patients in Washington State from 1997 to"
semantic_bm25,semantic,bm25,biomistral,Can folic acid protect against congenital heart defects in Down syndrome?,no,yes,0,1,generation_failure,Several studies have suggested a protective effect of folic acid (FA) on congenital heart anomalies. Down syndrome (DS) infants are known to have a high frequency of heart anomalies. To compare the probability of prenatal diagnosis (PND) and termination of pregnancy for fetal anomaly (TOPFA) between fetuses conceived by assisted reproductive techniques (ART) and spontaneously-conceived fetuses with congenital heart defects (CHD). Our objectives were to investigate whether first-trimester FA use protects against heart anomalies among DS children. Nystagmus in the left-ear-down position and the right-ear-down position were not symmetric either., Yes. Several studies have suggested a protective effect of folic acid on congenital heart anomalies.
semantic_bm25,semantic,bm25,biomistral,Are there mental health differences between francophone and non-francophone populations in manitoba?,maybe,no,0,1,generation_failure,"Our study sought to compare mental health indicators between Francophones and non-Francophones living in the province of Manitoba. Two populations were used: one from administrative datasets housed at the Manitoba Centre for Health Policy and the other from representative survey samples. No differences in sociodemographic and health status variables were observed between the matched groups. There is increasing pressure on mental health providers to reduce the duration of treatments, while retaining level of quality and effectiveness. There were no differences between the various exon variants in terms of outcomes and responses", No.
semantic_bm25,semantic,bm25,biomistral,Does type 1 diabetes mellitus affect Achilles tendon response to a 10 km run?,no,no,1,1,success,"Achilles tendon structure was quantified at day-0, day-2 and day-4 after a 10 km run. The load-response behaviour of tendons may be altered in type 1 diabetes mellitus (T1DM) as hyperglycaemia accelerates collagen cross-linking. This study compared Achilles tendon load-response in participants with T1DM and controls. All regularly ran distances greater than 5 km and VISA-A scores indicated good tendon function (T1DM = 94 ± 11, control = 94 ± 10). Achilles tendon structure deteriorates 2-days after maximal loading in elite athletes.", No.
semantic_bm25,semantic,bm25,biomistral,Fragility of the esophageal mucosa: a pathognomonic endoscopic sign of primary eosinophilic esophagitis?,yes,yes,1,1,success,"The response of a series of patients with primary eosinophilic esophagitis to dilation is reported together with a description of a possibly pathognomonic sign: fragile esophageal mucosa, for which the term ""crêpe-paper"" mucosa is introduced. Primary eosinophilic esophagitis, a chronic inflammatory disorder of the esophagus, evokes recurrent dysphagia. The procedure reports, available endoscopic photographs, and histology reports were reviewed to establish the endoscopic and histologic appearance of the esophageal mucosa. We observed an endoscopic abnormally in a group of children with histological esophagitis. The esophageal mucosa had a normal appearance on 160 endoscopic studies (Group 1) and VLEM were the only mucosal abnormalities in 41 endoscopies (Group 2).", Yes.
semantic_bm25,semantic,bm25,biomistral,Does cup-cage reconstruction with oversized cups provide initial stability in THA for osteoporotic acetabular fractures?,yes,yes,1,1,success,"This study measured acetabular component stability and the initial surface contact achieved between the acetabular component and unfractured region of the pelvis after THA using an oversized acetabular component and cup-cage reconstruction. Of these, 12 (30%) underwent immediate THA using an oversized acetabular component with screws inserted only into the ilium and a cup-cage construct. The incidence of acetabular fractures in osteoporotic patients is increasing. Indications for immediate THA after acetabular fractures were displaced articular comminution deemed unreducible. Immediate total hip arthroplasty (THA) has potential advantages, but achieving acetabular component stability is challenging and, at early followup, reported revision rates for loosening are high.QUESTIONS/", Yes. The study measured acetabular component stability and the initial surface contact achieved between the acetabular component and unfractured region of the pelvis after THA using an oversized acetabular component and cup-cage
semantic_bm25,semantic,bm25,biomistral,Pulmonary valve replacement in adults late after repair of tetralogy of fallot: are we operating too late?,yes,yes,1,1,success,"Chronic pulmonary regurgitation (PR) following repair of tetralogy of Fallot (TOF) leads to RV dilation and an increased incidence of sudden cardiac death in adult patients. We studied 25 consecutive adult patients who underwent PVR for significant PR late after repair of TOF. The purpose of this study is to evaluate right ventricular (RV) volume and function after pulmonary valve replacement (PVR) and to address the issue of optimal surgical timing in these patients. Predictors of relapse and the late development of GCA were identified using binary logistic regression. To identify the features of PMR that may predict the duration of steroid therapy, the occurrence of relapses and the late development of GCA.", Yes.
semantic_bm25,semantic,bm25,biomistral,Xanthogranulomatous cholecystitis: a premalignant condition?,no,no,1,1,success,"Xanthogranulomatous cholecystitis (XGC) is an uncommon variant of chronic cholecystitis, characterized by marked thickening of the gallbladder wall and dense local adhesions. Furthermore, the premalignant nature of this entity is not known. Beta-catenin expression was positive in the GBC, XGC, chronic cholecystitis and control gallbladder groups. Accuracy and reliability in street crossing decision-making were calculated for each subject under each sensory condition. Infantile hypertrophic pyloric stenosis (IHPS) is a common condition which presents in infants at 2-12 weeks of postnatal life, and whose cause remains obscure.", No. The premalignant nature of this entity is not known.
semantic_bm25,semantic,bm25,biomistral,Does TDP-43 type confer a distinct pattern of atrophy in frontotemporal lobar degeneration?,yes,yes,1,1,success,"To determine whether TDP-43 type is associated with distinct patterns of brain atrophy on MRI in subjects with pathologically confirmed frontotemporal lobar degeneration (FTLD). Subjects with a pathologic diagnosis of FTLD with motor neuron degeneration had a similar pattern of atrophy, regardless of whether they were type 1 or type 3. We identified different patterns of atrophy across the types with type 1 showing frontotemporal and parietal atrophy, type 2 predominantly anterior temporal lobe atrophy, and type 3 predominantly posterior frontal atrophy. Within the FTLD-TDP type 1 group, those with a progranulin mutation had significantly more lateral temporal lobe atrophy than those without. In this case-control study, we identified all subjects with a pathologic diagnosis of FTLD with TDP-43 immunoreactive inclusions (FTLD-TDP) and at least one volumetric head MRI scan (n = 42).", Yes.
semantic_bm25,semantic,bm25,biomistral,Is oncoplastic surgery a contraindication for accelerated partial breast radiation using the interstitial multicatheter brachytherapy method?,maybe,no,0,1,generation_failure,"To evaluate accelerated partial breast irradiation (APBI) in patients after oncoplastic surgery for early breast cancer. The smallest detectable difference using the linear dimension method was 11% for carotid body and 27% for vagal body tumours, compared with 17% and 20% for the manual area tracing method. Reproducibility was assessed using the Bland-Altman method. Survival rates were analyzed using the Kaplan-Meier method. A retrospective analysis of 136 breasts of 134 patients, who received breast-conserving oncoplastic surgery for low-risk breast cancer between 2002 and 2010 in the Universities of Vienna and Luebeck followed by adjuvant APBI applying total doses of pulse dose rate of 50.4 Gy or high-dose rate (HDR) of 32 Gy over 4 days.", No.
semantic_bm25,semantic,bm25,biomistral,"Diagnostic characteristics of child bipolar I disorder: does the ""Treatment of Early Age Mania (team)"" sample generalize?",yes,yes,1,1,success,"Subjects (N = 247) were outpatients who participated in either the National Institute of Mental Health-funded Phenomenology and Course of Pediatric Bipolar Disorders study or the Treatment of Early Age Mania (TEAM) study. To examine the representativeness of a randomized controlled trial (RCT) sample versus one obtained by consecutive new case ascertainment, for subjects with child bipolar I disorder. The PEA-BP phenotype was defined by DSM-IV mania with at least one of the cardinal symptoms of mania (elation and/or grandiosity) to avoid diagnosing mania only by symptoms that overlapped with those for attention-deficit hyperactivity disorder (ADHD). The sample was composed of 100 patients with a mean age of 17.4 ± 6.74 years. To examine family-based transmission of the number of 5' flanking arginine vasopressin V1a receptor (AVPR1A) microsatellites, which include [(GATA)(14)] and complex [(CT)(4)-TT-(CT)(8)-(GT)(24)]repeats, in probands with a prepubertal and early adolescent bipolar disorder phenotype (PEA-BP)."," Yes. The ""Treatment of Early Age Mania (team)"" sample generalizes."
semantic_bm25,semantic,bm25,biomistral,Estimation of basal metabolic rate in Chinese: are the current prediction equations applicable?,yes,yes,1,1,success,"The aim of this study was to develop a new BMR prediction equation for Chinese adults applicable for a large BMI range and compare it with commonly used prediction equations. Measurement of basal metabolic rate (BMR) is suggested as a tool to estimate energy requirements. Therefore, BMR prediction equations have been developed in multiple populations because indirect calorimetry is not always feasible. In parallel the secretion of insulin was monitored as a peripheral metabolic marker. Published government tobacco tax documentation and statistics published by the Chinese STMA are used to analyse the interrelations among industry profits, taxes and retail price of cigarettes in China.", Yes. The aim of this study was to develop a new BMR prediction equation for Chinese adults applicable for a large BMI range and compare it with commonly used prediction equations.
semantic_bm25,semantic,bm25,biomistral,Does rugby headgear prevent concussion?,maybe,no,0,1,generation_failure,"Although the players tended to believe that the headgear could prevent concussion (62%), the coaches were less convinced (33%). Despite the players' belief that headgear offers protection against concussion, only a minority reported wearing headgear (27%) and few (24%) felt that its use should be made mandatory. In addition, coaches from all four levels were questioned about team policies and their personal opinions about the use of headgear to prevent concussion. To examine the attitudes of players and coaches to the use of protective headgear, particularly with respect to the prevention of concussion. Interventions are needed to ameliorate stress that does not cause adverse effects. This effect does not appear to be due to decreased T-cell production of interleukin-2 or interferon-gamma.", No.
semantic_bm25,semantic,bm25,biomistral,Spinal subdural hematoma: a sequela of a ruptured intracranial aneurysm?,yes,yes,1,1,success,"A case of spinal subdural hematoma (SSDH) following subarachnoid hemorrhage (SAH) because of a ruptured internal carotid aneurysm is described. Magnetic resonance imaging showed a subdural hematoma in the lumbosacral region. A 52-year-old woman underwent a craniotomy for a ruptured internal carotid aneurysm. A computed tomography scan showed that SAH existed predominantly in the posterior fossa and subdural hematoma beneath the cerebellar tentorium. The highest frequency of the admission of patients with a ruptured aortic aneurysm was observed during periods of winter and spring, when the highest mean values of atmospheric pressure were observed; however, this observation was not statistically confirmed.", Yes. The case of spinal subdural hematoma following subarachnoid hemorrhage because of a ruptured internal carotid aneurysm is described.
semantic_bm25,semantic,bm25,biomistral,Can shape analysis differentiate free-floating internal carotid artery thrombus from atherosclerotic plaque in patients evaluated with CTA for stroke or transient ischemic attack?,yes,yes,1,1,success,"Patients presenting with transient ischemic attack or stroke may have symptom-related lesions on acute computed tomography angiography (CTA) such as free-floating intraluminal thrombus (FFT). The objective of our study is to determine whether quantitative shape analysis can accurately differentiate FFT from atherosclerotic plaque. The prevalence of some chronic conditions, such as congestive heart failure, ischemic heart disease, and stroke/transient ischemic attack, decreased. Extracranial internal carotid artery stenosis is a risk factor for perioperative stroke in patients undergoing coronary artery bypass surgery (CAB). Lesion volumes were extracted from CTA images and quantitative shape descriptors were computed.", Yes. (The objective of the study is to determine whether quantitative shape analysis can accurately differentiate free-floating intraluminal thrombus from atherosclerotic plaque.)
semantic_bm25,semantic,bm25,biomistral,Dementia and aphasia in motor neuron disease: an underrecognised association?,yes,yes,1,1,success,"To determine the prevalence and nature of global cognitive dysfunction and language deficits in an unselected population based cohort of patients with motor neuron disease (MND). A battery of neuropsychological and language tests was administered to patients presenting consecutively over a 3 year period to a regional neurology service with a new diagnosis of sporadic motor neuron disease. Subjects with a pathologic diagnosis of FTLD with motor neuron degeneration had a similar pattern of atrophy, regardless of whether they were type 1 or type 3. Individuals aged 55 and older without dementia. When confounding factors such as baseline physical and cognitive functioning and disease were taken into account the association between optimism and survival weakened in both sexes, but the general pattern persisted.", Yes. The prevalence and nature of global cognitive dysfunction and language deficits in an unselected population based cohort of patients with motor neuron disease.
semantic_bm25,semantic,bm25,biomistral,Does solid culture for tuberculosis influence clinical decision making in India?,maybe,yes,0,1,generation_failure,"To investigate the impact of solid culture on Löwenstein-Jensen medium on clinical decision making. Accuracy and reliability in street crossing decision-making were calculated for each subject under each sensory condition. A total of 124 (82.7%) culture-positive patients and 35 (23.3%) culture-negative patients started anti-tuberculosis treatment prior to receiving their culture results; 101 patients (33.7%) returned for their results; two (1.3%) initiated treatment based on positive culture and no culture-negative patients discontinued treatment. In a retrospective review of 150 culture-positive and 150 culture-negative consecutively sampled tuberculosis (TB) suspects, treatment decisions were analysed at presentation, after the availability of culture detection results and after the availability of drug susceptibility testing (DST) culture results. We lacked data regarding patient and physician decision making and surgeon-specific factors.", Yes.
semantic_bm25,semantic,bm25,biomistral,Diffusion-weighted echo-planar MR imaging of primary parotid gland tumors: is a prediction of different histologic subtypes possible?,yes,yes,1,1,success,"Our aim was to determine the value of echo-planar diffusion-weighted MR imaging (epiDWI) in differentiating various types of primary parotid gland tumors. In 136 patients, a primary parotid gland tumor was confirmed by histology. One hundred forty-nine consecutive patients with suspected tumors of the parotid gland were examined with an epiDWI sequence by using a 1.5T unit. The most common primary brain tumors in children and adults are of astrocytic origin. ADC values of Warthin tumors were different from those of myoepithelial adenomas, lipomas, and salivary duct carcinomas (P<.001, 0.013, and .037, respectively).", Yes. The most common primary brain tumors in children and adults are of astrocytic origin.
semantic_bm25,semantic,bm25,biomistral,Is there a role for endothelin-1 in the hemodynamic changes during hemodialysis?,maybe,yes,0,1,generation_failure,"There is mounting evidence that endothelin-1 (ET-1) may play a vital role in these hemodynamic changes. We examined the possible role of intradialytic changes of ET-1 in the pathogenesis of hypotension and rebound hypertension during HD. Although there is evidence for the influential role of transformational leadership on health outcomes, researchers have used either attitude outcomes (e.g. The following paper elucidates the role of mitochondrial dynamics during developmentally regulated PCD in vivo in A. madagascariensis. For 0-1 mm melanomas, there is a significant difference in the observed versus expected values over the 10 years (p = 0.0018)."," Yes. [1, 2]"
semantic_bm25,semantic,bm25,biomistral,Do risk factors for suicidal behavior differ by affective disorder polarity?,no,no,1,1,success,"Mixed-effects, grouped-time survival analysis assessed risk of suicidal behavior and differential effects of risk factors for suicidal behavior by polarity. The effects of risk factors did not differ by polarity. The influence of affective disorder polarity on subsequent suicide attempts or completions and any differential effect of suicide risk factors by polarity were assessed in a prospective cohort. Age, hopelessness and active substance abuse but not polarity predicted suicidal behavior. Suicidal behavior was defined as suicide attempts or completions.", No. Justification: “The effects of risk factors did not differ by polarity.”
semantic_bm25,semantic,bm25,biomistral,Multidisciplinary breast cancer clinics. Do they work?,yes,yes,1,1,success,"In an attempt to improve the care they provide for their patients with breast cancer, the authors' institution developed a multidisciplinary breast cancer clinic (MDBCC) to offer ""one-stop shopping"" consultation and support for newly diagnosed breast cancer patients. To evaluate accelerated partial breast irradiation (APBI) in patients after oncoplastic surgery for early breast cancer. Breast cancer is the most common malignancy afflicting women, and the most common cancer overall in Jordan. Indicators for breast cancer care include time to primary treatment. The purpose of this study was to evaluate whether time to primary treatment (TPT) in breast cancer impacts survival. Among all women with breast cancer diagnosed from 1961 to 2001, 2,787 mother-daughter pairs and 831 sister pairs with breast cancer were identified; we achieved complete follow-up and classified 5-year breast cancer-specific prognosis among proband (mother or oldest sister) into tertiles as poor, intermediary, or good."," Yes. The multidisciplinary breast cancer clinic (MDBCC) was developed to offer ""one-stop shopping"" consultation and support for newly diagnosed breast cancer patients. (Context: [1])"
semantic_bm25,semantic,bm25,biomistral,Is the international normalised ratio (INR) reliable?,maybe,no,0,0,retrieval_failure,"Echocardiography is now widely available and is a reliable tool to assess left ventricular dysfunction in brain-dead donors. However, at International commission on radiation units and measurements rectovaginal point, the delivered dose was decreased by 1.43 ± 2.49 Gy from the planned dose (p = 0.019). Comparison between results obtained in the practices and those in the reference hospital laboratory (gold standard), which used the same method of testing for INR, showed a correlation coefficient of 0.96. Reliable longitudinal data of patients with functional somatic symptoms in general practice are lacking. The regression dilution ratio of RHR was 0.75 (95% CI 0.62-0.89).", No. [2] The international normalised ratio (INR) is not reliable because the delivered dose was decreased by 1.43 ± 2.49 Gy from the planned dose (p = 0.019
semantic_bm25,semantic,bm25,biomistral,"Are there associations of health status, disease activity and damage in SLE patients?",yes,yes,1,1,success,"The assessment included, besides demographic data, the measurement of disease activity using the BILAG index, the measurement of disease damage using the SLICC/ACR damage index (SDI), as well as the patient's self assessed health status using the patient's questionnaire Medical Outcome Survey Short Form 36 (SF-36). Associations were assessed by logistic regression with respect to systolic, diastolic and pulse pressure, with adjustment for education, work status, physical activity, smoking, body mass and lipid levels. 57% of patients were of lower socioeconomic status and they had more health problems, less functioning, and more symptoms as compared to affluent patients. Neither age nor disease duration showed any significant correlation with health status in this study. There has never been a nationally representative survey of medical students' personal health-related practices, although they are inherently of interest and may affect patient-counseling practices.", Yes.
semantic_bm25,semantic,bm25,biomistral,PSA repeatedly fluctuating levels are reassuring enough to avoid biopsy?,no,no,1,1,success,"Prostate-specific antigen (PSA) levels can show wide fluctuations when repeatedly measured. 82 patients had flu-PSA levels and 129 si-PSA levels. Here we investigatewd if: (a) biopsy timing influences the prostate cancer (PC) detection rate in patients with fluctuating PSA (flu-PSA) in comparison with patients with steadily increasing PSA (si-PSA); (b) PSA slope estimated in patients with flu-PSA predicts a different risk of cancer detection; (c) flu-PSA and si-PSA patients develop PC in topographically different sites; (d) the behaviour of pre-operative PSA is an expression of a disease with defferent characteristics to the following radical prostatectomy. PSA Slope, PSA velocity (PSAV) and PSA doubling time (PSADT) were estimated. Flu-PSA level was defined as a PSA series with at least one PSA value lower than the one immediately preceding it.", No. The fluctuation of PSA levels is not enough to avoid biopsy.
semantic_bm25,semantic,bm25,biomistral,Is zero central line-associated bloodstream infection rate sustainable?,yes,yes,1,1,success,"Adoption and implementation of evidence-based measures for catheter care leads to reductions in central line-associated bloodstream infection (CLABSI) rates in the NICU. In the first quarter of 2013, there was a brief increase in CLABSI rate to 3.3 per 1000 line days; after a series of interventions, the CLABSI rate was maintained at zero for>600 days. Adoption of standardized care practices, including bundles and checklists, was associated with a significant reduction of the CLABSI rate to zero for>370 consecutive days in our NICU in 2012. These groups were compared to determine the infection rate. In this study, we sought to analyze whether the simultaneous use of an endoscope could in fact increase the infection rate associated with VPS procedures."," Yes. Justification: “In the first quarter of 2013, there was a brief increase in CLABSI rate to 3.3 per 1000 line days; after a series of interventions, the CL"
semantic_bm25,semantic,bm25,biomistral,"Is gastric electrical stimulation superior to standard pharmacologic therapy in improving GI symptoms, healthcare resources, and long-term health care benefits?",yes,yes,1,1,success,"To compare symptoms, healthcare resource utilization and costs in two groups of patients with the symptoms of GP: those treated via gastric electrical stimulation (GES) and those treated with traditional pharmacological agents in an intensive outpatient program (MED). Severe upper gastrointestinal (GI) motor disorders, including gastroparesis (GP), can consume significant health care resources. A long-term comparison of patients with devices (n = 9) vs intensive medical therapy (n = 9). A total of 18 eligible patients with the symptoms of GP reported for 1-year baseline and long-term treatment for 3 years. Governments are urged to determine methods to control the use of medical resources and curb the rise of healthcare costs.", Yes.
semantic_bm25,semantic,bm25,biomistral,Should pulp chamber pulpotomy be seen as a permanent treatment?,no,no,1,0,lucky_guess,"Celiac disease (CD) is believed to be a permanent intolerance to gluten. In light of this consideration, should a patient with both a history of ICH and a clear indication for anticoagulation such as nonvalvular atrial fibrillation be anticoagulated? This suggests that PRK and ASA, and secondarily SBK, should be biomechanically safer than conventional LASIK with regard to risk for causing keratectasia after surgery. AEA can be conceptualized as a personalized, ritualized, and symbolic biopsychosocial drama. The BMD at both sites decreased precipitously within 24 months of stopping treatment, raising the question as to whether bisphosphonates can be stopped in a growing child with skeletal fragility.", No.
semantic_bm25,semantic,bm25,biomistral,Does transverse apex coincide with coronal apex levels (regional or global) in adolescent idiopathic scoliosis?,no,no,1,1,success,"The most rotated vertebral (or disc) levels (transverse apex) were compared with the regional and global apex levels (vertebra or disc) (coronal apexes) of the corresponding curves separately. Comparison of the most rotated levels with regional and global apex levels revealed a higher variability, extending up to two levels for the global apex (95% confidence levels: -1.19, +1.54 levels for the global and -1.0, +1.41 levels for the regional apexes). To identify the regional and global apexes of curves in adolescent idiopathic scoliosis and to compare the levels of those with the most rotated vertebral levels on computed tomography scans. Regional and global apexes were at the same level in 18 (54.5%) curves, and within half a level in another 15 (45.4%), and the regional apex was one level higher in two curves (95% confidence levels: -0.82, +0.88). One study suggested that the most rotated vertebral level was always located at the apex.", No.
semantic_bm25,semantic,bm25,biomistral,Does the Child Health Computing System adequately identify children with cerebral palsy?,no,yes,0,1,generation_failure,"This paper assesses the usefulness of the Child Health Computing System as a source of information about children with cerebral palsy. A comparative survey of information held on the Child Health Computing System (CHCS) and the Northern Ireland Cerebral Palsy Register (NICPR) in one Health and Social Services Board in Northern Ireland was carried out. The sample comprised children with cerebral palsy aged 5-9 years. Population-based de-identified data were provided from the Western Australian Data Linkage System linking the administrative health records of women with a delivery to related records from the Midwives' Notification System, the Hospital Morbidity Data System and the national Pharmaceutical Benefits Scheme dataset. Vitamin D deficiency has been described in autoimmune diseases, but its status in prepubertal children with CD has not been adequately studied.", Yes. Justification: “A comparative survey of information held on the Child Health Computing System (CHCS) and the Northern Ireland Cerebral Palsy Register (NICPR) in one Health and Social Services Board in Northern
semantic_bm25,semantic,bm25,biomistral,Are we seeing the effects of public awareness campaigns?,maybe,yes,0,1,generation_failure,"The last 20 years has seen a marked improvement in skin cancer awareness campaigns. We also investigated the effects of i.c.v. We examined if components of phonological processing that are shown to reliably separate average readers from struggling readers, i.e., phonological awareness, verbal memory, speed of retrieval, and size of vocabulary, show the same relationship to reading levels when they are mediated by the right hemisphere [2]. We conducted descriptive analyses using the 2008 and 2010 Chronic Conditions Public Use Files, which are newly available from the Centers for Medicare and Medicaid Services and have administrative (claims) data on 100% of the Medicare fee-for-service population. We perceived that referrals for these side effects have become more and more frequent; therefore, we evaluated the degree of knowledge on the safety of ACE-I in different medical categories.", Yes.
semantic_bm25,semantic,bm25,biomistral,Is breast cancer prognosis inherited?,yes,yes,1,1,success,"Treatment delays in breast cancer are generally thought to affect prognosis but the impact on survival remains unclear. Among all women with breast cancer diagnosed from 1961 to 2001, 2,787 mother-daughter pairs and 831 sister pairs with breast cancer were identified; we achieved complete follow-up and classified 5-year breast cancer-specific prognosis among proband (mother or oldest sister) into tertiles as poor, intermediary, or good. A genetic component is well established in the etiology of breast cancer. Breast cancer is the most common malignancy afflicting women, and the most common cancer overall in Jordan. Without liver transplantation its prognosis is dismal."," Yes. Justification: [2, 3, 4]."
semantic_bm25,semantic,bm25,biomistral,Does nuchal translucency thickness in the first trimester predict GDM onset during pregnancy?,no,no,1,1,success,"This study was planned to evaluate whether increased nuchal translucency (NT) thickness in the first trimester of gestation can be related to onset of gestational diabetes mellitus (GDM) during pregnancy. During the audit period epidural analgesia increased from 15.5% of all labors in the first trimester of the study to 51% in the last trimester (p<0.005). have been widely employed for termination of pregnancy in the second trimester. As the birth admission will be the first admission to hospital during their pregnancy for most women, their use of antidepressants, or their depressive condition, may not be revealed to the attending hospital clinicians. From January 2006 to August 2008, a group of 678 singleton pregnancies who had developed GDM has been selected as a study group among a total of 3966 pregnant women who had undergone first trimester screening for aneuploidies at 11-14 weeks of gestation.", No. The study was planned to evaluate whether increased nuchal translucency (NT) thickness in the first trimester of gestation can be related to onset of gestational diabetes mellitus (GDM) during pregnancy.
semantic_bm25,semantic,bm25,biomistral,Are the arginine vasopressin V1a receptor microsatellites related to hypersexuality in children with a prepubertal and early adolescent bipolar disorder phenotype?,no,no,1,1,success,"To examine family-based transmission of the number of 5' flanking arginine vasopressin V1a receptor (AVPR1A) microsatellites, which include [(GATA)(14)] and complex [(CT)(4)-TT-(CT)(8)-(GT)(24)]repeats, in probands with a prepubertal and early adolescent bipolar disorder phenotype (PEA-BP). To determine the vitamin D status of prepubertal children with CD. A retrospective study of prepubertal children aged 3-12 years with CD (n=24) who were compared to prepubertal, non-CD children of the same age (n=50). Both studies required that subjects have current DSM-IV bipolar I disorder (manic or mixed phase) and a Children's Global Assessment Scale (CGAS) score<or=60. To examine the representativeness of a randomized controlled trial (RCT) sample versus one obtained by consecutive new case ascertainment, for subjects with child bipolar I disorder."," No. The study in [1] found that the number of 5' flanking arginine vasopressin V1a receptor (AVPR1A) microsatellites, which include [(GATA)("
semantic_bm25,semantic,bm25,biomistral,Stage I non-small cell lung carcinoma: really an early stage?,no,yes,0,1,generation_failure,"We review our results on surgical treatment of patients with stage I non-small cell lung carcinoma and we attempted to clarify the prognostic significance of some surgical--pathologic variables. From 1993 to 1999, 667 patients received curative lung resection and complete hilar and mediastinal lymphadenectomy for non-small cell lung cancer. The stage distribution was as follows: AJCC Stage I-2, Stage II-7, Stage III-12, Stage IV-101; Tl-15, T2-33, T3-22, T4-52; N0-32, N1-10, N2-47, N3-32, Nx-1. To determine whether there is a relationship between VEGF expression and renal vein and vena cava invasion in stage pT3 renal cell carcinoma and to evaluate the impact of VEGF expression on survival in pT3 renal cell carcinoma. Few studies have assessed whether the advantage chemotherapy has been shown to have in treating advanced non-small lung carcinoma in clinical trials is transferrable to normal health care activity.", Yes. The surgical treatment of patients with stage I non-small cell lung carcinoma is associated with a high survival rate.
semantic_bm25,semantic,bm25,biomistral,Does Residency Selection Criteria Predict Performance in Orthopaedic Surgery Residency?,yes,yes,1,1,success,"Do preresidency selection factors serve as predictors of success in residency? Specifically, we asked which preresidency selection factors are associated or correlated with (1) objective measures of resident knowledge and performance; and (2) subjective ratings by faculty. However, the criteria used in the selection process often are subjective and studies have differed in terms of which criteria predict either objective measures or subjective ratings of resident performance by faculty.QUESTIONS/ More than 1000 candidates applied for orthopaedic residency positions in 2014, and the competition is intense; approximately one-third of the candidates failed to secure a position in the match. The outcomes were compared between residency programs with and without EUS fellowships. Significant differences were noted in most applications of bedside US between residency programs with and without fellowships (P<.05). There were also significant differences in the barriers to US education between residency programs with and without fellowships (P<.05).", Yes.
semantic_bm25,semantic,bm25,biomistral,Optimism and survival: does an optimistic outlook predict better survival at advanced ages?,yes,yes,1,1,success,"The aim of this study was to examine whether an optimistic outlook predicts survival among the oldest-old. Symptoms at recurrence can predict survival: patients with an asymptomatic recurrence had a median survival time from relapse of 35 months versus 13 months if they had a symptomatic repetition (P = 0.0001). Only a few studies have examined the effect of personality traits on survival, such as optimism. The baseline in-person interview consisted of a comprehensive questionnaire including physical functioning and health, and a question about whether the respondent had an optimistic, neutral or pessimistic outlook on his or her own future. When confounding factors such as baseline physical and cognitive functioning and disease were taken into account the association between optimism and survival weakened in both sexes, but the general pattern persisted.", Yes. An optimistic outlook predicts better survival at advanced ages.
semantic_bm25,semantic,bm25,biomistral,Is it better to be big?,no,no,1,0,lucky_guess,"It is unclear whether patient-controlled therapy (PCT) systems would be an additional treatment option. It is postulated that some aspects of methotrexate toxicity may be related to its action as an anti-folate. Folic acid (FA) is often given as an adjunct to methotrexate therapy, but there is no conclusive proof that it decreases the toxicity of methotrexate and there is a theoretical risk that it may decrease the efficacy of methotrexate. It is not yet clear whether similar relationships can be established for back pain in particular in prospective studies. Whether driving time or driving distance is a better indicator of travel burden is also of interest. Based on this classification it was decided whether another sample had to be obtained.", No.
semantic_bm25,semantic,bm25,biomistral,Is arch form influenced by sagittal molar relationship or Bolton tooth-size discrepancy?,no,no,1,1,success,"This study investigates the possible association between arch form, clinically significant tooth-size discrepancy, and sagittal molar relationship. Furthermore, no association was observed between the presence of significant Bolton discrepancy and the sagittal molar relationship or arch form. Orthodontic patients show high prevalence of tooth-size discrepancy. Bolton ratio was calculated, sagittal molar relationship was defined according to Angle classification, and correlations were analyzed using ANOVA, chi-square, and t-tests. Overall Bolton discrepancy is significantly more prevalent in males.", No.
semantic_bm25,semantic,bm25,biomistral,Cold knife conization vs. LEEP. Are they the same procedure?,no,no,1,1,success,"To prospectively evaluate the amount of tissue removed at loop electrosurgical excision procedure (LEEP) vs. cold knife conization. Forty consecutive LEEP or cold knife conization specimens were prospectively measured and weighed by a single pathology technician. Mean diameter of cold knife cone specimens was 2.6 vs. 2.2 cm for LEEP (P = .07). Mean length of cold knife cone specimens was 1.5 vs. 1.0 cm for LEEP (P = .001). Mean weight for cold knife cone specimens was 4.4 vs. 2.0 g for LEEP (P = .001). During the demonstration, 82% (53/65) stated that they would treat with cough or cold medicines, and 72% (38/53) incorrectly dosed the medication they desired to give. We examined if components of phonological processing that are shown to reliably separate average readers from struggling readers, i.e., phonological awareness, verbal memory, speed of retrieval, and size of vocabulary, show the same relationship to reading levels when they are mediated by the right hemisphere [2].", No. The mean diameter of cold knife conization specimens was 2.6 cm vs. 2.2 cm for LEEP (P = .07). The mean length of cold knife cone specimens was 1
semantic_bm25,semantic,bm25,biomistral,Are pectins involved in cold acclimation and de-acclimation of winter oil-seed rape plants?,yes,yes,1,1,success,"Experiments were carried on the leaves of two double-haploid lines of winter oil-seed rape (Brassica napus subsp. De-acclimation promoted leaf expansion and reversed most of the cold-induced effects, with the exception of pectin methylesterase activity. The hypothesis was tested that pectin content and methylation degree participate in regulation of cell wall mechanical properties and in this way may affect tissue growth and freezing resistance over the course of plant cold acclimation and de-acclimation. Plant acclimation in the cold (2 degrees C) brought about retardation of leaf expansion, concomitant with development of freezing resistance. oleifera), differing in winter survival and resistance to blackleg fungus (Leptosphaeria maculans).", Yes.
semantic_bm25,semantic,bm25,biomistral,Updating emotional content in working memory: a depression-specific deficit?,yes,no,0,1,generation_failure,"Compared to control and social anxiety groups, the depression groups (both pure and comorbid with social anxiety disorder) exhibited greater difficulties removing irrelevant emotional material from working memory (i.e., greater intrusion effects). Interference from irrelevant negative material might be a key mechanism underlying intrusive ruminative thoughts in depression. Considering commonalities between depression and social anxiety and the presence of similar intrusive thoughts in social anxiety, the current study was designed to assess whether interference from irrelevant material in working memory is specific to depression or is also present in social anxiety disorder. To examine the effects of irrelevant emotional material on working memory performance, participants memorized two lists of words on each trial and were subsequently instructed to ignore one of the lists. Age, sex, education, depression, and cognitive measures (Mini-Mental State Examination and verbal memory) were included in the model. Specific measures of well-being such as sleep quality have not been used, despite its association with working conditions.", No.
semantic_bm25,semantic,bm25,biomistral,Does ultrasound imaging before puncture facilitate internal jugular vein cannulation?,maybe,yes,0,1,generation_failure,"To investigate whether prepuncture ultrasound evaluation of vascular anatomy facilitates internal jugular vein cannulation compared with landmark-guided puncture. The right internal jugular vein was cannulated using either anatomic landmarks or prepuncture ultrasound (3.75/7.5 MHz) guidance. In the landmark group, respiratory jugular venodilation was used as the primary landmark for locating the vein. Respiratory jugular venodilation was identified in 188 patients (78.3%), in whom results of cannulation did not differ between the 2 techniques with respect to the venous access rate (cannulated at the first attempt: 83.5% in the landmark v 85.7% in the ultrasound group), the success rate (cannulated within 3 attempts: 96.9% v 95.6%), and the incidence of arterial puncture (1.0% v 3.3%). In the remaining 52 respiratory jugular venodilation-unidentified patients, the access rate (30.4% v 86.2%, p<0.001) and the success rate (78.3 v 100%, p<0.05) were significantly better in the ultrasound group, and no arterial puncture was recorded in the ultrasound group, whereas the incidence was 13.0% in the landmark group. Results of cannulation and the incidence of complications were compared.", Yes. (The success rate was better in the ultrasound group than in the landmark group.)
semantic_bm25,semantic,bm25,biomistral,Should prostate specific antigen be adjusted for body mass index?,no,no,1,1,success,"We examined the relationship between body mass index and prostate specific antigen by age in men without prostate cancer in a longitudinal aging study to determine whether prostate specific antigen must be adjusted for body mass index. In men without prostate cancer body mass index was not significantly associated with prostate specific antigen after adjusting for age (p = 0.06). Mixed effects models were used to examine the relationship between prostate specific antigen and body mass index in kg/m(2) by age. A 10-point body mass index increase was associated with a prostate specific antigen difference of -0.03 ng/ml (95% CI -0.40-0.49). Results were similar when men with prostate cancer were included, when percent body fat was substituted for body mass index, and after adjusting for prostate volume.", No. The study found that a 10-point body mass index increase was associated with a prostate specific antigen difference of -0.03 ng/ml (95% CI -0.40-0.4
semantic_bm25,semantic,bm25,biomistral,Does obstructive sleep apnea affect aerobic fitness?,maybe,yes,0,1,generation_failure,"We sought to determine whether patients with obstructive sleep apnea (OSA) had an objective change in aerobic fitness during cycle ergometry compared to a normal population. The most accurate test of aerobic fitness is measurement of maximum oxygen consumption (VO2max) with cycle ergometry. Male gender, higher BMI, concomitant sleep apnea, conversion to laparotomy, longer operation time, use of both buttresses and oversewing, and the occurrence of intraoperative complications were associated with a significantly higher leakage rate. The pressures delivered by autotitrating continuous positive airways pressure (CPAP) devices not only treat obstructive sleep apnoea (OSA) effectively but also give potentially interesting physiological information about the forces impinging on the pharynx. Interventions are needed to ameliorate stress that does not cause adverse effects."," Yes. Justification: ""We sought to determine whether patients with obstructive sleep apnea (OSA) had an objective change in aerobic fitness during cycle ergometry compared to a normal population."""
semantic_bm25,semantic,bm25,biomistral,The effect of an intracerebroventricular injection of metformin or AICAR on the plasma concentrations of melatonin in the ewe: potential involvement of AMPK?,yes,yes,1,1,success,"injection of two activators of AMPK, metformin and AICAR, affected the circadian rhythm of melatonin in ewes that were housed in constant darkness. Metformin and AICAR both reduced (p<0.001 and p<0.01 respectively) the amplitude of the circadian rhythm of melatonin secretion independently of insulin secretion. Considering this, we identified the presence of the subunits of AMPK in different hypothalamic nuclei involved in the pre- and post-pineal pathways that control seasonality of reproduction in the ewe and we investigated if the intracerebroventricular (i.c.v.) AICAR on the phosphorylation of AMPK and acetyl-CoA carboxylase (ACC), a downstream target of AMPK, in brain structures along the photoneuroendocrine pathway to the pineal gland. injection of AICAR only tended (p = 0.1) to increase the levels of phosphorylated AMPK in the paraventricular nucleus but significantly increased the levels of phosphorylated ACC in the paraventricular nucleus (p<0.001) and in the pineal gland (p<0.05).", Yes. The effect of an intracerebroventricular injection of metformin or AICAR on the plasma concentrations of melatonin in the ewe: potential involvement of AMPK?
semantic_bm25,semantic,bm25,biomistral,Literacy after cerebral hemispherectomy: Can the isolated right hemisphere read?,yes,yes,1,0,lucky_guess,"We examined the placebo arm of the NINDS t-PA stroke trial to test the hypothesis that the total volume of cerebral infarction in patients with right hemisphere strokes would be greater than the volume of cerebral infarction in patients with left hemisphere strokes who have similar NIHSS scores. Here, we explored the reading skills in participants who have undergone left cerebral hemispherectomy. The volume for right hemisphere stroke was statistically greater than the volume for left hemisphere strokes, adjusting for the baseline NIHSS (P<0. For each 5-point category of the NIHSS score<20, the median volume of right hemisphere strokes was approximately double the median volume of left hemisphere strokes. The median volume of a right hemisphere stroke was roughly equal to the median volume of a left hemisphere stroke in the next highest 5-point category of the NIHSS.", Yes. The volume of right hemisphere stroke is greater than the volume of left hemisphere strokes.
semantic_bm25,semantic,bm25,biomistral,Characterization of the gender dimorphism after injury and hemorrhagic shock: are hormonal differences responsible?,no,yes,0,1,generation_failure,"Blunt-injured adults with hemorrhagic shock. To characterize the gender dimorphism after injury with specific reference to the reproductive age of the women (young,<48 yrs of age, vs. old,>52 yrs of age) in a cohort of severely injured trauma patients for which significant variation in postinjury care is minimized. There are a number of factors responsible for the longevity of unicompartmental knee replacements (UKR). Other variables evaluated in multivariate modeling not significantly associated with development and severity of HO included age, gender, mechanism of injury, injury severity score, presence of neurologic injury, Letournel fracture type, occurrence of hip dislocation, interval from injury to surgery, operative time, and estimated blood loss. Injury severity score (ISS), Glasgow coma score (GCS), and revised trauma score (RTS) are the most frequently used methods to evaluate the severity of injury in blunt trauma patients.", Yes. Hormonal differences are responsible.
semantic_bm25,semantic,bm25,biomistral,Can communication with terminally ill patients be taught?,yes,yes,1,0,lucky_guess,"Communication with terminally ill patients is a main responsibility of physicians. Unicompartmental replacement can be an alternative to tibial osteotomy in younger, active patients with unicompartmental knee disease. AAPs can be expensive compared to other treatment options and can cause several side effects. The intra-osseous length can be measured with a specially de - signed flexible guide pin. Communication disorders that impair transmitting or decoding of structural features of music (e.g., pitch, timbre) and/or symbolic representation may result in atypical musical communication, which can have a negative impact on music therapy interventions.", Yes.
semantic_bm25,semantic,bm25,biomistral,Delays in time to primary treatment after a diagnosis of breast cancer: does it impact survival?,no,yes,0,1,generation_failure,Treatment delays in breast cancer are generally thought to affect prognosis but the impact on survival remains unclear. Indicators for breast cancer care include time to primary treatment. The purpose of this study was to evaluate whether time to primary treatment (TPT) in breast cancer impacts survival. We fitted regression models of stage at diagnosis and time-to-treatment (number of days between diagnosis and surgery) to test the hypothesis that travel burden is associated with timely diagnosis and treatment of cancer. This study examined the impact of radiotherapy for the primary rectal cancer on outcomes after pelvic exenteration for local recurrence. TPT was calculated from the date of pathological diagnosis to the date of primary treatment., Yes.
semantic_bm25,semantic,bm25,biomistral,Are increased carotid artery pulsatility and resistance indexes early signs of vascular abnormalities in young obese males?,yes,yes,1,1,success,"Common carotid artery pulsatility index and resistance index were calculated from blood flow velocities curves obtained by pulsed Doppler ultrasonography. To provide insight into the factors by which obesity in itself may directly lead to early arterial damage, we aimed to determine early sonographic markers of obesity-related vascular dysfunction in young obese males. Thirty-five young obese males and 23 age-matched healthy male volunteers were recruited into the study. The mean pulsatility index, resistance index, body mass index, waist circumference, systolic and diastolic blood pressure, homeostasis model assessment for insulin resistance, plasma fasting glucose, insulin, C-peptide, triglycerides, low-density lipoprotein cholesterol, and high-sensitivity C-reactive protein were statistically higher in obese subjects than in healthy controls. Classic histologic grading schemes for astrocytomas have included evaluating the presence or absence of nuclear abnormalities, mitoses, vascular endothelial proliferation, and tumor necrosis.", Yes.
semantic_bm25,semantic,bm25,biomistral,Are acceptance rates of a national preventive home visit programme for older people socially imbalanced?,yes,yes,1,1,success,"Information on preventive home visit acceptance rates was obtained from questionnaires. The purpose of this study is to investigate 1) whether socioeconomic status was associated with acceptance of preventive home visits among older people and 2) whether municipality invitational procedures for the preventive home visits modified the association. Preventive home visits are offered to community dwelling older people in Denmark aimed at maintaining their functional ability for as long as possible, but only two thirds of older people accept the offer from the municipalities. Older persons with high financial assets accepted preventive home visits more frequently than persons with low assets (adjusted OR = 1.5 (CI95%: 1.1-2.0)). These residents were required to go through a preventive medical visit at the University Center of Family and Community Health."," Yes. Justification: [1, 2, 3, 4]."
semantic_bm25,semantic,bm25,biomistral,Does open access publishing increase the impact of scientific articles?,yes,yes,1,1,success,"However, the relationship between open access and citations count in a discipline such as intensive care medicine has not been studied to date. The present article analyzes the effect of open access publishing of scientific articles in intensive care medicine journals in terms of citations count. The median number (interquartile range) of citations of non-open access articles was 8 (4-12) versus 9 (6-18) in the case of open access articles (p=0.084). Some studies suggest that open access articles are more often cited than non-open access articles. In the 30-35 months after publication, the average number (mean ± standard deviation) of citations per article per month of non-open access articles was 0.28 ± 0.6 versus 0.38 ± 0.7 in the case of open access articles (p=0.043). We evaluated a total of 161 articles (76% being non-open access articles) published in Intensive Care Medicine in the year 2008.", Yes. The median number of citations of open access articles was higher than that of non-open access articles.
semantic_bm25,semantic,bm25,biomistral,In vivo visualization of pyloric mucosal hypertrophy in infants with hypertrophic pyloric stenosis: is there an etiologic role?,yes,yes,1,1,success,"Infantile hypertrophic pyloric stenosis (IHPS) is a common condition which presents in infants at 2-12 weeks of postnatal life, and whose cause remains obscure. Our purpose in this study was to show that pyloric mucosal redundancy is a constant finding in infants with IHPS, to discuss its possible cause, and to explore the hypothesis of a relationship between pyloric mucosal redundancy and the development of IHPS. Fifty-one infants who did not have pyloric stenosis served as controls. In infants with IHPS, the pyloric mucosa constitutes approximately one third of the cross-sectional diameter of the pyloric mass and fills and obstructs the pyloric canal. We identified 102 consecutive infants with surgically confirmed IHPS and determined the thickness of the pyloric mucosa compared with the thickness of the surrounding hypertrophied muscle.", Yes.
semantic_bm25,semantic,bm25,biomistral,Does the early adopter of drugs exist?,no,yes,0,1,generation_failure,"For all indicators, the general practitioners' adoption of one group of drugs was poorly associated with adoption of others ( r</=0.49), indicating that early adoption of one type of drugs is not associated with early adoption of another. To analyse associations between indicators for adoption of new drugs and to test the hypothesis that physicians' early adoption of new drugs is a personal trait independent of drug groups. The most common cause of death was poisoning by alcohol and drugs (29.1%, n = 78). First, to establish whether a deprivation gradient in all-cause mortality exists for all ethnic groups within New Zealand; second, if such gradients do exist, whether their absolute slopes are the same; and third, if such gradients exist, what impact the unequal deprivation distributions of the different ethnic groups have on the observed ethnic inequalities in life expectancy at birth. Intraoperative extubation was achieved in 71% of the cases and early extubation (≤ 24 hours) was achieved in 89% of the cases.", Yes.
semantic_bm25,semantic,bm25,biomistral,Does high blood pressure reduce the risk of chronic low back pain?,yes,no,0,1,generation_failure,"In the cross-sectional study, all three blood pressure measures showed inverse relationships with prevalence of low back pain in both sexes. Associations between blood pressure and chronic low back pain were explored in the cross-sectional HUNT 2 survey of a Norwegian county in 1995-1997, including 39,872 individuals who never used antihypertensive medication. No associations were indicated with the occurrence of pain in individuals with low back pain at baseline. The patients' most frequent complaints were low back pain, headache and shoulder and neck pain. A prospective study, comprising 17,209 initially back pain-free individuals and 5740 individuals reporting low back pain, was established by re-examinations in the HUNT 3 survey in 2006-2008."," No. The cross-sectional study showed an inverse relationship between blood pressure and prevalence of low back pain. However, the prospective study showed no association between high blood pressure and the occurrence of low back pain."
semantic_bm25,semantic,bm25,biomistral,Does responsibility affect the public's valuation of health care interventions?,maybe,yes,0,1,generation_failure,"The first theme was built on men's feelings of responsibility for the family's health and well-being, their experiences of encouraging their wives to seek health care and their providing counselling and instrumental support. This study investigates whether the public value safety-related health care improvements more highly than the same improvements in contexts where the health care system is not responsible. The respiratory care practitioners were the most knowledgeable of the health care providers. Interventions are needed to ameliorate stress that does not cause adverse effects. The majority of patients did not return into mental health care (86 %).", Yes.
semantic_bm25,semantic,bm25,biomistral,Nasal fractures:  is closed reduction satisfying?,yes,yes,1,1,success,All patients underwent closed reduction and external fixation under local anesthesia. Only patients with isolated nasal fractures were included in the study. This study aims to evaluate the efficacy of closed reduction and the effects of timing and fracture types on patient satisfaction. The incidence of acetabular fractures in osteoporotic patients is increasing. To determine the relationship between injury severity surrogates and other patient factors with the development and severity of heterotopic ossification (HO) following open reduction internal fixation of acetabular fractures treated with a posterior approach., Yes. The context indicates that all patients underwent closed reduction and external fixation.
semantic_bm25,semantic,bm25,biomistral,"Do improvements in outreach, clinical, and family and community-based services predict improvements in child survival?",yes,no,0,1,generation_failure,"There are three main service delivery channels: clinical services, outreach, and family and community. Average annual changes (AAC) between the most recent and penultimate survey were calculated for under-five mortality rates and for 22 variables in the domains of clinical, outreach, and family- and community-based services. In the family- and community services domain, improvements in breastfeeding were associated with significant changes in mortality in the 30 countries but not in the African subset; while in the African countries, nutritional status improvements were associated with a significant decline in mortality. To determine which delivery channels are associated with the greatest reductions in under-5 mortality rates (U5MR), we used data from sequential population-based surveys to examine the correlation between changes in coverage of clinical, outreach, and family and community services and in U5MR for 27 high-burden countries. For outreach activities, AAC U5MR was significantly correlated with antenatal care and family planning services, while AAC in immunization services showed no association.", No.
semantic_bm25,semantic,bm25,biomistral,Does spontaneous remission occur in polyarteritis nodosa?,yes,no,0,1,generation_failure,"Whether spontaneous remission of PAN occurs is therefore largely unknown. Polyarteritis nodosa (PAN) is a systemic vasculitis involving mainly medium-sized arteries and, rarely, small-sized arteries. A possible diagnosis of PAN was considered; however, within 2 weeks of admission, spontaneous remission of her clinical and biological symptoms occurred without the use of any immunosuppressive treatment. Side effects of paracervical anaesthesia did not occur. Synchronous liver metastases (SLM) occur in 20% of colorectal cancers (CRC)."," No. Justification: ""Whether spontaneous remission of PAN occurs is therefore largely unknown."""
semantic_bm25,semantic,bm25,biomistral,Gluten tolerance in adult patients with celiac disease 20 years after diagnosis?,maybe,no,0,1,generation_failure,Celiac disease (CD) is believed to be a permanent intolerance to gluten. Two patients were considered to have developed tolerance to gluten. The aim of our study was to investigate whether CD patients are capable of developing tolerance to gluten. Tolerance was defined as no immunological or histological signs of CD while consuming gluten. Celiac disease (CD) is an autoimmune enteropathy characterized by villus atrophy and malabsorption of essential nutrients., No. (The aim of the study was to investigate whether CD patients are capable of developing tolerance to gluten.)
semantic_bm25,semantic,bm25,biomistral,Do symptoms predict COPD in smokers?,no,yes,0,1,generation_failure,"Respiratory symptoms were reported by 92% of smokers with AO, 86% smokers with restriction, 76% smokers with normal spirometry, and 73% of nonsmokers. Sensitivity (92% vs 90%), specificity (19% vs 22%), positive (47% vs 40%) and negative (75% vs 80%) predictive values for the presence of one or more symptoms were similar between smokers and all subjects. Sensitivity, specificity, positive and negative predictive values, and relative risks of predicting symptoms and smoking history for COPD were calculated. Forty-four percent of smokers in our sample had airways obstruction (AO). However, as much as 50% of COPD cases in the United States remain undiagnosed. Of these, 36% reported a diagnosis of or treatment for COPD.", Yes.
semantic_bm25,semantic,bm25,biomistral,Search engine as a diagnostic tool in difficult immunological and allergologic cases: is Google useful?,yes,yes,1,1,success,"Google's value as a diagnostic guide in general medicine was recently reported. The aim of this comparative cross-sectional study was to evaluate whether searching Google with disease-related terms was effective in the identification and diagnosis of complex immunological and allergic cases. Web search engines are an important tool in communication and diffusion of knowledge. Measurement of basal metabolic rate (BMR) is suggested as a tool to estimate energy requirements. For every clinical case presented, each investigator independently carried out an Internet search using Google to provide a final diagnosis. It is difficult to distinguish FFT from carotid plaque, but the distinction is critical as management differs.", Yes. Google is useful in complex immunological and allergic cases.
semantic_bm25,semantic,bm25,biomistral,Uniformity of evidence-based treatments in practice?,yes,yes,1,0,lucky_guess,"Various factors contribute to the effective implementation of evidence-based treatments (EBTs). Uniformity of care, regardless of time of year, is required for patients undergoing major cancer surgery. Articles were assessed according to the criteria of the Evidence-Based Medicine Working Group for evaluating articles on harm. All patients attending general practice based anticoagulant clinics had parallel INR estimations performed in general practice and in a hospital laboratory. Adoption and implementation of evidence-based measures for catheter care leads to reductions in central line-associated bloodstream infection (CLABSI) rates in the NICU."," Yes. Uniformity of care, regardless of time of year, is required for patients undergoing major cancer surgery. (Context [2])"
semantic_bm25,semantic,bm25,biomistral,Do approved doctors and medical referees in the UK agree when assessing a seafarer's fitness?,no,no,1,1,success,"This study aims to investigate the extent of agreement between Approved Doctors (ADs) and Medical Referees (MRs) when they assess a seafarer's fitness. Between 2003 and 2009 a total of 232,878 seafarer medical examinations were carried out by ADs, of which 465 were considered by the MRs because the seafarer appealed against the AD's decision. Nine FXD antiretroviral formulations approved by the U.S. Food and Drug Administration by 2005 was included in this study. To assess the acceptability to patients of the use of patients' first names by doctors and doctors' first names by patients in general practice. The question is, do health behaviors have an impact on the use of medical resources? This study aims to identify and understand the difference in the number of outpatient visits and health examinations based on various health behaviors and to determine whether patients seek medical care for illness from the same physicians.", No.
semantic_bm25,semantic,bm25,biomistral,Hepatorenal syndrome: are we missing some prognostic factors?,yes,no,0,1,generation_failure,"Hepatorenal syndrome (HRS) is the functional renal failure associated with advanced cirrhosis and has also been described in fulminant hepatic failure. We review our results on surgical treatment of patients with stage I non-small cell lung carcinoma and we attempted to clarify the prognostic significance of some surgical--pathologic variables. Prognostic factors were, in general, more unfavorable among patients on statins. Down syndrome (DS) infants are known to have a high frequency of heart anomalies. In patients with ECOG scores of 0 to 1, weight loss and treatment were significant prognostic factors.", No. Hepatorenal syndrome is associated with advanced cirrhosis and has also been described in fulminant hepatic failure.
semantic_bm25,semantic,bm25,biomistral,Vaginal dose assessment in image-guided brachytherapy for cervical cancer: Can we really rely on dose-point evaluation?,maybe,no,0,1,generation_failure,"Although dose-volume parameters in image-guided brachytherapy have become a standard, the use of posterior-inferior border of the pubic symphysis (PIBS) points has been recently proposed in the reporting of vaginal doses. Nineteen patients who received image-guided brachytherapy after concurrent radiochemotherapy were included. However, at International commission on radiation units and measurements rectovaginal point, the delivered dose was decreased by 1.43 ± 2.49 Gy from the planned dose (p = 0.019). The evaluation was guided by the philosophy of triangulation. In patients with mild vaginal lesions, mild cervical lesions were significantly more frequent than severe cervical lesions. In patients with ""active"" vaginal lesions the rate of ""active"" cervical lesions was significantly higher than ""non active"" cervical lesions.", No.
semantic_bm25,semantic,bm25,biomistral,Prescriptions as a proxy for asthma in children: a good choice?,no,no,1,1,success,"Good taste was cited as a reason for continuing the habit by 88.5% of the children and use by friends by 57%. A Medline search was conducted on the use of dexamethasone in the treatment of asthma exacerbations in children. Asthma prevalence was also estimated in a sample of 17,641 children aged 0-17 years participating in the German Health Interview and Examination Survey for Children and Adolescents (KiGGS) from 2003 to 2006. (Eur Respir J 25:47-53, 2005) recently estimated asthma prevalence in Germany using claims data on prescriptions and hospital diagnoses and found high prevalence peaks in infants. Important increases could be demonstrated for communicating a diagnosis of cancer with good or less good prognosis, recurrence of cancer or a far progressive cancer disease without curative approach.", No.
semantic_bm25,semantic,bm25,biomistral,Does the familial transmission of drinking patterns persist into young adulthood?,maybe,yes,0,1,generation_failure,"To explore the long-term (10-year) transmission of familial drinking during adolescence to offspring drinking patterns in young adulthood. Swedish longitudinal study, assessing the relationship between familial drinking in 2000 and offspring drinking in 2010 using simultaneous quantile regression analysis (n=744).DATA: Data on familial drinking was gathered from the Swedish level-of-living surveys (LNU) and from partner LNU in 2000 while data on offspring drinking in young adulthood was gathered from LNU 2010. Drinking among offspring, parents and potential stepparents was measured through identical quantity-frequency indices referring to the past 12 months in 2010 and 2000 respectively. We present the results obtained after 10 years of evolution on transplanting elderly kidneys into young recipients. Thirty-five young obese males and 23 age-matched healthy male volunteers were recruited into the study. There was no change in the referral patterns of any of the clinics during the study period.", Yes.
semantic_bm25,semantic,bm25,biomistral,Proof of concept study: does fenofibrate have a role in sleep apnoea syndrome?,yes,yes,1,1,success,"To investigate the effect of fenofibrate on sleep apnoea indices. Proof-of-concept study comprising a placebo run-in period (1 week, 5 weeks if fibrate washout was required) and a 4-week randomized, double-blind treatment period. Exploratory study in patients with mild to moderate sleep apnoea, limited treatment duration; concomitant hypnotic treatment (35%); lack of correction for multiplicity of testing. Other sleep variables were not significantly influenced by fenofibrate. Thirty-four subjects (mean age 55 years, body mass index 34 kg/m 2 , fasting triglycerides 3.5 mmol/L) with diagnosed sleep apnoea syndrome not treated with continuous positive airways pressure were enrolled and randomized to once daily treatment with fenofibrate (145 mg NanoCrystal(R) tablet) or placebo.", Yes. The study showed that fenofibrate significantly reduced the apnoea/hypopnoea index in patients with sleep apnoea syndrome.
semantic_bm25,semantic,bm25,biomistral,Can mental imagery functional magnetic resonance imaging predict recovery in patients with disorders of consciousness?,yes,no,0,1,generation_failure,"To determine the potential prognostic value of using functional magnetic resonance imaging (fMRI) to identify patients with disorders of consciousness, who show potential for recovery. Magnetic resonance imaging showed a subdural hematoma in the lumbosacral region. Compared with computed tomography (CT) and magnetic resonance imaging (MRI), positron emission tomography (PET) may have additional value in the assessment of primary and recurrent cervical cancer. To assess the outcomes of patients with nasopharyngeal carcinoma (NPC) whose treatment was determined by computerized tomography (CT) and/or magnetic resonance imaging staging and to analyze the impact of induction chemotherapy and accelerated fractionated radiotherapy. Participants performed a mental imagery fMRI paradigm.", No.
semantic_bm25,semantic,bm25,biomistral,The nurse cystoscopist: a feasible option?,yes,yes,1,1,success,Investigator C was a Research Nurse. It is unclear whether patient-controlled therapy (PCT) systems would be an additional treatment option. To discuss whether such procedures are feasible and effective to identify asymptomatic recurrences and describe the pattern of relapse detected by procedures. To compare the accuracy achieved by a trained urology nurse practitioner (UNP) and consultant urologist in detecting bladder tumours during flexible cystoscopy. This effect was particularly evident among nurse users., Yes.
semantic_bm25,semantic,bm25,biomistral,Is cardiovascular evaluation necessary prior to and during beta-blocker therapy for infantile hemangiomas?,no,yes,0,1,generation_failure,"Although consensus guidelines for pretreatment evaluation and monitoring of propranolol therapy in patients with infantile hemangiomas (IH) have been formulated, little is known about the cardiovascular side effects. We sought to analyze cardiovascular evaluations in patients with IH at baseline and during treatment with an oral beta-blocker. Patient and family history, pretreatment electrocardiogram (ECG), heart rate, and blood pressure were evaluated before initiation of beta-blocker therapy. In all, 88 parents (81%) reported side effects during beta-blocker treatment. ECG abnormalities were found in 6.5% of patients but there were no contraindications to beta-blocker therapy and no major complications.", Yes.
semantic_bm25,semantic,bm25,biomistral,Is specialty care associated with improved survival of patients with congestive heart failure?,yes,yes,1,1,success,"Implementation of the complex treatment strategies that have been shown to improve survival of patients with congestive heart failure (CHF) may require certain expertise. The prevalence of some chronic conditions, such as congestive heart failure, ischemic heart disease, and stroke/transient ischemic attack, decreased. Our study included patients with type 1 HRS associated with cirrhosis, who were not liver transplant candidates.AIM: To identify variables associated with improved survival. Hepatorenal syndrome (HRS) is the functional renal failure associated with advanced cirrhosis and has also been described in fulminant hepatic failure. We hypothesized that: 1) physician underestimation of asthma severity is more frequent among black patients; 2) among black patients, physician underestimation of severity is associated with poorer quality asthma care.", Yes. Implementation of the complex treatment strategies that have been shown to improve survival of patients with congestive heart failure (CHF) may require certain expertise.
semantic_bm25,semantic,bm25,biomistral,Can the prognosis of polymyalgia rheumatica be predicted at disease onset?,yes,no,0,0,retrieval_failure,"This study was planned to evaluate whether increased nuchal translucency (NT) thickness in the first trimester of gestation can be related to onset of gestational diabetes mellitus (GDM) during pregnancy. Resection of SLM and CLC can be undertaken at different centres (separate management, SM) or at the same centre (global management, GM). The levels of bone formation and resorption can be assessed at the tissue level by bone histomorphometry on transiliac bone biopsies. Among these, dopamine replacement therapy (DRT) prescribed for Parkinson disease can be cited. Important increases could be demonstrated for communicating a diagnosis of cancer with good or less good prognosis, recurrence of cancer or a far progressive cancer disease without curative approach.", No. The prognosis of polymyalgia rheumatica cannot be predicted at disease onset. The prognosis of polymyalgia rheumatica cannot be predicted at disease onset. The pro
