condition_id,chunker,retriever,model,question,gold,answer,correct,retrieval_hit,failure_type,retrieved_text,raw_output
sentence_hybrid,sentence,hybrid,mistral,Do mitochondria play a role in remodelling lace plant leaves during programmed cell death?,yes,yes,1,1,success,"The role of mitochondria during PCD has been recognized in animals; however, it has been less studied during PCD in plants. This treatment resulted in lace plant leaves with a significantly lower number of perforations compared to controls, and that displayed mitochondrial dynamics similar to that of non-PCD cells. The lace plant (Aponogeton madagascariensis) produces perforations in its leaves through PCD. Programmed cell death (PCD) is the regulated death of cells within an organism. The following paper elucidates the role of mitochondrial dynamics during developmentally regulated PCD in vivo in A. madagascariensis.","Yes

Justification: The text states that the treated lace plant leaves displayed mitochondrial dynamics similar to that of non-PCD cells, suggesting that mitochondria are involved in the remodelling process during PCD in"
sentence_hybrid,sentence,hybrid,mistral,Landolt C and snellen e acuity: differences in strabismus amblyopia?,no,maybe,0,1,generation_failure,"Differences between Landolt C acuity (LR) and Snellen E acuity (SE) were small. In this study, visual acuity measured with the Snellen E was compared to the Landolt C acuity. Charts with the Snellen E and the Landolt C (Precision Vision) which mimic the ETDRS charts were used to assess visual acuity. Since optotypes are evaluated on individuals with good visual acuity and without eye disorders, differences in the lower visual acuity range cannot be excluded. The mean decimal values for LR and SE were 0.25 and 0.29 in the entire group and 0.14 and 0.16 for the eyes with strabismus amblyopia.","Maybe

Justification: The differences between Landolt C and Snellen E acuity were smaller in the entire group, but they were smaller still for the eyes with strabismus amblyopia, suggesting that differences may be more pronounced in"
sentence_hybrid,sentence,hybrid,mistral,"Syncope during bathing in infants, a pediatric form of water-induced urticaria?",yes,maybe,0,1,generation_failure,"After a 2-7 year follow-up, three out of seven infants continue to suffer from troubles associated with sun or water. The hypothesis of an equivalent of aquagenic urticaria was then considered; as for patients with this disease, each infant's family contained members suffering from dermographism, maladies or eruption after exposure to water or sun. Apparent life-threatening events in infants are a difficult and frequent problem in pediatric practice. Eight infants aged 2 to 15 months were admitted during a period of 6 years; they suffered from similar maladies in the bath: on immersion, they became pale, hypotonic, still and unreactive; recovery took a few seconds after withdrawal from the bath and stimulation. Infantile hypertrophic pyloric stenosis (IHPS) is a common condition which presents in infants at 2-12 weeks of postnatal life, and whose cause remains obscure.","Maybe

Justification: The context suggests a possible link between infants' troubles during bathing and water-induced urticaria, as the hypothesis of aquagenic urticaria was considered due to similarities in symptoms ("
sentence_hybrid,sentence,hybrid,mistral,Are the long-term results of the transanal pull-through equal to those of the transabdominal pull-through?,no,maybe,0,1,generation_failure,"This study examined the long-term outcome of TERPT versus conventional transabdominal (ABD) pull-through for HD. The transanal endorectal pull-through (TERPT) is becoming the most popular procedure in the treatment of Hirschsprung disease (HD), but overstretching of the anal sphincters remains a critical issue that may impact the continence. The puncture was extended to create a 1.5-cm incision using a pull-type sphincterotome, and a double-channel endoscope was advanced into the peritoneal cavity. Our objective in this study was to determine whether the decision to manage a contralateral hydrocele in cases of neonatal testicular torsion solely through a scrotal approach is safe and effective. All hydroceles were opened through a scrotal approach at the time of contralateral scrotal fixation.","Maybe

Justification: The study compares the long-term outcome of TERPT versus conventional transabdominal (ABD) pull-through for HD, but it does not provide specific long-term results, only that TER"
sentence_hybrid,sentence,hybrid,mistral,Can tailored interventions increase mammography use among HMO women?,yes,yes,1,1,success,"This study addressed the question: Compared to usual care, is tailored telephone counseling more effective than tailored print materials for promoting mammography screening? Telephone counseling and tailored print communications have emerged as promising methods for promoting mammography screening. Furthermore, compared to usual care, telephone counseling was more effective than tailored print materials at promoting being on schedule with screening during 1996 and 1997 among women who were off-schedule during the previous year. Compared to usual care alone, telephone counseling promoted a significantly higher proportion of women having mammograms on schedule (71% vs 61%) than did tailored print (67% vs 61%) but only after the first year of intervention (during 1996). Women were randomized to 1 of 3 groups: (1) usual care, (2) tailored print communications, and (3) tailored telephone counseling.","Yes

Justification: The study shows that tailored telephone counseling, compared to usual care, was more effective at promoting mammography screening among women in an HMO (Health Maintenance Organization) setting (Group 3 in the context)."
sentence_hybrid,sentence,hybrid,mistral,Double balloon enteroscopy: is it efficacious and safe in a community setting?,yes,maybe,0,0,retrieval_failure,"Our objective in this study was to determine whether the decision to manage a contralateral hydrocele in cases of neonatal testicular torsion solely through a scrotal approach is safe and effective. The aim of the study was to see whether or not balloon predilatation is necessary in transcatheter aortic valve replacement (TAVI). We reviewed the literature to determine if there is sufficient evidence that dexamethasone can be used as an effective alternative in the treatment of pediatric asthma exacerbations in the inpatient setting. Although selective and non-selective methods of preoperative carotid screening have been advocated, it remains unclear if this screening is clinically relevant.AIM: To test whether selective carotid screening is as effective as non-selective screening in detecting significant carotid disease. The use of a balloon expandable stent valve includes balloon predilatation of the aortic stenosis before valve deployment.","Maybe

Justification: The question is not directly addressed in the provided context. However, the context does mention the use of balloon predilatation in two different medical procedures (TAVI and aortic stenosis), suggesting that"
sentence_hybrid,sentence,hybrid,mistral,30-Day and 1-year mortality in emergency general surgery laparotomies: an area of concern and need for improvement?,maybe,yes,0,1,generation_failure,"The aim of this study was to analyse the 30-day mortality, age-related 30-day mortality and 1-year mortality following emergency laparotomy. Emergency surgery is associated with poorer outcomes and higher mortality with recent studies suggesting the 30-day mortality to be 14-15%. The primary end point of the study was 30-day mortality, age-related 30-day mortality and 1-year all-cause mortality. The relative risks of 30 day and 1 year mortality compared with patients with normal fB-glu was 1.7 [95% confidence interval (CI): 0.5-5.5] and 2.9 (CI: 0.8-11.2) with IFG, 2.8 (CI: 1.1-7.2) and 1.9 (CI: 0.5-6.3) with SDM vs. 1.8 (CI: 0.8-4.0) and 1.6 (CI: 0.6-4.3) if CDM, respectively. The outcomes of interest were margins, lymph node yield, receipt of neoadjuvant chemoradiation, adjuvant chemotherapy, readmission within 30 days, 30-day and 90-day mortality, and 5-year overall survival.","Yes

Justification: The 30-day mortality is associated with poorer outcomes and higher mortality, with recent studies suggesting the 30-day mortality to be 14-15% (context [2"
sentence_hybrid,sentence,hybrid,mistral,Is adjustment for reporting heterogeneity necessary in sleep disorders?,no,yes,0,1,generation_failure,"This research uses vignettes to elucidate factors associated with sleep disorders in adult Japanese before and after adjustment for reporting heterogeneity in self-reports. This study also evaluates the need for adjusting for reporting heterogeneity in the management of sleep and energy related problems in Japan. The ordered probit model and the Compound Hierarchical Ordered Probit (CHOPIT) model, which incorporated anchoring vignettes, were employed to estimate and compare associations of sleep and energy with socio-demographic and life-style factors before and after adjustment for differences in response category cut-points for each individual. Exploratory study in patients with mild to moderate sleep apnoea, limited treatment duration; concomitant hypnotic treatment (35%); lack of correction for multiplicity of testing. To investigate the effect of fenofibrate on sleep apnoea indices.","Yes

Justification: The research explicitly states that it evaluates the need for adjusting for reporting heterogeneity in the management of sleep and energy related problems in Japan ([2])."
sentence_hybrid,sentence,hybrid,mistral,Do mutations causing low HDL-C promote increased carotid intima-media thickness?,no,maybe,0,1,generation_failure,"Carotid intima-media thickness (cIMT) measurements were obtained in cases comprising 10 different mutations in LCAT, ABCA1 and APOA1 to further evaluate the relationship between low HDL resulting from genetic variation and early atherosclerosis. Although observational data support an inverse relationship between high-density lipoprotein (HDL) cholesterol and coronary heart disease (CHD), genetic HDL deficiency states often do not correlate with premature CHD. Patients were stratified retrospectively into high- or low-risk groups according to risk factors for significant carotid stenosis and perioperative stroke: peripheral vascular disease (PVD), carotid bruit, diabetes mellitus, age>70 years and/or history of cerebrovascular disease. Although selective and non-selective methods of preoperative carotid screening have been advocated, it remains unclear if this screening is clinically relevant.AIM: To test whether selective carotid screening is as effective as non-selective screening in detecting significant carotid disease. Prevalence of carotid stenosis was higher in the high-risk group (9.1%) than the low-risk group (1.2%) (P<0.05).","Maybe

Justification: The provided context does not definitively show that mutations causing low HDL-C promote increased carotid intima-media thickness. However, it does suggest a potential relationship, as the study measured cIMT"
sentence_hybrid,sentence,hybrid,mistral,A short stay or 23-hour ward in a general and academic children's hospital: are they effective?,yes,yes,1,1,success,"We evaluated the usefulness of a short stay or 23-hour ward in a pediatric unit of a large teaching hospital, Westmead Hospital, and an academic Children's hospital, The New Children's Hospital, to determine if they are a useful addition to the emergency service. This is a descriptive comparison of prospectively collected data on all children admitted to the short stay ward at Westmead Hospital (WH) during 1994 and the short stay ward at the New Children's Hospital (NCH) during 1997-98. The users of the short stay ward were children of young age less than 2 years, with stay greater than 23 hours reported in only 1% of all admissions to the short stay ward. The short stay ward increased hospital efficiency with an average length of stay of 17.5 hours (Westmead Hospital) compared to 20.5 hours (New Children's Hospital). The short stay ward accounted for 10.3% (Westmead Hospital) and 14.7% (New Children's Hospital) of admissions, with 56% medical in nature, 30% surgical, and the remainder procedural or psychological.","Yes

Justification: The short stay ward increased hospital efficiency, accounting for a significant percentage of admissions, and had an average length of stay that was shorter compared to the traditional ward ([4], [5])."
sentence_hybrid,sentence,hybrid,mistral,Did Chile's traffic law reform push police enforcement?,yes,yes,1,1,success,The objective of the current study is to determine to what extent the reduction of Chile's traffic fatalities and injuries during 2000-2012 was related to the police traffic enforcement increment registered after the introduction of its 2005 traffic law reform. Independent variables were: (1) presence of new national traffic law; (2) police officers per population; (3) number of traffic tickets per police officer; and (4) interaction effect of number of traffic tickets per police officer with traffic law reform. Empirical estimates from instrumental variables suggest that the enactment of the traffic law reform in interaction with number of traffic tickets per police officer is significantly associated with a decrease of 8% in traffic fatalities and 7% in severe injuries. To explain China's cigarette pricing mechanism and the role of the Chinese State Tobacco Monopoly Administration (STMA) on cigarette pricing and taxation. Piecewise regression model results for the 2007-2012 period suggest that police traffic enforcement reduced traffic fatalities by 59% and severe injuries by 37%.,"Yes

Justification: The interaction effect of number of traffic tickets per police officer with traffic law reform was significantly associated with a decrease in traffic fatalities and severe injuries ([3]). This implies that the traffic law reform influenced the police enforcement."
sentence_hybrid,sentence,hybrid,mistral,Therapeutic anticoagulation in the trauma patient: is it safe?,no,maybe,0,1,generation_failure,"Trauma patients who require therapeutic anticoagulation pose a difficult treatment problem. The purpose of this study was to determine: (1) the incidence of complications using therapeutic anticoagulation in trauma patients, and (2) if any patient factors are associated with these complications. One-hundred-fourteen trauma patients were initiated on therapeutic anticoagulation. An 18-month retrospective review was performed on trauma patients>or= 15 years old who received therapeutic anticoagulation using unfractionated heparin (UH) and/or fractionated heparin (FH). In sensitivity analyses for patients with deep ICH, anticoagulation could be preferred if the risk of thromboembolic stroke is particularly high.","Maybe

Justification: The study indicates complications associated with therapeutic anticoagulation in trauma patients, suggesting it may not be entirely safe, but it also suggests that in certain cases, the risk of thromboembolic"
sentence_hybrid,sentence,hybrid,mistral,Differentiation of nonalcoholic from alcoholic steatohepatitis: are routine laboratory markers useful?,yes,maybe,0,1,generation_failure,"Specific markers for differentiation of nonalcoholic (NASH) from alcoholic steatohepatitis (ASH) are lacking. Survival of HRS associated with alcoholic liver disease versus other etiologies was not statistically significant (p = 0.1). Liver biopsies performed at our hospital over a 10-year period were reviewed, 95 patients with steatohepatitis identified and their data prior to biopsy reevaluated. We investigated the role of routine laboratory parameters in distinguishing NASH from ASH. Our aim was to investigate the correlations between the serum biochemical markers of formation and resorption with histomorphometric parameters.","Maybe

Justification: The context indicates that a study was conducted to investigate the role of routine laboratory parameters in distinguishing NASH from ASH ([4]), suggesting that these markers may be useful, but the study does not provide definit"
sentence_hybrid,sentence,hybrid,mistral,Prompting Primary Care Providers about Increased Patient Risk As a Result of Family History: Does It Work?,no,yes,0,1,generation_failure,"The objective of this study was to determine whether automated, at-the-visit tailored prompts about family history risk change PCP behavior. Electronic health records have the potential to facilitate family history use by primary care physicians (PCPs) to provide personalized care. The main outcome measures were PCP response to the prompts, adding family history risk to problem summary lists, and patient screening status for each disease. Medical records of a cohort of community-based primary care patients, aged 35 to 65 years, who previously participated in our Family Healthware study and had a moderate or strong familial risk for any of the 6 diseases were subsequently reviewed. Patient and family history, pretreatment electrocardiogram (ECG), heart rate, and blood pressure were evaluated before initiation of beta-blocker therapy.","Yes

Justification: The study was designed to determine if automated, at-the-visit tailored prompts about family history risk change PCP behavior ([1]). The main outcome measures included PCP response to the prompts, adding"
sentence_hybrid,sentence,hybrid,mistral,Do emergency ultrasound fellowship programs impact emergency medicine residents' ultrasound education?,yes,maybe,0,1,generation_failure,"The purpose of this study was to determine the impact of EUS fellowships on emergency medicine (EM) residents' US education. To date, there is no evidence supporting that EUS fellowships enhance residents' ultrasound (US) educational experiences. Residents in programs with EUS fellowships reported performing more scans than those in programs without fellowships (P = .04). Recent years have seen a rapid proliferation of emergency ultrasound (EUS) programs in the United States. The primary outcomes included the number of US examinations performed, scope of bedside US applications, barriers to residents' US education, and US use in the emergency department.","Maybe

Justification: The study shows that residents in programs with EUS fellowships performed more scans, but it does not definitively prove that the fellowships enhanced their US educational experiences. (1, 2, 3, "
sentence_hybrid,sentence,hybrid,mistral,Patient-Controlled Therapy of Breathlessness in Palliative Care: A New Therapeutic Concept for Opioid Administration?,yes,maybe,0,1,generation_failure,"To investigate whether intravenous opioid PCT can be an effective therapeutic method to reduce breathlessness in patients with advanced disease. Secondary aims were to study the feasibility and acceptance of opioid PCT in patients with refractory breathlessness. This was a pilot observational study with 18 inpatients with advanced disease and refractory breathlessness receiving opioid PCT. Oral, buccal, and parenteral routes of provider-controlled drug administration have been described. Intrathecal administration of urokinase, IV administration of fasudil hydrochloride, and continuous cerebrospinal fluid (CSF) evacuation via cisternal drainage were performed as prophylactic treatments for vasospasm.","Maybe

Justification: The context suggests that this is a new method of opioid administration for breathlessness in the context of palliative care, but it does not explicitly state that it is a completely new therapeutic concept for op"
sentence_hybrid,sentence,hybrid,mistral,Is there still a need for living-related liver transplantation in children?,yes,maybe,0,1,generation_failure,"To assess and compare the value of split-liver transplantation (SLT) and living-related liver transplantation (LRT). The combination of SLT and LRT has abolished deaths on the waiting list, thus raising the question whether living donor liver transplantation is still necessary. None of them was suitable for liver transplantation. Without liver transplantation its prognosis is dismal. Yet few data are available on the degree of left ventricular dysfunction where a transplantation is possible.","Maybe

Justification: The text suggests that the combination of SLT and LRT has abolished deaths on the waiting list, but it also mentions that there are few data available on the degree of left ventricular dysfunction where a"
sentence_hybrid,sentence,hybrid,mistral,Do patterns of knowledge and attitudes exist among unvaccinated seniors?,yes,yes,1,1,success,"To examine patterns of knowledge and attitudes among adults aged>65 years unvaccinated for influenza. Surveyed Medicare beneficiaries in 5 areas; clustered unvaccinated seniors by their immunization related knowledge and attitudes. To examine the attitudes of players and coaches to the use of protective headgear, particularly with respect to the prevention of concussion. National knowledge, attitude and practice (KAP) surveys were conducted in 1988, 1989, 1992, 1994 and 1996. The purpose of this study is to investigate 1) whether socioeconomic status was associated with acceptance of preventive home visits among older people and 2) whether municipality invitational procedures for the preventive home visits modified the association.","Yes

Justification: The context states that the purpose of the study is to examine patterns of knowledge and attitudes among unvaccinated seniors ([1])."
sentence_hybrid,sentence,hybrid,mistral,Is there a model to teach and practice retroperitoneoscopic nephrectomy?,yes,yes,1,1,success,"RPN in a porcine model could simulate the whole procedure, from creating the space to nephrectomy completion. Fifteen piglets were operated on to develop a standard retroperitoneoscopic nephrectomy (RPN) training model. This study aims to develop a training model for retroperitoneoscopy and to establish an experimental learning curve. To determine whether there is a relationship between VEGF expression and renal vein and vena cava invasion in stage pT3 renal cell carcinoma and to evaluate the impact of VEGF expression on survival in pT3 renal cell carcinoma. This study aims to study femoral tunnel lengths drilled with a flexible reamer and the distance to important lateral structures obtained by flexing the knee at various angles and by drilling the guide pins arthroscopically to resemble clinical practice.","Yes

Justification: The context mentions the creation of a standard retroperitoneoscopic nephrectomy (RPN) training model in fifteen piglets ([2])."
sentence_hybrid,sentence,hybrid,mistral,Cardiovascular risk in a rural adult West African population: is resting heart rate also relevant?,yes,yes,1,1,success,"Elevated resting heart rate (RHR) is a neglected marker in cardiovascular risk factor studies of sub-Saharan African populations. This study aimed to determine the prevalence of elevated RHR and other risk factors for cardiovascular disease (CVD) and to investigate any associations between RHR and these risk factors in a rural population in Ghana. Several studies have shown associations between hyperglycemia and risk of cardiovascular disease (CVD) and mortality, yet glucose-lowering treatment does little to mitigate this risk. Insulin sensitivity was measured as the glucose infusion rate during a euglycemic hyperinsulinemic clamp, body fat percentage was measured by dual X-ray absorptiometry, and CVD risk was estimated using the Framingham risk score. Patient and family history, pretreatment electrocardiogram (ECG), heart rate, and blood pressure were evaluated before initiation of beta-blocker therapy.","Yes

Justification: The study aimed to determine the prevalence of elevated RHR and its associations with cardiovascular risk factors in a rural population in Ghana ([2])."
sentence_hybrid,sentence,hybrid,mistral,Israeli hospital preparedness for terrorism-related multiple casualty incidents: can the surge capacity and injury severity distribution be better predicted?,yes,maybe,0,1,generation_failure,"15 years ago the Emergency and Disaster Medicine Division in the Israeli Ministry of Health defined a key of 20 percent of each hospital's bed capacity as its readiness for multiple casualties. These incidents often result in Hospital Multiple Casualty Incidents (HMCI), which are very challenging to hospital teams. Injury severity score (ISS), Glasgow coma score (GCS), and revised trauma score (RTS) are the most frequently used methods to evaluate the severity of injury in blunt trauma patients. To determine the relationship between injury severity surrogates and other patient factors with the development and severity of heterotopic ossification (HO) following open reduction internal fixation of acetabular fractures treated with a posterior approach. An HMCI is defined by the Emergency and Disaster Medicine Division in the Israeli Ministry of Health as>or=10 casualties or>or=4 suffering from injuries with an ISS>or=16 arriving to a single hospital.","Maybe

Justification: The context provides information about hospital preparedness for multiple casualty incidents (HMCI) and the use of injury severity surrogates (ISS, GCS, RTS) to evaluate the severity of"
sentence_hybrid,sentence,hybrid,mistral,Acute respiratory distress syndrome in children with malignancy--can we predict outcome?,yes,yes,1,1,success,"The purpose of this study was to delineate early respiratory predictors of mortality in children with hemato-oncology malignancy who developed acute respiratory distress syndrome (ARDS). Provided with relevant information, pediatricians can identify the syndrome, demonstrate a willingness to discuss concerns about it, ameliorate distress, and possibly prevent a tragedy. We sought to determine the feasibility and assess the clinical outcomes associated with an early extubation strategy for all children undergoing congenital heart surgery, including neonates (age,<30 days). We conducted a retrospective chart review of children with malignant and ARDS who needed mechanical ventilation and were admitted to a pediatric intensive care unit from January 1987 to January 1997. The aim of this study was to evaluate the protective effect of remote postischemic conditioning in patients undergoing elective PCI for stable angina or non-ST elevation acute coronary syndrome with troponin<1 ng/ml at the time of randomization.","Yes

Justification: The study was conducted to delineate early respiratory predictors of mortality in children with hemato-oncology malignancy who developed ARDS (context [4]). This implies that predictors of"
sentence_hybrid,sentence,hybrid,mistral,Secondhand smoke risk in infants discharged from an NICU: potential for significant health disparities?,yes,yes,1,1,success,"Secondhand smoke exposure (SHSe) threatens fragile infants discharged from a neonatal intensive care unit (NICU). Smoking practices were examined in families with a high respiratory risk infant (born at very low birth weight; ventilated>12 hr) in a Houston, Texas, NICU. Overall, 26% of all families with a high-risk infant in the NICU reported a household smoker. Potential risk factors were explored. Data were collected as part of The Baby's Breath Project, a hospital-based SHSe intervention trial targeting parents with a high-risk infant in the NICU who reported a smoker in the household (N = 99).","Yes

Justification: The study found that 26% of families with a high-risk infant in the NICU reported a household smoker, indicating a potential for significant health disparities due to secondhand smoke exposure."
sentence_hybrid,sentence,hybrid,mistral,Do nomograms designed to predict biochemical recurrence (BCR) do a better job of predicting more clinically relevant prostate cancer outcomes than BCR?,yes,yes,1,1,success,"To examine the ability of various postoperative nomograms to predict prostate cancer-specific mortality (PCSM) and to validate that they could predict aggressive biochemical recurrence (BCR). A previous study showed that several nomograms could predict aggressive BCR (prostate-specific antigen doubling time [PSADT] <9 months) more accurately than BCR. Prostate-specific antigen (PSA), grade, and stage are the classic triad used to predict BCR after radical prostatectomy (RP). Multiple nomograms use these to predict risk of BCR. We performed Cox analyses to examine the ability of 4 postoperative nomograms, the Duke Prostate Center (DPC) nomogram, the Kattan postoperative nomogram, the Johns Hopkins Hospital (JHH) nomogram, and the joint Center for Prostate Disease Research(CPDR)/Cancer of the Prostate Strategic Urologic Research Endeavor (CaPSURE) nomogram to predict BCR and PCSM among 1778 men in the Shared Equal Access Regional Cancer Hospital (SEARCH) database who underwent RP between 1990 and 2009.","Yes

Justification: The provided context states that a previous study showed that several nomograms could predict aggressive BCR (prostate-specific antigen doubling time [PSADT] <9 months) more accurately than BCR"
sentence_hybrid,sentence,hybrid,mistral,Are reports of mechanical dysfunction in chronic oro-facial pain related to somatisation?,yes,maybe,0,1,generation_failure,"(i) To examine the association between self-reported mechanical factors and chronic oro-facial pain. The study examined the association of chronic oro-facial pain with a variety of self-reported mechanical factors: teeth grinding, facial trauma, missing teeth and the feeling that the teeth did not fit together properly. Only two mechanical factors: teeth grinding (odds ratio (OR) 2.0, 95% CI 1.3-3.0) and facial trauma (OR 2.0; 95% CI 1.3-2.9) were independently associated with chronic oro-facial pain after adjusting for psychological factors. Using a questionnaire we investigated in a cross-sectional study the prevalence of pain, duration of pain, impairment and unfitness for work due to pain in 106 patients primarily diagnosed with a psychiatric disorder in the field of general adult psychiatry. To study the prevalence of pain and risk factors for pain in psychiatric patients in a psychiatric hospital.","Maybe

Justification: The study does not directly address the relationship between mechanical dysfunction in chronic oro-facial pain and somatization, but it does adjust for psychological factors in its analysis, suggesting that the association between mechanical factors and"
sentence_hybrid,sentence,hybrid,mistral,Amblyopia: is visual loss permanent?,no,maybe,0,0,retrieval_failure,"Since optotypes are evaluated on individuals with good visual acuity and without eye disorders, differences in the lower visual acuity range cannot be excluded. Assessment of visual acuity depends on the optotypes used for measurement. In each one of these cases the improvement in visual acuity could not be attributed to treatment of other existing pathology. 100 patients (age 8 - 90 years, median 60.5 years) with various eye disorders, among them 39 with amblyopia due to strabismus, and 13 healthy volunteers were tested. It is unclear whether cycloplegic refraction is necessary in this age group.","Maybe

Justification: The context mentions 39 patients with amblyopia due to strabismus, but it does not explicitly state that their visual loss is permanent. However, amblyopia is often associated with permanent visual"
sentence_hybrid,sentence,hybrid,mistral,Implementation of epidural analgesia for labor: is the standard of effective analgesia reachable in all women?,yes,maybe,0,1,generation_failure,This audit cycle measured epidural analgesia performance against 4 standards: (1) Implementation of epidural analgesia for labor to all patients; (2) Acceptance and good satisfaction level reported by patients and caregivers. (3) Effectiveness of labor analgesia; (4) No maternal or fetal side effects. The goal is to evaluate the epidural acceptance and penetration into hospital practice by women and care givers and safety and efficacy during childbirth. The present study was launched contemporarily to the implementation of analgesia for labor in our Department in order to perform a 2 years audit on its use. During the audit period epidural analgesia increased from 15.5% of all labors in the first trimester of the study to 51% in the last trimester (p<0.005).,"Maybe

Justification: The study shows an increase in the use of epidural analgesia from 15.5% to 51%, suggesting that more women are receiving epidural analgesia, but it does not guarantee that"
sentence_hybrid,sentence,hybrid,mistral,Does HER2 immunoreactivity provide prognostic information in locally advanced urothelial carcinoma patients receiving adjuvant M-VEC chemotherapy?,maybe,maybe,1,1,success,"To evaluate the impact of HER2 immunoreactivity on clinical outcome in locally advanced urothelial carcinoma patients who received surgery alone, or methotrexate, vinblastine, epirubicin, and cisplatin (M-VEC) as adjuvant chemotherapy. As for patients with adjuvant M-VEC, HER2 immunoreactivity was a significant prognostic factor for PFS (p = 0.03) and disease-specific OS (p = 0.02) using univariate analysis, but not multivariate analysis, and not for patients receiving watchful waiting. The HER2 immunoreactivity was significantly associated with PFS (p = 0.02) and disease-specific OS (p = 0.005) in advanced urothelial carcinoma patients. We studied 114 formalin-fixed paraffin-embedded specimens obtained from locally advanced urothelial carcinoma patients receiving surgery alone or adjuvant M-VEC. The authors evaluated HER2 immunoreactivity using immunohistochemical staining and explored the influence of pathological parameters and HER2 immunoreactivity on progression-free survival (PFS) and disease-specific overall survival (OS) using univariate and multivariate Cox's analyses.","Maybe

Justification: HER2 immunoreactivity was a significant prognostic factor for PFS and disease-specific OS in univariate analysis for patients with adjuvant M-VEC, but not in mult"
sentence_hybrid,sentence,hybrid,mistral,Is halofantrine ototoxic?,yes,yes,1,1,success,"In the halofantrine double therapeutic dose group, the inner and outer hair cells were distorted and there was loss of spiral ganglia cells. The halofantrine therapeutic dose group showed loss and distortion of inner hair cells and inner phalangeal cells, and loss of spiral ganglia cells. Halofantrine is a newly developed antimalarial drug used for the treatment of Plasmodium falciparum malaria. Thirty guinea pigs were divided into three groups: a control group, a halofantrine therapeutic dose group and a halofantrine double therapeutic dose group. Folic acid (FA) is often given as an adjunct to methotrexate therapy, but there is no conclusive proof that it decreases the toxicity of methotrexate and there is a theoretical risk that it may decrease the efficacy of methotrexate.","Yes

Justification: The provided context states that both the halofantrine therapeutic dose group and the halofantrine double therapeutic dose group showed loss and distortion of inner hair cells, which is indicative"
sentence_hybrid,sentence,hybrid,mistral,Visceral adipose tissue area measurement at a single level: can it represent visceral adipose tissue volume?,yes,maybe,0,1,generation_failure,"Measurement of visceral adipose tissue (VAT) needs to be accurate and sensitive to change for risk monitoring. Prognostic significance of the following independent variables was tested using univariate (log-rank) and multivariate (Cox proportional-hazards) analysis: type of resection (sublobar vs lobectomy vs pneumonectomy), histology (squamous cell vs adenocarcinoma), tumour size (<or=3cm vs>3cm), histologic vascular invasion, visceral pleura involvement, positive bronchial resection margin, general T status. A 10% volume increase or greater than 1 cm increase in arm circumference identified lymphedema with verification by a lymphedema specialist. Ultrasound tissue characterisation (UTC) measures tendon structural integrity by classifying pixels as echo-type I, II, III or IV. The purpose of this study is to determine the CT slice location where VAT area can best reflect changes in VAT volume and body weight.","Maybe

Justification: The purpose of the study is to determine the CT slice location where VAT area can best reflect changes in VAT volume and body weight, suggesting that VAT area at a single level may not fully represent VAT volume"
sentence_hybrid,sentence,hybrid,mistral,Necrotizing fasciitis: an indication for hyperbaric oxygenation therapy?,no,yes,0,1,generation_failure,"Hyperbaric oxygenation (HBO) has been recommended as adjuvant therapy for NF, improving patient mortality and outcome. The accepted treatment protocol for necrotizing fasciitis (NF) consists of extensive surgery and wide spectrum antibiotics. Folic acid (FA) is often given as an adjunct to methotrexate therapy, but there is no conclusive proof that it decreases the toxicity of methotrexate and there is a theoretical risk that it may decrease the efficacy of methotrexate. In light of this consideration, should a patient with both a history of ICH and a clear indication for anticoagulation such as nonvalvular atrial fibrillation be anticoagulated? A significant relationship between respiratory data and outcome related to efficiency of oxygenation, as determined by PaO(2)/FIO(2) and P(A-a)O(2), was present from day 8 after onset of mechanical ventilation.","Yes

Justification: The context states that hyperbaric oxygenation (HBO) has been recommended as adjuvant therapy for NF, improving patient mortality and outcome ([1])."
sentence_hybrid,sentence,hybrid,mistral,Is the Hawkins sign able to predict necrosis in fractures of the neck of the astragalus?,maybe,no,0,1,generation_failure,"To assess if the Hawkins sign can predict whether or not astragalus fractures of the neck will develop avascular necrosis. Differences were found when comparing the development of avascular necrosis with the Hawkins sign (P=.03). The following variables were analysed: displacement of the fracture, soft tissue injury, delay and type of treatment, complications, observation of the Hawkins sign, and functional outcome. Hawkins sign was observed in 12 cases, of which none developed necrosis. Four cases with negative Hawkins sign developed necrosis.","No, the Hawkins sign cannot predict necrosis in fractures of the neck of the astragalus, as cases with a negative Hawkins sign still developed necrosis."
sentence_hybrid,sentence,hybrid,mistral,Is a mandatory general surgery rotation necessary in the surgical clerkship?,no,maybe,0,1,generation_failure,Educational opportunities for medical undergraduate programmes are being sought in the day surgery environment. Changes in the spectrum of general surgery and the delivery of surgical care have placed the requirement for a mandatory general surgery rotation in the surgical clerkship in question. We tested the hypothesis that equal mastery of surgical clerkship objectives can be obtained in a clerkship with and without general surgery. Health care delivery has undertaken a major shift from inpatient management to ambulatory surgical care with increasing emphasis on quality assurance (QA) processes. Selection into general practice training is undertaken using a competency based approach.,"Maybe

Justification: The study tests the hypothesis that equal mastery of surgical clerkship objectives can be obtained in a clerkship with and without general surgery, suggesting that it might not be necessary, but the study does not definit"
sentence_hybrid,sentence,hybrid,mistral,Is Acupuncture Efficacious for Treating Phonotraumatic Vocal Pathologies?,yes,yes,1,1,success,"To investigate the effectiveness of acupuncture in treating phonotraumatic vocal fold lesions.STUDY DESIGN/ Significant improvement in vocal function, as indicated by the maximum fundamental frequency produced, and also perceived quality of life, were found in both the genuine and sham acupuncture groups, but not in the no-treatment group. One-hundred seventeen subjects completed the study (genuine acupuncture = 40; sham acupuncture = 43; and no treatment = 34), but only 84 of them had a complete set of vocal functions and quality of life measures (genuine acupuncture = 29; sham acupuncture = 33; and no-treatment = 22) and 42 of them with a complete set of endoscopic data (genuine acupuncture = 16; sham acupuncture = 15; and no treatment = 11). Structural (morphological) improvements were, however, only noticed in the genuine acupuncture group, which demonstrated a significant reduction in the size of the vocal fold lesions. The genuine acupuncture group received needles puncturing nine voice-related acupoints for 30 minutes, two times a week for 6 weeks, whereas the sham acupuncture group received blunted needles stimulating the skin surface of the nine acupoints for the same frequency and duration.","Yes

Justification: The study found significant improvement in vocal function and perceived quality of life in both the genuine and sham acupuncture groups, but only structural improvements were noticed in the genuine acupuncture group, which demonstrated a"
sentence_hybrid,sentence,hybrid,mistral,Is aneurysm repair justified for the patients aged 80 or older after aneurysmal subarachnoid hemorrhage?,yes,maybe,0,1,generation_failure,"The aim of this study was to investigate the feasibility of the definitive surgery for the acute subarachnoid cases aged 80 or older. With the advancement of an aging society in the world, an increasing number of elderly patients have been hospitalized due to aneurysmal subarachnoid hemorrhage (aSAH). A case of spinal subdural hematoma (SSDH) following subarachnoid hemorrhage (SAH) because of a ruptured internal carotid aneurysm is described. The rate of aortic aneurysm rupture correlates with the aneurysm's diameter, and a higher rate of rupture is observed in patients with larger aneurysms. We compared the cases aged 80 or older that received clipping or coil embolization with the controls that the family selected conservative treatment.","Maybe

Justification: The study suggests that aneurysm repair might be considered for patients aged 80 or older after aneurysmal subarachnoid hemorrhage, but it also compares cases that received cl"
sentence_hybrid,sentence,hybrid,mistral,Do general practice characteristics influence uptake of an information technology (IT) innovation in primary care?,no,yes,0,1,generation_failure,"Recent evaluations of IT innovations in primary care have highlighted variations between centres and practices in uptake and use. We evaluated whether structural characteristics of a general practice were associated with variations in use of a web-based clinical information system underpinning a Managed Clinical Network in diabetes, between the years 2001 and 2003. In regression analyses, we determined whether total use was associated with structural characteristics of the practice (total list size, training status, numbers of GPs (general practitioners), mean age of the GPs, numbers of female GPs, level of deprivation of the population and whether staff had received advanced training in diabetes care). As part of an MRC funded study into primary care oral anticoagulation management, INR measurements obtained in general practice were validated against values on the same samples obtained in hospital laboratories. The question is, do health behaviors have an impact on the use of medical resources?","Yes

Justification: The text states that the researchers determined whether total use of a web-based clinical information system was associated with structural characteristics of the practice (lines 2-3)."
sentence_hybrid,sentence,hybrid,mistral,Prognosis of well differentiated small hepatocellular carcinoma--is well differentiated hepatocellular carcinoma clinically early cancer?,no,yes,0,1,generation_failure,"The purpose of this study is to examine whether or not well differentiated (w-d) hepatocellular carcinoma (HCC) is indeed clinically early cancer. The purpose of this paper is to evaluate the efficacy of ultrasonographic screening for primary hepatocellular carcinoma. Fifty-nine (48%) patients had squamous cell carcinoma; 63 (52%) had lymphoepitheliomas, undifferentiated NPC or poorly differentiated carcinoma, NOS (UNPC). It is not well known, however, whether genetic traits also influence prognostic features of the malignant phenotype. We review our results on surgical treatment of patients with stage I non-small cell lung carcinoma and we attempted to clarify the prognostic significance of some surgical--pathologic variables.","Yes

Justification: The purpose of the study is to examine whether or not well differentiated (w-d) hepatocellular carcinoma (HCC) is indeed clinically early cancer. (Context [1])"
sentence_hybrid,sentence,hybrid,mistral,Do follow-up recommendations for abnormal Papanicolaou smears influence patient adherence?,no,yes,0,1,generation_failure,"To compare adherence to follow-up recommendations for colposcopy or repeated Papanicolaou (Pap) smears for women with previously abnormal Pap smear results. Attempts to contact the patients for follow-up, adherence to follow-up recommendations, and patient characteristics were abstracted from medical records. The rate of overall adherence to follow-up recommendations was 56.0% (136/243). To determine current practice and to assess the value of routine follow-up procedures for endometrial cancer surveillance. All women with abnormal Pap smear results referred for initial colposcopy and a random sample of those referred for repeated Pap smear.","Yes

Justification: The rate of overall adherence to follow-up recommendations for women with previously abnormal Pap smear results was 56.0%, indicating that the recommendations do influence patient adherence."
sentence_hybrid,sentence,hybrid,mistral,Biomolecular identification of allergenic pollen: a new perspective for aerobiological monitoring?,yes,yes,1,1,success,"To verify the feasibility of developing a real-time polymerase chain reaction (PCR) approach, an alternative to optical analysis, as a rapid, accurate, and automated tool for the detection and quantification of airborne allergenic pollen taxa. Pollen was properly identified even when collected on routine aerobiological tape. The setup of a modified DNA extraction protocol allowed us to achieve good-quality pollen DNA. The traditional cetyl trimethyl ammonium bromide-based method was modified for DNA isolation from pollen. Accurate and updated information on airborne pollen in specific areas can help allergic patients.","Yes

Justification: The context discusses the development of a real-time PCR approach for the detection and quantification of airborne allergenic pollen, which could provide accurate and updated information on airborne pollen in specific areas"
sentence_hybrid,sentence,hybrid,mistral,Does diabetes mellitus influence the efficacy of FDG-PET in the diagnosis of cervical cancer?,no,maybe,0,1,generation_failure,"Therefore, we conducted this prospective study to compare the diagnostic ability of FDG-PET in patients with cervical cancer complicated by DM and those without DM. However, the degree of tumour uptake of (18)F-2-fluoro-2-deoxy-D: -glucose (FDG) uptake is sometimes influenced by diabetes mellitus (DM). Compared with computed tomography (CT) and magnetic resonance imaging (MRI), positron emission tomography (PET) may have additional value in the assessment of primary and recurrent cervical cancer. Impaired fasting glucose (IFG) below the diagnostic threshold for diabetes mellitus (DM) is associated with macrovascular pathology and increased mortality after percutaneous coronary interventions. This study was planned to evaluate whether increased nuchal translucency (NT) thickness in the first trimester of gestation can be related to onset of gestational diabetes mellitus (GDM) during pregnancy.","Maybe

Justification: The context mentions that the degree of tumour uptake of FDG is sometimes influenced by diabetes mellitus (DM) (line 2). However, it does not specify whether this influence affects"
sentence_hybrid,sentence,hybrid,mistral,Biomechanical and wound healing characteristics of corneas after excimer laser keratorefractive surgery: is there a difference between advanced surface ablation and sub-Bowman's keratomileusis?,yes,maybe,0,1,generation_failure,"To describe the biomechanical and wound healing characteristics of corneas after excimer laser keratorefractive surgery. Histologic, ultrastructural, and cohesive tensile strength evaluations were performed on 25 normal human corneal specimens, 206 uncomplicated LASIK specimens, 17 uncomplicated sub-Bowman's keratomileusis (SBK) specimens, 4 uncomplicated photorefractive keratectomy (PRK) specimens, 2 uncomplicated advanced surface ablation (ASA) specimens, 5 keratoconus specimens, 12 postoperative LASIK ectasia specimens, and 1 postoperative PRK ectasia specimen and compared to previously published studies. Because adult human corneal stromal wounds heal slowly and incompletely, all excimer laser keratorefractive surgical techniques still have some distinct disadvantages due to inadequate reparative wound healing. Histologic and ultrastructural studies of normal corneas showed significant differences in the direction of collagen fibrils and/or the degree of lamellar interweaving in Bowman's layer, the anterior third of the corneal stroma, the posterior two-thirds of the corneal stroma, and Descemet's membrane. To study the efficiency and safety of holmium:YAG laser lithotripsy for ureteral stones.","Maybe

Justification: The provided context does not directly compare advanced surface ablation (ASA) and sub-Bowman's keratomileusis (SBK) in terms of biomechanical and wound healing characteristics."
sentence_hybrid,sentence,hybrid,mistral,Does radiotherapy of the primary rectal cancer affect prognosis after pelvic exenteration for recurrent rectal cancer?,yes,yes,1,1,success,"This study examined the impact of radiotherapy for the primary rectal cancer on outcomes after pelvic exenteration for local recurrence. The influence of positron emission tomography in the management of recurrent rectal cancer is well established but its role in primary rectal cancer remains uncertain. Patients who did and did not receive radiotherapy as part of their primary rectal cancer treatment were compared. Forty-six patients with advanced primary rectal cancer referred for consideration of adjuvant preoperative therapy underwent position emission tomography scanning. Patients who received radiotherapy for their primary rectal cancer (n = 41) required more radical exenterations (68% vs 44%; p = 0.020), had lower rates of clear resection margins (63% vs 87%; p = 0.010), had increased rates of surgical complications per patient (p = 0.014), and had a lower disease-free survival (p = 0.022).","Yes

Justification: The study shows that patients who received radiotherapy for their primary rectal cancer had a lower disease-free survival (p = 0.022), which indicates a worse prognosis after pelvic ex"
sentence_hybrid,sentence,hybrid,mistral,Can a practicing surgeon detect early lymphedema reliably?,maybe,maybe,1,1,success,"Lymphedema may be identified by simpler circumference changes as compared with changes in limb volume. Sensitivity and specificity of several different criteria for detecting lymphedema were compared using the academic trial as the standard. A 10% volume increase or greater than 1 cm increase in arm circumference identified lymphedema with verification by a lymphedema specialist. To provide insight into the factors by which obesity in itself may directly lead to early arterial damage, we aimed to determine early sonographic markers of obesity-related vascular dysfunction in young obese males. Using a 10% increase in circumference at two sites as the criterion, half the lymphedema cases were detected (sensitivity 37%).","Maybe

Justification: The sensitivity of a 10% increase in circumference at two sites for detecting lymphedema is only 37%, suggesting that a practicing surgeon may not reliably detect early lymp"
sentence_hybrid,sentence,hybrid,mistral,Colorectal cancer with synchronous liver metastases: does global management at the same centre improve results?,no,maybe,0,1,generation_failure,"Synchronous liver metastases (SLM) occur in 20% of colorectal cancers (CRC). Resection of SLM and CLC can be undertaken at different centres (separate management, SM) or at the same centre (global management, GM). First step of liver resection was more often performed during colorectal surgery in the GM group (62 vs. 6% for SM, P<0.0001) and the mean number of procedures (CRC+SLM) was lower (1.6 vs. 2.3, P = 0.003). The influence of positron emission tomography in the management of recurrent rectal cancer is well established but its role in primary rectal cancer remains uncertain. The purpose of this study was to determine whether operative volume outweighs the advantages of being treated locally by comparing the outcomes of patients with rectal cancer treated at local, low-volume centers versus far, high-volume centers.","Maybe

Justification: The study shows that the first step of liver resection was more often performed during colorectal surgery in the global management group, and the mean number of procedures (CRC+SLM) was lower in this"
sentence_hybrid,sentence,hybrid,mistral,Is motion perception deficit in schizophrenia a consequence of eye-tracking abnormality?,yes,maybe,0,1,generation_failure,"Studies have shown that schizophrenia patients have motion perception deficit, which was thought to cause eye-tracking abnormality in schizophrenia. The known eye-tracking difficulties in schizophrenia patients may interact with their motion perception. However, eye movement closely interacts with motion perception. Furthermore, frequencies of eye tracking during the 300 msec stimulus were significantly correlated with speed discrimination in control subjects (p = .01) but not in patients, suggesting that eye-tracking initiation may benefit control subjects but not patients. At 150 msec, speed discrimination thresholds did not differ between schizophrenia patients (n = 38) and control subjects (n = 33).","Maybe

Justification: The text suggests that eye-tracking difficulties in schizophrenia may interact with their motion perception ([2]), and the correlation between eye-tracking initiation and speed discrimination in control subjects but not in"
sentence_hybrid,sentence,hybrid,mistral,Transgastric endoscopic splenectomy: is it possible?,yes,yes,1,1,success,"The goal of this study was to determine the technical feasibility of per-oral transgastric splenectomy using a flexible endoscope. We present results of per-oral transgastric splenectomy in a porcine model. We have previously reported the feasibility of diagnostic and therapeutic peritoneoscopy including liver biopsy, gastrojejunostomy, and tubal ligation by an oral transgastric approach. Little is known about whether a routinely inserted endoscopic nasobiliary drainage (ENBD) tube improves the clinical course in patients with choledocholithiasis-induced acute cholangitis after clearance of choledocholithiasis. Endoscopic splenectomy was performed on six pigs.","Yes

Justification: The study presents results of per-oral transgastric splenectomy in a porcine model ([2, 5])."
sentence_hybrid,sentence,hybrid,mistral,It's Fournier's gangrene still dangerous?,yes,yes,1,1,success,"To assess the morbidity and mortality in the treatment of Fournier's gangrene in our experience. Fournier's gangrene is known to have an impact in the morbidity and despite antibiotics and aggressive debridement, the mortality rate remains high. The medical records of 14 patients with Fournier's gangrene who presented at the University Hospital Center ""Mother Teresa"" from January 1997 to December 2006 were reviewed retrospectively to analyze the outcome and identify the risk factor and prognostic indicators of mortality. Four out of 244 isolates (1.6%) were PVL-positive and susceptible to oxacillin [methicillin-susceptible S. aureus (MSSA)]. The severe hypoglycaemia hazard for all four outcomes was higher with standard care than with insulin glargine.","Yes

Justification: The mortality rate remains high despite aggressive treatment (context [2])."
sentence_hybrid,sentence,hybrid,mistral,Is it appropriate to implant kidneys from elderly donors in young recipients?,yes,maybe,0,1,generation_failure,"Kidneys from elderly donors tend to be implanted in recipients who are also elderly. We present the results obtained after 10 years of evolution on transplanting elderly kidneys into young recipients. Ninety-one consecutive transplants are studied, carried out in our center with kidneys from cadaver donors older than 60 years implanted in recipients younger than 60 years. The purpose of this study was to compare the non-cycloplegic and cycloplegic spherical equivalent (SE) refractive error measured in young adults. To characterize the gender dimorphism after injury with specific reference to the reproductive age of the women (young,<48 yrs of age, vs. old,>52 yrs of age) in a cohort of severely injured trauma patients for which significant variation in postinjury care is minimized.","Maybe

Justification: The context provides a study of 10 years on transplanting elderly kidneys into young recipients, suggesting that such transplants have been performed and are being studied. However, the study's purpose is"
sentence_hybrid,sentence,hybrid,mistral,Do provider service networks result in lower expenditures compared with HMOs or primary care case management in Florida's Medicaid program?,yes,yes,1,1,success,"Health care delivery has undertaken a major shift from inpatient management to ambulatory surgical care with increasing emphasis on quality assurance (QA) processes. To determine the impact of Florida's Medicaid Demonstration 4 years post-implementation on per member per month (PMPM) Medicaid expenditures and whether receiving care through HMOs versus provider service networks (PSNs) in the Demonstration was associated with PMPM expenditures.DATA: Florida Medicaid claims from two fiscal years prior to implementation of the Demonstration (FY0405, FY0506) and the first four fiscal years after implementation (FY0607-FY0910) from two urban Demonstration counties and two urban non-Demonstration counties. Among SSI enrollees, the Demonstration resulted in lower increases in PMPM expenditures over time ($40) compared with the non-Demonstration counties ($186), with Demonstration PSNs lowering PMPM expenditures by $7 more than HMOs. High managed care penetration in the community is associated with a lower likelihood of having a usual source of care for uninsured persons (54.8% vs. 62.2% in low penetration areas) as well as a lower likelihood of having a usual physician (60% vs. 72.8%). Managed care has only marginal effects on the likelihood of having a usual source of care for privately insured and Medicaid beneficiaries.","Yes

Justification: According to [3], among SSI enrollees, Demonstration PSNs lowered PMPM expenditures by $7 more than HMOs."
sentence_hybrid,sentence,hybrid,mistral,Assessment of carotid artery stenosis before coronary artery bypass surgery. Is it always necessary?,no,maybe,0,1,generation_failure,"Extracranial internal carotid artery stenosis is a risk factor for perioperative stroke in patients undergoing coronary artery bypass surgery (CAB). The study goal was to determine whether pre-operative fasting blood glucose (fB-glu) is associated with an increased mortality after coronary artery bypass grafting (CABG). Prevalence of carotid stenosis detected by ultrasonography, surgical management and perioperative stroke rates were determined in each group. Although selective and non-selective methods of preoperative carotid screening have been advocated, it remains unclear if this screening is clinically relevant.AIM: To test whether selective carotid screening is as effective as non-selective screening in detecting significant carotid disease. Common carotid artery pulsatility index and resistance index were calculated from blood flow velocities curves obtained by pulsed Doppler ultrasonography.","Maybe

Justification: The context suggests that the necessity of carotid artery stenosis assessment before coronary artery bypass surgery is unclear, as stated in [4]. However, it is also mentioned that carotid"
sentence_hybrid,sentence,hybrid,mistral,Should direct mesocolon invasion be included in T4 for the staging of gastric cancer?,maybe,maybe,1,1,success,"Among these, patients who showed macroscopically direct invasion into the mesocolon were compared to other patients with advanced gastric cancer. The purpose of this study was to characterize and classify mesocolon invasion from gastric cancer. One of the sites most frequently invaded by gastric cancer is the mesocolon; however, the UICC does not mention this anatomical site as an adjacent structure involved in gastric cancer. The curability, number and extent of nodal metastasis, and the survival of the mesocolon invasion group were significantly worse than these factors in the T3 group. However, the survival of the mesocolon invasion group after curative resection was much better than that of patients who had incurable factors.","Maybe

Justification: The study suggests that the curability, number and extent of nodal metastasis, and the survival of the mesocolon invasion group were significantly worse than those in the T3 group, indicating a more advanced stage"
sentence_hybrid,sentence,hybrid,mistral,Do Surrogates of Injury Severity Influence the Occurrence of Heterotopic Ossification in Fractures of the Acetabulum?,maybe,maybe,1,1,success,"To determine the relationship between injury severity surrogates and other patient factors with the development and severity of heterotopic ossification (HO) following open reduction internal fixation of acetabular fractures treated with a posterior approach. It is also assessed whether the occurrence of this complication is related to the displacement of the fracture, soft tissue injury, or delay in the reduction or surgery. The following variables were analysed: displacement of the fracture, soft tissue injury, delay and type of treatment, complications, observation of the Hawkins sign, and functional outcome. The incidence of acetabular fractures in osteoporotic patients is increasing. Other variables evaluated in multivariate modeling not significantly associated with development and severity of HO included age, gender, mechanism of injury, injury severity score, presence of neurologic injury, Letournel fracture type, occurrence of hip dislocation, interval from injury to surgery, operative time, and estimated blood loss.","Maybe

Justification: The provided context indicates that the study is investigating the relationship between injury severity surrogates and the development and severity of heterotopic ossification (HO). However, it is not explicitly stated that injury"
sentence_hybrid,sentence,hybrid,mistral,Does pretreatment with statins improve clinical outcome after stroke?,no,maybe,0,1,generation_failure,"In a preliminary observational study, we explored whether clinical outcome is improved in patients who are on treatment with statins when stroke occurs. In primary and secondary prevention trials, statins have been shown to reduce the risk of stroke. The unadjusted odds ratio for early discharge to home (versus late discharge or death) was 1.41 (95% CI 0.91 to 2.17) when patients on statin treatment were compared with referent stroke patients not on statins. In addition to lipid lowering, statins have a number of antiatherothrombotic and neuroprotective properties. Although consensus guidelines for pretreatment evaluation and monitoring of propranolol therapy in patients with infantile hemangiomas (IH) have been formulated, little is known about the cardiovascular side effects.","Maybe

Justification: The study suggests a trend towards improved clinical outcome, but the results are not statistically significant (unadjusted odds ratio 1.41, 95% CI 0.91 to 2"
sentence_hybrid,sentence,hybrid,mistral,Processing fluency effects: can the content and presentation of participant information sheets influence recruitment and participation for an antenatal intervention?,yes,yes,1,1,success,"To assess the extent to which the title and font of participant information sheets (PISs) can influence pregnant women's and trainee midwives' perceptions of an antenatal intervention. Students made a number of recommendations including the development of multilingual videotapes and patient information sheets for non-English speaking patients, avoidance of bilateral surgical procedures and improved links with local medical officers. For cardiovascular diseases and for mental ill-health, access to additional information by the MR was the commonest reason for changing the fitness category, but for all other conditions factors such as the experience and knowledge of the MRs or their different interpretation of the standards were the most frequent reasons for a change to fitness category or to restrictions. Contamination rates of autologous donors were evaluated for at three steps: at the end of mobilization, following processing with dimethyl sulfoxide, and just before stem cell infusion. Although consensus guidelines for pretreatment evaluation and monitoring of propranolol therapy in patients with infantile hemangiomas (IH) have been formulated, little is known about the cardiovascular side effects.","Yes

Justification: The question is about the influence of the title and font of participant information sheets (PISs) on pregnant women's and trainee midwives' perceptions of an antenatal intervention, which is explicitly stated"
sentence_hybrid,sentence,hybrid,mistral,Sternal fracture in growing children : A rare and often overlooked fracture?,maybe,yes,0,1,generation_failure,"A total of 4 children aged 5-14 years with a sternal fracture were treated in 2 years, 2 children were hospitalized for pain management and 2 remained in outpatient care. Sternal fractures in childhood are rare. It is also assessed whether the occurrence of this complication is related to the displacement of the fracture, soft tissue injury, or delay in the reduction or surgery. The following variables were analysed: displacement of the fracture, soft tissue injury, delay and type of treatment, complications, observation of the Hawkins sign, and functional outcome. Other variables evaluated in multivariate modeling not significantly associated with development and severity of HO included age, gender, mechanism of injury, injury severity score, presence of neurologic injury, Letournel fracture type, occurrence of hip dislocation, interval from injury to surgery, operative time, and estimated blood loss.","Yes

Justification: The context states that sternal fractures in childhood are rare (context [2])."
sentence_hybrid,sentence,hybrid,mistral,Is there a correlation between androgens and sexual desire in women?,yes,maybe,0,1,generation_failure,"For women, the correlation between circulating androgens and sexual desire is inconclusive. Sexual desire correlated overall with FT and androstenedione in the total cohort of women. Measuring bioactive testosterone is difficult and new methods have been proposed, including measuring the primary androgen metabolite androsterone glucuronide (ADT-G).AIM: The aim of this study was to investigate a possible correlation between serum levels of androgens and sexual desire in women and whether the level of ADT-G is better correlated than the level of circulating androgens with sexual desire. In women aged 45-65 years, androstenedione correlated with sexual desire. Substitution with androgens at physiological levels improves sexual function in women who experience decreased sexual desire and androgen deficiency from surgical menopause, pituitary disease, and age-related decline in androgen production in the ovaries.","Maybe

Justification: The context suggests that the correlation is inconclusive overall for women, but there is a correlation found in specific cases such as androstenedione with sexual desire in women aged 45-65 years (context ["
sentence_hybrid,sentence,hybrid,mistral,Does immediate breast reconstruction compromise the delivery of adjuvant chemotherapy?,no,maybe,0,1,generation_failure,"Immediate breast reconstruction (IBR) provides psychological benefit to many early breast cancer patients however concerns persist regarding its potential impact on chemotherapy delivery. Retrospective analysis of patients in an academic breast service, who underwent mastectomy, with or without reconstruction, and received adjuvant chemotherapy. To evaluate the impact of HER2 immunoreactivity on clinical outcome in locally advanced urothelial carcinoma patients who received surgery alone, or methotrexate, vinblastine, epirubicin, and cisplatin (M-VEC) as adjuvant chemotherapy. A retrospective analysis of 136 breasts of 134 patients, who received breast-conserving oncoplastic surgery for low-risk breast cancer between 2002 and 2010 in the Universities of Vienna and Luebeck followed by adjuvant APBI applying total doses of pulse dose rate of 50.4 Gy or high-dose rate (HDR) of 32 Gy over 4 days. The outcomes of interest were margins, lymph node yield, receipt of neoadjuvant chemoradiation, adjuvant chemotherapy, readmission within 30 days, 30-day and 90-day mortality, and 5-year overall survival.","Maybe

Justification: The provided context does not definitively state that immediate breast reconstruction compromises the delivery of adjuvant chemotherapy, but it does mention concerns regarding this potential impact ([1])."
sentence_hybrid,sentence,hybrid,mistral,Human papillomavirus and pterygium. Is the virus a risk factor?,maybe,maybe,1,1,success,"Several studies have investigated human papillomavirus (HPV) as a risk factor for the development of pterygia, but the results are inconclusive.AIM: To investigate a large sample of pterygia for the presence of HPV in order to clarify the putative association between pterygia and HPV. Pterygium is a disease of unknown origin and pathogenesis that might be vision threatening. To critically assess the evidence that appendiceal perforation is a risk factor for subsequent tubal infertility or ectopic pregnancy. 100 specimens of pterygium from Danish patients and 20 normal conjunctival biopsy specimens were investigated for the presence of HPV with PCR technique using beta-globin primers to access the quality of the extracted DNA and the HPV primers MY09/11 and GP5+/6+. Vaginal intraepithelial neoplasia is a little known disease which could be related to risk factors different from simple HPV infections.","Maybe

Justification: The study investigates the presence of HPV in pterygia, but the results are inconclusive. (Context: [1])"
sentence_hybrid,sentence,hybrid,mistral,Can PRISM predict length of PICU stay?,no,yes,0,1,generation_failure,"PRISM is claimed to score disease severity which has attributed an impact on length of PICU stay (LOS). Retrospectively we performed correlation and regression analyses on routinely scored PRISM data of all consecutive admissions to our level-III PICU from 1994 to 1999 (n>2000) with individual LOS. To examine the ability of various postoperative nomograms to predict prostate cancer-specific mortality (PCSM) and to validate that they could predict aggressive biochemical recurrence (BCR). To determine the impact of PRISM on LOS, and evaluate an Artificial Neural Network's (ANN) performance to estimate LOS from PRISM item patterns. However, it remains unknown if they can predict more definitive endpoints, such as PCSM.","Yes

Justification: The context states that PRISM was found to have an impact on length of PICU stay (LOS) through correlation and regression analyses ([2])."
sentence_hybrid,sentence,hybrid,mistral,Can predilatation in transcatheter aortic valve implantation be omitted?,yes,maybe,0,1,generation_failure,The aim of the study was to see whether or not balloon predilatation is necessary in transcatheter aortic valve replacement (TAVI). The use of a balloon expandable stent valve includes balloon predilatation of the aortic stenosis before valve deployment. Sixty consecutive TAVI patients were randomized to the standard procedure or to a protocol where balloon predilatation was omitted. The purpose of this study is to evaluate right ventricular (RV) volume and function after pulmonary valve replacement (PVR) and to address the issue of optimal surgical timing in these patients. We investigate whether the anatomy of the aortic arch influences the severity of aortic injury.,"Maybe

Justification: The study suggests that balloon predilatation can be omitted in some cases of transcatheter aortic valve replacement, but the study does not provide conclusive evidence that it can be omitted"
sentence_hybrid,sentence,hybrid,mistral,Autoerotic asphyxiation: secret pleasure--lethal outcome?,yes,yes,1,1,success,"Voluntary asphyxiation among children, preteens, and adolescents by hanging or other means of inducing hypoxia/anoxia to enhance sexual excitement is not uncommon and can lead to unintended death. This study addresses autoerotic asphyxiation (AEA) with the intent of increasing pediatricians' knowledge of the syndrome and awareness of its typical onset among young patients. Non-severe hypoglycaemia was not associated with any outcome following adjustment. This study examined the long-term outcome of TERPT versus conventional transabdominal (ABD) pull-through for HD. The scenarios were all possible combinations of five factors: severity of the disease (severe, lethal); time taken to discuss this with (little time, much time); intent to inform the spouse about the disease (none, one of these days, immediately); intent to adopt protective behaviours (no intent, intent); and decision to consult an expert in STDs (yes, no), 2 x 2 x 3 x 2 x 2.","Yes

Justification: The context mentions that voluntary asphyxiation among children, preteens, and adolescents can lead to unintended death ([1])."
sentence_hybrid,sentence,hybrid,mistral,Major depression and alcohol use disorder in adolescence: Does comorbidity lead to poorer outcomes of depression?,no,yes,0,1,generation_failure,"Comorbid major depression (MD) and alcohol use disorder (AUD), particularly in adolescents, have been shown to be associated with poorer subsequent MD outcomes. Evidence suggests substantial comorbidity between symptoms of somatization and depression in clinical as well as nonclinical populations. Considering commonalities between depression and social anxiety and the presence of similar intrusive thoughts in social anxiety, the current study was designed to assess whether interference from irrelevant material in working memory is specific to depression or is also present in social anxiety disorder. Compared to control and social anxiety groups, the depression groups (both pure and comorbid with social anxiety disorder) exhibited greater difficulties removing irrelevant emotional material from working memory (i.e., greater intrusion effects). Participants with major affective disorders in the National Institute of Mental Health (NIMH) Collaborative Depression Study (CDS) were followed prospectively for up to 25 years.","Yes

Justification: The context states that comorbid major depression and alcohol use disorder, particularly in adolescents, have been shown to be associated with poorer subsequent MD outcomes ([1])."
sentence_hybrid,sentence,hybrid,mistral,Cold preparation use in young children after FDA warnings: do concerns still exist?,yes,maybe,0,1,generation_failure,"To characterize the use and delivery of cough and cold medicines in children younger than 6 presenting to an inner-city pediatric emergency department (PED) following 2007 FDA warnings. Our objectives were to investigate whether first-trimester FA use protects against heart anomalies among DS children. Eight infants aged 2 to 15 months were admitted during a period of 6 years; they suffered from similar maladies in the bath: on immersion, they became pale, hypotonic, still and unreactive; recovery took a few seconds after withdrawal from the bath and stimulation. The sample consisted of 91 children and their parents being seen in the Pediatric Gastroenterology Clinic for concerns unrelated to overweight. Prospective study of 153 children (aged 2 months to 2 years), seen in the emergency department after a convulsive episode.","Maybe

Justification: The context does not provide information about the use of cough and cold medicines in children after the FDA warnings, only that the study was conducted to characterize the use and delivery of such medicines in children younger than"
sentence_hybrid,sentence,hybrid,mistral,Does a 4 diagram manual enable laypersons to operate the Laryngeal Mask Supreme®?,yes,yes,1,1,success,"The aim of this pilot study was to determine whether an instruction manual consisting of four diagrams enables laypersons to operate a Laryngeal Mask Supreme® (LMAS) in the manikin. Laypersons were handed a bag containing a LMAS, a bag mask valve device (BMV), a syringe prefilled with air and the instruction sheet, and were asked to perform and ventilate the manikin as displayed. An instruction manual of four illustrations with speech bubbles displaying the correct use of the LMAS was designed. 114 individuals trained in basic life support and bag-valve-mask ventilation participated in this study. Ventilation was delivered with a manual resuscitator connected to a microspirometer and volumes were measured.","Yes

Justification: The study shows that 114 individuals trained in basic life support and bag-valve-mask ventilation were able to operate the Laryngeal Mask Supreme® using a 4 diagram manual (Context"
sentence_hybrid,sentence,hybrid,mistral,Can we measure mesopic pupil size with the cobalt blue light slit-lamp biomicroscopy method?,no,maybe,0,1,generation_failure,"The aim of this work is to assess a previously described slit-lamp biomicroscopy-based method (SLBM) for measuring pupil diameter and compare it to Colvard infrared pupillometry (CIP). We determined the agreement of SLBM and CIP, intraobserver and interobserver repeatabilities, and interobserver concordance (kappa) and SLBM ability for detecting pupil sizes over 6.0 mm. The mean (±standard deviation [SD]) pupil diameter was 5.81 ± 0.70 mm with SLBM and 6.26 ± 0.68 mm with CIP (p = 0.01) averaging both examiner's results. One cochlea specimen from each animal was stained with haematoxylin and eosin and the other with toluidine blue. The smallest detectable difference using the linear dimension method was 11% for carotid body and 27% for vagal body tumours, compared with 17% and 20% for the manual area tracing method.","Maybe

Justification: The context does not specify the type of light used for the slit-lamp biomicroscopy method, but it is reasonable to assume that the method can be used for measuring mesopic pupil size,"
sentence_hybrid,sentence,hybrid,mistral,Should circumcision be performed in childhood?,no,maybe,0,1,generation_failure,"To point out the value of circumcision and prepucial forced dilation during childhood. As these haemorrhages are considered characteristic of child abuse, we investigated their occurrence after convulsive episodes to see whether the finding of haemorrhage should prompt further investigation. Only 11 boys were considered in need for circumcision, three of them for prepucial orifice stenosis, which prevented normal micturition, causing a prepucial sac, one case due to a constrictive ring below the prepucial edge that would have prevented ulterior retractability, two cases with repetitive balanopostitis, and five cases secondary to xerosol balanitis, accounting for 2.7% of all examined boys. These associations were then adjusted for confounding by a series of factors measured in childhood. Furthermore, it was observed that at the time of examination for the study 106 boys who had undergone forced dilation at an earlier age had balano-prepucial adhesions again, which demonstrates that prepuce adheres again to glans penis in many boys after a forced dilation is performed.","Maybe

Justification: The text mentions that circumcision was performed in 11 boys, some of whom had conditions that could be improved by circumcision (repetitive balanopostitis, xerosol balan"
sentence_hybrid,sentence,hybrid,mistral,Does a colonoscopy after acute diverticulitis affect its management?,no,maybe,0,1,generation_failure,"Acute diverticulitis was diagnosed by clinical criteria and characteristic CT findings. Medical records of 220 patients hospitalized for acute diverticulitis between June 1, 2002 and September 1, 2009 were reviewed. Little is known about whether a routinely inserted endoscopic nasobiliary drainage (ENBD) tube improves the clinical course in patients with choledocholithiasis-induced acute cholangitis after clearance of choledocholithiasis. The influence of positron emission tomography in the management of recurrent rectal cancer is well established but its role in primary rectal cancer remains uncertain. Health care delivery has undertaken a major shift from inpatient management to ambulatory surgical care with increasing emphasis on quality assurance (QA) processes.","Maybe

Justification: The context does not provide information about whether a colonoscopy after acute diverticulitis affects its management. However, it does not explicitly state that a colonoscopy is not performed or does not affect the"
sentence_hybrid,sentence,hybrid,mistral,Do instrumental activities of daily living predict dementia at 1- and 2-year follow-up?,yes,yes,1,1,success,"To investigate whether problems in instrumental activities of daily living (IADL) can add to conventionally used clinical measurements in helping to predict a diagnosis of dementia at 1- and 2-year follow-up. SEM showed that IADL disability could help predict dementia in addition to the measured variables at 1-year follow-up (odds ratio (OR) = 2.20, 95% confidence interval (CI) = 1.51-3.13) and 2-year follow-up (OR = 2.11, 95% CI = 1.33-3.33). Five hundred thirty-one participants had baseline and 1-year follow-up assessments; 69 (13.0%) of these had developed dementia at 1-year follow-up. At 2-year follow-up, 481 participants were seen, of whom 100 (20.8%) had developed dementia. Therefore, we proposed to investigate a possible preventive effect of bezafibrate on the development of colon cancer in patients with coronary artery disease during a 6-year follow-up.","Yes

Justification: The study shows that instrumental activities of daily living (IADL) disability could help predict dementia in addition to the measured variables at 1-year follow-up (odds ratio (OR) ="
sentence_hybrid,sentence,hybrid,mistral,Does the Simultaneous Use of a Neuroendoscope Influence the Incidence of Ventriculoperitoneal Shunt Infection?,no,maybe,0,1,generation_failure,"The relationship between the use of an endoscope during ventriculoperitoneal shunt (VPS) procedures and infection remains poorly defined. In this study, we sought to analyze whether the simultaneous use of an endoscope could in fact increase the infection rate associated with VPS procedures. The mean duration of anesthesia and the infection rates in both groups were recorded and compared. Results of cannulation and the incidence of complications were compared. Subsequently, 4 new groups were created, composed of patients with a shunt inserted for the first time (groups 1A and 1B) and patients with a shunt reviewed or inserted for a second time (groups 2A and 2B).","Maybe

Justification: The study was designed to analyze whether the simultaneous use of an endoscope could increase the infection rate associated with VPS procedures, but the results were not explicitly provided in the context."
sentence_hybrid,sentence,hybrid,mistral,"Body perception: do parents, their children, and their children's physicians perceive body image differently?",yes,yes,1,1,success,"To compare children's, parents' and physicians' perceptions of children's body size. We administered a structured questionnaire of body size perception using a descriptive Likert scale keyed to body image figures to children ages 12 to 18 years. Forty-four percent of parents underestimated children's body size using word descriptions and 47% underestimated using figures. The sample consisted of 91 children and their parents being seen in the Pediatric Gastroenterology Clinic for concerns unrelated to overweight. The second theme emerged from men's views about other men's rejection of a wife inflicted by breast cancer, their own perceptions of diminished femininity due to mastectomy and their own concerns about protecting the family from the hereditary risk of breast cancer.","Yes

Justification: The provided context shows that parents and children perceive children's body size differently, as 44% of parents underestimated children's body size using word descriptions and 47% underestimated using"
sentence_hybrid,sentence,hybrid,mistral,Is a specialised training of phonological awareness indicated in every preschool child?,maybe,maybe,1,1,success,"In a prospective study 218 preschool children were enrolled (stratified in 2 training programs, one specialized for phonologic awareness in order to prevent dyslexia, the other consisting in training of general perception) during the last year of kindergarten. We examined if components of phonological processing that are shown to reliably separate average readers from struggling readers, i.e., phonological awareness, verbal memory, speed of retrieval, and size of vocabulary, show the same relationship to reading levels when they are mediated by the right hemisphere [2]. Phonological awareness levels strongly correlated with word reading. This paper assesses the usefulness of the Child Health Computing System as a source of information about children with cerebral palsy. Phonological processing measured by both phonological awareness and nonword reading was unexpectedly spared in the majority of participants.","Maybe

Justification: The study shows that phonological awareness levels strongly correlate with word reading ([3]), but the study does not indicate that a specialised training of phonological awareness is necessary for every preschool child."
sentence_hybrid,sentence,hybrid,mistral,Is there any relationship between streptococcal infection and multiple sclerosis?,yes,maybe,0,1,generation_failure,"Multiple sclerosis (MS) is an immune-mediated inflammatory demyelinating disease of uncertain etiology. Although the mechanisms of inducting autoimmunity by some of the infectious agents have been investigated, there is not yet enough research on streptococcal infections.MATERIAL/ The relationship between the use of an endoscope during ventriculoperitoneal shunt (VPS) procedures and infection remains poorly defined. To understand the effect of past group A streptococcal infection on MS, antistreptolysin O (ASO) and antideoxyribonuclease B (ADNase B) were measured in 21 patients with relapsing-remitting MS and 21 healthy blood donors by nephelometric assay. In addition, A. schaalii was found in quantities equivalent to ≥ 10(6) CFU/mL by both culture and PCR in two children with a urinary tract infection and large numbers of leucocytes in the urine.","Maybe

Justification: The provided context mentions that the relationship between streptococcal infection and MS is not yet well understood due to a lack of sufficient research ([2]). However, the study in [4] suggests a potential"
sentence_hybrid,sentence,hybrid,mistral,Is the combination with 2-methoxyestradiol able to reduce the dosages of chemotherapeutices in the treatment of human ovarian cancer?,yes,maybe,0,1,generation_failure,"We investigated for the first time whether in vitro combinations of 2ME with various chemotherapeutic compounds may result in an additive inhibitory effect on the proliferation of human ovary cancer cells. The endogenous estradiol metabolite, 2-methoxyestradiol (2ME), has been shown to be a potent inhibitor of cell growth and a strong anti-angiogenic substance. We investigated the use of cyclosporine and the lysosomotropic amines chloroquine and hydroxychloroquine in combination for additive or synergistic immunosuppression on T-cell responses in vitro to MiHC and MHC in mice. The influence of positron emission tomography in the management of recurrent rectal cancer is well established but its role in primary rectal cancer remains uncertain. In the absence of data from a clinical trial, we used a decision-analysis model to compare the expected values of 2 treatment strategies-warfarin and no anticoagulation-for such patients.","Maybe

Justification: The context mentions that the combination of 2-methoxyestradiol with various chemotherapeutic compounds may result in an additive inhibitory effect on the proliferation of human ovary"
sentence_hybrid,sentence,hybrid,mistral,Assessing joint line positions by means of the contralateral knee: a new approach for planning knee revision surgery?,yes,maybe,0,1,generation_failure,"Reconstructing the natural joint line in knee revision surgery improves clinical and functional outcome but may be challenging when both cartilage and bone were removed during previous operations. The purpose of this cadaveric study was twofold: 1. to determine whether femoral tunnel lengths of greater than 20 mm can be created with a flexible reamer system at 90 ° of knee flexion and 2. to determine whether the lateral structures of the knee are safe with this technique. Because of the inherent symmetry of the human body, we hypothesised that JLs may be directly assessed by measuring the distances from the bony landmarks to the JL of the contralateral knee by means of radiographic images. The knee kinematics were measured with use of an electromagnetic tracking device while the knee was put through dynamic simulated stair-climbing under peak flexion moments of approximately 40 N-m. Quadriceps tension was also measured for all three conditions. Six human cadaver knees were tested before implantation, after implantation with a bicruciate-retaining unicompartmental knee prosthesis, and after implantation with a posterior cruciate-retaining tricompartmental knee prosthesis.","Maybe

Justification: The study suggests that the joint line positions of the contralateral knee can be used as a reference for planning knee revision surgery, but it does not explicitly state that this is a new approach. The study is a cada"
sentence_hybrid,sentence,hybrid,mistral,Does the type of tibial component affect mechanical alignment in unicompartmental knee replacement?,yes,maybe,0,0,retrieval_failure,"Unicompartmental replacement can be an alternative to tibial osteotomy in younger, active patients with unicompartmental knee disease. The unicompartmental prosthesis was initially implanted, and it was then revised to a total condylar knee replacement. To test this hypothesis, knee kinematics and quadriceps tension were recorded before and after replacement with a unicompartmental design and then with a tricompartmental design. Therefore, it was hypothesized that the knee kinematics after unicompartmental replacement may also be unchanged. In unicompartmental replacement, the other compartments and knee ligaments are largely untouched.","Maybe

Justification: The context does not provide direct information about the effect of the type of tibial component on mechanical alignment in unicompartmental knee replacement. However, it suggests that the other compartments and knee lig"
sentence_hybrid,sentence,hybrid,mistral,Is tumour expression of VEGF associated with venous invasion and survival in pT3 renal cell carcinoma?,maybe,yes,0,1,generation_failure,"To determine whether there is a relationship between VEGF expression and renal vein and vena cava invasion in stage pT3 renal cell carcinoma and to evaluate the impact of VEGF expression on survival in pT3 renal cell carcinoma. 78 patients with a pT3a or pT3b tumour without vena cava invasion or pT3b tumour with vena cava invasion were compared for age, gender, Fuhrman grade and immunohistochemical expression of VEGF. On univariate analysis, invasion of the perirenal fat, lymph node involvement, distant metastases and VEGF expression were significantly associated with survival (p<0.01). On multivariate analysis, lymph node involvement, distant metastases and VEGF expression (OR 6.07) were identified as independent predictive factors of survival. Prognostic significance of the following independent variables was tested using univariate (log-rank) and multivariate (Cox proportional-hazards) analysis: type of resection (sublobar vs lobectomy vs pneumonectomy), histology (squamous cell vs adenocarcinoma), tumour size (<or=3cm vs>3cm), histologic vascular invasion, visceral pleura involvement, positive bronchial resection margin, general T status.","Yes

Justification: The provided context states that VEGF expression was significantly associated with survival (p<0.01) and was identified as an independent predictive factor of survival (OR 6.07) in pT"
sentence_hybrid,sentence,hybrid,mistral,Injury and poisoning mortality among young men--are there any common factors amenable to prevention?,yes,maybe,0,1,generation_failure,"Deaths from injury and poisoning (suicide, accidents, undetermined deaths, and homicide) are the major cause of death among young men aged 15-39 years in England and Wales and have been increasing in recent years.AIM: To describe common characteristics among young men who die from injury and poisoning. We employed a retrospective survey methodology to investigate factors associated with deaths by injury and poisoning among young men aged 15-39 years (n = 268) in Merseyside and Cheshire during 1995. The purpose of this study was to determine: (1) the incidence of complications using therapeutic anticoagulation in trauma patients, and (2) if any patient factors are associated with these complications. The objectives of this study were to evaluate the ability of the Young-Burgess classification system to predict mortality, transfusion requirements, and nonorthopaedic injuries in patients with pelvic ring fractures and to determine whether mortality rates after pelvic fractures have changed over time. Mortality at index admission, transfusion requirement during first 24 hours, and presence of nonorthopaedic injuries as a function of Young-Burgess pelvic classification type.","Maybe

Justification: The context provides a study that aims to describe common characteristics among young men who die from injury and poisoning ([1]), but it does not directly state that there are common factors amenable to prevention. However, the"
sentence_hybrid,sentence,hybrid,mistral,Continuation of pregnancy after antenatal corticosteroid administration: opportunity for rescue?,maybe,yes,0,1,generation_failure,"To determine the duration of continuing pregnancy after antenatal corticosteroid (AC) administration and to evaluate the potential opportunity for rescue AC. Intrathecal administration of urokinase, IV administration of fasudil hydrochloride, and continuous cerebrospinal fluid (CSF) evacuation via cisternal drainage were performed as prophylactic treatments for vasospasm. To determine whether post-operative administration of topical ropivacaine hydrochloride decreases morbidity following adenotonsillectomy. To investigate the cost-effectiveness of up to £400 worth of financial incentives for smoking cessation in pregnancy as an adjunct to routine health care. To compare the probability of prenatal diagnosis (PND) and termination of pregnancy for fetal anomaly (TOPFA) between fetuses conceived by assisted reproductive techniques (ART) and spontaneously-conceived fetuses with congenital heart defects (CHD).","Yes

Justification: The context mentions the study is to determine the duration of continuing pregnancy after antenatal corticosteroid (AC) administration and to evaluate the potential opportunity for rescue AC ([1])."
sentence_hybrid,sentence,hybrid,mistral,Does either obesity or OSA severity influence the response of autotitrating CPAP machines in very obese subjects?,yes,yes,1,1,success,"In earlier work from this unit, we used correlations between autoCPAP pressure and both OSA severity and obesity, to construct an algorithm to estimate the fixed CPAP pressure a patient required for subsequent clinical use. Measurements of obesity were made, OSA severity was recorded, and the 95th centile autoCPAP pressure was recorded during 1 week of autoCPAP. The pressures delivered by autotitrating continuous positive airways pressure (CPAP) devices not only treat obstructive sleep apnoea (OSA) effectively but also give potentially interesting physiological information about the forces impinging on the pharynx. Spearman's rank correlation was performed between measurements of obesity and autoCPAP pressure, and between OSA severity and autoCPAP pressure. To provide insight into the factors by which obesity in itself may directly lead to early arterial damage, we aimed to determine early sonographic markers of obesity-related vascular dysfunction in young obese males.","Yes

Justification: The provided context shows that there is a correlation between both obesity and OSA severity and the autoCPAP pressure ([4]). This correlation suggests that either obesity or OSA severity influences the"
sentence_hybrid,sentence,hybrid,mistral,Does the clinical presentation of a prior preterm birth predict risk in a subsequent pregnancy?,yes,yes,1,1,success,"The objective of the study was to determine whether risk of recurrent preterm birth differs based on the clinical presentation of a prior spontaneous preterm birth (SPTB): advanced cervical dilatation (ACD), preterm premature rupture of membranes (PPROM), or preterm labor (PTL). Risks for sonographic short cervical length and recurrent SPTB were compared between women based on the clinical presentation of their prior preterm birth. Women were categorized based on the clinical presentation of their prior preterm delivery as having ACD, PPROM, or PTL. In addition, a series of multivariable logistic regressions were also constructed separately for cases and controls for the following adverse delivery outcomes: low birth weight baby, preterm delivery, and delivery via Caesarian section. To critically assess the evidence that appendiceal perforation is a risk factor for subsequent tubal infertility or ectopic pregnancy.","Yes

Justification: The study was designed to determine if the clinical presentation of a prior preterm birth (SPTB) differs in risk of recurrent preterm birth, suggesting that the clinical presentation does predict risk in a subsequent pregnancy"
sentence_hybrid,sentence,hybrid,mistral,Is the Distance Worth It?,yes,maybe,0,1,generation_failure,"Whether driving time or driving distance is a better indicator of travel burden is also of interest. The distance from the guide pins to the com - mon peroneal nerve and femoral attachment of the LCL were measured with a standard flexible paper ruler to the nearest millimeter. The mean time per antegrade DBE was 107.4±30.0 minutes with a distance of 318.4±152.9 cm reached past the pylorus. Height of the infundibulum, described as the distance between the line passing through the lowest part of the calyx containing the calculus and the highest point of the lower lip of renal pelvis, was the only parameter in which significant differences (p = 0.002) were found between the NR and R groups. It is also assessed whether the occurrence of this complication is related to the displacement of the fracture, soft tissue injury, or delay in the reduction or surgery.","Maybe

Justification: The context does not provide a clear answer on whether the distance is a better indicator of travel burden, but it does mention the distance reached during a procedure (318.4±152.9 cm)"
sentence_hybrid,sentence,hybrid,mistral,Aripiprazole: a new risk factor for pathological gambling?,yes,maybe,0,1,generation_failure,"Another dopamine agonist, aripiprazole, could be a new risk factor. The probability that pathological gambling is actually due to aripiprazole is ""possible"" in 7 cases out of 8, and ""doubtful"" in one. The patients involved were schizophrenic or bipolar, mostly young men with a history of addictive disorders and regular gambling prior to the prescription of aripiprazole. It is commonly accepted that pathological gambling results from the interaction of multiple risk factors. Based on a cohort of 166 pathological gamblers starting treatment in our department, data of each of the 8 patients treated by aripiprazole at inclusion were analyzed.","Maybe

Justification: The probability that pathological gambling is actually due to aripiprazole is ""possible"" in 7 cases out of 8, and ""doubtful"" in one (context [2])."
sentence_hybrid,sentence,hybrid,mistral,Immune suppression by lysosomotropic amines and cyclosporine on T-cell responses to minor and major histocompatibility antigens: does synergy exist?,yes,yes,1,1,success,"We investigated the use of cyclosporine and the lysosomotropic amines chloroquine and hydroxychloroquine in combination for additive or synergistic immunosuppression on T-cell responses in vitro to MiHC and MHC in mice. Because lysosomotropic amines can suppress major histocompatibility complex (MHC) class II antigen presentation, their mechanism of action is potentially different from current immune suppressant drugs used to control GVHD such as cyclosporine. We found that similar concentrations of chloroquine and hydroxychloroquine suppress the T-cell response to MiHC in mice (C57BL/6 anti-BALB.B) and that lysosomotropic amines in combination with cyclosporine result in synergistic suppression of a proliferative response to MiHC. Using murine models, we have shown that the lysosomotropic amine, chloroquine, is effective in the prevention of graft-versus-host disease (GVHD) mediated by donor T cells reactive with recipient minor histocompatibility antigens (MiHCs). Similar suppression and synergy appear to be present in an alloreactive response (C57BL/6 anti-BALB/c).","Yes

Justification: The context states that the combination of lysosomotropic amines (chloroquine and hydroxychloroquine) and cyclosporine results in synergistic suppression of a pro"
sentence_hybrid,sentence,hybrid,mistral,Does induction chemotherapy have a role in the management of nasopharyngeal carcinoma?,yes,maybe,0,1,generation_failure,"To assess the outcomes of patients with nasopharyngeal carcinoma (NPC) whose treatment was determined by computerized tomography (CT) and/or magnetic resonance imaging staging and to analyze the impact of induction chemotherapy and accelerated fractionated radiotherapy. Few studies have assessed whether the advantage chemotherapy has been shown to have in treating advanced non-small lung carcinoma in clinical trials is transferrable to normal health care activity. To evaluate the impact of HER2 immunoreactivity on clinical outcome in locally advanced urothelial carcinoma patients who received surgery alone, or methotrexate, vinblastine, epirubicin, and cisplatin (M-VEC) as adjuvant chemotherapy. The influence of positron emission tomography in the management of recurrent rectal cancer is well established but its role in primary rectal cancer remains uncertain. Patients enrolled in the study had been diagnosed with non-small cell carcinoma in stages IV or IIIB with pleural or N2-N3 involvement and with a performance status of 2 or below according to the Eastern Cooperative Oncology Group (ECOG).","Maybe

Justification: The context mentions a study assessing the impact of induction chemotherapy in the management of nasopharyngeal carcinoma (NPC) ([1]). However, it does not explicitly state that"
sentence_hybrid,sentence,hybrid,mistral,Treatment of contralateral hydrocele in neonatal testicular torsion: Is less more?,maybe,maybe,1,1,success,"Treatment of neonatal testicular torsion has two objectives: salvage of the involved testicle (which is rarely achieved) and preservation of the contralateral gonad. Our objective in this study was to determine whether the decision to manage a contralateral hydrocele in cases of neonatal testicular torsion solely through a scrotal approach is safe and effective. The second goal universally involves contralateral testicular scrotal fixation to prevent the future occurrence of contralateral torsion. However, there is controversy with regards to management of a synchronous contralateral hydrocele. We reviewed all cases of neonatal testicular torsion occurring at our institution between the years 1999 and 2006.","Maybe

Justification: The context indicates controversy regarding the management of a synchronous contralateral hydrocele, suggesting that there may be different approaches with varying outcomes."
sentence_hybrid,sentence,hybrid,mistral,"Are normally sighted, visually impaired, and blind pedestrians accurate and reliable at making street crossing decisions?",maybe,yes,0,1,generation_failure,"The purpose of this study is to measure the accuracy and reliability of normally sighted, visually impaired, and blind pedestrians at making street crossing decisions using visual and/or auditory information. We found that normally sighted and visually impaired pedestrians were accurate and reliable in their street crossing decision-making ability when using either vision plus hearing or vision only (P>0.05). Compared to either the normally sighted (P = 0.018) or visually impaired subjects (P = 0.019), blind subjects were the least accurate with their street crossing decisions under the hearing only condition. Safety ratings were collected from 12 normally sighted, 10 visually impaired, and 10 blind subjects for eight different gap times under three sensory conditions: (1) visual plus auditory information, (2) visual information only, and (3) auditory information only. Accuracy and reliability in street crossing decision-making were calculated for each subject under each sensory condition.","Yes

Justification: The study found that both normally sighted and visually impaired pedestrians were accurate and reliable in their street crossing decision-making ability when using either vision plus hearing or vision only (P>0.05"
sentence_hybrid,sentence,hybrid,mistral,Is it Crohn's disease?,maybe,no,0,0,retrieval_failure,"Endoscopic therapy in the form of electrocautery to ablate bleeding sources was performed in 20 patients (30.3%), biopsy in 17 patients (25.8%) and dilation of Crohn's-related small bowel strictures in 4 (6.1%). Although selective and non-selective methods of preoperative carotid screening have been advocated, it remains unclear if this screening is clinically relevant.AIM: To test whether selective carotid screening is as effective as non-selective screening in detecting significant carotid disease. Celiac disease (CD) is an autoimmune enteropathy characterized by villus atrophy and malabsorption of essential nutrients. Celiac disease (CD) is believed to be a permanent intolerance to gluten. The correlation between radiographic transition zone on contrast enema in Hirschsprung's disease and the total length of aganglionosis is known to be inaccurate.","No

Justification: The context does not mention Crohn's disease, only Celiac disease, which is a different condition."
sentence_hybrid,sentence,hybrid,mistral,Is Chaalia/Pan Masala harmful for health?,yes,yes,1,1,success,"Chaalia was considered harmful for health by 96% and Pan Masala by 60%. To determine the practices and knowledge of harmful effects regarding use of Chaalia and Pan Masala in three schools of Mahmoodabad and Chanesar Goth, Jamshed Town, Karachi, Pakistan. Along with demographic data, questions regarding frequency of Chaalia and Pan Masala use, practices of this habit in friends and family and place of procurement of these substances, were inquired. The frequency of use of any brand of Chaalia was found to be 94% and that of Pan Masala was 73.8%. Knowledge about established harmful effects was variable.","Yes

Justification: The context states that Chaalia was considered harmful for health by 96% and Pan Masala by 60%."
sentence_hybrid,sentence,hybrid,mistral,Does multi-modal cervical physical therapy improve tinnitus in patients with cervicogenic somatic tinnitus?,yes,maybe,0,1,generation_failure,"To investigate the effect of a multimodal cervical physical therapy treatment on tinnitus complaints in patients with CST. Tinnitus can be related to many different aetiologies such as hearing loss or a noise trauma, but it can also be related to the somatosensory system of the cervical spine, called cervicogenic somatic tinnitus (CST). Case studies suggest a positive effect of cervical spine treatment on tinnitus complaints in patients with CST, but no experimental studies are available. Patients with a combination of severe subjective tinnitus (Tinnitus Functional Index (TFI): 25-90 points) and neck complaints (Neck Bournemouth Questionnaire (NBQ) > 14 points). To identify distinctive features in patients with chronic functional somatic symptoms, and to determine whether these symptoms support the hypothesis of the existence of specific somatic syndromes.","Maybe

Justification: The context suggests that case studies indicate a positive effect of cervical spine treatment on tinnitus complaints in patients with CST, but no experimental studies are available, implying that while there is some evidence,"
sentence_hybrid,sentence,hybrid,mistral,Detailed analysis of sputum and systemic inflammation in asthma phenotypes: are paucigranulocytic asthmatics really non-inflammatory?,maybe,no,0,1,generation_failure,"There are very few studies which looked at detailed sputum and blood cell counts in a large cohort of asthmatics divided into inflammatory phenotypes. The total non-squamous cell count per gram of sputum was greater in mixed granulocytic and neutrophilic phenotypes as compared to eosinophilic, paucigranulocytic asthma and healthy subjects (p < 0.005). Eosinophilic asthma showed higher absolute sputum neutrophil and lymphocyte counts than healthy subjects (p < 0.005), while neutrophilic asthmatics had a particularly low number of sputum macrophages and epithelial cells. Asthmatics were classified into inflammatory phenotypes. Sputum eosinophils (in absolute values and percentages) were increased in all asthma phenotypes including paucigranulocytic asthma, compared to healthy subjects (p < 0.005).","No

Justification: Paucigranulocytic asthmatics have increased sputum eosinophils compared to healthy subjects (p < 0.005), indicating inflamm"
sentence_hybrid,sentence,hybrid,mistral,Is HIV/STD control in Jamaica making a difference?,yes,maybe,0,1,generation_failure,"To assess the impact of the comprehensive HIV/STD Control Program established in Jamaica since the late 1980s on the HIV/AIDS epidemic. Among those at high risk, HIV prevalence rates have risen to 6.3% (95% confidence interval 5.0-8.0) in STD clinic attenders, around 10% and 21% in female prostitutes in Kingston and Montego Bay respectively and approximately 30% among homosexuals. The annual AIDS incidence rate in Jamaica increased only marginally in the past three years from 18.5 per 100000 population to 21.4 in 1997. To evaluate whether reported unsafe sexual behaviour among HIV- infected individuals is changing over time. Because lysosomotropic amines can suppress major histocompatibility complex (MHC) class II antigen presentation, their mechanism of action is potentially different from current immune suppressant drugs used to control GVHD such as cyclosporine.","Maybe

Justification: The annual AIDS incidence rate in Jamaica increased only marginally in the past three years, but the HIV prevalence rates among high-risk groups have risen significantly. This suggests that the program may be"
sentence_hybrid,sentence,hybrid,mistral,Is Panton-Valentine leucocidin associated with the pathogenesis of Staphylococcus aureus bacteraemia in the UK?,maybe,maybe,1,1,success,"The morbidity and mortality associated with Panton-Valentine leucocidin (PVL)-positive Staphylococcus aureus suggest that this toxin is a key marker of disease severity. Nevertheless, the importance of PVL in the pathogenesis of primary bacteraemia caused by S. aureus is uncertain. Consecutive bacteraemia isolates of S. aureus (n=244) from patients hospitalized in 25 centres in the UK and Ireland during 2005 were screened for PVL and mecA genes. We have determined the prevalence of PVL-encoding genes among isolates of S. aureus from bacteraemic patients. In this study, we sought to analyze whether the simultaneous use of an endoscope could in fact increase the infection rate associated with VPS procedures.","Maybe

Justification: The provided context indicates that the importance of PVL in the pathogenesis of primary bacteraemia caused by S. aureus is uncertain ([2]), and the study was conducted to determine the preval"
sentence_hybrid,sentence,hybrid,mistral,Are even impaired fasting blood glucose levels preoperatively associated with increased mortality after CABG surgery?,yes,yes,1,1,success,"The study goal was to determine whether pre-operative fasting blood glucose (fB-glu) is associated with an increased mortality after coronary artery bypass grafting (CABG). Impaired fasting glucose (IFG) below the diagnostic threshold for diabetes mellitus (DM) is associated with macrovascular pathology and increased mortality after percutaneous coronary interventions. We examined the factors associated with new-onset atrial fibrillation after foregut surgery at our institution. In 60 middle-aged individuals without diabetes we studied the associations of fasting plasma glucose, 2-hour post oral glucose tolerance test plasma glucose, insulin sensitivity as well as body fat percentage with CVD risk. Associations of fasting plasma glucose, 2-hour plasma glucose, insulin sensitivity and body fat percentage with the Framingham risk score were assessed in linear regression models.","Yes

Justification: The study goal was to determine whether pre-operative fasting blood glucose (fB-glu) is associated with an increased mortality after coronary artery bypass grafting (CAB"
sentence_hybrid,sentence,hybrid,mistral,Does positron emission tomography change management in primary rectal cancer?,yes,maybe,0,1,generation_failure,"The influence of positron emission tomography in the management of recurrent rectal cancer is well established but its role in primary rectal cancer remains uncertain. This study therefore prospectively assesses the impact of position emission tomography scanning on the management of primary rectal cancer. Compared with computed tomography (CT) and magnetic resonance imaging (MRI), positron emission tomography (PET) may have additional value in the assessment of primary and recurrent cervical cancer. Forty-six patients with advanced primary rectal cancer referred for consideration of adjuvant preoperative therapy underwent position emission tomography scanning. This study examined the impact of radiotherapy for the primary rectal cancer on outcomes after pelvic exenteration for local recurrence.","Maybe

Justification: The study prospectively assesses the impact of PET scanning on the management of primary rectal cancer (context [2]), but the context does not provide clear evidence that PET always changes management in primary rectal"
sentence_hybrid,sentence,hybrid,mistral,Can you deliver accurate tidal volume by manual resuscitator?,no,maybe,0,1,generation_failure,"One of the problems with manual resuscitators is the difficulty in achieving accurate volume delivery. Ventilation was delivered with a manual resuscitator connected to a microspirometer and volumes were measured. This study was designed to compare tidal volumes delivered by the squeezing method, physical characteristics and education and practice levels. Tidal volume delivered by two hands was significantly greater than that delivered by one hand (r = 0.398, p<0.01). The aim of this pilot study was to determine whether an instruction manual consisting of four diagrams enables laypersons to operate a Laryngeal Mask Supreme® (LMAS) in the manikin.","Maybe

Justification: The study shows that tidal volume can be delivered by a manual resuscitator, but it also indicates that the accuracy of the volume delivery can vary significantly (r = 0.398, p<"
sentence_hybrid,sentence,hybrid,mistral,Can increases in the cigarette tax rate be linked to cigarette retail prices?,no,no,1,1,success,"To explain China's cigarette pricing mechanism and the role of the Chinese State Tobacco Monopoly Administration (STMA) on cigarette pricing and taxation. Published government tobacco tax documentation and statistics published by the Chinese STMA are used to analyse the interrelations among industry profits, taxes and retail price of cigarettes in China. The 2009 excise tax increase on cigarettes in China has not translated into higher retail prices because the Chinese STMA used its policy authority to ensure that retail cigarette prices did not change. As a result, the 2009 excise tax increase in China has resulted in higher tax revenue for the government and lower profits for the tobacco industry, with no increase in the retail price of cigarettes for consumers. The government tax increase is being collected at both the producer and wholesale levels.","No, because the Chinese STMA used its policy authority to ensure that retail cigarette prices did not change."
sentence_hybrid,sentence,hybrid,mistral,Vertical lines in distal esophageal mucosa (VLEM): a true endoscopic manifestation of esophagitis in children?,yes,yes,1,1,success,"We termed this finding ""vertical lines in esophageal mucosa"" (VLEM). We observed an endoscopic abnormally in a group of children with histological esophagitis. The esophageal mucosa had a normal appearance on 160 endoscopic studies (Group 1) and VLEM were the only mucosal abnormalities in 41 endoscopies (Group 2). We examined the relationship between the presence of VLEM and significant histologic changes in esophageal mucosal biopsies. The response of a series of patients with primary eosinophilic esophagitis to dilation is reported together with a description of a possibly pathognomonic sign: fragile esophageal mucosa, for which the term ""crêpe-paper"" mucosa is introduced.","Yes

Justification: The observation of VLEM in a group of children with histological esophagitis (context [2]) and the examination of the relationship between the presence of VLEM and significant histologic changes in es"
sentence_hybrid,sentence,hybrid,mistral,Does hypoglycaemia increase the risk of cardiovascular events?,yes,yes,1,1,success,"Hypoglycaemia caused by glucose-lowering therapy has been linked to cardiovascular (CV) events. Several studies have shown associations between hyperglycemia and risk of cardiovascular disease (CVD) and mortality, yet glucose-lowering treatment does little to mitigate this risk. Complications of anticoagulation were documented and defined as any unanticipated discontinuation of the anticoagulant for bleeding or other adverse events. Similar findings were noted for severe nocturnal hypoglycaemia for the primary outcome and mortality. The severe hypoglycaemia hazard for all four outcomes was higher with standard care than with insulin glargine.","Yes

Justification: The context states that hypoglycaemia caused by glucose-lowering therapy has been linked to cardiovascular (CV) events ([1])."
sentence_hybrid,sentence,hybrid,mistral,Does the radiographic transition zone correlate with the level of aganglionosis on the specimen in Hirschsprung's disease?,no,maybe,0,1,generation_failure,"The correlation between radiographic transition zone on contrast enema in Hirschsprung's disease and the total length of aganglionosis is known to be inaccurate. Four groups were determined (rectal, rectosigmoid, long segment, and absence of transition zone) and by Kappa coefficient of agreement correlated to the length of aganglionosis in the pathological report. The transanal endorectal pull-through (TERPT) is becoming the most popular procedure in the treatment of Hirschsprung disease (HD), but overstretching of the anal sphincters remains a critical issue that may impact the continence. From 1998 to 2009, 79 patients were operated on for Hirschsprung's disease. All available preoperative contrast enemas (n = 61) had been single blind reviewed by the same radiologist who defined the radiographic transition zone when present in vertebral level.","Maybe

Justification: The correlation between radiographic transition zone and the total length of aganglionosis is known to be inaccurate (1), but the Kappa coefficient of agreement was used to correlate the radiographic transition zone"
sentence_hybrid,sentence,hybrid,mistral,Is dexamethasone an effective alternative to oral prednisone in the treatment of pediatric asthma exacerbations?,yes,yes,1,1,success,We reviewed the literature to determine if there is sufficient evidence that dexamethasone can be used as an effective alternative in the treatment of pediatric asthma exacerbations in the inpatient setting. All of the pediatric trials found that prednisone is not superior to dexamethasone in treating mild to moderate asthma exacerbations. A Medline search was conducted on the use of dexamethasone in the treatment of asthma exacerbations in children. A short course of systemic corticosteroids is an important therapy in the treatment of pediatric asthma exacerbations. The studies selected were clinical trials comparing the efficacy of dexamethasone with prednisone.,"Yes

Justification: All of the pediatric trials found that prednisone is not superior to dexamethasone in treating mild to moderate asthma exacerbations ([2])."
sentence_hybrid,sentence,hybrid,mistral,Mammographic screening in Sami speaking municipalities and a control group. Are early outcome measures influenced by ethnicity?,yes,maybe,0,1,generation_failure,"The objective of this study was to describe the attendance rate and outcome of the Norwegian Breast Cancer Screening Program (NBCSP) in the Sami-speaking municipalities and a control group. It is uncertain whether the inverse equity hypothesis-the idea that new health interventions are initially primarily accessed by the rich, but that inequalities narrow with diffusion to the poor-holds true for cancer screening in low and middle income countries (LMICs).This study examines the relationship between overall coverage and economic inequalities in coverage of cancer screening in four middle-income countries. The rate of invasive screen detected cancer was not significantly lower in the Sami group (p=0.14). Although selective and non-selective methods of preoperative carotid screening have been advocated, it remains unclear if this screening is clinically relevant.AIM: To test whether selective carotid screening is as effective as non-selective screening in detecting significant carotid disease. The 8 municipalities included in the administration area of the Sami language law (Sami) were matched with a control group of 11 municipalities (non-Sami).","Maybe

Justification: The study does not directly compare early outcome measures between the Sami and non-Sami groups, but it does find that the rate of invasive screen-detected cancer was not significantly lower in the Sami group"
sentence_hybrid,sentence,hybrid,mistral,Do Electrochemiluminescence Assays Improve Prediction of Time to Type 1 Diabetes in Autoantibody-Positive TrialNet Subjects?,yes,yes,1,1,success,"To explore whether electrochemiluminescence (ECL) assays can help improve prediction of time to type 1 diabetes in the TrialNet autoantibody-positive population. TrialNet subjects who were positive for one or more autoantibodies (microinsulin autoantibody, GAD65 autoantibody [GADA], IA-2A, and ZnT8A) with available ECL-insulin autoantibody (IAA) and ECL-GADA data at their initial visit were analyzed; after a median follow-up of 24 months, 177 of these 1,287 subjects developed diabetes. Subjects who were ECL positive had a risk of progression to diabetes within 6 years of 58% compared with 5% for the ECL-negative subjects (P<0.0001). The load-response behaviour of tendons may be altered in type 1 diabetes mellitus (T1DM) as hyperglycaemia accelerates collagen cross-linking. The model with positivity for ECL-GADA and/or ECL-IAA was the best, and factors that remained significantly associated with time to diabetes were area under the curve (AUC) C-peptide, fasting C-peptide, AUC glucose, number of positive autoantibodies by RIAs, and ECL positivity.","Yes

Justification: The provided context shows that subjects who were positive for ECL-insulin autoantibody (IAA) and ECL-GADA had a significantly higher risk of progression to diabetes compared to ECL"
sentence_hybrid,sentence,hybrid,mistral,Assessment of appropriate antimicrobial prescribing: do experts agree?,yes,maybe,0,1,generation_failure,"Little is known about the validity and reliability of expert assessments of the quality of antimicrobial prescribing, despite their importance in antimicrobial stewardship. We created a reference standard of antimicrobial appropriateness using the modal assessment of 16 specialists. Twenty-four doctors specialized in infectious diseases or clinical microbiology (16 specialists and 8 residents) from five hospitals were asked to assess the appropriateness of antimicrobial agents prescribed for a broad spectrum of indications in 56 paper cases. We ascertained whether the obstetric history, syphilis testing, blood group testing, haemoglobin measurement and uterine growth assessment were performed during antenatal care along with whether appropriate action was taken. Health care providers, which include house staff, nurses, and respiratory care practitioners who provide care to patients with asthma in the primary general medicine clinic or the pulmonary medicine clinic of a university-county hospital in which patients were referred, were surveyed and assigned a performance score regarding the knowledge base of the appropriate use of metered-dose inhalers.","Maybe

Justification: The study created a reference standard of antimicrobial appropriateness using the modal assessment of 16 specialists, but the agreement among experts is not explicitly stated in the provided context."
sentence_hybrid,sentence,hybrid,mistral,Is there a favorable subset of patients with prostate cancer who develop oligometastases?,yes,yes,1,1,success,"Examine whether patients with prostate cancer choose the more aggressive of two radiotherapeutic options, whether this choice is reasoned, and what the determinants of the choice are. To analyze, retrospectively, the patterns and behavior of metastatic lesions in prostate cancer patients treated with external beam radiotherapy and to investigate whether patients with<or =5 lesions had an improved outcome relative to patients with>5 lesions. The treatment and outcome of 369 eligible patients with Stage T1-T3aN0-NXM0 prostate cancer were analyzed during a minimal 10-year follow-up period. Here we investigatewd if: (a) biopsy timing influences the prostate cancer (PC) detection rate in patients with fluctuating PSA (flu-PSA) in comparison with patients with steadily increasing PSA (si-PSA); (b) PSA slope estimated in patients with flu-PSA predicts a different risk of cancer detection; (c) flu-PSA and si-PSA patients develop PC in topographically different sites; (d) the behaviour of pre-operative PSA is an expression of a disease with defferent characteristics to the following radical prostatectomy. In addition, both the metastasis-free survival rate and the interval measured from the date of the initial diagnosis of prostate cancer to the development of bone metastasis were statistically superior for patients with<or =5 lesions compared with patients with>5 lesions (p = 0.01 and 0.02, respectively).","Yes

Justification: The text states that patients with 5 or fewer lesions had statistically superior metastasis-free survival rates and intervals compared to those with more than 5 lesions (p = 0.01 and"
sentence_hybrid,sentence,hybrid,mistral,Cycloplegic autorefraction in young adults: is it mandatory?,maybe,maybe,1,1,success,"The purpose of this study was to compare the non-cycloplegic and cycloplegic spherical equivalent (SE) refractive error measured in young adults. It is unclear whether cycloplegic refraction is necessary in this age group. The difference between non-cycloplegic and cycloplegic refractive measurements was analyzed. The precise correction of refractive error is especially important in young adults. The mean difference in SE between non-cycloplegic and cycloplegic measurements was 0.68 ± 0.83 D (95 % CI, 0.64-0.72).","Maybe

Justification: The study shows a significant difference (0.68 ± 0.83 D) between non-cycloplegic and cycloplegic refractive measurements in young adults"
sentence_hybrid,sentence,hybrid,mistral,Does screening or surveillance for primary hepatocellular carcinoma with ultrasonography improve the prognosis of patients?,yes,maybe,0,1,generation_failure,"The purpose of this paper is to evaluate the efficacy of ultrasonographic screening for primary hepatocellular carcinoma. The purpose of this study is to examine whether or not well differentiated (w-d) hepatocellular carcinoma (HCC) is indeed clinically early cancer. To determine current practice and to assess the value of routine follow-up procedures for endometrial cancer surveillance. Important increases could be demonstrated for communicating a diagnosis of cancer with good or less good prognosis, recurrence of cancer or a far progressive cancer disease without curative approach. We review our results on surgical treatment of patients with stage I non-small cell lung carcinoma and we attempted to clarify the prognostic significance of some surgical--pathologic variables.","Maybe

Justification: The context discusses the efficacy of ultrasonographic screening for primary hepatocellular carcinoma (HCC) ([1]), but it does not explicitly state that such screening improves the"
sentence_hybrid,sentence,hybrid,mistral,"""Would a man smell a rose then throw it away?",maybe,no,0,0,retrieval_failure,"Only 11 boys were considered in need for circumcision, three of them for prepucial orifice stenosis, which prevented normal micturition, causing a prepucial sac, one case due to a constrictive ring below the prepucial edge that would have prevented ulterior retractability, two cases with repetitive balanopostitis, and five cases secondary to xerosol balanitis, accounting for 2.7% of all examined boys. Folic acid (FA) is often given as an adjunct to methotrexate therapy, but there is no conclusive proof that it decreases the toxicity of methotrexate and there is a theoretical risk that it may decrease the efficacy of methotrexate. It has been our policy not to address the contralateral hydrocele through an inguinal incision to minimize potential injury to the spermatic cord. A case of spinal subdural hematoma (SSDH) following subarachnoid hemorrhage (SAH) because of a ruptured internal carotid aneurysm is described. It is postulated that some aspects of methotrexate toxicity may be related to its action as an anti-folate.","No, the provided context does not mention anything about smelling or throwing away a rose."
sentence_hybrid,sentence,hybrid,mistral,Department of Transportation vs self-reported data on motor vehicle collisions and driving convictions for stroke survivors: do they agree?,no,no,1,1,success,"We compared government records and self-reports of motor vehicle collisions and driving convictions in a sample of stroke survivors. The 56 participants were originally recruited for a prospective study on driving and community re-integration post-stroke; the study population consisted of moderately impaired stroke survivors without severe communication disorders who had been referred for a driving assessment. Research on stroke survivors' driving safety has typically used either self-reports or government records, but the extent to which the 2 may differ is not known. Self-reports of collisions and convictions were acquired via a semistructured interview and then compared with the MTO records. For 7 (13.5%) the MTO records did not match the self-reports regarding collision involvement, and for 9 (17.3%) the MTO records did not match self-reports regarding driving convictions.","No

Justification: The MTO records did not match the self-reports regarding collision involvement for 13.5% of the participants, and the MTO records did not match self-reports regarding driving convictions for "
sentence_hybrid,sentence,hybrid,mistral,"Neoadjuvant Imatinib in Locally Advanced Gastrointestinal stromal Tumours, Will Kit Mutation Analysis Be a Pathfinder?",yes,maybe,0,1,generation_failure,"Longer duration of neoadjuvant (NA) imatinib (IM) used for locally advanced (LA) gastrointestinal stromal tumours (GIST) is not based on biology of the tumour reflected by kit mutation analysis. We studied 114 formalin-fixed paraffin-embedded specimens obtained from locally advanced urothelial carcinoma patients receiving surgery alone or adjuvant M-VEC. To evaluate the impact of HER2 immunoreactivity on clinical outcome in locally advanced urothelial carcinoma patients who received surgery alone, or methotrexate, vinblastine, epirubicin, and cisplatin (M-VEC) as adjuvant chemotherapy. Patients with untreated locally advanced primary or clinically curable recurrent cervical carcinoma were enrolled. Thirty tumours, including carotid body, vagal body, jugulotympanic tumours and conglomerates of multiple tumours, were measured in duplicate, using linear dimensions, manual area tracing and an automated segmentation method.","Maybe

Justification: The context suggests that the duration of neoadjuvant imatinib for locally advanced gastrointestinal stromal tumours is not necessarily based on the biology of the tumour reflected by kit mut"
sentence_hybrid,sentence,hybrid,mistral,Does the lipid-lowering peroxisome proliferator-activated receptors ligand bezafibrate prevent colon cancer in patients with coronary artery disease?,yes,maybe,0,1,generation_failure,"In animal studies the lipid-lowering PPAR ligand bezafibrate suppressed colonic tumors. Therefore, we proposed to investigate a possible preventive effect of bezafibrate on the development of colon cancer in patients with coronary artery disease during a 6-year follow-up. However, the effect of bezafibrate on colon cancer development in humans is unknown. Nuclear peroxisome proliferator-activated receptors (PPAR), which play a central role in lipid and glucose metabolism, had been hypothesized as being involved in colon cancerogenesis. On multivariable analysis the colon cancer risk in patients who received bezafibrate tended to be lower with a hazard ratio of 0.47 and 95% confidence interval 0.2-1.1.","Maybe

Justification: The colon cancer risk in patients who received bezafibrate tended to be lower, but the confidence interval includes 1, indicating that the effect is not statistically significant."
sentence_hybrid,sentence,hybrid,mistral,Does self-efficacy mediate the relationship between transformational leadership behaviours and healthcare workers' sleep quality?,maybe,no,0,1,generation_failure,"Structural equation modelling was used to investigate the relationships between transformational leadership, self-efficacy and sleep quality at both time points independently (cross-sectionally) and longitudinally. The relationship between leadership and employees' sleep quality was not mediated by employees' self-efficacy. Direct relationships between transformational leadership and sleep quality were found. Although there is evidence for the influential role of transformational leadership on health outcomes, researchers have used either attitude outcomes (e.g. This research uses vignettes to elucidate factors associated with sleep disorders in adult Japanese before and after adjustment for reporting heterogeneity in self-reports.","No, the relationship is direct.

Justification: The relationship between transformational leadership and sleep quality was found to be direct, without mediation by self-efficacy ([2], [3])."
sentence_hybrid,sentence,hybrid,mistral,Does microbial contamination influence the success of the hematopoietic cell transplantation outcomes?,maybe,maybe,1,1,success,"We aimed to determine the microbial contamination rates and evaluate the success of hematopoietic cell transplantation (HCT) in patients who received contaminated products.PATIENTS- Microbial contamination can be a marker for faulty process and is assumed to play an important role in the collection of hematopoietic progenitor cell (HPC) and infusion procedure. Microbial contamination detected in nine patients (7 autologous; 2 allogeneic). Contamination rates of autologous donors were evaluated for at three steps: at the end of mobilization, following processing with dimethyl sulfoxide, and just before stem cell infusion. During the study period 248 patients underwent HCT and among these patients microbial contamination rate on sample basis was 1.3 % (16/1212).","Maybe

Justification: Microbial contamination was detected in nine patients, which could potentially impact the success of hematopoietic cell transplantation, although the study does not directly establish a causal relationship between contamination and"
sentence_hybrid,sentence,hybrid,mistral,Very high serum CA 19-9 levels: a contraindication to pancreaticoduodenectomy?,no,maybe,0,1,generation_failure,"Fifty patients with normal preoperative serum CA 19-9 levels (<37 IU/ml) comprised the control group. From 2000 to 2007, 344 patients underwent pancreatoduodenectomy for PA. Fifty-three patients (elevated group) had preoperatively elevated serum CA 19-9 levels (>400 IU/ml) after resolution of obstructive jaundice. Clinically positive axillary nodes are widely considered a contraindication to sentinel lymph node (SLN) biopsy in breast cancer, yet no data support this mandate. Prevalence of carotid stenosis was higher in the high-risk group (9.1%) than the low-risk group (1.2%) (P<0.05). Patients in the elevated group who normalized their CA 19-9 levels after surgery (n = 11) had a survival equivalent to patients in the control group.","Maybe

Justification: The context does not definitively state that very high serum CA 19-9 levels are a contraindication to pancreaticoduodenectomy. However, it does mention a group of"
sentence_hybrid,sentence,hybrid,mistral,Perioperative care in an animal model for training in abdominal surgery: is it necessary a preoperative fasting?,no,no,1,1,success,"This study aims to develop a training model for retroperitoneoscopy and to establish an experimental learning curve. Demonstrate that the rabbit may be used in the training of surgery, in addition to present its perioperative care. Fifteen piglets were operated on to develop a standard retroperitoneoscopic nephrectomy (RPN) training model. The study goal was to determine whether pre-operative fasting blood glucose (fB-glu) is associated with an increased mortality after coronary artery bypass grafting (CABG). In spite of extended fasting (minimum of 2 hours for the absolute fasting and maximum of 8.5 hours for liquids, and 20.5 hours for solids) all animals presented at the end of the surgical procedure any gastric content and a blood glucose increase.","No, based on the evidence that all animals presented at the end of the surgical procedure any gastric content and a blood glucose increase despite extended fasting."
sentence_hybrid,sentence,hybrid,mistral,Are physicians aware of the side effects of angiotensin-converting enzyme inhibitors?,no,maybe,0,1,generation_failure,"Angiotensin-converting enzyme inhibitors (ACE-I) are considered safe, but they are associated with characteristic side effects, namely cough and angioedema, usually requiring discontinuation. Cardiologists seemed to be less aware of the fact that angiotensin receptor blockers (sartans) can cross-react with ACE-I. Although consensus guidelines for pretreatment evaluation and monitoring of propranolol therapy in patients with infantile hemangiomas (IH) have been formulated, little is known about the cardiovascular side effects. We perceived that referrals for these side effects have become more and more frequent; therefore, we evaluated the degree of knowledge on the safety of ACE-I in different medical categories. A questionnaire (13 questions) on side effects of ACE-I was posted to physicians.","Maybe

Justification: The text mentions that physicians seemed to be less aware of the fact that angiotensin receptor blockers can cross-react with ACE-I, suggesting some level of awareness about the side effects of"
sentence_hybrid,sentence,hybrid,mistral,Residual fundus or neofundus after laparoscopic sleeve gastrectomy: is fundectomy safe and effective as revision surgery?,maybe,maybe,1,1,success,"Fundectomy was indicated when a residual fundus/neofundus was associated with severe GERD symptoms. The aim of this retrospective study was to evaluate the safety and efficacy of laparoscopic fundectomy (LF) in cases of a residual fundus/neofundus development regarding GERD symptoms. Up to 30 % of patients who have undergone laparoscopic sleeve gastrectomy require revision surgery for inadequate weight loss, weight regain, and/or the development of severe upper gastrointestinal symptoms. The presence of a residual fundus/neofundus was assessed by a barium swallow and/or multislice computed tomography. We retrospectively examined the records of 154 adult patients who underwent major foregut surgery which included esophagectomy, partial or total gastrectomy, redo Heller myotomy, redo or transthoracic fundoplications.","Maybe

Justification: The study aims to evaluate the safety and efficacy of laparoscopic fundectomy (LF) in cases of a residual fundus/neofundus development regarding GERD symptoms,"
sentence_hybrid,sentence,hybrid,mistral,Are physician estimates of asthma severity less accurate in black than in white patients?,yes,yes,1,1,success,"We hypothesized that: 1) physician underestimation of asthma severity is more frequent among black patients; 2) among black patients, physician underestimation of severity is associated with poorer quality asthma care. It is unknown if accuracy of physician estimates differs between black and white patients, and how this relates to asthma care disparities. Physicians' estimates of patients' asthma as being less severe than patient-reported symptoms were classified as underestimates of severity. Among black patients, underestimation was associated with less use of daily inhaled corticosteroids (13% vs 20%, p<.05), less physician instruction on management of asthma flare-ups (33% vs 41%, p<.0001), and lower ratings of asthma care (p = .01) and physician communication (p = .04). We collected physicians' estimates of their patients' asthma severity.","Yes

Justification: In the provided context, it is stated that underestimation of asthma severity was more frequent among black patients ([4]). This implies that physician estimates of asthma severity may be less accurate in"
sentence_hybrid,sentence,hybrid,mistral,Does laparoscopic surgery decrease the risk of atrial fibrillation after foregut surgery?,yes,yes,1,1,success,"We examined the factors associated with new-onset atrial fibrillation after foregut surgery at our institution. Laparoscopic (p = 0.004) and nonthoracic surgeries (p = 0.01) were associated with lower risk of atrial fibrillation. Multivariate analysis revealed an association of atrial fibrillation with age (OR 1.08, 95% CI 1.02-1.14, p = 0.01), and laparoscopic surgery (OR 0.09, 95% CI 0.01-0.95, p = 0.04) after adjusting for surgery type. Minimally invasive techniques in foregut surgery have been suggested to cause less tissue trauma. We retrospectively examined the records of 154 adult patients who underwent major foregut surgery which included esophagectomy, partial or total gastrectomy, redo Heller myotomy, redo or transthoracic fundoplications.","Yes

Justification: The study found that laparoscopic surgery was associated with a lower risk of atrial fibrillation after adjusting for surgery type (p = 0.04)."
sentence_hybrid,sentence,hybrid,mistral,"The Main Gate Syndrome: a new format in mass-casualty victim ""surge"" management?",yes,maybe,0,0,retrieval_failure,"These incidents often result in Hospital Multiple Casualty Incidents (HMCI), which are very challenging to hospital teams. An OSCE test-format (seven stations: Advanced Cardiac Life Support (ACLS), Basic Life Support (BLS), Trauma-Management (TM), Pediatric-Emergencies (PE), Acute-Coronary-Syndrome (ACS), Airway-Management (AM), and Obstetrical-Emergencies (OE)) was administered to 207 medical students in their third year of training after they had received didactics in emergency medicine management. The main objective of this study was to explore the role of uterine natural killer (uNK) cells and their regulatory cytokine IL-15 in irregular bleeding in HT users. In 8 of 46 cases (17 percent), management was altered because of the position emission tomography scan findings, including 6 cases (13 percent) in which surgery was cancelled and 2 other cases (4 percent) in which the radiotherapy field was changed. Health care delivery has undertaken a major shift from inpatient management to ambulatory surgical care with increasing emphasis on quality assurance (QA) processes.","Maybe

Justification: The context does not provide specific information about ""The Main Gate Syndrome"" or its relation to mass-casualty victim management. However, the mention of Hospital Multiple Casualty Incidents (HM"
sentence_hybrid,sentence,hybrid,mistral,Do communication disorders extend to musical messages?,yes,yes,1,1,success,"Communication disorders that impair transmitting or decoding of structural features of music (e.g., pitch, timbre) and/or symbolic representation may result in atypical musical communication, which can have a negative impact on music therapy interventions. Effective musical communication requires conveyance of the intended message in a manner perceptible to the receiver. Outside urban areas, Francophones had lower rates of diagnosed substance use disorder (rate ratio [RR] = 0.80; 95% CI 0.68 to 0.95) and of suicide and suicide attempts (RR = 0.59; 95% CI 0.43 to 0.79), compared with non-Francophones, but no differences were found between the groups across the province in rates of diagnosed mood disorders, anxiety disorders, dementia, or any mental disorders after adjusting for age, sex, and geographic area. Participants listened to recorded musical excerpts conveying emotions or movements and matched them with labels. Disorders of consciousness (DOC) diagnosis relies on the presence or absence of purposeful motor responsiveness, which characterizes the minimally conscious state (MCS) and the unresponsive wakefulness syndrome (UWS), respectively.","Yes

Justification: The context states that communication disorders that impair transmitting or decoding of structural features of music (e.g., pitch, timbre) and/or symbolic representation can result in atypical musical communication ("
sentence_hybrid,sentence,hybrid,mistral,Do patients with rheumatoid arthritis established on methotrexate and folic acid 5 mg daily need to continue folic acid supplements long term?,yes,maybe,0,1,generation_failure,"To look at the effect of stopping FA supplementation in UK rheumatoid arthritis (RA) patients established on methotrexate<20 mg weekly and FA 5 mg daily, to report all toxicity (including absolute changes in haematological and liver enzyme indices) and to report changes in the efficacy of methotrexate. Folic acid (FA) is often given as an adjunct to methotrexate therapy, but there is no conclusive proof that it decreases the toxicity of methotrexate and there is a theoretical risk that it may decrease the efficacy of methotrexate. In a prospective, randomized, double-blind, placebo-controlled study, 75 patients who were established on methotrexate<20 mg weekly and FA 5 mg daily were asked to stop their FA and were randomized to one of two groups: placebo or FA 5 mg daily. Several studies have suggested a protective effect of folic acid (FA) on congenital heart anomalies. Thirty-four subjects (mean age 55 years, body mass index 34 kg/m 2 , fasting triglycerides 3.5 mmol/L) with diagnosed sleep apnoea syndrome not treated with continuous positive airways pressure were enrolled and randomized to once daily treatment with fenofibrate (145 mg NanoCrystal(R) tablet) or placebo.","Maybe

Justification: The study provided does not conclusively prove that folic acid decreases the toxicity of methotrexate or that it decreases the efficacy of methotrexate. However, it suggests"
sentence_hybrid,sentence,hybrid,mistral,Can infundibular height predict the clearance of lower pole calyceal stone after extracorporeal shockwave lithotripsy?,yes,maybe,0,1,generation_failure,"To evaluate the efficacy of extracorporeal shock wave lithotripsy (SWL) on lower calyceal calculi in relation to the renal anatomical factors and determine which of these factors can be used to select patients who will benefit from SWL. The success of the treatment, removal of all fragments, was correlated with renal anatomical factors measured in the pre-treatment intravenous urography: infundibulopelvic angle, lower infundibulum width, lower infundibulum length, ratio length/width, infundibulum height, and number of minor calyces in the lower calyceal group. To study the efficiency and safety of holmium:YAG laser lithotripsy for ureteral stones. Variables recorded included age, sex, type of procedure, surgical diagnosis, passive or active dilatation, number of stones, stone location, stone diameter, peroperative and postoperative complications, internal urinary diversion after the procedure, therapeutic success rate, operating time, and hospital stay duration. Recurrence of cholangitis and length of hospital stay after clearance of CBD stones.","Maybe

Justification: The context mentions that the success of extracorporeal shock wave lithotripsy (SWL) on lower calyceal calculi is correlated with several renal anatomical factors,"
sentence_hybrid,sentence,hybrid,mistral,Does lung ischemia and reperfusion have an impact on coronary flow?,yes,yes,1,1,success,"To determine the hemodynamic effect due to lung IR injury, we performed a quantitative coronary blood-flow analysis in a swine model of in situ lung ischemia and reperfusion. Ischemia-reperfusion (IR) injury remains a major cause of early morbidity and mortality after lung transplantation with poorly documented extrapulmonary repercussions. Conversely, RVP increased throughout ischemia (p<0.05) and returned toward baseline during reperfusion. The experimental (IR) group (n=10) underwent 60 min of lung ischemia followed by 60 min of reperfusion by clamping and releasing the left pulmonary hilum. In the IR group, total coronary flow (TCF=LAD+Cx+RCA blood-flow) decreased precipitously and significantly from baseline (113±41 ml min""1) during IR (p<0.05), with the lowest value observed at 60 min of reperfusion (-37.1%, p<0.003).","Yes

Justification: The experimental group undergoing lung ischemia and reperfusion showed a significant decrease in total coronary flow during the procedure (p<0.05), with the lowest value observed at 60 min of"
sentence_hybrid,sentence,hybrid,mistral,Is a patient's self-reported health-related quality of life a prognostic factor for survival in non-small-cell lung cancer patients?,maybe,yes,0,1,generation_failure,"The aim of this prognostic factor analysis was to investigate if a patient's self-reported health-related quality of life (HRQOL) provided independent prognostic information for survival in non-small cell lung cancer (NSCLC) patients. As part of a prospective study on quality of life in newly diagnosed lung cancer patients an investigation was carried out to examine whether there were differences among patients' quality of life scores and their socioeconomic status. Quality of life was measured at two points in time (baseline and three months after initial treatment) using three standard instruments; the Nottingham Health Profile (NHP), the European Organization for Research and Cancer Treatment Quality of Life Questionnaire (EORTC QLQ-C30) and its lung cancer supplement (QLQ-LC13). We review our results on surgical treatment of patients with stage I non-small cell lung carcinoma and we attempted to clarify the prognostic significance of some surgical--pathologic variables. The objective of our study was to analyze prognostic factors related to survival and to see whether cytostatic treatment was an independent predictor.","Yes

Justification: The provided context states that the aim of the prognostic factor analysis was to investigate if a patient's self-reported health-related quality of life provided independent prognostic information for survival in non"
sentence_hybrid,sentence,hybrid,mistral,Transient tachypnea of the newborn (TTN): a role for polymorphisms in the beta-adrenergic receptor (ADRB) encoding genes?,yes,maybe,0,1,generation_failure,"This study sought to evaluate mutations in genes encoding the slow component of the cardiac delayed rectifier K+ current (I(Ks)) channel in familial atrial fibrillation (AF). DNA was collected for genotyping from 73 term newborns suffering from TTN and 55 healthy controls from a Caucasian cohort. To examine family-based transmission of the number of 5' flanking arginine vasopressin V1a receptor (AVPR1A) microsatellites, which include [(GATA)(14)] and complex [(CT)(4)-TT-(CT)(8)-(GT)(24)]repeats, in probands with a prepubertal and early adolescent bipolar disorder phenotype (PEA-BP). 100 specimens of pterygium from Danish patients and 20 normal conjunctival biopsy specimens were investigated for the presence of HPV with PCR technique using beta-globin primers to access the quality of the extracted DNA and the HPV primers MY09/11 and GP5+/6+. We examined the possible role of intradialytic changes of ET-1 in the pathogenesis of hypotension and rebound hypertension during HD.","Maybe

Justification: The study does not directly investigate polymorphisms in the beta-adrenergic receptor (ADRB) encoding genes in relation to TTN. However, the study does involve DNA collection for genot"
sentence_hybrid,sentence,hybrid,mistral,Is duration of psychological treatment for depression related to return into treatment?,yes,yes,1,1,success,"The primary aim of this study was to investigate whether duration of treatment and return into mental health care were related. Cox regression analyses were used to assess whether duration of treatment and relapse into mental health care were related. Patients with a shorter duration of treatment (5-250 min; 251-500 min and 751-1000 min) were slightly more likely to return (reference group:>1000 min) (HR 1.19 95 % CI 1.13-1.26; HR 1.11 95 % CI 1.06-1.17; HR 1.18 95 % CI 1.11-1.25), adjusted for demographic and clinical variables. There is increasing pressure on mental health providers to reduce the duration of treatments, while retaining level of quality and effectiveness. The objective of our study was to analyze prognostic factors related to survival and to see whether cytostatic treatment was an independent predictor.","Yes

Justification: The study found that patients with a shorter duration of treatment were slightly more likely to return to treatment, as indicated in [3]."
sentence_hybrid,sentence,hybrid,mistral,Does shaving the incision site increase the infection rate after spinal surgery?,maybe,maybe,1,1,success,"To determine whether shaving the incision site before spinal surgery causes postsurgical infection. However, evidence from some surgical series suggests that presurgical shaving may increase the postsurgical infection rate. A total of 789 patients scheduled to undergo spinal surgery were randomly allocated into 2 groups: those in whom the site of operation was shaved immediately before surgery (shaved group; 371 patients) and the patients in whom presurgical shaving was not performed (unshaved group; 418 patients). Spine surgeons usually shave the skin of the incision site immediately before surgery is performed. In this study, we sought to analyze whether the simultaneous use of an endoscope could in fact increase the infection rate associated with VPS procedures.","Maybe

Justification: The study suggests that presurgical shaving may increase the postsurgical infection rate ([2]). However, the study does not definitively prove that shaving the incision site immediately before surgery increases the infection rate"
sentence_hybrid,sentence,hybrid,mistral,The influence of atmospheric pressure on aortic aneurysm rupture--is the diameter of the aneurysm important?,maybe,yes,0,1,generation_failure,"The rate of aortic aneurysm rupture correlates with the aneurysm's diameter, and a higher rate of rupture is observed in patients with larger aneurysms. According to the literature, contradictory results concerning the relationship between atmospheric pressure and aneurysm size have been reported.AIM: In this paper, we assessed the influence of changes in atmospheric pressure on abdominal aneurysm ruptures in relationship to the aneurysm's size. The size of the aneurysm was also considered in the analysis. The atmospheric pressures on the day of the rupture and on the days both before the rupture and between the rupture events were compared. We investigate whether the anatomy of the aortic arch influences the severity of aortic injury.","Yes

Justification: The context states that the rate of aortic aneurysm rupture correlates with the aneurysm's diameter ([1])."
sentence_hybrid,sentence,hybrid,mistral,Do French lay people and health professionals find it acceptable to breach confidentiality to protect a patient's wife from a sexually transmitted disease?,maybe,yes,0,1,generation_failure,"To determine under what conditions lay people and health professionals find it acceptable for a physician to breach confidentiality to protect the wife of a patient with a sexually transmitted disease (STD). The concept of breaching confidentiality to protect a wife from her husband's STD was favoured much more by lay people and psychologists than by physicians (mean ratings 11.76, 9.28 and 2.90, respectively, on a scale of 0-22). The patient's stated intentions to protect his wife and to inform her of the disease had the greatest impact on acceptability. In a study in France, breaching confidentiality in 48 scenarios were accepted by 144 lay people, 10 psychologists and 7 physicians. A cluster analysis showed groups of lay participants who found breaching confidentiality ""always acceptable"" (n = 14), ""depending on the many circumstances"" (n = 87), requiring ""consultation with an expert"" (n = 30) and ""never acceptable (n = 13)"".","Yes

Justification: The study in France showed that lay people and some health professionals found it acceptable to breach confidentiality to protect a patient's wife from a sexually transmitted disease (context [4, 5])."
sentence_hybrid,sentence,hybrid,mistral,Do somatic complaints predict subsequent symptoms of depression?,maybe,maybe,1,1,success,"In particular, it is unclear whether somatic complaints may heighten the risk for the subsequent development of depressive symptoms. To identify distinctive features in patients with chronic functional somatic symptoms, and to determine whether these symptoms support the hypothesis of the existence of specific somatic syndromes. Evidence suggests substantial comorbidity between symptoms of somatization and depression in clinical as well as nonclinical populations. In the 10 years before the diagnosis of chronic functional somatic symptoms, significantly more patients than controls presented functional somatic symptoms in at least two body systems, and used more somatic and psychotropic drugs. However, somatic complaints were a somewhat less powerful predictor than income and age.","Maybe

Justification: The context suggests that somatic complaints may be a predictor of subsequent symptoms of depression, but it is not definitively clear due to the presence of other factors like income and age that also have predictive power (context"
sentence_hybrid,sentence,hybrid,mistral,Are women with major depression in pregnancy identifiable in population health data?,no,yes,0,1,generation_failure,"The women with depression during their pregnancy were ascertained in two ways: women with dispensing records relating to dispensed antidepressant medicines with an WHO ATC code to the 3rd level, pharmacological subgroup, 'N06A Antidepressants'; and, women with any hospital admission during pregnancy, including the birth admission, if a comorbidity was recorded relating to depression. The safe use of antidepressants in pregnancy is an ongoing issue for clinicians with around 10% of pregnant women suffer from depression. It is the objective of this study to investigate the differences in ascertainment which may arise between a hospital admission dataset and a dispensing claims dataset, using major depression in pregnancy as an example. There were 3010 (3.1%) women with a comorbidity related to depression recorded on their delivery admission, or other admission to hospital during pregnancy. A simple capture-recapture calculation suggests the prevalence of depression in this population of pregnant women to be around 16%.","Yes

Justification: The context mentions that women with major depression during pregnancy were identifiable in two ways: through dispensing records of antidepressant medicines and through hospital admission records with a comorbidity related to depression ("
sentence_hybrid,sentence,hybrid,mistral,Remote ischemic postconditioning: does it protect against ischemic damage in percutaneous coronary revascularization?,yes,maybe,0,1,generation_failure,"The aim of this study was to evaluate the protective effect of remote postischemic conditioning in patients undergoing elective PCI for stable angina or non-ST elevation acute coronary syndrome with troponin<1 ng/ml at the time of randomization. Myocardial damage that is associated with percutaneous coronary intervention (PCI) partially affects the results of the procedure, and is related to medium-term cardiovascular death. Remote postischemic conditioning might reduce the myocardial lesions that are associated with PCI, but perhaps less so in diabetics. Patients presenting with transient ischemic attack or stroke may have symptom-related lesions on acute computed tomography angiography (CTA) such as free-floating intraluminal thrombus (FFT). Impaired fasting glucose (IFG) below the diagnostic threshold for diabetes mellitus (DM) is associated with macrovascular pathology and increased mortality after percutaneous coronary interventions.","Maybe

Justification: The context suggests that remote postischemic conditioning might reduce ischemic damage associated with percutaneous coronary intervention (PCI), but the specific statement is qualified with ""perhaps less so in diabetics"" ("
sentence_hybrid,sentence,hybrid,mistral,Does combining antiretroviral agents in a single dosage form enhance quality of life of HIV/AIDS patients?,no,maybe,0,1,generation_failure,"Combining various antiretroviral agents into one single dosage form has been a strategy to reduce pill burden and enhance medication adherence among human immunodeficiency virus /AIDS (HIV/AIDS) patients. One hundred seventy HIV/AIDS patients with ≥2 antiretroviral agents were identified from the MEPS database, of which 53% (n=92) were on FXD formulation. The Medical Expenditure Panel Survey (MEPS) was used to identify HIV/AIDS patients with ≥2 active antiretroviral medications. AIDS case reports, HIV testing of blood donors, antenatal clinic attenders (ANC), food service workers, sexually transmitted disease (STD) clinic attenders, female prostitutes, homosexuals and other groups were used to monitor the HIV/AIDS epidemic. The aim of this prognostic factor analysis was to investigate if a patient's self-reported health-related quality of life (HRQOL) provided independent prognostic information for survival in non-small cell lung cancer (NSCLC) patients.","Maybe

Justification: The provided context does not directly discuss the impact of combining antiretroviral agents in a single dosage form on the quality of life of HIV/AIDS patients. However, it is suggested that this strategy could"
sentence_hybrid,sentence,hybrid,mistral,The inverse equity hypothesis: does it apply to coverage of cancer screening in middle-income countries?,yes,maybe,0,1,generation_failure,"It is uncertain whether the inverse equity hypothesis-the idea that new health interventions are initially primarily accessed by the rich, but that inequalities narrow with diffusion to the poor-holds true for cancer screening in low and middle income countries (LMICs).This study examines the relationship between overall coverage and economic inequalities in coverage of cancer screening in four middle-income countries. Economic inequalities in screening participation were substantially lower or non-existent in countries with higher aggregate coverage, for both breast cancer screening (RII: 14.57 in South Africa, 4.90 in China, 2.01 in Mexico, 1.04 in Russia) and cervical cancer screening (RII: 3.60 in China, 2.47 in South Africa, 1.39 in Mexico, 1.12 in Russia). Coverage for breast cancer screening was 10.5% in South Africa, 19.3% in China, 33.8% in Russia and 43% in Mexico, and coverage for cervical cancer screening was 24% in South Africa, 27.2% in China, 63.7% in Mexico and 81.5% in Russia. Although selective and non-selective methods of preoperative carotid screening have been advocated, it remains unclear if this screening is clinically relevant.AIM: To test whether selective carotid screening is as effective as non-selective screening in detecting significant carotid disease. The purpose of this paper is to evaluate the efficacy of ultrasonographic screening for primary hepatocellular carcinoma.","Maybe

Justification: The study shows that economic inequalities in screening participation are lower or non-existent in countries with higher aggregate coverage, but it does not definitively prove that the inverse equity hypothesis holds true."
sentence_hybrid,sentence,hybrid,mistral,Identification of racial disparities in breast cancer mortality: does scale matter?,yes,yes,1,1,success,"This paper investigates the impact of geographic scale (census tract, zip code, and county) on the detection of disparities in breast cancer mortality among three ethnic groups in Texas (period 1995-2005). The proportion and location of significant racial disparities however changed depending on the type of statistic (RR versus RD) and the geographic level. Racial disparities were quantified using both relative (RR) and absolute (RD) statistics that account for the population size and correct for unreliable rates typically observed for minority groups and smaller geographic units. The purpose of this study was to evaluate whether time to primary treatment (TPT) in breast cancer impacts survival. Among all women with breast cancer diagnosed from 1961 to 2001, 2,787 mother-daughter pairs and 831 sister pairs with breast cancer were identified; we achieved complete follow-up and classified 5-year breast cancer-specific prognosis among proband (mother or oldest sister) into tertiles as poor, intermediary, or good.","Yes

Justification: The text states that the impact of geographic scale (census tract, zip code, and county) on the detection of disparities in breast cancer mortality among three ethnic groups in Texas (period 199"
sentence_hybrid,sentence,hybrid,mistral,Does the leukocyte count correlate with the severity of injury?,yes,maybe,0,0,retrieval_failure,"To determine the relationship between injury severity surrogates and other patient factors with the development and severity of heterotopic ossification (HO) following open reduction internal fixation of acetabular fractures treated with a posterior approach. Injury severity score (ISS), Glasgow coma score (GCS), and revised trauma score (RTS) are the most frequently used methods to evaluate the severity of injury in blunt trauma patients. Other variables evaluated in multivariate modeling not significantly associated with development and severity of HO included age, gender, mechanism of injury, injury severity score, presence of neurologic injury, Letournel fracture type, occurrence of hip dislocation, interval from injury to surgery, operative time, and estimated blood loss. We investigate whether the anatomy of the aortic arch influences the severity of aortic injury. It is also assessed whether the occurrence of this complication is related to the displacement of the fracture, soft tissue injury, or delay in the reduction or surgery.","Maybe

Justification: The provided context does not directly mention leukocyte count, so it is not possible to definitively say whether it correlates with the severity of injury. However, the context does mention injury severity score ("
sentence_hybrid,sentence,hybrid,mistral,Can transcranial direct current stimulation be useful in differentiating unresponsive wakefulness syndrome from minimally conscious state patients?,yes,maybe,0,1,generation_failure,"Disorders of consciousness (DOC) diagnosis relies on the presence or absence of purposeful motor responsiveness, which characterizes the minimally conscious state (MCS) and the unresponsive wakefulness syndrome (UWS), respectively. The aim of our study was to identify electrophysiological parameters, by means of a transcranial magnetic stimulation approach, which might potentially express the presence of residual networks sustaining fragmentary behavioral patterns, even when no conscious behavior can be observed. Functional neuroimaging studies have raised the question of possible residual conscious awareness also in clinically-defined UWS patients. Our aim was to determine the value of echo-planar diffusion-weighted MR imaging (epiDWI) in differentiating various types of primary parotid gland tumors. Then, we applied an anodal transcranial direct current stimulation (a-tDCS) protocol over the orbitofrontal cortex.","Maybe

Justification: The context suggests that transcranial magnetic stimulation (TMS) is used to identify electrophysiological parameters that might express the presence of residual networks in unresponsive wakefulness syndrome (UWS)"
sentence_hybrid,sentence,hybrid,mistral,Aromatase inhibitor-related musculoskeletal symptoms: is preventing osteoporosis the key to eliminating these symptoms?,yes,maybe,0,1,generation_failure,"The aim of this study was to correlate these musculoskeletal symptoms and bone fractures in patients receiving AIs with bone mineral density (BMD), previous tamoxifen use, and administration of calcium/bisphosphonate (Ca/Bis). However, patients receiving AIs report a higher incidence of musculoskeletal symptoms and bone fractures; the mechanism and risk factors for this correlation are not well studied. Furthermore, the group receiving AIs plus Ca/Bis had more patients without musculoskeletal symptoms and had fewer fractures. Aromatase inhibitors (AIs) are an effective treatment for postmenopausal women with hormone receptor-positive breast cancer. To identify distinctive features in patients with chronic functional somatic symptoms, and to determine whether these symptoms support the hypothesis of the existence of specific somatic syndromes.","Maybe

Justification: The study suggests that administering calcium/bisphosphonate (Ca/Bis) to patients receiving Aromatase inhibitors (AIs) reduces the incidence of musculoskelet"
sentence_hybrid,sentence,hybrid,mistral,Could different follow-up modalities play a role in the diagnosis of asymptomatic endometrial cancer relapses?,maybe,maybe,1,1,success,"To determine current practice and to assess the value of routine follow-up procedures for endometrial cancer surveillance. The influence of positron emission tomography in the management of recurrent rectal cancer is well established but its role in primary rectal cancer remains uncertain. Important increases could be demonstrated for communicating a diagnosis of cancer with good or less good prognosis, recurrence of cancer or a far progressive cancer disease without curative approach. To discuss whether such procedures are feasible and effective to identify asymptomatic recurrences and describe the pattern of relapse detected by procedures. Therefore, we proposed to investigate a possible preventive effect of bezafibrate on the development of colon cancer in patients with coronary artery disease during a 6-year follow-up.","Maybe

Justification: The context discusses the investigation of procedures to identify asymptomatic recurrences ([4]), but it does not specify that these procedures are limited to endometrial cancer. Therefore, it is possible that different follow"
sentence_hybrid,sentence,hybrid,mistral,Locoregional opening of the rodent blood-brain barrier for paclitaxel using Nd:YAG laser-induced thermo therapy: a new concept of adjuvant glioma therapy?,yes,maybe,0,1,generation_failure,"Nd:YAG laser-induced thermo therapy (LITT) of rat brains is associated with blood-brain barrier (BBB) permeability changes. We address the question of whether LITT-induced locoregional disruption of the BBB could possibly allow a locoregional passage of chemotherapeutic agents into brain tissue to treat malignant glioma.STUDY DESIGN/ Animals were perfused with paclitaxel, and high-pressure liquid chromatography (HPLC) was employed to analyze the content of paclitaxel in brain and plasma samples. To study the efficiency and safety of holmium:YAG laser lithotripsy for ureteral stones. Although consensus guidelines for pretreatment evaluation and monitoring of propranolol therapy in patients with infantile hemangiomas (IH) have been formulated, little is known about the cardiovascular side effects.","Maybe

Justification: The context suggests that LITT can cause changes in BBB permeability ([1]) and that paclitaxel can pass through the BBB when it is disrupted by LITT ([3"
sentence_hybrid,sentence,hybrid,mistral,Preoperative tracheobronchoscopy in newborns with esophageal atresia: does it matter?,yes,maybe,0,1,generation_failure,"Despite surgical refinements, perioperative use of tracheobronchoscopy (TBS) as part of surgical approach to esophageal atresia (EA) is still controversial. The purpose of this study was to evaluate the influence of preoperative TBS in newborns with EA in preventing complications and improving diagnosis and surgical treatment. Demographics, location of atresia, operative findings, complications, investigations, resumption of feeding, duration of prolonged parental nutrition, and follow-up information were examined. For the remaining 53 patients, SBA were duodenal atresia in 18, jejunoileal atresia in 32, and multiple atresia in 3. Cholestasis occurs frequently in patients with small bowel atresia (SBA) and is often attributed to prolonged parental nutrition.","Maybe

Justification: The study's purpose suggests that preoperative TBS may influence complications and improve diagnosis and surgical treatment, but the study does not definitively conclude that it does matter."
sentence_hybrid,sentence,hybrid,mistral,Is horizontal semicircular canal ocular reflex influenced by otolith organs input?,yes,yes,1,1,success,"To clarify whether horizontal canal ocular reflex is influenced by otolith organs input. Although the mechanisms of inducting autoimmunity by some of the infectious agents have been investigated, there is not yet enough research on streptococcal infections.MATERIAL/ It is unclear whether cycloplegic refraction is necessary in this age group. To understand the effect of past group A streptococcal infection on MS, antistreptolysin O (ASO) and antideoxyribonuclease B (ADNase B) were measured in 21 patients with relapsing-remitting MS and 21 healthy blood donors by nephelometric assay. Tinnitus can be related to many different aetiologies such as hearing loss or a noise trauma, but it can also be related to the somatosensory system of the cervical spine, called cervicogenic somatic tinnitus (CST).","Yes

Justification: The question asks about the horizontal semicircular canal ocular reflex, which is a reflex involving the vestibular system, specifically the semicircular canals and the oculomotor nerves."
sentence_hybrid,sentence,hybrid,mistral,Is perforation of the appendix a risk factor for tubal infertility and ectopic pregnancy?,maybe,maybe,1,1,success,To critically assess the evidence that appendiceal perforation is a risk factor for subsequent tubal infertility or ectopic pregnancy. Review of the literature yielded estimates of the risk of adverse fertility outcomes ranging from 1.6 (95% confidence interval [CI] 1.1 to 2.5) for ectopic pregnancy after an appendectomy to 4.8 (95% CI 1.5 to 14.9) for tubal infertility from perforation of the appendix. Epidemiologic studies investigating the relationship between appendectomy and infertility or ectopic pregnancy were identified by searching the MEDLINE database from 1966 to 1997. To investigate if fetal gender (1) affects the risk of having an emergency department (ED) visit for asthma; and (2) is associated with adverse pregnancy outcomes among women who had at least one visit to the ED for asthma during pregnancy. To compare the probability of prenatal diagnosis (PND) and termination of pregnancy for fetal anomaly (TOPFA) between fetuses conceived by assisted reproductive techniques (ART) and spontaneously-conceived fetuses with congenital heart defects (CHD).,"Maybe

Justification: The provided context discusses the risk of adverse fertility outcomes (tubal infertility and ectopic pregnancy) after appendectomy due to appendiceal perforation, with estimated risks ranging from"
sentence_hybrid,sentence,hybrid,mistral,Serovar specific immunity to Neisseria gonorrhoeae: does it exist?,no,maybe,0,1,generation_failure,"To determine whether the host immune response to gonorrhoea provides limited serovar specific protection from reinfection. The site of the initial infection did not appear to influence the subsequent serovar isolated. Uterus-specific synthetic Prostaglandin analogues (gemeprost, sulproston etc.) We examined the relationship between body mass index and prostate specific antigen by age in men without prostate cancer in a longitudinal aging study to determine whether prostate specific antigen must be adjusted for body mass index. This effect does not appear to be due to decreased T-cell production of interleukin-2 or interferon-gamma.","Maybe

Justification: The context suggests a study is being conducted to determine if there is limited serovar specific protection from reinfection with Neisseria gonorrhoeae, but the results are not yet conclusive. ("
sentence_hybrid,sentence,hybrid,mistral,May student examiners be reasonable substitute examiners for faculty in an undergraduate OSCE on medical emergencies?,yes,yes,1,1,success,"Educational opportunities for medical undergraduate programmes are being sought in the day surgery environment. To compare the effect of student examiners (SE) to that of faculty examiners (FE) on examinee performance in an OSCE as well as on post-assessment evaluation in the area of emergency medicine management. An OSCE test-format (seven stations: Advanced Cardiac Life Support (ACLS), Basic Life Support (BLS), Trauma-Management (TM), Pediatric-Emergencies (PE), Acute-Coronary-Syndrome (ACS), Airway-Management (AM), and Obstetrical-Emergencies (OE)) was administered to 207 medical students in their third year of training after they had received didactics in emergency medicine management. Our study was undertaken to explore ways in which senior medical students can actively contribute to the QA processes as part of an undergraduate day surgery educational programme. Our study was undertaken to explore ways in which senior medical students can actively contribute to QA processes as part of an undergraduate day surgery educational programme.","Yes

Justification: The study was undertaken to explore ways in which senior medical students can actively contribute to the QA processes as part of an undergraduate day surgery educational programme, including serving as examiners in an OSCE on medical"
sentence_hybrid,sentence,hybrid,mistral,Are endothelial cell patterns of astrocytomas indicative of grade?,yes,yes,1,1,success,"Classic histologic grading schemes for astrocytomas have included evaluating the presence or absence of nuclear abnormalities, mitoses, vascular endothelial proliferation, and tumor necrosis. Pilocytic astrocytomas (four cases) showed lacy clusters of small-to-medium sized vessels, with intact vessel wall integrity. The most common primary brain tumors in children and adults are of astrocytic origin. 78 patients with a pT3a or pT3b tumour without vena cava invasion or pT3b tumour with vena cava invasion were compared for age, gender, Fuhrman grade and immunohistochemical expression of VEGF. Diffuse, low grade astrocytoma (three cases) showed a staining pattern similar to control tissue; intermediate grade (one case), anaplastic astrocytoma (three cases) and gliobastoma multiforme (six cases) showed an increased vessel density with multiple small vessels (glomeruloid clusters), some with prominent intimal hyperplasia, loss of vessel wall integrity, and with numerous vWF-positive single cells/microvessels within the tumor substance.","Yes

Justification: The text mentions that diffuse, low grade astrocytoma showed a staining pattern similar to control tissue, while anaplastic astrocytoma and glioblastoma multiforme showed"
sentence_hybrid,sentence,hybrid,mistral,Do healthier lifestyles lead to less utilization of healthcare resources?,no,yes,0,1,generation_failure,"The question is, do health behaviors have an impact on the use of medical resources? Four health behaviors (i.e., exercise habits, dietary habits, regular blood pressure measurement, drinking habits) exhibited a significant correlation with healthcare utilization (P<0.05). Among black patients, underestimation was associated with less use of daily inhaled corticosteroids (13% vs 20%, p<.05), less physician instruction on management of asthma flare-ups (33% vs 41%, p<.0001), and lower ratings of asthma care (p = .01) and physician communication (p = .04). To compare symptoms, healthcare resource utilization and costs in two groups of patients with the symptoms of GP: those treated via gastric electrical stimulation (GES) and those treated with traditional pharmacological agents in an intensive outpatient program (MED). Although observational data support an inverse relationship between high-density lipoprotein (HDL) cholesterol and coronary heart disease (CHD), genetic HDL deficiency states often do not correlate with premature CHD.","Yes

Justification: The provided context shows that four health behaviors (exercise habits, dietary habits, regular blood pressure measurement, drinking habits) exhibited a significant correlation with healthcare utilization (P<0.05). This suggests"
sentence_hybrid,sentence,hybrid,mistral,Antral follicle assessment as a tool for predicting outcome in IVF--is it a better predictor than age and FSH?,maybe,maybe,1,1,success,"The purpose of this study is to determine if baseline antral follicle assessment may serve as additional information in predicting in vitro fertilization outcome. Controlling for patient age, and basal follicle stimulated hormone, the pregnancy rate was significantly higher in the group with antral follicle>6 compared to that in the group with antral follicle<or = 6. The outcomes were analyzed with respect to antral follicle assessment (<or = 6 or>6), basal cycle day 3 follicle stimulated hormone (<or = 10 or>10 IU/L) and maternal age (<or = 35 or>35 years). From July 1998 to July 1999, 224 patients underwent antral follicle assessment (follicle 2-6 mm in diameter) on baseline of the planned, stimulated in vitro fertilization cycle. The clinical pregnancy rate was significantly higher in the group with baseline antral follicle>6 compared to that in the group with antral follicle<or = 6 (51% vs. 19%, respectively).","Maybe

Justification: The study shows that antral follicle assessment is a significant predictor of IVF outcome, but it does not definitively state that it is a better predictor than age and FSH. The study controls"
sentence_hybrid,sentence,hybrid,mistral,Do all ethnic groups in New Zealand exhibit socio-economic mortality gradients?,yes,yes,1,1,success,"First, to establish whether a deprivation gradient in all-cause mortality exists for all ethnic groups within New Zealand; second, if such gradients do exist, whether their absolute slopes are the same; and third, if such gradients exist, what impact the unequal deprivation distributions of the different ethnic groups have on the observed ethnic inequalities in life expectancy at birth. All four ethnic groups exhibit deprivation gradients in all-cause mortality (life expectancy). Gradients were estimated by fitting generalised linear models to the quintile-specific life expectancy estimates for each ethnic group (by sex). The contribution of variation in deprivation distributions to inter-ethnic inequalities in life expectancy was estimated by re-weighting the quintile-specific mortality rates for each ethnic group using weights derived from the European deprivation distribution and recalculating the lifetable. This paper investigates the impact of geographic scale (census tract, zip code, and county) on the detection of disparities in breast cancer mortality among three ethnic groups in Texas (period 1995-2005).","Yes

Justification: The context states that all four ethnic groups in New Zealand exhibit deprivation gradients in all-cause mortality (life expectancy) ([2])."
sentence_hybrid,sentence,hybrid,mistral,Can normal knee kinematics be restored with unicompartmental knee replacement?,no,maybe,0,1,generation_failure,"Unicompartmental replacement can be an alternative to tibial osteotomy in younger, active patients with unicompartmental knee disease. Therefore, it was hypothesized that the knee kinematics after unicompartmental replacement may also be unchanged. To test this hypothesis, knee kinematics and quadriceps tension were recorded before and after replacement with a unicompartmental design and then with a tricompartmental design. In unicompartmental replacement, the other compartments and knee ligaments are largely untouched. Six human cadaver knees were tested before implantation, after implantation with a bicruciate-retaining unicompartmental knee prosthesis, and after implantation with a posterior cruciate-retaining tricompartmental knee prosthesis.","Maybe

Justification: The study hypothesizes that the knee kinematics after unicompartmental replacement may be unchanged (context [2]), but the study does not explicitly state that normal knee kinematics are restored. The"
sentence_hybrid,sentence,hybrid,mistral,Are serum leptin levels a prognostic factor in advanced lung cancer?,no,maybe,0,1,generation_failure,"The aim of this prognostic factor analysis was to investigate if a patient's self-reported health-related quality of life (HRQOL) provided independent prognostic information for survival in non-small cell lung cancer (NSCLC) patients. The serum leptin levels at diagnosis were significantly lower in lung cancer patients than those in control subjects (4.75±4.91 ng/ml, 9.67±8.02 ng/ml; p<0.001). Nevertheless, we demonstrated a significant correlation between serum leptin levels and BMI in lung cancer patients (correlation coefficient: 0.303; p>0.010). The analysis of serum leptin values did not show any association with the overall survival of the patients. We review our results on surgical treatment of patients with stage I non-small cell lung carcinoma and we attempted to clarify the prognostic significance of some surgical--pathologic variables.","Maybe

Justification: The provided context does not definitively state that serum leptin levels are a prognostic factor in advanced lung cancer. It shows that serum leptin levels were significantly lower in lung cancer patients compared"
sentence_hybrid,sentence,hybrid,mistral,Is fetal gender associated with emergency department visits for asthma during pregnancy?,no,no,1,1,success,"To investigate if fetal gender (1) affects the risk of having an emergency department (ED) visit for asthma; and (2) is associated with adverse pregnancy outcomes among women who had at least one visit to the ED for asthma during pregnancy. While having an ED visit for asthma was positively associated with teenage pregnancy, low income, and presence of pregnancy-induced hypertension, it was not associated with fetal gender (OR 1.01, 95% CI 0.85-1.19). Fetal gender was not a significant predictor of adverse pregnancy outcomes among women who had an asthma ED visit during pregnancy. We performed a multivariable analysis using logistic regression to model the risk of having an ED visit for asthma, with fetal gender being one of the predictors. Among 109,173 live singleton deliveries, 530 women had visited ED due to asthma during pregnancy.","No

Justification: The study found that fetal gender was not associated with having an ED visit for asthma during pregnancy (OR 1.01, 95% CI 0.85-1.1"
sentence_hybrid,sentence,hybrid,mistral,Stretch-sensitive KCNQ1 mutation A link between genetic and environmental factors in the pathogenesis of atrial fibrillation?,yes,yes,1,1,success,"Although AF can have a genetic etiology, links between inherited gene defects and acquired factors such as atrial stretch have not been explored. One missense KCNQ1 mutation, R14C, was identified in 1 family with a high prevalence of hypertension. We examined the factors associated with new-onset atrial fibrillation after foregut surgery at our institution. This study sought to evaluate mutations in genes encoding the slow component of the cardiac delayed rectifier K+ current (I(Ks)) channel in familial atrial fibrillation (AF). After exposure to hypotonic solution to elicit cell swelling/stretch, mutant channels showed a marked increase in current, a leftward shift in the voltage dependence of activation, altered channel kinetics, and shortening of the modeled atrial action potential duration.","Yes

Justification: The study shows that a mutation in the KCNQ1 gene, R14C, is stretch-sensitive, linking genetic and environmental factors in the pathogenesis of atrial fibrillation"
sentence_hybrid,sentence,hybrid,mistral,Are adult body circumferences associated with height?,yes,yes,1,1,success,"If, and how, circumferences, including waist circumference (WC) and hip circumference (HC), scale to height remains unclear, but this is an important consideration when developing normative ranges or applying WC/height and HC/height as risk indexes. Weight scales as height squared, which is an observation that forms the basis of body mass index (weight/height(2)). Age- and race-adjusted incremental increases in circumferences ranged from 0.2 to 0.5 cm per centimeter increase in height. Both WC/height and HC/height scaled negatively to height in men and women, and WC/HC scaled negatively to height in women only (all P<0.001). Although univariate circumference-height models were weak or nonsignificant, when adjusted for age and race WC and HC scaled to height with powers of 0.76 ± 0.08 and 0.45 ± 0.05, respectively, in men and 0.80 ± 0.05 and 0.53 ± 0.04, respectively, in women (all P<0.001).","Yes

Justification: The text states that both waist circumference (WC) and hip circumference (HC) scaled negatively to height in men and women (P<0.001), and when adjusted for age and race"
sentence_hybrid,sentence,hybrid,mistral,Would corrected QT dispersion predict left ventricular hypertrophy in hypertensive patients?,yes,yes,1,1,success,"We explored whether QT corrected dispersion (QTcD) can identify left ventricular hypertrophy (LVH) in hypertensives. Echocardiography was performed to measure left ventricular mass and left ventricular mass index. Hypertensive patients had significantly greater indices of LVH and QTcD compared with controls (p<0.001 for all). Similarly, among hypertensive patients, those with LVH had a significantly greater QTcD compared with those without (p<0.001). Echocardiography is now widely available and is a reliable tool to assess left ventricular dysfunction in brain-dead donors.","Yes

Justification: Hypertensive patients with LVH had a significantly greater QTcD compared with those without (p<0.001). (Context: [4])"
sentence_hybrid,sentence,hybrid,mistral,Traumatic aortic injury: does the anatomy of the aortic arch influence aortic trauma severity?,yes,yes,1,1,success,"We investigate whether the anatomy of the aortic arch influences the severity of aortic injury. We measured the aortic arch angle and the aortic arch index, based on the initial angio-CT scan, in each of the analyzed cases. A multivariate analysis confirmed that the aortic arch angle was significantly associated with the occurrence of type III damage (OR 1.5; 95% CI 1.03-2.2). Aortic injury was assessed in accordance with the recommendations of the Society of Vascular Surgery. The rate of aortic aneurysm rupture correlates with the aneurysm's diameter, and a higher rate of rupture is observed in patients with larger aneurysms.","Yes

Justification: The multivariate analysis in the context confirms that the aortic arch angle is significantly associated with the occurrence of type III damage (OR 1.5; 95% CI "
sentence_hybrid,sentence,hybrid,mistral,Inpatient versus outpatient management of neutropenic fever in gynecologic oncology patients: is risk stratification useful?,yes,yes,1,1,success,"Health care delivery has undertaken a major shift from inpatient management to ambulatory surgical care with increasing emphasis on quality assurance (QA) processes. This study aimed to evaluate the utility of risk stratification of gynecologic oncology patients with neutropenic fever (NF). High-risk patients were more likely to have a severe complication (10% versus 50%, p=0.0003), multiple severe complications (3% versus 20%, p=0.0278), ICU admission (2% versus 40%, p<0.0001), overall mortality (2% versus 15%, p=0.0417), and death due to neutropenic fever (0% versus 15%, p=0.0124). A retrospective chart review of gynecologic cancer patients admitted with NF from 2007 to 2011 was performed, wherein demographic, oncologic, and NF characteristics (hospitalization length, complications, and death) were collected. The purpose of this study was to delineate early respiratory predictors of mortality in children with hemato-oncology malignancy who developed acute respiratory distress syndrome (ARDS).","Yes

Justification: The study shows that high-risk patients are more likely to have severe complications, multiple severe complications, ICU admission, overall mortality, and death due to neutropenic fever, suggesting that risk"
sentence_hybrid,sentence,hybrid,mistral,Should chest wall irradiation be included after mastectomy and negative node breast cancer?,maybe,maybe,1,1,success,"This study aims to evaluate local failure patterns in node negative breast cancer patients treated with post-mastectomy radiotherapy including internal mammary chain only. Retrospective analysis of 92 internal or central-breast node-negative tumours with mastectomy and external irradiation of the internal mammary chain at the dose of 50 Gy, from 1994 to 1998. To evaluate accelerated partial breast irradiation (APBI) in patients after oncoplastic surgery for early breast cancer. Retrospective analysis of patients in an academic breast service, who underwent mastectomy, with or without reconstruction, and received adjuvant chemotherapy. Clinically positive axillary nodes are widely considered a contraindication to sentinel lymph node (SLN) biopsy in breast cancer, yet no data support this mandate.","Maybe

Justification: The provided context discusses two separate studies, one involving post-mastectomy radiotherapy including internal mammary chain only ([1]) and another evaluating accelerated partial breast irradiation (APBI"
sentence_hybrid,sentence,hybrid,mistral,Can bisphosphonate treatment be stopped in a growing child with skeletal fragility?,maybe,maybe,1,1,success,"The BMD at both sites decreased precipitously within 24 months of stopping treatment, raising the question as to whether bisphosphonates can be stopped in a growing child with skeletal fragility. Cyclical pamidronate therapy in a 2-year-old child with skeletal fragility resulted in remodelling of vertebral fractures and improvement in bone mineral density (BMD) at distal radial and spinal sites. This case report presents bone densitometry data before, during and after bisphosphonate treatment. Skeletal radiographs revealed generalised osteopenia with multiple vertebral body fractures. We reviewed the literature to determine if there is sufficient evidence that dexamethasone can be used as an effective alternative in the treatment of pediatric asthma exacerbations in the inpatient setting.","Maybe

Justification: The context suggests that bisphosphonate treatment can lead to improvement in bone mineral density (BMD) in a growing child with skeletal fragility ([2]), but it also indicates that BMD decre"
sentence_hybrid,sentence,hybrid,mistral,"Regional anesthesia as compared with general anesthesia for surgery in geriatric patients with hip fracture: does it decrease morbidity, mortality, and health care costs?",no,maybe,0,1,generation_failure,"At our institution, a regional anesthesia program was instituted for patients undergoing surgery for hip fracture. This retrospective cohort review examines the effects of regional anesthesia (from mainly after July 2007) vs general anesthesia (mainly prior to July 2007) on morbidity, mortality and hospitalization costs. The average cost of hospitalization in patients who received surgery for hip fracture was no different between patients who receive regional or general anesthesia ($16,789 + 631 vs $16,815 + 643, respectively, P = 0.9557). Data on postoperative morbidity, in-patient mortality, and cost of hospitalization (as estimated from data on hospital charges) were collected and analyzed. Hip fracture in geriatric patients has a substantial economic impact and represents a major cause of morbidity and mortality in this population.","Maybe

Justification: The study shows no significant difference in hospitalization costs between regional and general anesthesia, but it does not provide direct evidence on morbidity and mortality. However, the study suggests a potential benefit in mor"
sentence_hybrid,sentence,hybrid,mistral,Does blood pressure change in treated hypertensive patients depending on whether it is measured by a physician or a nurse?,yes,yes,1,1,success,"To determine whether there are differences between blood pressure (BP) measured by the nurse (NBP), BP measured by the physician (PBP) and self-measured BP in treated hypertensive patients and, if found, to evaluate their clinical importance. Blood pressure and standardized questionnaires addressing side effects were evaluated during treatment. It is unknown if accuracy of physician estimates differs between black and white patients, and how this relates to asthma care disparities. The difference between physician-systolic BP and nurse-systolic BP was 5.16 mmHg (95% CI 2.62-7.7; p<0.001). To understand the effect of past group A streptococcal infection on MS, antistreptolysin O (ASO) and antideoxyribonuclease B (ADNase B) were measured in 21 patients with relapsing-remitting MS and 21 healthy blood donors by nephelometric assay.","Yes

Justification: The difference between physician-systolic BP and nurse-systolic BP was statistically significant (5.16 mmHg, p<0.001), indicating a change in blood"
sentence_hybrid,sentence,hybrid,mistral,Treadmill testing of children who have spina bifida and are ambulatory: does peak oxygen uptake reflect maximum oxygen uptake?,yes,yes,1,1,success,")Vo(2)max) in children who have spina bifida and are ambulatory. )Vo(2)peak) in children with spina bifida. These results apply to children who have spina bifida and are at least community ambulatory. )Vo(2)peak measurements was evaluated by use of previously described guidelines for maximum exercise testing in children who are healthy, as well as differences between Vo(2)peak and (. The aim of this study was to determine whether the Vo(2)peak measured during an incremental treadmill test is a true reflection of the maximum oxygen uptake ((.","Yes

Justification: The aim of the study was to determine whether the Vo(2)peak measured during an incremental treadmill test is a true reflection of the maximum oxygen uptake ([5])."
sentence_hybrid,sentence,hybrid,mistral,Is the probability of prenatal diagnosis or termination of pregnancy different for fetuses with congenital anomalies conceived following assisted reproductive techniques?,no,maybe,0,1,generation_failure,"To compare the probability of prenatal diagnosis (PND) and termination of pregnancy for fetal anomaly (TOPFA) between fetuses conceived by assisted reproductive techniques (ART) and spontaneously-conceived fetuses with congenital heart defects (CHD). Probability and gestational age at PND and TOPFA for ART-conceived versus spontaneously conceived fetuses. Comparison of ART-conceived and spontaneously conceived fetuses taking into account potential confounders (maternal characteristics, multiplicity and year of birth or TOPFA). Several studies have suggested a protective effect of folic acid (FA) on congenital heart anomalies. The probability of PND (28.1% versus 34.6%, P = 0.077) and TOPFA (36.2% versus 39.2%, P = 0.677) were not statistically different between ART-conceived (n = 171) and spontaneously conceived (n = 4620) fetuses.","Maybe

Justification: The probability of prenatal diagnosis and termination of pregnancy were not statistically different between ART-conceived and spontaneously conceived fetuses, but the P-value for prenatal diagnosis was margin"
sentence_hybrid,sentence,hybrid,mistral,Is there a relationship between complex fractionated atrial electrograms recorded during atrial fibrillation and sinus rhythm fractionation?,no,maybe,0,1,generation_failure,Both ablation-targeting complex fractionated atrial electrograms (CFAEs) recorded during AF and fractionated electrograms recorded during sinus rhythm (sinus rhythm fractionation [SRF]) have been described. Ablation of persistent atrial fibrillation (AF) may require adjunctive methods of substrate modification. This study sought to evaluate mutations in genes encoding the slow component of the cardiac delayed rectifier K+ current (I(Ks)) channel in familial atrial fibrillation (AF). We examined the factors associated with new-onset atrial fibrillation after foregut surgery at our institution. Univariate and multivariate logistic regression analysis with standard modeling techniques were performed to determine risk factors for new-onset atrial fibrillation.,"Maybe

Justification: The context mentions both complex fractionated atrial electrograms recorded during atrial fibrillation and fractionated electrograms recorded during sinus rhythm, but it does not explicitly state that they are the same"
sentence_hybrid,sentence,hybrid,mistral,Does rural or urban residence make a difference to neonatal outcome in premature birth?,yes,yes,1,1,success,"Perinatal characteristics, major morbidity and case mix adjusted mortality were compared between 1879 rural and 6775 urban infants<32 weeks gestational age, born in 1992-2002 and admitted to all 10 neonatal intensive care units in NSW and ACT. Patients living in rural areas may be at a disadvantage in accessing tertiary health care.AIM: To test the hypothesis that very premature infants born to mothers residing in rural areas have poorer outcomes than those residing in urban areas in the state of New South Wales (NSW) and the Australian Capital Territory (ACT) despite a coordinated referral and transport system. ""Rural"" or ""urban"" status was based on the location of maternal residence. Infants of rural residence had a higher mortality (adjusted odds ratio (OR) 1.26, 95% confidence interval (CI) 1.07 to 1.48, p = 0.005). Regional birth data in this gestational age range also showed a higher stillbirth rate among rural infants (OR 1.20, 95% CI 1.09 to 1.32, p<0.001).","Yes

Justification: The study shows that infants of rural residence had a higher mortality rate compared to those residing in urban areas (adjusted odds ratio (OR) 1.26, 95% confidence interval ("
sentence_hybrid,sentence,hybrid,mistral,Is the use of cyanoacrylate in intestinal anastomosis a good and reliable alternative?,yes,maybe,0,1,generation_failure,"Intestinal anastomosis was performed by polyglactin 910 sutures in A subgroups and with ethyl-2-cyanoacrylate in B subgroups. The present study aims to compare strength, healing, and operation time of experimental intestinal anastomoses performed by polyglactin 910 (Vicryl; Ethicon, Edinburgh, United Kingdom) sutures with ethyl-2-cyanoacrylate glue (Pattex; Henkel, Dusseldorf, Germany). We reviewed the literature to determine if there is sufficient evidence that dexamethasone can be used as an effective alternative in the treatment of pediatric asthma exacerbations in the inpatient setting. Despite surgical refinements, perioperative use of tracheobronchoscopy (TBS) as part of surgical approach to esophageal atresia (EA) is still controversial. Our objective in this study was to determine whether the decision to manage a contralateral hydrocele in cases of neonatal testicular torsion solely through a scrotal approach is safe and effective.","Maybe

Justification: The study compares the strength, healing, and operation time of intestinal anastomoses performed by polyglactin 910 sutures with ethyl-2-cyanoacrylate"
sentence_hybrid,sentence,hybrid,mistral,Is trabecular bone related to primary stability of miniscrews?,yes,yes,1,1,success,"To compare the primary stability of miniscrews inserted into bone blocks of different bone mineral densities (BMDs) with and without cortical bone, and investigate whether some trabecular properties could influence primary stability. Miniscrews 1.4 mm in diameter and 6 mm long were inserted into the bone blocks, and primary stability was evaluated by insertion torque (IT), mini-implant mobility (PTV), and pull-out strength (PS). Specimens were micro-computed tomography imaged to evaluate trabecular thickness, trabecular number, trabecular separation, bone volume density (BV/TV), BMD, and cortical thickness. Intergroup comparison showed lower levels of primary stability when the BMD of trabecular bone was lower and in the absence of cortical bone (P≤.05). The primary outcome variables were bone thickness and inter-radicular space.","Yes

Justification: The primary stability of miniscrews was found to be lower when the BMD of trabecular bone was lower (P≤.05), indicating that trabecular bone is related to primary stability of min"
sentence_hybrid,sentence,hybrid,mistral,"Is there any evidence of a ""July effect"" in patients undergoing major cancer surgery?",no,maybe,0,1,generation_failure,"There has been some evidence supporting the presence of the July effect, including data from surgical specialties. We therefore sought to perform a population-level assessment for the presence of a July effect in this field. Univariate analyses and subsequently multivariate analyses, controlling for patient and hospital characteristics, were performed to identify whether the time of surgery was an independent predictor of outcome after major cancer surgery. The ""July effect"" refers to the phenomenon of adverse impacts on patient care arising from the changeover in medical staff that takes place during this month at academic medical centres in North America. This retrospective cohort review examines the effects of regional anesthesia (from mainly after July 2007) vs general anesthesia (mainly prior to July 2007) on morbidity, mortality and hospitalization costs.","Maybe

Justification: The text mentions that they sought to perform a population-level assessment for the presence of a July effect in the field, but the results of that assessment are not provided in the context."
sentence_hybrid,sentence,hybrid,mistral,Is it necessary to insert a nasobiliary drainage tube routinely after endoscopic clearance of the common bile duct in patients with choledocholithiasis-induced cholangitis?,no,maybe,0,1,generation_failure,Little is known about whether a routinely inserted endoscopic nasobiliary drainage (ENBD) tube improves the clinical course in patients with choledocholithiasis-induced acute cholangitis after clearance of choledocholithiasis. The aim of this study was to investigate the need for ENBD on the clinical outcomes of patients with acute cholangitis undergoing endoscopic clearance of common bile duct (CBD) stones. A total of 104 patients with choledocholithiasis-induced acute cholangitis who underwent primary endoscopic treatment were compared according to insertion of an ENBD tube (51 in the ENBD group and 53 in the no-ENBD group). Insertion of an ENBD tube after clearance of CBD stones. Recurrence of cholangitis and length of hospital stay after clearance of CBD stones.,"Maybe

Justification: The study aims to investigate the need for ENBD on the clinical outcomes of patients with acute cholangitis undergoing endoscopic clearance of common bile duct stones, but it does not definit"
sentence_hybrid,sentence,hybrid,mistral,Storage of vaccines in the community: weak link in the cold chain?,maybe,yes,0,1,generation_failure,"To assess quality of storage of vaccines in the community. Of the 40 respondents, only 16 were aware of the appropriate storage conditions for the vaccines; eight had minimum and maximum thermometers but only one of these was monitored daily. Adherence to Department of Health guidelines for vaccine storage, temperature range to which vaccines were exposed over two weeks. In six of the eight practices selected for monitoring of refrigeration temperatures the vaccines were exposed to either subzero temperatures (three fridges) or temperatures up to 16 degrees C (three). The hypothesis was tested that pectin content and methylation degree participate in regulation of cell wall mechanical properties and in this way may affect tissue growth and freezing resistance over the course of plant cold acclimation and de-acclimation.","Yes

Justification: The vaccines were exposed to either subzero temperatures or temperatures up to 16 degrees C in six of the eight practices selected for monitoring of refrigeration temperatures (context [4])."
sentence_hybrid,sentence,hybrid,mistral,Is the clinically positive axilla in breast cancer really a contraindication to sentinel lymph node biopsy?,no,maybe,0,1,generation_failure,"Clinically positive axillary nodes are widely considered a contraindication to sentinel lymph node (SLN) biopsy in breast cancer, yet no data support this mandate. In fact, data from the era of axillary lymph node dissection (ALND) suggest that clinical examination of the axilla is falsely positive in as many as 30% of cases. Here we report the results of SLN biopsy in a selected group of breast cancer patients with palpable axillary nodes classified as either moderately or highly suspicious for metastasis. This study aims to evaluate local failure patterns in node negative breast cancer patients treated with post-mastectomy radiotherapy including internal mammary chain only. Among 2,027 consecutive SLN biopsy procedures performed by two experienced surgeons, clinically suspicious axillary nodes were identified in 106, and categorized as group 1 (asymmetric enlargement of the ipsilateral axillary nodes moderately suspicious for metastasis, n = 62) and group 2 (clinically positive axillary nodes highly suspicious for metastasis, n = 44).","Maybe

Justification: The context states that clinically positive axilla is a contraindication to sentinel lymph node biopsy, but it also mentions a study that reports SLN biopsy in a selected"
sentence_hybrid,sentence,hybrid,mistral,Convulsions and retinal haemorrhage: should we look further?,yes,yes,1,1,success,"The prevalence of retinal haemorrhages after convulsions is not well established. As these haemorrhages are considered characteristic of child abuse, we investigated their occurrence after convulsive episodes to see whether the finding of haemorrhage should prompt further investigation. One child was found with unilateral retinal haemorrhages following an episode of a simple febrile convulsion. After a thorough history and physical examination, a retinal examination was performed by an ophthalmologist. In light of this consideration, should a patient with both a history of ICH and a clear indication for anticoagulation such as nonvalvular atrial fibrillation be anticoagulated?","Yes

Justification: The context mentions that a child was found with unilateral retinal haemorrhages following an episode of a simple febrile convulsion, and further investigation was suggested ([2], [3])."
sentence_hybrid,sentence,hybrid,mistral,Are patients willing participants in the new wave of community-based medical education in regional and rural Australia?,yes,yes,1,1,success,"Educational opportunities for medical undergraduate programmes are being sought in the day surgery environment. Patients attending six rural and 11 regional general practices in New South Wales over 18 teaching sessions in November 2008, who consented to student involvement in their consultation. Community-based medical education is growing to meet the increased demand for quality clinical education in expanded settings, and its sustainability relies on patient participation. Patients living in rural areas may be at a disadvantage in accessing tertiary health care.AIM: To test the hypothesis that very premature infants born to mothers residing in rural areas have poorer outcomes than those residing in urban areas in the state of New South Wales (NSW) and the Australian Capital Territory (ACT) despite a coordinated referral and transport system. This study aims to identify and understand the difference in the number of outpatient visits and health examinations based on various health behaviors and to determine whether patients seek medical care for illness from the same physicians.","Yes

Justification: Patients attending six rural and 11 regional general practices in New South Wales over 18 teaching sessions in November 2008, who consented to student involvement in their consultation (Context [2])."
sentence_hybrid,sentence,hybrid,mistral,Can Flexible Instruments Create Adequate Femoral Tunnel Lengths at 90° of Knee Flexion in Anterior Cruciate Ligament Reconstruction?,yes,yes,1,1,success,"The purpose of this cadaveric study was twofold: 1. to determine whether femoral tunnel lengths of greater than 20 mm can be created with a flexible reamer system at 90 ° of knee flexion and 2. to determine whether the lateral structures of the knee are safe with this technique. This study aims to study femoral tunnel lengths drilled with a flexible reamer and the distance to important lateral structures obtained by flexing the knee at various angles and by drilling the guide pins arthroscopically to resemble clinical practice. Flexible pins were inserted with the knee at 70°, 90°, and 120° of flexion. Six human cadaver knees were tested before implantation, after implantation with a bicruciate-retaining unicompartmental knee prosthesis, and after implantation with a posterior cruciate-retaining tricompartmental knee prosthesis. Unicompartmental replacement can be an alternative to tibial osteotomy in younger, active patients with unicompartmental knee disease.","Yes

Justification: The study specifically mentions that the purpose of the study was to determine whether femoral tunnel lengths of greater than 20 mm can be created with a flexible reamer system at 90° of knee flexion"
sentence_hybrid,sentence,hybrid,mistral,Quality of life in lung cancer patients: does socioeconomic status matter?,yes,yes,1,1,success,"As part of a prospective study on quality of life in newly diagnosed lung cancer patients an investigation was carried out to examine whether there were differences among patients' quality of life scores and their socioeconomic status. Quality of life was measured at two points in time (baseline and three months after initial treatment) using three standard instruments; the Nottingham Health Profile (NHP), the European Organization for Research and Cancer Treatment Quality of Life Questionnaire (EORTC QLQ-C30) and its lung cancer supplement (QLQ-LC13). The aim of this prognostic factor analysis was to investigate if a patient's self-reported health-related quality of life (HRQOL) provided independent prognostic information for survival in non-small cell lung cancer (NSCLC) patients. Socioeconomic status for each individual patient was derived using Carstairs and Morris Deprivation Category ranging from 1 (least deprived) to 7 (most deprived) on the basis of the postcode sector of their address. 57% of patients were of lower socioeconomic status and they had more health problems, less functioning, and more symptoms as compared to affluent patients.","Yes

Justification: 57% of patients were of lower socioeconomic status and they had more health problems, less functioning, and more symptoms as compared to affluent patients (5)."
sentence_hybrid,sentence,hybrid,mistral,Are Biochemical Markers of Bone Turnover Representative of Bone Histomorphometry in 370 Postmenopausal Women?,maybe,maybe,1,1,success,The levels of bone formation and resorption can be assessed at the tissue level by bone histomorphometry on transiliac bone biopsies. Systemic biochemical markers of bone turnover reflect the overall bone formation and resorption at the level of the entire skeleton but cannot discriminate the different skeletal compartments. The static and dynamic parameters of formation and bone resorption were measured by histomorphometry. Our aim was to investigate the correlations between the serum biochemical markers of formation and resorption with histomorphometric parameters. Serum biochemical markers of formation (bone alkaline phosphatase [ALP]; procollagen type I N-terminal propeptide [PINP]) and resorption (C-terminal crosslinking telopeptide of collagen type 1 [sCTX]) were assessed.,"Maybe

Justification: The text indicates that biochemical markers of bone turnover reflect the overall bone formation and resorption at the level of the entire skeleton (context [2]), but it also mentions that the static"
sentence_hybrid,sentence,hybrid,mistral,Should early extubation be the goal for children after congenital cardiac surgery?,yes,yes,1,1,success,"We sought to determine the feasibility and assess the clinical outcomes associated with an early extubation strategy for all children undergoing congenital heart surgery, including neonates (age,<30 days). Early extubation was associated with lower mortality (1% vs 9%, P<.001) and a lower rate of reintubation (4% vs 23%, P<.001) compared with delayed extubation. We collected data on the cardiac diagnoses, preoperative status, procedure, and postoperative course, including the duration of invasive and noninvasive ventilation, failure of extubation, hemodynamic data, length of stay, complications, and mortality. Intraoperative extubation was achieved in 71% of the cases and early extubation (≤ 24 hours) was achieved in 89% of the cases. The purpose of this study was to delineate early respiratory predictors of mortality in children with hemato-oncology malignancy who developed acute respiratory distress syndrome (ARDS).","Yes

Justification: The study shows that early extubation was associated with lower mortality and a lower rate of reintubation compared with delayed extubation in children undergoing congenital heart surgery ([2])."
sentence_hybrid,sentence,hybrid,mistral,Does delivery mode affect women's postpartum quality of life in rural China?,no,maybe,0,1,generation_failure,"To explore the impact of delivery mode on women's postpartum quality of life in rural China and probe factors influencing postnatal quality of life. Under the circumstance of increasing high caesarean section rate in rural China, the impact of delivery mode on postnatal quality of life remains unclear. The scale for rural postnatal quality of life was adopted to assess postnatal quality of life from six dimensions: physical complaints and pain, sleep and energy, sex satisfaction, interpersonal communication, self-evaluated living stress and perceived life satisfaction. None of six dimensions and total score of quality of life displayed significant difference between women with normal delivery and cesaerean section. Childbirth significantly affects puerpera's physical, psychological and social domains of quality of life.","Maybe

Justification: While the study found no significant difference in postnatal quality of life between women with normal delivery and cesarean section, the impact of delivery mode on postnatal quality of life remains unclear due to the increasing"
sentence_hybrid,sentence,hybrid,mistral,Menopausal hormone therapy and irregular endometrial bleeding: a potential role for uterine natural killer cells?,yes,yes,1,1,success,"The main objective of this study was to explore the role of uterine natural killer (uNK) cells and their regulatory cytokine IL-15 in irregular bleeding in HT users. Irregular bleeding affects many users of combined menopausal hormone therapy (HT) and commonly leads to invasive and expensive investigations to exclude underlying malignancy. We also addressed the impact of HT exposure on uNK cell populations, the relationship between endometrial IL-15 expression and uNK cell populations, and killer Ig like receptor genotype in subjects with irregular bleeding. The relationship between endometrial uNK cells (CD56+) and bleeding patterns was measured. Endometrial CD56+ uNK cells were significantly increased in biopsies obtained during bleeding episodes (P<0.001), compared with HT users with no bleeding.","Yes

Justification: The study explores the role of uterine natural killer (uNK) cells and their regulatory cytokine IL-15 in irregular bleeding in HT users (context [1]). Additionally, the"
sentence_hybrid,sentence,hybrid,mistral,Percutaneous ethanol injection for benign cystic thyroid nodules: is aspiration of ethanol-mixed fluid advantageous?,no,maybe,0,1,generation_failure,"We evaluated the differences between percutaneous ethanol injection with and without aspiration of ethanol-mixed fluid for treatment of benign cystic thyroid nodules. We examined 60 patients with benign cystic thyroid nodules confirmed by fine-needle aspiration biopsy and divided them into 2 groups according to nonaspiration (group A, n = 30) or aspiration (group B, n = 30) of ethanol-mixed fluid after intracystic ethanol injection. Intrathecal administration of urokinase, IV administration of fasudil hydrochloride, and continuous cerebrospinal fluid (CSF) evacuation via cisternal drainage were performed as prophylactic treatments for vasospasm. We evaluated in both groups the complete disappearance of the cystic portion of the thyroid nodule on follow-up ultrasonography (first follow-up ultrasonography; mean, 4.6 months in group A; mean, 4.4 months in group B) (chi-square test), side effects or complications during and after the procedure (chi-square test), and the total procedure time (Student t test). Most patients showed complete disappearance of the cystic portion of the thyroid nodule (group A, n = 29; group B, n = 28), and they revealed no recurrence on follow-up ultrasonography.","Maybe

Justification: The study shows no significant difference in the complete disappearance of the cystic portion of the thyroid nodule between the groups with and without aspiration of ethanol-mixed fluid. However, the study"
sentence_hybrid,sentence,hybrid,mistral,Can the growth rate of a gallbladder polyp predict a neoplastic polyp?,no,maybe,0,1,generation_failure,"On multivariate analysis, however, the growth rate was not related to the neoplastic nature of a polyp, but older age (>60 y) and large size (>10 mm) were significantly associated with neoplastic polyps. Neoplastic polyps were more frequently found in patients older than 60 years, those with hypertension, a polyp size greater than 10 mm, and a rapid growth rate greater than 0.6 mm/mo. It often mimics a gallbladder carcinoma (GBC), and may coexist with GBC, leading to a diagnostic dilemma. Xanthogranulomatous cholecystitis (XGC) is an uncommon variant of chronic cholecystitis, characterized by marked thickening of the gallbladder wall and dense local adhesions. Sections from paraffin-embedded blocks of surgically resected specimens of GBC (69 cases), XGC (65), chronic cholecystitis (18) and control gallbladder (10) were stained with the monoclonal antibodies to p53 and PCNA, and a polyclonal antibody to beta-catenin.","Maybe

Justification: The growth rate was not directly related to the neoplastic nature of a polyp in the multivariate analysis (context [1]), but it was one of the factors more frequently found in neoplastic poly"
sentence_hybrid,sentence,hybrid,mistral,Are performance measurement systems useful?,yes,yes,1,0,lucky_guess,"Prior literature identified the use of Performance Measurement Systems (PMS) as crucial in addressing improved processes of care. It is unclear whether patient-controlled therapy (PCT) systems would be an additional treatment option. The aim of this study was to assess the reproducibility of different measurement methods and define the most workable technique for measuring head and neck paragangliomas, to determine the best method for evaluating tumour growth. Richmond Agitation Sedation Scale scores, Palliative Performance Scale scores, vital signs, and a self-developed patient satisfaction questionnaire were used for measuring secondary outcomes. Specifically, we asked which preresidency selection factors are associated or correlated with (1) objective measures of resident knowledge and performance; and (2) subjective ratings by faculty.","Yes

Justification: The context states that performance measurement systems are crucial in addressing improved processes of care (context [1])."
sentence_hybrid,sentence,hybrid,mistral,Does para-cervical block offer additional advantages in abortion induction with gemeprost in the 2nd trimester?,yes,maybe,0,1,generation_failure,"The intervals from the last application of prostaglandin until abortion and from 3 cm cervical dilatation to abortion were slightly, but not significantly shorter in the paracervical anaesthesia group. In the group without paracervical anaesthesia the median induction to abortion interval was 20 hours (range: 8-44 hours), 13 hours (range: 8-36 hours, NS) resulting for the paracervical anaesthesia group. 20 women scheduled for elective abortion (fetal reasons) between the 16th and 23rd week of gestation were to be given 1 mg gemeprost vaginally every 6 hours. have been widely employed for termination of pregnancy in the second trimester. Since paracervical anaesthesia may be useful during this procedure, we investigated in this prospective randomised study its impact on the clinical course of abortion and pain especially in the late first and second stage of labour.","Maybe

Justification: The intervals from the last application of prostaglandin until abortion and from 3 cm cervical dilatation to abortion were slightly, but not significantly shorter in the paracervical anaesthesia"
sentence_hybrid,sentence,hybrid,mistral,Does insulin resistance drive the association between hyperglycemia and cardiovascular risk?,yes,maybe,0,1,generation_failure,"We examined whether associations between hyperglycemia and CVD risk were explained by underlying insulin resistance. Several studies have shown associations between hyperglycemia and risk of cardiovascular disease (CVD) and mortality, yet glucose-lowering treatment does little to mitigate this risk. Epidemiologic studies have suggested that hypertriglyceridemia and insulin resistance are related to the development of colon cancer. Insulin sensitivity was measured as the glucose infusion rate during a euglycemic hyperinsulinemic clamp, body fat percentage was measured by dual X-ray absorptiometry, and CVD risk was estimated using the Framingham risk score. The mean pulsatility index, resistance index, body mass index, waist circumference, systolic and diastolic blood pressure, homeostasis model assessment for insulin resistance, plasma fasting glucose, insulin, C-peptide, triglycerides, low-density lipoprotein cholesterol, and high-sensitivity C-reactive protein were statistically higher in obese subjects than in healthy controls.","Maybe

Justification: The context mentions that the study examines whether associations between hyperglycemia and CVD risk are explained by underlying insulin resistance ([1]), but it does not provide a definitive answer to whether ins"
sentence_hybrid,sentence,hybrid,mistral,Are there risk factors that increase the rate of staple line leakage in patients undergoing primary sleeve gastrectomy for morbid obesity?,yes,maybe,0,1,generation_failure,"For the current analysis, all patients that had undergone primary sleeve gastrectomy for morbid obesity within a 7-year period were considered. Up to 30 % of patients who have undergone laparoscopic sleeve gastrectomy require revision surgery for inadequate weight loss, weight regain, and/or the development of severe upper gastrointestinal symptoms. However, the ever present risk of a staple line leak is still a major concern. Laparoscopic sleeve gastrectomy (LSG) is currently being performed with increasing frequency worldwide. However, evidence from some surgical series suggests that presurgical shaving may increase the postsurgical infection rate.","Maybe

Justification: The text mentions the ever-present risk of a staple line leak ([3]), but it also suggests that presurgical shaving may increase the postsurgical infection rate ([5]), which could"
sentence_hybrid,sentence,hybrid,mistral,Chronic functional somatic symptoms: a single syndrome?,no,maybe,0,1,generation_failure,"To identify distinctive features in patients with chronic functional somatic symptoms, and to determine whether these symptoms support the hypothesis of the existence of specific somatic syndromes. In the 10 years before the diagnosis of chronic functional somatic symptoms, significantly more patients than controls presented functional somatic symptoms in at least two body systems, and used more somatic and psychotropic drugs. Reliable longitudinal data of patients with functional somatic symptoms in general practice are lacking. In particular, it is unclear whether somatic complaints may heighten the risk for the subsequent development of depressive symptoms. However, somatic complaints were a somewhat less powerful predictor than income and age.","Maybe

Justification: The context suggests that chronic functional somatic symptoms may be associated with specific syndromes, but it does not definitively state that they constitute a single syndrome. The lack of longitudinal data and the fact that som"
sentence_hybrid,sentence,hybrid,mistral,"Actinobaculum schaalii, a cause of urinary tract infections in children?",maybe,yes,0,1,generation_failure,"In addition, A. schaalii was found in quantities equivalent to ≥ 10(6) CFU/mL by both culture and PCR in two children with a urinary tract infection and large numbers of leucocytes in the urine. No significant difference was seen in the prevalence of serovars isolated following a repeat infection compared with those without repeat infections. Although the mechanisms of inducting autoimmunity by some of the infectious agents have been investigated, there is not yet enough research on streptococcal infections.MATERIAL/ 508 episodes of gonorrhoea diagnosed at a city centre genitourinary medicine clinic including 22 patients with multiple infections over a 4 year period. Urine samples were examined by wet smear microscopy, incubated in 5% CO(2) for 1-2 days, and species-specific real-time polymerase chain reaction (PCR) for A. schaalii was performed.","Yes

Justification: The context states that Actinobaculum schaalii was found in quantities equivalent to ≥ 10(6) CFU/mL by both culture and PCR in two children with a urinary"
sentence_hybrid,sentence,hybrid,mistral,Prevalence of chronic conditions among Medicare Part A beneficiaries in 2008 and 2010: are Medicare beneficiaries getting sicker?,yes,yes,1,1,success,"Medicare Part A beneficiaries had more chronic conditions on average in 2010 than in 2008. Medicare beneficiaries who have chronic conditions are responsible for a disproportionate share of Medicare fee-for-service expenditures. The objective of this study was to analyze the change in the health of Medicare beneficiaries enrolled in Part A (hospital insurance) between 2008 and 2010 by comparing the prevalence of 11 chronic conditions. We conducted descriptive analyses using the 2008 and 2010 Chronic Conditions Public Use Files, which are newly available from the Centers for Medicare and Medicaid Services and have administrative (claims) data on 100% of the Medicare fee-for-service population. Surveyed Medicare beneficiaries in 5 areas; clustered unvaccinated seniors by their immunization related knowledge and attitudes.","Yes

Justification: The prevalence of chronic conditions among Medicare Part A beneficiaries had increased from 2008 to 2010, as indicated in the first sentence of the context."
sentence_hybrid,sentence,hybrid,mistral,Does successful completion of the Perinatal Education Programme result in improved obstetric practice?,no,maybe,0,1,generation_failure,"To determine whether successful completion of the Perinatal Education Programme (PEP) improves obstetric practice. The primary outcomes included the number of US examinations performed, scope of bedside US applications, barriers to residents' US education, and US use in the emergency department. Where a problem in uterine growth was detected, an appropriate response occurred in 0-8% of patients and no difference before or after completion of the PEP was ascertained. The obstetric history was well documented, but in no group was there a satisfactory response to a detected problem; appropriate action was taken in between 0% and 12% of cases. To determine current practice and to assess the value of routine follow-up procedures for endometrial cancer surveillance.","Maybe

Justification: The context suggests that there may be improvements in some aspects of obstetric practice, such as the number of US examinations performed and the scope of bedside US applications ([2]), but it also indicates that there is"
sentence_hybrid,sentence,hybrid,mistral,Do patients with localized prostate cancer treatment really want more aggressive treatment?,no,maybe,0,1,generation_failure,"Examine whether patients with prostate cancer choose the more aggressive of two radiotherapeutic options, whether this choice is reasoned, and what the determinants of the choice are. One hundred fifty patients with primary prostate cancer (T(1-3)N(0)M(0)) were informed by means of a decision aid of two treatment options: radiotherapy with 70 Gy versus 74 Gy. To examine the ability of various postoperative nomograms to predict prostate cancer-specific mortality (PCSM) and to validate that they could predict aggressive biochemical recurrence (BCR). The treatment and outcome of 369 eligible patients with Stage T1-T3aN0-NXM0 prostate cancer were analyzed during a minimal 10-year follow-up period. Patients who did and did not receive radiotherapy as part of their primary rectal cancer treatment were compared.","Maybe

Justification: The context provides information about two radiotherapeutic options for prostate cancer treatment, one with 70 Gy and the other with 74 Gy. However, it does not explicitly state that patients with localized"
sentence_hybrid,sentence,hybrid,mistral,Does music influence stress in mechanically ventilated patients?,no,yes,0,1,generation_failure,"The purpose of this study was to explore the influence of music on stress in a sample of patients over the duration of ventilatory support.RESEARCH METHODOLOGY/ Mechanically ventilated patients experience profound stress. Randomised controlled trial; randomised patients (56.8+16.9 years, 61% male, APACHE III 57.2+18.3) receiving ventilatory support to: (1) patient-directed music (PDM) where patients self-initiated music listening whenever desired from a preferred collection, (2) headphones only to block ICU noise, or (3) usual ICU care. Moreover, biochemical measurements of oxidative stress markers (MDA, GSH and TAC) revealed that prophylactic edaravone treatment attenuated oxidative stress induced by I/R injury. Communication disorders that impair transmitting or decoding of structural features of music (e.g., pitch, timbre) and/or symbolic representation may result in atypical musical communication, which can have a negative impact on music therapy interventions.","Yes

Justification: The study was designed to explore the influence of music on stress in mechanically ventilated patients ([1])."
sentence_hybrid,sentence,hybrid,mistral,Does reducing spasticity translate into functional benefit?,yes,maybe,0,1,generation_failure,"Although botulinum toxin is used to reduce spasticity, its functional benefits are less easily demonstrated. In 26 patients the improvement in spasticity preceded the improvement in function with 18 showing the reverse. Spasticity and loss of function in an affected arm are common after stroke. This paper reports an exploratory meta-analysis to investigate the relationship between reduced arm spasticity and improved arm function. To evaluate the relationship between knee extensor strength, postural stability, functional ambulation, and disease severity in Parkinson's disease (PD).","Maybe

Justification: The provided context discusses an exploratory meta-analysis investigating the relationship between reduced arm spasticity and improved arm function, suggesting that the relationship is not straightforward, which implies a possible translation of reducing spastic"
sentence_hybrid,sentence,hybrid,mistral,Is the holmium:YAG laser the best intracorporeal lithotripter for the ureter?,yes,maybe,0,1,generation_failure,"To study the efficiency and safety of holmium:YAG laser lithotripsy for ureteral stones. A series of 188 patients with 208 ureteral stones were treated with semirigid ureteroscopy and holmium:YAG laser lithotripsy from January 2003 to December 2005. Nd:YAG laser-induced thermo therapy (LITT) of rat brains is associated with blood-brain barrier (BBB) permeability changes. Stone location: 149 in distal ureter, 60 in middle ureter, and 35 in proximal ureter. To describe the biomechanical and wound healing characteristics of corneas after excimer laser keratorefractive surgery.","Maybe

Justification: The provided context does not directly compare the holmium:YAG laser with other intracorporeal lithotripters for the ureter, so it is not possible to definitively say it is"
sentence_hybrid,sentence,hybrid,mistral,Metered-dose inhalers. Do health care providers know what to teach?,no,yes,0,1,generation_failure,"The specific aim of this investigation was to evaluate the proficiency of health care providers and patients in the proper use of metered-dose inhalers. Patients who attended the primary care general medicine and pulmonary subspecialty clinic were also assessed as to their proficiency in the use of metered-dose inhalers. Health care providers, which include house staff, nurses, and respiratory care practitioners who provide care to patients with asthma in the primary general medicine clinic or the pulmonary medicine clinic of a university-county hospital in which patients were referred, were surveyed and assigned a performance score regarding the knowledge base of the appropriate use of metered-dose inhalers. A significant percentage of patients had a poor understanding of the technique used with the metered-dose inhaler. House staff and nursing staff were also less proficient in the proper use of the metered-dose inhaler.","Yes

Justification: Health care providers were surveyed and assigned a performance score regarding the knowledge base of the appropriate use of metered-dose inhalers (context 3)."
sentence_hybrid,sentence,hybrid,mistral,Does the bracket-ligature combination affect the amount of orthodontic space closure over three months?,no,maybe,0,1,generation_failure,"To investigate the effect of bracket-ligature combination on the amount of orthodontic space closure over three months. The primary outcome measure was the mean amount of space closure in a 3-month period. The differences in the amount of space closure over three months between the three groups was very small and non-significant (P = 0·718). The amount of space closure was very similar between the three groups (1 mm per 28 days); however, there was a wide variation in the rate of space closure between individuals. Pretreatment orthodontic casts of 230 Saudi patients were classified into one of three arch form types (tapered, ovoid, and square) using digitally scanned images of the mandibular arches.","Maybe

Justification: The differences in the amount of space closure over three months between the three groups were small and non-significant, but the study did not specify the bracket-ligature combination used in each group. Therefore,"
sentence_hybrid,sentence,hybrid,mistral,Health habits and vaccination status of Lebanese residents: are future doctors applying the rules of prevention?,no,maybe,0,1,generation_failure,"This study evaluated the health practices and the vaccination status of first year residents working at the academic hospital Hôtel-Dieu de France. These residents were required to go through a preventive medical visit at the University Center of Family and Community Health. This study aims to identify and understand the difference in the number of outpatient visits and health examinations based on various health behaviors and to determine whether patients seek medical care for illness from the same physicians. The purpose of this study is to investigate 1) whether socioeconomic status was associated with acceptance of preventive home visits among older people and 2) whether municipality invitational procedures for the preventive home visits modified the association. The question is, do health behaviors have an impact on the use of medical resources?","Maybe

Justification: The study evaluates the health practices and vaccination status of first year residents, but it does not specify that they are Lebanese residents. Therefore, it is not definitively known whether the health habits and vaccination"
sentence_hybrid,sentence,hybrid,mistral,Does vaginal intraepithelial neoplasia have the same evolution as cervical intraepithelial neoplasia?,maybe,maybe,1,1,success,"Vaginal intraepithelial neoplasia is a little known disease which could be related to risk factors different from simple HPV infections. To ascertain wheter vaginal lesions have a natural history similar to cervical lesions.MATERIALS & A retrospective study to identify patients with vaginal lesions and synchronous cervical lesions through biopsy. Using koilocytosis as a marker, the rate of ""active"" cervical lesions was compared with the rate of ""non active"" cervical lesions in patients with ""active"" versus ""non active"" vaginal lesions. The rate of mild cervical lesions (koilocytosis, warts, CIN I with and without koilocytosis) was compared with the rate of severe cervical lesions (CIN II and III, cervical carcinoma) in patients with mild vaginal lesions (warts and koilocytosis, and low-grade VAIN) and in patients with severe vaginal lesions (high-grade VAIN).","Maybe

Justification: The study is comparing the rates of mild and severe cervical lesions with mild and severe vaginal lesions, suggesting that the evolution of vaginal intraepithelial neoplasia may be similar"
sentence_hybrid,sentence,hybrid,mistral,Should general practitioners call patients by their first names?,yes,no,0,1,generation_failure,"To assess the acceptability to patients of the use of patients' first names by doctors and doctors' first names by patients in general practice. Response by patients to questionnaire on attitude to use of first names. 475 Patients consulting 30 general practitioners. Most patients (324) did not, however, want to call the doctor by his or her first name. Cardiologists, allergists, and general practitioners (GPs) from the National Healthcare System.","No, based on the fact that most patients (324) did not want to call the doctor by his or her first name."
sentence_hybrid,sentence,hybrid,mistral,Transesophageal echocardiographic assessment of left ventricular function in brain-dead patients: are marginally acceptable hearts suitable for transplantation?,yes,maybe,0,1,generation_failure,Fractional area change (FAC) was used to assess left ventricular function in potential brain-dead donors. Echocardiography is now widely available and is a reliable tool to assess left ventricular dysfunction in brain-dead donors. Yet few data are available on the degree of left ventricular dysfunction where a transplantation is possible. Fifty-five potential brain-dead heart donors (age 38 +/- 11 years) were prospectively evaluated by transesophageal echocardiography (TEE) before harvesting. Echocardiography was performed to measure left ventricular mass and left ventricular mass index.,"Maybe

Justification: The context provides data on the assessment of left ventricular function in brain-dead donors, but it does not specify the criteria for determining if a heart is suitable for transplantation. Therefore, it is not"
sentence_hybrid,sentence,hybrid,mistral,Attenuation of ischemia/reperfusion-induced ovarian damage in rats: does edaravone offer protection?,yes,yes,1,1,success,"Treatment of rats with edaravone reduced caspase-3 expression in a dose-dependent manner. Administration of different doses of edaravone in rats significantly prevented degenerative changes in the ovary (p<0.0001). Moreover, biochemical measurements of oxidative stress markers (MDA, GSH and TAC) revealed that prophylactic edaravone treatment attenuated oxidative stress induced by I/R injury. Conversely, RVP increased throughout ischemia (p<0.05) and returned toward baseline during reperfusion. Also, total antioxidant capacity (TAC) was measured in plasma samples to evaluate the antioxidant effect of edaravone.","Yes

Justification: The provided context shows that administration of edaravone in rats significantly prevented degenerative changes in the ovary (p<0.0001), and it attenuated oxidative stress induced by"
sentence_hybrid,sentence,hybrid,mistral,Does the National Institutes of Health Stroke Scale favor left hemisphere strokes?,yes,no,0,1,generation_failure,"We examined the placebo arm of the NINDS t-PA stroke trial to test the hypothesis that the total volume of cerebral infarction in patients with right hemisphere strokes would be greater than the volume of cerebral infarction in patients with left hemisphere strokes who have similar NIHSS scores. The median volume of a right hemisphere stroke was roughly equal to the median volume of a left hemisphere stroke in the next highest 5-point category of the NIHSS. For each 5-point category of the NIHSS score<20, the median volume of right hemisphere strokes was approximately double the median volume of left hemisphere strokes. For example, for patients with a left hemisphere stroke and a 24-hour NIHSS score of 16 to 20, the median volume of cerebral infarction was 48 mL (interquartile range 14 to 111 mL) as compared with 133 mL (interquartile range 81 to 208 mL) for patients with a right hemisphere stroke (P<0.001). The volume for right hemisphere stroke was statistically greater than the volume for left hemisphere strokes, adjusting for the baseline NIHSS (P<0.","No

Justification: The volume of cerebral infarction in patients with right hemisphere strokes was statistically greater than the volume in patients with left hemisphere strokes, adjusting for the baseline NIHSS"
sentence_hybrid,sentence,hybrid,mistral,Can a Novel Surgical Approach to the Temporomandibular Joint Improve Access and Reduce Complications?,yes,yes,1,1,success,"This clinical study investigated whether the vascular-guided multilayer preauricular approach (VMPA) to the temporomandibular joint (TMJ) could improve access and decrease complications. Despite surgical refinements, perioperative use of tracheobronchoscopy (TBS) as part of surgical approach to esophageal atresia (EA) is still controversial. Identifying high-risk patients and procedures can help ensure that appropriate measures are taken to minimize neurological complications during spinal deformity corrections. Our objective in this study was to determine whether the decision to manage a contralateral hydrocele in cases of neonatal testicular torsion solely through a scrotal approach is safe and effective. Reconstructing the natural joint line in knee revision surgery improves clinical and functional outcome but may be challenging when both cartilage and bone were removed during previous operations.","Yes

Justification: The context states that the clinical study investigated whether the vascular-guided multilayer preauricular approach (VMPA) to the temporomandibular joint (TMJ) could improve access and decrease"
sentence_hybrid,sentence,hybrid,mistral,"Young-Burgess classification of pelvic ring fractures: does it predict mortality, transfusion requirements, and non-orthopaedic injuries?",maybe,yes,0,1,generation_failure,"The objectives of this study were to evaluate the ability of the Young-Burgess classification system to predict mortality, transfusion requirements, and nonorthopaedic injuries in patients with pelvic ring fractures and to determine whether mortality rates after pelvic fractures have changed over time. Mortality at index admission, transfusion requirement during first 24 hours, and presence of nonorthopaedic injuries as a function of Young-Burgess pelvic classification type. The Young-Burgess system differentiated transfusion requirements--lateral compression Type 3 (LC3) and anteroposterior compression Types 2 (APC2) and 3 (APC3) fractures had higher transfusion requirements than did lateral compression Type 1 (LC1), anteroposterior compression Type 1 (APC1), and vertical shear (VS) (P<0.05)--but was not as useful at predicting head, chest, or abdomen injuries. Dividing fractures into stable and unstable types allowed the system to predict mortality rates, abdomen injury rates, and transfusion requirements. To examine the ability of various postoperative nomograms to predict prostate cancer-specific mortality (PCSM) and to validate that they could predict aggressive biochemical recurrence (BCR).","Yes

Justification: The Young-Burgess classification system was able to predict mortality rates, abdomen injury rates, and transfusion requirements ([4], [3])."
sentence_hybrid,sentence,hybrid,mistral,Is vitamin D deficiency a feature of pediatric celiac disease?,no,yes,0,1,generation_failure,"Vitamin D deficiency has been described in autoimmune diseases, but its status in prepubertal children with CD has not been adequately studied. To determine the vitamin D status of prepubertal children with CD. Celiac disease (CD) is an autoimmune enteropathy characterized by villus atrophy and malabsorption of essential nutrients. Patients were excluded if they had diseases of calcium or vitamin D metabolism, or were receiving calcium or vitamin D supplementation or had other autoimmune diseases. Although observational data support an inverse relationship between high-density lipoprotein (HDL) cholesterol and coronary heart disease (CHD), genetic HDL deficiency states often do not correlate with premature CHD.","Yes

Justification: The context states that vitamin D deficiency has not been adequately studied in prepubertal children with CD, but it has been described in autoimmune diseases, which includes CD ([1]). Therefore"
sentence_hybrid,sentence,hybrid,mistral,Is unsafe sexual behaviour increasing among HIV-infected individuals?,no,maybe,0,1,generation_failure,"To evaluate whether reported unsafe sexual behaviour among HIV- infected individuals is changing over time. Among those at high risk, HIV prevalence rates have risen to 6.3% (95% confidence interval 5.0-8.0) in STD clinic attenders, around 10% and 21% in female prostitutes in Kingston and Montego Bay respectively and approximately 30% among homosexuals. There was no evidence of a response bias over time, but individuals were less willing to leave questions about their sexual behaviour unanswered or ambiguous (OR, 0.93; 95% CI, 0.90-0.97). The number of new diagnoses of HIV infection is rising in the northwestern hemisphere and it is becoming increasingly important to understand the mechanisms behind this trend. Females (OR, 1.38; 95% CI, 1.19-1.60), 15-30 year olds (OR, 1.26; 95% CI, 1.09-1.47), those with HIV-positive partners (OR, 12.58; 95% CI, 10.84-14.07) and those with occasional partners (OR, 3.25; 95% CI, 2.87-3.67) were more likely to report unsafe sex.","Maybe

Justification: The context mentions that the number of new diagnoses of HIV infection is rising, which suggests that unsafe sexual behaviour may be increasing among HIV-infected individuals, but it does not provide direct evidence of a change"
sentence_hybrid,sentence,hybrid,mistral,Cholestasis associated with small bowel atresia: do we always need to investigate?,no,maybe,0,1,generation_failure,"Cholestasis occurs frequently in patients with small bowel atresia (SBA) and is often attributed to prolonged parental nutrition. We investigated symptoms, gluten consumption, antibodies for CD and other autoimmunity, human leukocyte antigen (HLA)-typing, bone mineral density, and performed small bowel biopsies. We characterized cholestasis and analyzed the pertinence of investigating this patient population. Indications included evaluation anemia/gastrointestinal bleed, small bowel IBD and dilation of strictures. All patients with short bowel (4) and 60% (6/10) of patients with a delay of enteral feeding more than 14 days postoperatively had cholestasis.","Maybe

Justification: The context indicates that cholestasis occurs frequently in patients with small bowel atresia, but it is not clear from the provided information whether all patients with small bowel atresia will always have chol"
sentence_hybrid,sentence,hybrid,mistral,Are financial incentives cost-effective to support smoking cessation during pregnancy?,yes,maybe,0,1,generation_failure,"To investigate the cost-effectiveness of up to £400 worth of financial incentives for smoking cessation in pregnancy as an adjunct to routine health care. A total of 612 pregnant women randomized to receive usual cessation support plus or minus financial incentives of up to £400 vouchers (US $609), contingent upon smoking cessation. The incremental cost per quitter at 34-38 weeks pregnant was £1127 ($1716).This is similar to the standard look-up value derived from Stapleton&West's published ICER tables, £1390 per quitter, by looking up the Cessation in Pregnancy Incentives Trial (CIPT) incremental cost (£157) and incremental 6-month quit outcome (0.14). Furthermore, compared to usual care, telephone counseling was more effective than tailored print materials at promoting being on schedule with screening during 1996 and 1997 among women who were off-schedule during the previous year. Measures of sociodemographics, smoking, home and car smoking bans, and depression were collected.","Maybe

Justification: The cost per quitter is similar to the standard look-up value, but it is not definitively below it, suggesting potential cost-effectiveness. However, the context does not provide information on long-term outcomes"
sentence_hybrid,sentence,hybrid,mistral,Can medical students contribute to quality assurance programmes in day surgery?,yes,yes,1,1,success,Educational opportunities for medical undergraduate programmes are being sought in the day surgery environment. Health care delivery has undertaken a major shift from inpatient management to ambulatory surgical care with increasing emphasis on quality assurance (QA) processes. Our study was undertaken to explore ways in which senior medical students can actively contribute to QA processes as part of an undergraduate day surgery educational programme. Our study was undertaken to explore ways in which senior medical students can actively contribute to the QA processes as part of an undergraduate day surgery educational programme. Fifty-nine final year medical students followed allocated patients with common surgical conditions through all phases of the day surgery process.,"Yes

Justification: The context states that the study was undertaken to explore ways in which senior medical students can actively contribute to QA processes in day surgery ([3], [4]). This implies that it is possible for medical students to"
sentence_hybrid,sentence,hybrid,mistral,Measurement of head and neck paragangliomas: is volumetric analysis worth the effort?,yes,yes,1,1,success,"The aim of this study was to assess the reproducibility of different measurement methods and define the most workable technique for measuring head and neck paragangliomas, to determine the best method for evaluating tumour growth. Due to the irregular shape of paragangliomas in the temporal bone and conglomerates, the manual area tracing method showed better results in these tumours (26% and 8% versus 54% and 47%). The size of the aneurysm was also considered in the analysis. Measuring bioactive testosterone is difficult and new methods have been proposed, including measuring the primary androgen metabolite androsterone glucuronide (ADT-G).AIM: The aim of this study was to investigate a possible correlation between serum levels of androgens and sexual desire in women and whether the level of ADT-G is better correlated than the level of circulating androgens with sexual desire. On multivariate analysis, however, the growth rate was not related to the neoplastic nature of a polyp, but older age (>60 y) and large size (>10 mm) were significantly associated with neoplastic polyps.","Yes

Justification: The study suggests that the volumetric analysis of head and neck paragangliomas provides better results compared to other methods due to the irregular shape of these tumours (context [2])."
sentence_hybrid,sentence,hybrid,mistral,Three-dimensional ultrasound-validated large-core needle biopsy: is it a reliable method for the histological assessment of breast lesions?,yes,yes,1,1,success,"The use of three-dimensional (3D) ultrasound may help to determine the exact position of the needle during breast biopsy, thereby reducing the number of core samples that are needed to achieve a reliable histological diagnosis. The aim of this study was to demonstrate the efficacy of 3D ultrasound-validated large-core needle biopsy (LCNB) of the breast. 3D ultrasound visualization of the needle in the postfiring position was used to classify the biopsy as central, marginal or outside the lesion. Additional open breast biopsy was performed in 111 women (127/169 breast lesions); the remaining 42 lesions were followed up for at least 24 months. Here we report the results of SLN biopsy in a selected group of breast cancer patients with palpable axillary nodes classified as either moderately or highly suspicious for metastasis.","Yes

Justification: The study demonstrates the efficacy of 3D ultrasound-validated large-core needle biopsy (LCNB) of the breast, as it reduces the number of core samples needed for"
sentence_hybrid,sentence,hybrid,mistral,Can bone thickness and inter-radicular space affect miniscrew placement in posterior mandibular sites?,no,yes,0,1,generation_failure,"The purposes of this study are to report the alveolar process thickness and inter-radicular space in the posterior region of the mandible, to assess the impact of different miniscrew insertion angle protocols, and to identify differences between the genders or types of malocclusion. The bone thicknesses were taken at 45°, 60°, and 90° in relation to the alveolar ridge, simulating a miniscrew insertion. The inter-radicular space ranged from 2.46 to 3.31 mm, and alveolar bone thickness ranged from 8.01 to 13.77 mm. The primary outcome variables were bone thickness and inter-radicular space. Specimens were micro-computed tomography imaged to evaluate trabecular thickness, trabecular number, trabecular separation, bone volume density (BV/TV), BMD, and cortical thickness.","Yes

Justification: The study's purpose is to assess the impact of different miniscrew insertion angle protocols and to identify differences between the genders or types of malocclusion, suggesting that bone thickness and inter-rad"
sentence_hybrid,sentence,hybrid,mistral,Do general practice selection scores predict success at MRCGP?,yes,maybe,0,1,generation_failure,"The MRCGP comprises of an applied knowledge test (AKT), a clinical skills assessment (CSA) and workplace-based assessments (WPBA).AIM: To explore the predictive validity of general  practice selection scores using the AKT and CSA elements of the MRCGP as a final outcome measure. Do preresidency selection factors serve as predictors of success in residency? However, the relationship between selection  and performance in the Royal College of General Practitioner examinations (MRCGP) has yet to be explored. Selection into general practice training is undertaken using a competency based approach. Preresidency selection criteria examined included United States Medical Licensing Examination (USMLE) Step 1 and Step 2 scores, Medical College Admission Test (MCAT) scores, number of clinical clerkship honors, number of letters of recommendation, number of away rotations, Alpha Omega Alpha (AOA) honor medical society membership, fourth-year subinternship at our institution, and number of publications.","Maybe

Justification: The study aims to explore the predictive validity of general practice selection scores, suggesting that there is some potential for these scores to predict success, but the study has not yet been conducted to confirm this."
sentence_hybrid,sentence,hybrid,mistral,The Deformity Angular Ratio: Does It Correlate With High-Risk Cases for Potential Spinal Cord Monitoring Alerts in Pediatric 3-Column Thoracic Spinal Deformity Corrective Surgery?,yes,maybe,0,1,generation_failure,"The purpose of this study was to determine whether the deformity angular ratio (DAR) can reliably assess the neurological risks of patients undergoing deformity correction. Identifying high-risk patients and procedures can help ensure that appropriate measures are taken to minimize neurological complications during spinal deformity corrections. In patients undergoing 3-column osteotomies, sagittal curve magnitude and total curve magnitude were associated with increased incidence of transcranial motor evoked potential changes. The data from 35 pediatric spinal deformity correction procedures with thoracic 3-column osteotomies were reviewed. Thirty-three structural curves of 25 consecutive patients scheduled for surgery for thoracic or thoracolumbar scoliosis were analyzed with standing anteroposterior radiographs and computed tomography scans covering the curve apexes and pelvis.","Maybe

Justification: The study was conducted to determine the reliability of the deformity angular ratio (DAR) in assessing neurological risks, but it does not explicitly state that DAR correlates with high-risk"
sentence_hybrid,sentence,hybrid,mistral,Does age moderate the effect of personality disorder on coping style in psychiatric inpatients?,yes,maybe,0,1,generation_failure,"To examine age-related differences in the relationship between personality and coping strategies in an Australian population of psychiatric inpatients. Personality traits, social supports, gender, and age predicted coping strategies, while Axis I diagnosis, education, personality disorder, and symptom severity were not significant predictors of coping strategies. The influence of affective disorder polarity on subsequent suicide attempts or completions and any differential effect of suicide risk factors by polarity were assessed in a prospective cohort. Using a questionnaire we investigated in a cross-sectional study the prevalence of pain, duration of pain, impairment and unfitness for work due to pain in 106 patients primarily diagnosed with a psychiatric disorder in the field of general adult psychiatry. To study the prevalence of pain and risk factors for pain in psychiatric patients in a psychiatric hospital.","Maybe

Justification: The provided context does not directly state whether age moderates the effect of personality disorder on coping style. However, it does mention that personality traits, age, and other factors predict coping strategies, suggesting that age may"
sentence_hybrid,sentence,hybrid,mistral,Autoxidation products of both carbohydrates and lipids are increased in uremic plasma: is there oxidative stress in uremia?,yes,yes,1,1,success,"Recent studies, however, have demonstrated that one AGE, the glycoxidation product carboxymethyllysine (CML), could be derived not only from carbohydrates but also from oxidation of polyunsaturated fatty acids in vitro, raising the possibility that both carbohydrate and lipid autoxidation might be increased in uremia. Moreover, biochemical measurements of oxidative stress markers (MDA, GSH and TAC) revealed that prophylactic edaravone treatment attenuated oxidative stress induced by I/R injury. Advanced glycation end products (AGEs), formed by non-enzymatic glycation and oxidation (glycoxidation) reactions, have been implicated in the pathogenesis of several diseases, including normoglycemic uremia. All three adducts were elevated in uremic plasma. To address this hypothesis, we applied gas chromatography-mass spectrometry and high performance liquid chromatography to measure protein adducts formed in uremic plasma by reactions between carbonyl compounds and protein amino groups: pentosidine derived from carbohydrate-derived carbonyls, malondialdehyde (MDA)-lysine derived from lipid-derived carbonyls, and CML originating possibly from both sources.","Yes

Justification: The text states that ""recent studies have demonstrated that one AGE, the glycoxidation product carboxymethyllysine (CML), could be derived not only from carbohy"
sentence_hybrid,sentence,hybrid,mistral,Can 'high-risk' human papillomaviruses (HPVs) be detected in human breast milk?,no,no,1,1,success,"Using polymerase chain reaction techniques, we evaluated the presence of HPV infection in human breast milk collected from 21 HPV-positive and 11 HPV-negative mothers. Of the 32 studied human milk specimens, no 'high-risk' HPV 16, 18, 31, 33, 35, 39, 45, 51, 52, 56, 58 or 58 DNA was detected. Several studies have investigated human papillomavirus (HPV) as a risk factor for the development of pterygia, but the results are inconclusive.AIM: To investigate a large sample of pterygia for the presence of HPV in order to clarify the putative association between pterygia and HPV. Vaginal intraepithelial neoplasia is a little known disease which could be related to risk factors different from simple HPV infections. Smoking practices were examined in families with a high respiratory risk infant (born at very low birth weight; ventilated>12 hr) in a Houston, Texas, NICU.","No

Justification: The provided context states that no 'high-risk' HPV 16, 18, 31, 33, 35, 39, 45, 5"
sentence_hybrid,sentence,hybrid,mistral,Quaternary cytoreductive surgery in ovarian cancer: does surgical effort still matter?,yes,yes,1,1,success,"To evaluate surgical outcome and survival benefit after quaternary cytoreduction (QC) in epithelial ovarian cancer (EOC) relapse. Despite surgical refinements, perioperative use of tracheobronchoscopy (TBS) as part of surgical approach to esophageal atresia (EA) is still controversial. The study took place at a quaternary referral center that specializes in pelvic exenteration. Univariate analyses and subsequently multivariate analyses, controlling for patient and hospital characteristics, were performed to identify whether the time of surgery was an independent predictor of outcome after major cancer surgery. We review our results on surgical treatment of patients with stage I non-small cell lung carcinoma and we attempted to clarify the prognostic significance of some surgical--pathologic variables.","Yes

Justification: The study evaluates the surgical outcome and survival benefit after quaternary cytoreduction in epithelial ovarian cancer relapse, indicating that surgical effort still matters in this context (Context"
sentence_hybrid,sentence,hybrid,mistral,Chemotherapy and survival in advanced non-small cell lung carcinoma: is pneumologists' skepticism justified?,no,maybe,0,1,generation_failure,"Few studies have assessed whether the advantage chemotherapy has been shown to have in treating advanced non-small lung carcinoma in clinical trials is transferrable to normal health care activity. This could explain the skepticism of a large number of pneumologists towards this treatment. We review our results on surgical treatment of patients with stage I non-small cell lung carcinoma and we attempted to clarify the prognostic significance of some surgical--pathologic variables. In both univariate and multivariate survival analysis, significant prognostic factors were histology (adenocarcinoma 65% vs squamous cell carcinoma 51%), tumour size (<or=3cm 67% vs>3cm 46%), and the presence of negative resection margin. The aim of this prognostic factor analysis was to investigate if a patient's self-reported health-related quality of life (HRQOL) provided independent prognostic information for survival in non-small cell lung cancer (NSCLC) patients.","Maybe

Justification: The text does not directly address chemotherapy and survival in advanced non-small cell lung carcinoma, but it does suggest that pneumologists may have reasons for skepticism due to the lack of clear evidence that"
sentence_hybrid,sentence,hybrid,mistral,Does topical ropivacaine reduce the post-tonsillectomy morbidity in pediatric patients?,yes,maybe,0,1,generation_failure,"To determine whether post-operative administration of topical ropivacaine hydrochloride decreases morbidity following adenotonsillectomy. Patients received 1.0% ropivacaine hydrochloride soaked swabs packed in their tonsillar fossae while the control group received saline-soaked swabs. We reviewed the literature to determine if there is sufficient evidence that dexamethasone can be used as an effective alternative in the treatment of pediatric asthma exacerbations in the inpatient setting. A short course of systemic corticosteroids is an important therapy in the treatment of pediatric asthma exacerbations. Also, the other post-operative parameters such as nausea, fever, vomiting, odor, bleeding, otalgia and trismus were not statistically different between the two groups.","Maybe

Justification: The study shows a decrease in post-operative pain (odor, bleeding, otalgia and trismus) but the difference was not statistically significant (line 5). However, the study does not provide"
sentence_hybrid,sentence,hybrid,mistral,Is pain a clinically relevant problem in general adult psychiatry?,yes,yes,1,1,success,"Using a questionnaire we investigated in a cross-sectional study the prevalence of pain, duration of pain, impairment and unfitness for work due to pain in 106 patients primarily diagnosed with a psychiatric disorder in the field of general adult psychiatry. To study the prevalence of pain and risk factors for pain in psychiatric patients in a psychiatric hospital. We conducted a cross-sectional survey among adult patients with asthma cared for in 15 managed care organizations in the United States. It is not yet clear whether similar relationships can be established for back pain in particular in prospective studies. The patients' most frequent complaints were low back pain, headache and shoulder and neck pain.","Yes

Justification: The provided context states that the study investigated the prevalence of pain in patients primarily diagnosed with a psychiatric disorder in the field of general adult psychiatry ([1]). This implies that pain is a clinically relevant problem"
sentence_hybrid,sentence,hybrid,mistral,Does concomitant anterior/apical repair during midurethral sling improve the overactive bladder component of mixed incontinence?,no,maybe,0,1,generation_failure,Midurethral sling (MUS) can improve overactive bladder (OAB) symptoms. We hypothesized that women with mixed urinary incontinence (MUI) experience greater improvement in the OAB component of their symptoms after concomitant MUS and AA repair compared with MUS alone. It is unclear if anterior/apical prolapse (AA) repair provides additional benefit. Our primary outcome was the Overactive Bladder Questionnaire Symptom Severity (OAB-q SS) change score 6 weeks after surgery. To compare the accuracy achieved by a trained urology nurse practitioner (UNP) and consultant urologist in detecting bladder tumours during flexible cystoscopy.,"Maybe

Justification: The text suggests a hypothesis that concomitant anterior/apical repair during midurethral sling might improve the overactive bladder component of mixed incontinence, but it does not provide any results"
sentence_hybrid,sentence,hybrid,mistral,Does the use of atypical antipsychotics as adjunctive therapy in depression result in cost savings?,no,maybe,0,1,generation_failure,"Several atypical antipsychotics (AAPs) are used as second-line agents for treatment resistant depression. The safe use of antidepressants in pregnancy is an ongoing issue for clinicians with around 10% of pregnant women suffer from depression. Considering commonalities between depression and social anxiety and the presence of similar intrusive thoughts in social anxiety, the current study was designed to assess whether interference from irrelevant material in working memory is specific to depression or is also present in social anxiety disorder. Evidence suggests substantial comorbidity between symptoms of somatization and depression in clinical as well as nonclinical populations. This is a cost-utility study from a health care system's perspective comparing coformulated fixed dose (FXD) strategy versus multiple free dose combination (FRC) in antiretroviral therapy.","Maybe

Justification: The provided context does not directly discuss the cost implications of using atypical antipsychotics as adjunctive therapy in depression. However, it is mentioned that atypical antipsychotics are used"
sentence_hybrid,sentence,hybrid,mistral,Can patients be anticoagulated after intracerebral hemorrhage?,maybe,maybe,1,1,success,"In light of this consideration, should a patient with both a history of ICH and a clear indication for anticoagulation such as nonvalvular atrial fibrillation be anticoagulated? Warfarin increases both the likelihood and the mortality of intracerebral hemorrhage (ICH), particularly in patients with a history of prior ICH. In sensitivity analyses for patients with deep ICH, anticoagulation could be preferred if the risk of thromboembolic stroke is particularly high. Five patients died (4%), 3 of whom had significant hemorrhage attributed to anticoagulation. Four patients died: 2 from hemorrhage (FAC>50% in donors); 1 from right and one from left ventricular dysfunction (FAC<50% in donors).","Maybe

Justification: While warfarin increases the likelihood and mortality of intracerebral hemorrhage (ICH), sensitivity analyses suggest that anticoagulation could be preferred if the risk of thromboem"
sentence_hybrid,sentence,hybrid,mistral,Diagnostic and therapeutic ureteroscopy: is dilatation of ureteral meatus always necessary?,no,maybe,0,1,generation_failure,"To assess the feasibility and safety of diagnostic or therapeutic semirigid ureteroscopy without ureteral meatus dilatation. For data analysis purposes, the population was divided into two groups based on whether ureteroscopy had been performed with (Group 1) or without (Group 2) ureteral meatus dilatation. We have previously reported the feasibility of diagnostic and therapeutic peritoneoscopy including liver biopsy, gastrojejunostomy, and tubal ligation by an oral transgastric approach. The aim of the study was to see whether or not balloon predilatation is necessary in transcatheter aortic valve replacement (TAVI). Variables recorded included age, sex, type of procedure, surgical diagnosis, passive or active dilatation, number of stones, stone location, stone diameter, peroperative and postoperative complications, internal urinary diversion after the procedure, therapeutic success rate, operating time, and hospital stay duration.","Maybe

Justification: The study is divided into two groups based on whether ureteroscopy had been performed with or without ureteral meatus dilatation, suggesting that dilatation is not always necessary. However, the"
sentence_hybrid,sentence,hybrid,mistral,Does managed care enable more low income persons to identify a usual source of care?,maybe,maybe,1,1,success,"(1) To examine the effects of managed care on the likelihood of low-income persons having a usual source of care and a usual physician, and; (2) To examine the association between usual source of care and access. By requiring or encouraging enrollees to obtain a usual source of care, managed care programs hope to improve access to care without incurring higher costs. Managed care has only marginal effects on the likelihood of having a usual source of care for privately insured and Medicaid beneficiaries. High managed care penetration in the community is associated with a lower likelihood of having a usual source of care for uninsured persons (54.8% vs. 62.2% in low penetration areas) as well as a lower likelihood of having a usual physician (60% vs. 72.8%). Usual source of care, usual physician, managed care enrollment, managed care penetration.","Maybe

Justification: The context suggests that managed care has only marginal effects on the likelihood of having a usual source of care for privately insured and Medicaid beneficiaries (3), but it is associated with a lower likelihood for"
sentence_hybrid,sentence,hybrid,mistral,"Knee extensor strength, dynamic stability, and functional ambulation: are they related in Parkinson's disease?",yes,yes,1,1,success,"To evaluate the relationship between knee extensor strength, postural stability, functional ambulation, and disease severity in Parkinson's disease (PD). Knee extensor strength positively correlated with dynamic postural stability and negatively correlated with disease severity. Further, dynamic postural stability was negatively correlated to disease severity and positively correlated with functional ambulation in this cohort of patients with PD (P<.05). Participants were evaluated on their isokinetic knee extensor strength. Lastly, participants were evaluated by a neurologist specially trained in movement disorders to assess neurologic status and disease severity using the Unified Parkinson's Disease Rating Scale and the Hoehn and Yahr disability score.","Yes

Justification: The provided context shows that knee extensor strength positively correlates with dynamic postural stability ([2]) and dynamic postural stability positively correlates with functional ambulation ([3]). Therefore, knee extensor"
sentence_hybrid,sentence,hybrid,mistral,"Is distance to provider a barrier to care for medicaid patients with breast, colorectal, or lung cancer?",no,yes,0,1,generation_failure,"Distance to provider might be an important barrier to timely diagnosis and treatment for cancer patients who qualify for Medicaid coverage. Driving distances and times from patient residence to primary care provider were calculated for 3,917 breast, colorectal (CRC) and lung cancer Medicaid patients in Washington State from 1997 to 2003 using MapQuest.com. Later stage at diagnosis for breast cancer Medicaid patients is associated with travel burden (OR = 1.488 per 100 driving miles, P= .037 and OR = 1.270 per driving hour, P= .016). Important increases could be demonstrated for communicating a diagnosis of cancer with good or less good prognosis, recurrence of cancer or a far progressive cancer disease without curative approach. When controlled for patient factors, stage, and hospital factors, patients in the short-distance/low-volume group had lower odds of a lymph node yield ≥12 (OR = 0.51) and neoadjuvant chemoradiation (OR = 0.67) and higher 30-day (OR = 3.38) and 90-day mortality (OR = 2.07) compared with those in the long-distance/high-volume group.","Yes

Justification: The provided context shows that later stage at diagnosis for breast cancer Medicaid patients is associated with travel burden ([3]), and patients in the short-distance/low-volume group had higher mortality compared with those"
sentence_hybrid,sentence,hybrid,mistral,Can folic acid protect against congenital heart defects in Down syndrome?,no,maybe,0,1,generation_failure,"Several studies have suggested a protective effect of folic acid (FA) on congenital heart anomalies. Our objectives were to investigate whether first-trimester FA use protects against heart anomalies among DS children. To compare the probability of prenatal diagnosis (PND) and termination of pregnancy for fetal anomaly (TOPFA) between fetuses conceived by assisted reproductive techniques (ART) and spontaneously-conceived fetuses with congenital heart defects (CHD). Folic acid (FA) is often given as an adjunct to methotrexate therapy, but there is no conclusive proof that it decreases the toxicity of methotrexate and there is a theoretical risk that it may decrease the efficacy of methotrexate. Subanalyses were performed for defects that have been associated with FA in non-DS populations (conotruncal, ventricular septal [VSD]) and for those that are associated with DS (ostium secundum type atrial septal defects [ASD]and endocardial cushion defects [ECD]).","Maybe

Justification: The context suggests that several studies have suggested a protective effect of folic acid on congenital heart anomalies, but it is not definitively proven for Down syndrome specifically. The study in the context is investigating"
sentence_hybrid,sentence,hybrid,mistral,Are there mental health differences between francophone and non-francophone populations in manitoba?,maybe,yes,0,1,generation_failure,"Our study sought to compare mental health indicators between Francophones and non-Francophones living in the province of Manitoba. Two populations were used: one from administrative datasets housed at the Manitoba Centre for Health Policy and the other from representative survey samples. Francophones may experience poorer health due to social status, cultural differences in lifestyle and attitudes, and language barriers to health care. When surveyed, Francophones were less likely than non-Francophones to report that their mental health was excellent, very good, or good (66.9%, compared with 74.2%). Outside urban areas, Francophones had lower rates of diagnosed substance use disorder (rate ratio [RR] = 0.80; 95% CI 0.68 to 0.95) and of suicide and suicide attempts (RR = 0.59; 95% CI 0.43 to 0.79), compared with non-Francophones, but no differences were found between the groups across the province in rates of diagnosed mood disorders, anxiety disorders, dementia, or any mental disorders after adjusting for age, sex, and geographic area.","Yes

Justification: Francophones were less likely to report excellent, very good, or good mental health compared to non-Francophones (66.9% vs 74.2%). Additionally, outside urban areas"
sentence_hybrid,sentence,hybrid,mistral,Does type 1 diabetes mellitus affect Achilles tendon response to a 10 km run?,no,maybe,0,1,generation_failure,"The load-response behaviour of tendons may be altered in type 1 diabetes mellitus (T1DM) as hyperglycaemia accelerates collagen cross-linking. Achilles tendon structure was quantified at day-0, day-2 and day-4 after a 10 km run. This study compared Achilles tendon load-response in participants with T1DM and controls. To explore whether electrochemiluminescence (ECL) assays can help improve prediction of time to type 1 diabetes in the TrialNet autoantibody-positive population. Achilles tendon structure deteriorates 2-days after maximal loading in elite athletes.","Maybe

Justification: The study directly compares Achilles tendon load-response in participants with T1DM and controls (context [3]), but the specific effect of T1DM on the response to a 10 km run"
sentence_hybrid,sentence,hybrid,mistral,Fragility of the esophageal mucosa: a pathognomonic endoscopic sign of primary eosinophilic esophagitis?,yes,maybe,0,1,generation_failure,"The response of a series of patients with primary eosinophilic esophagitis to dilation is reported together with a description of a possibly pathognomonic sign: fragile esophageal mucosa, for which the term ""crêpe-paper"" mucosa is introduced. Primary eosinophilic esophagitis, a chronic inflammatory disorder of the esophagus, evokes recurrent dysphagia. We observed an endoscopic abnormally in a group of children with histological esophagitis. The procedure reports, available endoscopic photographs, and histology reports were reviewed to establish the endoscopic and histologic appearance of the esophageal mucosa. Five men underwent endoscopy because of dysphagia confirmed (clinically, endoscopically, and histologically) to be caused by primary eosinophilic esophagitis and were treated by bouginage.","Maybe

Justification: The context mentions the term ""crêpe-paper"" mucosa, which suggests a pathognomonic sign, but it is not explicitly stated that this sign is exclusive to primary eosinophil"
sentence_hybrid,sentence,hybrid,mistral,Does cup-cage reconstruction with oversized cups provide initial stability in THA for osteoporotic acetabular fractures?,yes,maybe,0,1,generation_failure,"This study measured acetabular component stability and the initial surface contact achieved between the acetabular component and unfractured region of the pelvis after THA using an oversized acetabular component and cup-cage reconstruction. Of these, 12 (30%) underwent immediate THA using an oversized acetabular component with screws inserted only into the ilium and a cup-cage construct. Immediate total hip arthroplasty (THA) has potential advantages, but achieving acetabular component stability is challenging and, at early followup, reported revision rates for loosening are high.QUESTIONS/ The incidence of acetabular fractures in osteoporotic patients is increasing. Indications for immediate THA after acetabular fractures were displaced articular comminution deemed unreducible.","Maybe

Justification: The study provided evidence of using cup-cage reconstruction with oversized cups in 12 out of 40 patients with osteoporotic acetabular fractures, but the stability was only measured"
sentence_hybrid,sentence,hybrid,mistral,Pulmonary valve replacement in adults late after repair of tetralogy of fallot: are we operating too late?,yes,maybe,0,1,generation_failure,"Chronic pulmonary regurgitation (PR) following repair of tetralogy of Fallot (TOF) leads to RV dilation and an increased incidence of sudden cardiac death in adult patients. The purpose of this study is to evaluate right ventricular (RV) volume and function after pulmonary valve replacement (PVR) and to address the issue of optimal surgical timing in these patients. The aim of the study was to see whether or not balloon predilatation is necessary in transcatheter aortic valve replacement (TAVI). We studied 25 consecutive adult patients who underwent PVR for significant PR late after repair of TOF. One of the patients died of a pulmonary embolism after surgery, and the remaining 10 (median age, 81 years; range, 72-86 years) were studied.","Maybe

Justification: The study suggests that pulmonary valve replacement may be beneficial in reducing RV dilation and potentially preventing sudden cardiac death, but it does not directly address the optimal timing for the procedure. The study only included"
sentence_hybrid,sentence,hybrid,mistral,Xanthogranulomatous cholecystitis: a premalignant condition?,no,maybe,0,1,generation_failure,"Xanthogranulomatous cholecystitis (XGC) is an uncommon variant of chronic cholecystitis, characterized by marked thickening of the gallbladder wall and dense local adhesions. Furthermore, the premalignant nature of this entity is not known. But the expression pattern in XGC, chronic cholecystitis and control gallbladders was homogenously membranous, whereas in GBC the membranous expression pattern was altered to cytoplasmic and nuclear. Sections from paraffin-embedded blocks of surgically resected specimens of GBC (69 cases), XGC (65), chronic cholecystitis (18) and control gallbladder (10) were stained with the monoclonal antibodies to p53 and PCNA, and a polyclonal antibody to beta-catenin. p53 mutation was positive in 52% of GBC cases and 3% of XGC, but was not expressed in chronic cholecystitis and control gallbladders.","Maybe

Justification: The premalignant nature of Xanthogranulomatous cholecystitis is not definitively known from the provided context, but the expression pattern of p53, a tumor suppressor gene"
sentence_hybrid,sentence,hybrid,mistral,Does TDP-43 type confer a distinct pattern of atrophy in frontotemporal lobar degeneration?,yes,yes,1,1,success,"To determine whether TDP-43 type is associated with distinct patterns of brain atrophy on MRI in subjects with pathologically confirmed frontotemporal lobar degeneration (FTLD). We identified different patterns of atrophy across the types with type 1 showing frontotemporal and parietal atrophy, type 2 predominantly anterior temporal lobe atrophy, and type 3 predominantly posterior frontal atrophy. Subjects with a pathologic diagnosis of FTLD with motor neuron degeneration had a similar pattern of atrophy, regardless of whether they were type 1 or type 3. Within the FTLD-TDP type 1 group, those with a progranulin mutation had significantly more lateral temporal lobe atrophy than those without. But the expression pattern in XGC, chronic cholecystitis and control gallbladders was homogenously membranous, whereas in GBC the membranous expression pattern was altered to cytoplasmic and nuclear.","Yes

Justification: The provided context states that different patterns of atrophy were observed across the types of TDP-43 in subjects with frontotemporal lobar degeneration (FTLD) (context [2])."
sentence_hybrid,sentence,hybrid,mistral,Is oncoplastic surgery a contraindication for accelerated partial breast radiation using the interstitial multicatheter brachytherapy method?,maybe,no,0,1,generation_failure,"To evaluate accelerated partial breast irradiation (APBI) in patients after oncoplastic surgery for early breast cancer. A retrospective analysis of 136 breasts of 134 patients, who received breast-conserving oncoplastic surgery for low-risk breast cancer between 2002 and 2010 in the Universities of Vienna and Luebeck followed by adjuvant APBI applying total doses of pulse dose rate of 50.4 Gy or high-dose rate (HDR) of 32 Gy over 4 days. Clinically positive axillary nodes are widely considered a contraindication to sentinel lymph node (SLN) biopsy in breast cancer, yet no data support this mandate. Although dose-volume parameters in image-guided brachytherapy have become a standard, the use of posterior-inferior border of the pubic symphysis (PIBS) points has been recently proposed in the reporting of vaginal doses. Nineteen patients who received image-guided brachytherapy after concurrent radiochemotherapy were included.","No, the provided context does not indicate that oncoplastic surgery is a contraindication for accelerated partial breast radiation using the interstitial multicatheter brachytherapy method. Instead, it describes the use"
sentence_hybrid,sentence,hybrid,mistral,"Diagnostic characteristics of child bipolar I disorder: does the ""Treatment of Early Age Mania (team)"" sample generalize?",yes,maybe,0,1,generation_failure,"Subjects (N = 247) were outpatients who participated in either the National Institute of Mental Health-funded Phenomenology and Course of Pediatric Bipolar Disorders study or the Treatment of Early Age Mania (TEAM) study. To examine the representativeness of a randomized controlled trial (RCT) sample versus one obtained by consecutive new case ascertainment, for subjects with child bipolar I disorder. The PEA-BP phenotype was defined by DSM-IV mania with at least one of the cardinal symptoms of mania (elation and/or grandiosity) to avoid diagnosing mania only by symptoms that overlapped with those for attention-deficit hyperactivity disorder (ADHD). Both studies required that subjects have current DSM-IV bipolar I disorder (manic or mixed phase) and a Children's Global Assessment Scale (CGAS) score<or=60. To examine family-based transmission of the number of 5' flanking arginine vasopressin V1a receptor (AVPR1A) microsatellites, which include [(GATA)(14)] and complex [(CT)(4)-TT-(CT)(8)-(GT)(24)]repeats, in probands with a prepubertal and early adolescent bipolar disorder phenotype (PEA-BP).","Maybe

Justification: The study does not provide enough information to definitively say whether the ""Treatment of Early Age Mania (team)"" sample generalizes to all child bipolar I disorder cases. However, the study does describe"
sentence_hybrid,sentence,hybrid,mistral,Estimation of basal metabolic rate in Chinese: are the current prediction equations applicable?,yes,maybe,0,1,generation_failure,"The aim of this study was to develop a new BMR prediction equation for Chinese adults applicable for a large BMI range and compare it with commonly used prediction equations. Measurement of basal metabolic rate (BMR) is suggested as a tool to estimate energy requirements. Not applicable. Additionally, the newly derived equation was cross-validated in a separate group of 70 Chinese subjects (26 men and 44 women, age: 21-69 years, BMI: 17-39 kg/m(2)). Therefore, BMR prediction equations have been developed in multiple populations because indirect calorimetry is not always feasible.","Maybe

Justification: The study suggests that the current prediction equations may not be fully applicable for Chinese adults, as a new equation was developed to improve applicability for a large BMI range. However, the study does not definitively state that"
sentence_hybrid,sentence,hybrid,mistral,Does rugby headgear prevent concussion?,maybe,maybe,1,1,success,"In addition, coaches from all four levels were questioned about team policies and their personal opinions about the use of headgear to prevent concussion. Although the players tended to believe that the headgear could prevent concussion (62%), the coaches were less convinced (33%). To examine the attitudes of players and coaches to the use of protective headgear, particularly with respect to the prevention of concussion. Despite the players' belief that headgear offers protection against concussion, only a minority reported wearing headgear (27%) and few (24%) felt that its use should be made mandatory. A questionnaire designed to assess attitudes to headgear was administered to 63 players from four different Canadian teams, each representing a different level of play (high school, university, community club, national).","Maybe

Justification: The players tend to believe that headgear could prevent concussion, but only a minority reported wearing headgear, suggesting that the effectiveness of headgear in preventing concussion may be questionable."
sentence_hybrid,sentence,hybrid,mistral,Spinal subdural hematoma: a sequela of a ruptured intracranial aneurysm?,yes,yes,1,1,success,"A case of spinal subdural hematoma (SSDH) following subarachnoid hemorrhage (SAH) because of a ruptured internal carotid aneurysm is described. Magnetic resonance imaging showed a subdural hematoma in the lumbosacral region. A 52-year-old woman underwent a craniotomy for a ruptured internal carotid aneurysm. A computed tomography scan showed that SAH existed predominantly in the posterior fossa and subdural hematoma beneath the cerebellar tentorium. The rate of aortic aneurysm rupture correlates with the aneurysm's diameter, and a higher rate of rupture is observed in patients with larger aneurysms.","Yes

Justification: The context describes a case of spinal subdural hematoma following subarachnoid hemorrhage (SAH) because of a ruptured internal carotid aneurysm (["
sentence_hybrid,sentence,hybrid,mistral,Can shape analysis differentiate free-floating internal carotid artery thrombus from atherosclerotic plaque in patients evaluated with CTA for stroke or transient ischemic attack?,yes,maybe,0,1,generation_failure,"Patients presenting with transient ischemic attack or stroke may have symptom-related lesions on acute computed tomography angiography (CTA) such as free-floating intraluminal thrombus (FFT). Extracranial internal carotid artery stenosis is a risk factor for perioperative stroke in patients undergoing coronary artery bypass surgery (CAB). The objective of our study is to determine whether quantitative shape analysis can accurately differentiate FFT from atherosclerotic plaque. Carotid stenosis was a risk factor for stroke (P=0.03). It is difficult to distinguish FFT from carotid plaque, but the distinction is critical as management differs.","Maybe

Justification: The study's objective is to determine if shape analysis can differentiate FFT from atherosclerotic plaque, but the study itself is not described in the context, so we cannot definitively say whether"
sentence_hybrid,sentence,hybrid,mistral,Dementia and aphasia in motor neuron disease: an underrecognised association?,yes,yes,1,1,success,"To determine the prevalence and nature of global cognitive dysfunction and language deficits in an unselected population based cohort of patients with motor neuron disease (MND). A battery of neuropsychological and language tests was administered to patients presenting consecutively over a 3 year period to a regional neurology service with a new diagnosis of sporadic motor neuron disease. Subjects with a pathologic diagnosis of FTLD with motor neuron degeneration had a similar pattern of atrophy, regardless of whether they were type 1 or type 3. Lastly, participants were evaluated by a neurologist specially trained in movement disorders to assess neurologic status and disease severity using the Unified Parkinson's Disease Rating Scale and the Hoehn and Yahr disability score. Multiple sclerosis (MS) is an immune-mediated inflammatory demyelinating disease of uncertain etiology.","Yes

Justification: The context mentions a battery of neuropsychological and language tests being administered to patients with motor neuron disease, indicating that cognitive dysfunction and language deficits are being assessed, suggesting that dement"
sentence_hybrid,sentence,hybrid,mistral,Does solid culture for tuberculosis influence clinical decision making in India?,maybe,yes,0,1,generation_failure,"To investigate the impact of solid culture on Löwenstein-Jensen medium on clinical decision making. In a retrospective review of 150 culture-positive and 150 culture-negative consecutively sampled tuberculosis (TB) suspects, treatment decisions were analysed at presentation, after the availability of culture detection results and after the availability of drug susceptibility testing (DST) culture results. A total of 124 (82.7%) culture-positive patients and 35 (23.3%) culture-negative patients started anti-tuberculosis treatment prior to receiving their culture results; 101 patients (33.7%) returned for their results; two (1.3%) initiated treatment based on positive culture and no culture-negative patients discontinued treatment. In the absence of data from a clinical trial, we used a decision-analysis model to compare the expected values of 2 treatment strategies-warfarin and no anticoagulation-for such patients. Medical units at an academic tertiary referral hospital in Southern India.","Yes

Justification: The study shows that 82.7% of culture-positive patients started anti-tuberculosis treatment prior to receiving their culture results, indicating that solid culture for tuberculosis does influence clinical decision"
sentence_hybrid,sentence,hybrid,mistral,Diffusion-weighted echo-planar MR imaging of primary parotid gland tumors: is a prediction of different histologic subtypes possible?,yes,yes,1,1,success,"Our aim was to determine the value of echo-planar diffusion-weighted MR imaging (epiDWI) in differentiating various types of primary parotid gland tumors. One hundred forty-nine consecutive patients with suspected tumors of the parotid gland were examined with an epiDWI sequence by using a 1.5T unit. Compared with computed tomography (CT) and magnetic resonance imaging (MRI), positron emission tomography (PET) may have additional value in the assessment of primary and recurrent cervical cancer. ADC values of Warthin tumors were different from those of myoepithelial adenomas, lipomas, and salivary duct carcinomas (P<.001, 0.013, and .037, respectively). The influence of positron emission tomography in the management of recurrent rectal cancer is well established but its role in primary rectal cancer remains uncertain.","Yes

Justification: The provided context states that ADC values of different histologic subtypes of primary parotid gland tumors were significantly different (P<.001, 0.013, and ."
sentence_hybrid,sentence,hybrid,mistral,Is there a role for endothelin-1 in the hemodynamic changes during hemodialysis?,maybe,yes,0,1,generation_failure,"There is mounting evidence that endothelin-1 (ET-1) may play a vital role in these hemodynamic changes. We examined the possible role of intradialytic changes of ET-1 in the pathogenesis of hypotension and rebound hypertension during HD. The etiology of hemodialysis (HD)-induced hypotension and hypertension remains speculative. They were divided according to their hemodynamic status during HD into three groups (group I had stable intradialytic hemodynamics, group II had dialysis-induced hypotension, and group III had rebound hypertension during HD). To determine the hemodynamic effect due to lung IR injury, we performed a quantitative coronary blood-flow analysis in a swine model of in situ lung ischemia and reperfusion.","Yes

Justification: The context mentions that there is mounting evidence that endothelin-1 may play a vital role in these hemodynamic changes during hemodialysis (ET-1)."
sentence_hybrid,sentence,hybrid,mistral,Do risk factors for suicidal behavior differ by affective disorder polarity?,no,maybe,0,1,generation_failure,"Mixed-effects, grouped-time survival analysis assessed risk of suicidal behavior and differential effects of risk factors for suicidal behavior by polarity. The influence of affective disorder polarity on subsequent suicide attempts or completions and any differential effect of suicide risk factors by polarity were assessed in a prospective cohort. After controlling for age of onset, there were no differences in prior suicide attempts by polarity although bipolar participants had more prior severe attempts. Age, hopelessness and active substance abuse but not polarity predicted suicidal behavior. Potential risk factors were explored.","Maybe

Justification: The context mentions that potential risk factors were explored, but it does not provide conclusive evidence that risk factors for suicidal behavior do or do not differ by affective disorder polarity. Instead, it suggests that"
sentence_hybrid,sentence,hybrid,mistral,Multidisciplinary breast cancer clinics. Do they work?,yes,yes,1,1,success,"In an attempt to improve the care they provide for their patients with breast cancer, the authors' institution developed a multidisciplinary breast cancer clinic (MDBCC) to offer ""one-stop shopping"" consultation and support for newly diagnosed breast cancer patients. Among all women with breast cancer diagnosed from 1961 to 2001, 2,787 mother-daughter pairs and 831 sister pairs with breast cancer were identified; we achieved complete follow-up and classified 5-year breast cancer-specific prognosis among proband (mother or oldest sister) into tertiles as poor, intermediary, or good. Indicators for breast cancer care include time to primary treatment. To evaluate accelerated partial breast irradiation (APBI) in patients after oncoplastic surgery for early breast cancer. We reviewed charts of 856 patients with hormone receptor-positive nonmetastatic breast cancer seen at our institution between January 1999 and October 2007.","Yes

Justification: The context mentions that the authors' institution developed a multidisciplinary breast cancer clinic (MDBCC) to improve the care they provide for their patients with breast cancer, implying that it was effective in"
sentence_hybrid,sentence,hybrid,mistral,Is the international normalised ratio (INR) reliable?,maybe,yes,0,1,generation_failure,"Comparison between results obtained in the practices and those in the reference hospital laboratory (gold standard), which used the same method of testing for INR, showed a correlation coefficient of 0.96. As part of an MRC funded study into primary care oral anticoagulation management, INR measurements obtained in general practice were validated against values on the same samples obtained in hospital laboratories. Both groups presented no differences in relation to infundibulopelvic angle, width and length of the lower calyceal infundibulum, length/width ratio of the lower infundibulum or number of lower calyces. The success of the treatment, removal of all fragments, was correlated with renal anatomical factors measured in the pre-treatment intravenous urography: infundibulopelvic angle, lower infundibulum width, lower infundibulum length, ratio length/width, infundibulum height, and number of minor calyces in the lower calyceal group. All patients attending general practice based anticoagulant clinics had parallel INR estimations performed in general practice and in a hospital laboratory.","Yes

Justification: The correlation coefficient of 0.96 between the results obtained in the practices and those in the reference hospital laboratory (gold standard) indicates a strong relationship between the two sets of results, suggesting that the INR measurements"
sentence_hybrid,sentence,hybrid,mistral,"Are there associations of health status, disease activity and damage in SLE patients?",yes,yes,1,1,success,"The assessment included, besides demographic data, the measurement of disease activity using the BILAG index, the measurement of disease damage using the SLICC/ACR damage index (SDI), as well as the patient's self assessed health status using the patient's questionnaire Medical Outcome Survey Short Form 36 (SF-36). As part of a prospective study on quality of life in newly diagnosed lung cancer patients an investigation was carried out to examine whether there were differences among patients' quality of life scores and their socioeconomic status. Associations were assessed by logistic regression with respect to systolic, diastolic and pulse pressure, with adjustment for education, work status, physical activity, smoking, body mass and lipid levels. There are very few studies which looked at detailed sputum and blood cell counts in a large cohort of asthmatics divided into inflammatory phenotypes. A cross sectional study of 38 patients fulfilling the classification criteria for SLE.","Yes

Justification: The context mentions the use of the BILAG index for measuring disease activity, the SDI for measuring disease damage, and the patient's self assessed health status using the SF-36, all in"
sentence_hybrid,sentence,hybrid,mistral,PSA repeatedly fluctuating levels are reassuring enough to avoid biopsy?,no,maybe,0,1,generation_failure,"Here we investigatewd if: (a) biopsy timing influences the prostate cancer (PC) detection rate in patients with fluctuating PSA (flu-PSA) in comparison with patients with steadily increasing PSA (si-PSA); (b) PSA slope estimated in patients with flu-PSA predicts a different risk of cancer detection; (c) flu-PSA and si-PSA patients develop PC in topographically different sites; (d) the behaviour of pre-operative PSA is an expression of a disease with defferent characteristics to the following radical prostatectomy. Prostate-specific antigen (PSA) levels can show wide fluctuations when repeatedly measured. Clinically positive axillary nodes are widely considered a contraindication to sentinel lymph node (SLN) biopsy in breast cancer, yet no data support this mandate. No difference was found for PSA Slope between flu-PSA patients with cancer and those without. To discuss whether such procedures are feasible and effective to identify asymptomatic recurrences and describe the pattern of relapse detected by procedures.","Maybe

Justification: The context does not definitively state that repeatedly fluctuating PSA levels are reassuring enough to avoid biopsy. However, it does suggest that the behavior of pre-operative PSA, including fluctuations,"
sentence_hybrid,sentence,hybrid,mistral,Is zero central line-associated bloodstream infection rate sustainable?,yes,maybe,0,1,generation_failure,"Adoption and implementation of evidence-based measures for catheter care leads to reductions in central line-associated bloodstream infection (CLABSI) rates in the NICU. Staple line leak rate decreased during the study period from 6.5 to 1.4 %. The purpose of this study is to evaluate whether this rate reduction is sustainable for at least 1 year and to identify key determinants of this sustainability at the NICU of the Floating Hospital for Children at Tufts Medical Center. These groups were compared to determine the infection rate. Overall, our CLABSI rates decreased from 4.1 per 1000 line days in 2009 (13 infections; 3163 line days) to 0.94 in 2013 (2 infections; 2115 line days), which represents a 77% reduction over a 5-year period.","Maybe

Justification: The study shows a significant reduction in CLABSI rates over a 5-year period, but the most recent data (2013) still has a non-zero rate. This suggests that while the rate"
sentence_hybrid,sentence,hybrid,mistral,"Is gastric electrical stimulation superior to standard pharmacologic therapy in improving GI symptoms, healthcare resources, and long-term health care benefits?",yes,yes,1,1,success,"To compare symptoms, healthcare resource utilization and costs in two groups of patients with the symptoms of GP: those treated via gastric electrical stimulation (GES) and those treated with traditional pharmacological agents in an intensive outpatient program (MED). Severe upper gastrointestinal (GI) motor disorders, including gastroparesis (GP), can consume significant health care resources. GP Symptoms, healthcare resource utilization using investigator-derived independent outcome measure score (IDIOMS) and total hospital (inpatient and outpatient) billing costs. The question is, do health behaviors have an impact on the use of medical resources? GP patients treated via GES also proved superior to medical therapy at 24 and 36 months with regard to decreased costs (F = 4.85, P<0.001).","Yes

Justification: The provided context states that patients treated via gastric electrical stimulation (GES) had decreased costs and superior results at 24 and 36 months compared to medical therapy (F = 4."
sentence_hybrid,sentence,hybrid,mistral,Should pulp chamber pulpotomy be seen as a permanent treatment?,no,maybe,0,1,generation_failure,"Seventeen patients, aged 7-54 years (mean of 37.2 year), were treated by pulpotomy and filling with ProRoot MTA(®)  in premolar or molar teeth with vital pulps and without clinical evidence of irreversible pulpitis. In light of this consideration, should a patient with both a history of ICH and a clear indication for anticoagulation such as nonvalvular atrial fibrillation be anticoagulated? The possible importance of mitochondrial permeability transition pore (PTP) formation during PCD was indirectly examined via in vivo cyclosporine A (CsA) treatment. This suggests that PRK and ASA, and secondarily SBK, should be biomechanically safer than conventional LASIK with regard to risk for causing keratectasia after surgery. We reviewed the literature to determine if there is sufficient evidence that dexamethasone can be used as an effective alternative in the treatment of pediatric asthma exacerbations in the inpatient setting.","Maybe

Justification: The context does not specify the duration of the treatment, but it does mention that the patients were treated, suggesting a temporary or short-term treatment. However, the term ""permanent"" is not explicitly used,"
sentence_hybrid,sentence,hybrid,mistral,Does transverse apex coincide with coronal apex levels (regional or global) in adolescent idiopathic scoliosis?,no,maybe,0,1,generation_failure,"The most rotated vertebral (or disc) levels (transverse apex) were compared with the regional and global apex levels (vertebra or disc) (coronal apexes) of the corresponding curves separately. To identify the regional and global apexes of curves in adolescent idiopathic scoliosis and to compare the levels of those with the most rotated vertebral levels on computed tomography scans. Regional and global apexes were at the same level in 18 (54.5%) curves, and within half a level in another 15 (45.4%), and the regional apex was one level higher in two curves (95% confidence levels: -0.82, +0.88). Comparison of the most rotated levels with regional and global apex levels revealed a higher variability, extending up to two levels for the global apex (95% confidence levels: -1.19, +1.54 levels for the global and -1.0, +1.41 levels for the regional apexes). Apical vertebra or disc is defined as the most laterally deviated vertebra or disc in a scoliosis curve, but the most rotated vertebra (or disc) has not been included in this terminology.","Maybe

Justification: The regional and global apexes were at the same level in 54.5% of the curves, and within half a level in another 45.4%, suggesting some overlap but not always."
sentence_hybrid,sentence,hybrid,mistral,Does the Child Health Computing System adequately identify children with cerebral palsy?,no,maybe,0,1,generation_failure,"This paper assesses the usefulness of the Child Health Computing System as a source of information about children with cerebral palsy. A comparative survey of information held on the Child Health Computing System (CHCS) and the Northern Ireland Cerebral Palsy Register (NICPR) in one Health and Social Services Board in Northern Ireland was carried out. The sample comprised children with cerebral palsy aged 5-9 years. Vitamin D deficiency has been described in autoimmune diseases, but its status in prepubertal children with CD has not been adequately studied. To determine the vitamin D status of prepubertal children with CD.","Maybe

Justification: The context does not provide enough information to definitively say whether the Child Health Computing System adequately identifies all children with cerebral palsy. However, it does indicate that a comparative survey was"
sentence_hybrid,sentence,hybrid,mistral,Are we seeing the effects of public awareness campaigns?,maybe,maybe,1,1,success,"The last 20 years has seen a marked improvement in skin cancer awareness campaigns. In a prospective study 218 preschool children were enrolled (stratified in 2 training programs, one specialized for phonologic awareness in order to prevent dyslexia, the other consisting in training of general perception) during the last year of kindergarten. We examined if components of phonological processing that are shown to reliably separate average readers from struggling readers, i.e., phonological awareness, verbal memory, speed of retrieval, and size of vocabulary, show the same relationship to reading levels when they are mediated by the right hemisphere [2]. This study addresses autoerotic asphyxiation (AEA) with the intent of increasing pediatricians' knowledge of the syndrome and awareness of its typical onset among young patients. To determine the practices and knowledge of harmful effects regarding use of Chaalia and Pan Masala in three schools of Mahmoodabad and Chanesar Goth, Jamshed Town, Karachi, Pakistan.","Maybe

Justification: The context mentions an improvement in skin cancer awareness campaigns in the last 20 years ([1]). However, the other examples provided do not necessarily indicate the effects of public awareness campaigns."
sentence_hybrid,sentence,hybrid,mistral,Is breast cancer prognosis inherited?,yes,maybe,0,1,generation_failure,"Among all women with breast cancer diagnosed from 1961 to 2001, 2,787 mother-daughter pairs and 831 sister pairs with breast cancer were identified; we achieved complete follow-up and classified 5-year breast cancer-specific prognosis among proband (mother or oldest sister) into tertiles as poor, intermediary, or good. A genetic component is well established in the etiology of breast cancer. Treatment delays in breast cancer are generally thought to affect prognosis but the impact on survival remains unclear. After adjustment for potential confounders, daughters and sisters of a proband with poor prognosis had a 60% higher 5-year breast cancer mortality compared to those of a proband with good prognosis (hazard ratio [HR], 1.6; 95% confidence interval [CI], 1.2 to 2.2; p for trend 0.002). The purpose of this study was to evaluate whether time to primary treatment (TPT) in breast cancer impacts survival.","Maybe

Justification: The study shows an increased risk of breast cancer mortality for daughters and sisters of a proband with poor prognosis, suggesting a genetic component, but it does not definitively prove that breast cancer prognosis is"
sentence_hybrid,sentence,hybrid,mistral,Does nuchal translucency thickness in the first trimester predict GDM onset during pregnancy?,no,maybe,0,1,generation_failure,"This study was planned to evaluate whether increased nuchal translucency (NT) thickness in the first trimester of gestation can be related to onset of gestational diabetes mellitus (GDM) during pregnancy. From January 2006 to August 2008, a group of 678 singleton pregnancies who had developed GDM has been selected as a study group among a total of 3966 pregnant women who had undergone first trimester screening for aneuploidies at 11-14 weeks of gestation. Our objectives were to investigate whether first-trimester FA use protects against heart anomalies among DS children. To investigate if fetal gender (1) affects the risk of having an emergency department (ED) visit for asthma; and (2) is associated with adverse pregnancy outcomes among women who had at least one visit to the ED for asthma during pregnancy. We identified 102 consecutive infants with surgically confirmed IHPS and determined the thickness of the pyloric mucosa compared with the thickness of the surrounding hypertrophied muscle.","Maybe

Justification: The study was planned to evaluate this relationship, but the results or conclusions are not provided in the context."
sentence_hybrid,sentence,hybrid,mistral,Are the arginine vasopressin V1a receptor microsatellites related to hypersexuality in children with a prepubertal and early adolescent bipolar disorder phenotype?,no,maybe,0,1,generation_failure,"To examine family-based transmission of the number of 5' flanking arginine vasopressin V1a receptor (AVPR1A) microsatellites, which include [(GATA)(14)] and complex [(CT)(4)-TT-(CT)(8)-(GT)(24)]repeats, in probands with a prepubertal and early adolescent bipolar disorder phenotype (PEA-BP). Subjects (N = 247) were outpatients who participated in either the National Institute of Mental Health-funded Phenomenology and Course of Pediatric Bipolar Disorders study or the Treatment of Early Age Mania (TEAM) study. To provide insight into the factors by which obesity in itself may directly lead to early arterial damage, we aimed to determine early sonographic markers of obesity-related vascular dysfunction in young obese males. To examine the representativeness of a randomized controlled trial (RCT) sample versus one obtained by consecutive new case ascertainment, for subjects with child bipolar I disorder. The purpose of this study was to delineate early respiratory predictors of mortality in children with hemato-oncology malignancy who developed acute respiratory distress syndrome (ARDS).","Maybe

Justification: The context does not directly discuss the relationship between arginine vasopressin V1a receptor microsatellites and hypersexuality in children with a prepubertal and early adolescent b"
sentence_hybrid,sentence,hybrid,mistral,Stage I non-small cell lung carcinoma: really an early stage?,no,yes,0,1,generation_failure,"We review our results on surgical treatment of patients with stage I non-small cell lung carcinoma and we attempted to clarify the prognostic significance of some surgical--pathologic variables. Patients enrolled in the study had been diagnosed with non-small cell carcinoma in stages IV or IIIB with pleural or N2-N3 involvement and with a performance status of 2 or below according to the Eastern Cooperative Oncology Group (ECOG). The aim of this prognostic factor analysis was to investigate if a patient's self-reported health-related quality of life (HRQOL) provided independent prognostic information for survival in non-small cell lung cancer (NSCLC) patients. Fifty-nine (48%) patients had squamous cell carcinoma; 63 (52%) had lymphoepitheliomas, undifferentiated NPC or poorly differentiated carcinoma, NOS (UNPC). The purpose of this study is to examine whether or not well differentiated (w-d) hepatocellular carcinoma (HCC) is indeed clinically early cancer.","Yes

Justification: The context states that the study is reviewing results on surgical treatment of patients with stage I non-small cell lung carcinoma, indicating that it is considered an early stage. ([1])"
sentence_hybrid,sentence,hybrid,mistral,Does Residency Selection Criteria Predict Performance in Orthopaedic Surgery Residency?,yes,maybe,0,1,generation_failure,"Do preresidency selection factors serve as predictors of success in residency? However, the criteria used in the selection process often are subjective and studies have differed in terms of which criteria predict either objective measures or subjective ratings of resident performance by faculty.QUESTIONS/ Resident performance was assessed using objective measures including American Board of Orthopaedic Surgery (ABOS) Part I scores and Orthopaedics In-Training Exam (OITE) scores and subjective ratings by faculty including global evaluation scores and faculty rankings of residents. More than 1000 candidates applied for orthopaedic residency positions in 2014, and the competition is intense; approximately one-third of the candidates failed to secure a position in the match. Specifically, we asked which preresidency selection factors are associated or correlated with (1) objective measures of resident knowledge and performance; and (2) subjective ratings by faculty.","Maybe

Justification: The study asks which preresidency selection factors are associated or correlated with objective measures of resident knowledge and performance and subjective ratings by faculty, but does not definitively state that the selection criteria predict performance."
sentence_hybrid,sentence,hybrid,mistral,Optimism and survival: does an optimistic outlook predict better survival at advanced ages?,yes,maybe,0,1,generation_failure,"The aim of this study was to examine whether an optimistic outlook predicts survival among the oldest-old. Only a few studies have examined the effect of personality traits on survival, such as optimism. When confounding factors such as baseline physical and cognitive functioning and disease were taken into account the association between optimism and survival weakened in both sexes, but the general pattern persisted. The baseline in-person interview consisted of a comprehensive questionnaire including physical functioning and health, and a question about whether the respondent had an optimistic, neutral or pessimistic outlook on his or her own future. The overall survival rate of patients who never developed metastases was 90% and 81% at 5 and 10 years, respectively.","Maybe

Justification: The study suggests that an optimistic outlook may predict better survival at advanced ages, but the association weakened when confounding factors were taken into account, indicating that more factors may be involved."
sentence_hybrid,sentence,hybrid,mistral,Is it better to be big?,no,maybe,0,0,retrieval_failure,"It is not well known, however, whether genetic traits also influence prognostic features of the malignant phenotype. It is unclear whether traveling long distances to high-volume centers would compensate for travel burden among patients undergoing rectal cancer resection. We wished to discover if these relationships could be reliably extended to a much more obese group. Based on this classification it was decided whether another sample had to be obtained. Measuring bioactive testosterone is difficult and new methods have been proposed, including measuring the primary androgen metabolite androsterone glucuronide (ADT-G).AIM: The aim of this study was to investigate a possible correlation between serum levels of androgens and sexual desire in women and whether the level of ADT-G is better correlated than the level of circulating androgens with sexual desire.","Maybe

Justification: The context suggests that the study aims to discover if a more obese group has relationships that can be reliably extended to them (context [3]). This implies that being big (more obese) may have some relationships"
sentence_hybrid,sentence,hybrid,mistral,Is arch form influenced by sagittal molar relationship or Bolton tooth-size discrepancy?,no,maybe,0,1,generation_failure,"This study investigates the possible association between arch form, clinically significant tooth-size discrepancy, and sagittal molar relationship. Furthermore, no association was observed between the presence of significant Bolton discrepancy and the sagittal molar relationship or arch form. Bolton ratio was calculated, sagittal molar relationship was defined according to Angle classification, and correlations were analyzed using ANOVA, chi-square, and t-tests. Orthodontic patients show high prevalence of tooth-size discrepancy. Pretreatment orthodontic casts of 230 Saudi patients were classified into one of three arch form types (tapered, ovoid, and square) using digitally scanned images of the mandibular arches.","Maybe

Justification: The study found no association between the presence of significant Bolton discrepancy and the sagittal molar relationship or arch form ([2]), but it did not explicitly state that the arch form is not influenced by"
sentence_hybrid,sentence,hybrid,mistral,Cold knife conization vs. LEEP. Are they the same procedure?,no,no,1,1,success,To prospectively evaluate the amount of tissue removed at loop electrosurgical excision procedure (LEEP) vs. cold knife conization. Mean diameter of cold knife cone specimens was 2.6 vs. 2.2 cm for LEEP (P = .07). Mean length of cold knife cone specimens was 1.5 vs. 1.0 cm for LEEP (P = .001). Forty consecutive LEEP or cold knife conization specimens were prospectively measured and weighed by a single pathology technician. Mean weight for cold knife cone specimens was 4.4 vs. 2.0 g for LEEP (P = .001).,"No, they are different procedures.

Justification: The procedures are different because they result in different dimensions and weights of the removed tissue, as shown in the context. Cold knife conization produces larger specimens in terms of length, diameter"
sentence_hybrid,sentence,hybrid,mistral,Are pectins involved in cold acclimation and de-acclimation of winter oil-seed rape plants?,yes,yes,1,1,success,"The hypothesis was tested that pectin content and methylation degree participate in regulation of cell wall mechanical properties and in this way may affect tissue growth and freezing resistance over the course of plant cold acclimation and de-acclimation. De-acclimation promoted leaf expansion and reversed most of the cold-induced effects, with the exception of pectin methylesterase activity. Experiments were carried on the leaves of two double-haploid lines of winter oil-seed rape (Brassica napus subsp. Plant acclimation in the cold (2 degrees C) brought about retardation of leaf expansion, concomitant with development of freezing resistance. oleifera), differing in winter survival and resistance to blackleg fungus (Leptosphaeria maculans).","Yes

Justification: The hypothesis in the context suggests that pectin content and methylation degree participate in regulation of cell wall mechanical properties during plant cold acclimation and de-acclimation, implying that pectins are"
sentence_hybrid,sentence,hybrid,mistral,Updating emotional content in working memory: a depression-specific deficit?,yes,maybe,0,1,generation_failure,"Compared to control and social anxiety groups, the depression groups (both pure and comorbid with social anxiety disorder) exhibited greater difficulties removing irrelevant emotional material from working memory (i.e., greater intrusion effects). Considering commonalities between depression and social anxiety and the presence of similar intrusive thoughts in social anxiety, the current study was designed to assess whether interference from irrelevant material in working memory is specific to depression or is also present in social anxiety disorder. To examine the effects of irrelevant emotional material on working memory performance, participants memorized two lists of words on each trial and were subsequently instructed to ignore one of the lists. Age, sex, education, depression, and cognitive measures (Mini-Mental State Examination and verbal memory) were included in the model. Interference from irrelevant negative material might be a key mechanism underlying intrusive ruminative thoughts in depression.","Maybe

Justification: The study suggests that both depression and social anxiety groups exhibit greater difficulties removing irrelevant emotional material from working memory, indicating that this may not be a depression-specific deficit ([1], [2]). However, the study"
sentence_hybrid,sentence,hybrid,mistral,Does ultrasound imaging before puncture facilitate internal jugular vein cannulation?,maybe,maybe,1,1,success,"To investigate whether prepuncture ultrasound evaluation of vascular anatomy facilitates internal jugular vein cannulation compared with landmark-guided puncture. The right internal jugular vein was cannulated using either anatomic landmarks or prepuncture ultrasound (3.75/7.5 MHz) guidance. Respiratory jugular venodilation was identified in 188 patients (78.3%), in whom results of cannulation did not differ between the 2 techniques with respect to the venous access rate (cannulated at the first attempt: 83.5% in the landmark v 85.7% in the ultrasound group), the success rate (cannulated within 3 attempts: 96.9% v 95.6%), and the incidence of arterial puncture (1.0% v 3.3%). In the remaining 52 respiratory jugular venodilation-unidentified patients, the access rate (30.4% v 86.2%, p<0.001) and the success rate (78.3 v 100%, p<0.05) were significantly better in the ultrasound group, and no arterial puncture was recorded in the ultrasound group, whereas the incidence was 13.0% in the landmark group. In the landmark group, respiratory jugular venodilation was used as the primary landmark for locating the vein.","Maybe

Justification: In patients with respiratory jugular venodilation, ultrasound imaging before puncture significantly improved the access rate and success rate compared to landmark-guided puncture (4). However, in patients"
sentence_hybrid,sentence,hybrid,mistral,Should prostate specific antigen be adjusted for body mass index?,no,maybe,0,1,generation_failure,"We examined the relationship between body mass index and prostate specific antigen by age in men without prostate cancer in a longitudinal aging study to determine whether prostate specific antigen must be adjusted for body mass index. Mixed effects models were used to examine the relationship between prostate specific antigen and body mass index in kg/m(2) by age. In men without prostate cancer body mass index was not significantly associated with prostate specific antigen after adjusting for age (p = 0.06). Results were similar when men with prostate cancer were included, when percent body fat was substituted for body mass index, and after adjusting for prostate volume. A 10-point body mass index increase was associated with a prostate specific antigen difference of -0.03 ng/ml (95% CI -0.40-0.49).","Maybe

Justification: The study found a non-significant association between prostate specific antigen and body mass index after adjusting for age, but the direction of the association was not consistent with no effect (a 10-"
sentence_hybrid,sentence,hybrid,mistral,Does obstructive sleep apnea affect aerobic fitness?,maybe,yes,0,1,generation_failure,We sought to determine whether patients with obstructive sleep apnea (OSA) had an objective change in aerobic fitness during cycle ergometry compared to a normal population. The pressures delivered by autotitrating continuous positive airways pressure (CPAP) devices not only treat obstructive sleep apnoea (OSA) effectively but also give potentially interesting physiological information about the forces impinging on the pharynx. To investigate the effect of fenofibrate on sleep apnoea indices. The most accurate test of aerobic fitness is measurement of maximum oxygen consumption (VO2max) with cycle ergometry. Patients with an apnea-hypopnea index of greater than 20 demonstrated a decreased VO2max as compared to normalized values (p<.001).,"Yes

Justification: Patients with an apnea-hypopnea index of greater than 20 demonstrated a decreased VO2max as compared to normalized values (p<.001). (Context [5])"
sentence_hybrid,sentence,hybrid,mistral,The effect of an intracerebroventricular injection of metformin or AICAR on the plasma concentrations of melatonin in the ewe: potential involvement of AMPK?,yes,yes,1,1,success,"injection of two activators of AMPK, metformin and AICAR, affected the circadian rhythm of melatonin in ewes that were housed in constant darkness. Metformin and AICAR both reduced (p<0.001 and p<0.01 respectively) the amplitude of the circadian rhythm of melatonin secretion independently of insulin secretion. Considering this, we identified the presence of the subunits of AMPK in different hypothalamic nuclei involved in the pre- and post-pineal pathways that control seasonality of reproduction in the ewe and we investigated if the intracerebroventricular (i.c.v.) injection of AICAR only tended (p = 0.1) to increase the levels of phosphorylated AMPK in the paraventricular nucleus but significantly increased the levels of phosphorylated ACC in the paraventricular nucleus (p<0.001) and in the pineal gland (p<0.05). AICAR on the phosphorylation of AMPK and acetyl-CoA carboxylase (ACC), a downstream target of AMPK, in brain structures along the photoneuroendocrine pathway to the pineal gland.","Yes

Justification: The injection of both metformin and AICAR affected the circadian rhythm of melatonin in ewes, and AICAR increased the levels of phosphorylated AMPK and its"
sentence_hybrid,sentence,hybrid,mistral,Literacy after cerebral hemispherectomy: Can the isolated right hemisphere read?,yes,maybe,0,1,generation_failure,"Here, we explored the reading skills in participants who have undergone left cerebral hemispherectomy. We examined the placebo arm of the NINDS t-PA stroke trial to test the hypothesis that the total volume of cerebral infarction in patients with right hemisphere strokes would be greater than the volume of cerebral infarction in patients with left hemisphere strokes who have similar NIHSS scores. The volume for right hemisphere stroke was statistically greater than the volume for left hemisphere strokes, adjusting for the baseline NIHSS (P<0. While the effect of the dominant hemisphere resection on spoken language has been extensively researched, little is known about reading abilities in individuals after left-sided resection. We examined if components of phonological processing that are shown to reliably separate average readers from struggling readers, i.e., phonological awareness, verbal memory, speed of retrieval, and size of vocabulary, show the same relationship to reading levels when they are mediated by the right hemisphere [2].","Maybe

Justification: The context discusses reading skills in participants who have undergone left cerebral hemispherectomy, but it does not explicitly state that the isolated right hemisphere cannot read. However, it also does"
sentence_hybrid,sentence,hybrid,mistral,Characterization of the gender dimorphism after injury and hemorrhagic shock: are hormonal differences responsible?,no,maybe,0,1,generation_failure,"To characterize the gender dimorphism after injury with specific reference to the reproductive age of the women (young,<48 yrs of age, vs. old,>52 yrs of age) in a cohort of severely injured trauma patients for which significant variation in postinjury care is minimized. Blunt-injured adults with hemorrhagic shock. Other variables evaluated in multivariate modeling not significantly associated with development and severity of HO included age, gender, mechanism of injury, injury severity score, presence of neurologic injury, Letournel fracture type, occurrence of hip dislocation, interval from injury to surgery, operative time, and estimated blood loss. To determine the relationship between injury severity surrogates and other patient factors with the development and severity of heterotopic ossification (HO) following open reduction internal fixation of acetabular fractures treated with a posterior approach. These models were then used to characterize the effect of gender in young and old age groups.","Maybe

Justification: The context does not directly address hormonal differences, but it does mention the reproductive age of women (young and old) and the gender dimorphism after injury, suggesting that the characterization of gender dim"
sentence_hybrid,sentence,hybrid,mistral,Can communication with terminally ill patients be taught?,yes,yes,1,1,success,"Communication with terminally ill patients is a main responsibility of physicians. To investigate whether intravenous opioid PCT can be an effective therapeutic method to reduce breathlessness in patients with advanced disease. The participants were asked to assess their own sense of security in seven different communication settings on a visual analog scale, and to specify perceived changes in their communication behavior 3 months after the course. Provided with relevant information, pediatricians can identify the syndrome, demonstrate a willingness to discuss concerns about it, ameliorate distress, and possibly prevent a tragedy. To assess the extent to which the title and font of participant information sheets (PISs) can influence pregnant women's and trainee midwives' perceptions of an antenatal intervention.","Yes

Justification: The context states that communication with terminally ill patients is a main responsibility of physicians, and that pediatricians can demonstrate a willingness to discuss concerns about it, suggesting that communication skills can be taught and improved"
sentence_hybrid,sentence,hybrid,mistral,Delays in time to primary treatment after a diagnosis of breast cancer: does it impact survival?,no,maybe,0,1,generation_failure,Treatment delays in breast cancer are generally thought to affect prognosis but the impact on survival remains unclear. The purpose of this study was to evaluate whether time to primary treatment (TPT) in breast cancer impacts survival. Indicators for breast cancer care include time to primary treatment. We fitted regression models of stage at diagnosis and time-to-treatment (number of days between diagnosis and surgery) to test the hypothesis that travel burden is associated with timely diagnosis and treatment of cancer. Immediate breast reconstruction (IBR) provides psychological benefit to many early breast cancer patients however concerns persist regarding its potential impact on chemotherapy delivery.,"Maybe

Justification: The study aims to evaluate whether time to primary treatment impacts survival (context [2]), and they fit regression models to test this hypothesis (context [4]). However, the study does not explicitly state that they found a"
sentence_hybrid,sentence,hybrid,mistral,Are increased carotid artery pulsatility and resistance indexes early signs of vascular abnormalities in young obese males?,yes,yes,1,1,success,"Common carotid artery pulsatility index and resistance index were calculated from blood flow velocities curves obtained by pulsed Doppler ultrasonography. To provide insight into the factors by which obesity in itself may directly lead to early arterial damage, we aimed to determine early sonographic markers of obesity-related vascular dysfunction in young obese males. The mean pulsatility index, resistance index, body mass index, waist circumference, systolic and diastolic blood pressure, homeostasis model assessment for insulin resistance, plasma fasting glucose, insulin, C-peptide, triglycerides, low-density lipoprotein cholesterol, and high-sensitivity C-reactive protein were statistically higher in obese subjects than in healthy controls. In 14 healthy pigs, blood flow was measured in the ascending aorta, left anterior descending (LAD), circumflex (Cx), right coronary artery (RCA), right common carotid artery (RCCA), and left internal mammary artery (LIMA), along with left-and right-ventricular pressures (LVP and RVP), aortic pressure (AoP), and pulmonary artery pressure (PAP). Patients were stratified retrospectively into high- or low-risk groups according to risk factors for significant carotid stenosis and perioperative stroke: peripheral vascular disease (PVD), carotid bruit, diabetes mellitus, age>70 years and/or history of cerebrovascular disease.","Yes

Justification: The mean pulsatility index, resistance index, and other vascular markers were statistically higher in obese subjects than in healthy controls (context [3])."
sentence_hybrid,sentence,hybrid,mistral,Are acceptance rates of a national preventive home visit programme for older people socially imbalanced?,yes,yes,1,1,success,"The purpose of this study is to investigate 1) whether socioeconomic status was associated with acceptance of preventive home visits among older people and 2) whether municipality invitational procedures for the preventive home visits modified the association. Information on preventive home visit acceptance rates was obtained from questionnaires. Preventive home visits are offered to community dwelling older people in Denmark aimed at maintaining their functional ability for as long as possible, but only two thirds of older people accept the offer from the municipalities. Older persons with high financial assets accepted preventive home visits more frequently than persons with low assets (adjusted OR = 1.5 (CI95%: 1.1-2.0)). The odds ratio for accepting preventive home visits was larger among persons with low financial assets invited by a letter with a proposed date than among persons with high financial assets invited by other procedures, though these estimates had wide confidence intervals.","Yes

Justification: Older persons with high financial assets accepted preventive home visits less frequently than persons with low assets (adjusted OR = 1.5 (CI95%: 1.1-2.0))."
sentence_hybrid,sentence,hybrid,mistral,Does open access publishing increase the impact of scientific articles?,yes,maybe,0,1,generation_failure,"The present article analyzes the effect of open access publishing of scientific articles in intensive care medicine journals in terms of citations count. Some studies suggest that open access articles are more often cited than non-open access articles. The median number (interquartile range) of citations of non-open access articles was 8 (4-12) versus 9 (6-18) in the case of open access articles (p=0.084). However, the relationship between open access and citations count in a discipline such as intensive care medicine has not been studied to date. We evaluated a total of 161 articles (76% being non-open access articles) published in Intensive Care Medicine in the year 2008.","Maybe

Justification: The study suggests a trend towards more citations for open access articles, but the difference is not statistically significant (p=0.084)."
sentence_hybrid,sentence,hybrid,mistral,In vivo visualization of pyloric mucosal hypertrophy in infants with hypertrophic pyloric stenosis: is there an etiologic role?,yes,yes,1,1,success,"Infantile hypertrophic pyloric stenosis (IHPS) is a common condition which presents in infants at 2-12 weeks of postnatal life, and whose cause remains obscure. Our purpose in this study was to show that pyloric mucosal redundancy is a constant finding in infants with IHPS, to discuss its possible cause, and to explore the hypothesis of a relationship between pyloric mucosal redundancy and the development of IHPS. Multiple associated abnormalities have been recognized within the external hypertrophied pyloric muscle layer, but the internal component of the pyloric mucosa has received scant attention in the literature to date. In infants with IHPS, the pyloric mucosa constitutes approximately one third of the cross-sectional diameter of the pyloric mass and fills and obstructs the pyloric canal. We identified 102 consecutive infants with surgically confirmed IHPS and determined the thickness of the pyloric mucosa compared with the thickness of the surrounding hypertrophied muscle.","Yes

Justification: The pyloric mucosa constitutes approximately one third of the cross-sectional diameter of the pyloric mass and fills and obstructs the pyloric canal in infants with IHPS"
sentence_hybrid,sentence,hybrid,mistral,Does the early adopter of drugs exist?,no,maybe,0,1,generation_failure,"To analyse associations between indicators for adoption of new drugs and to test the hypothesis that physicians' early adoption of new drugs is a personal trait independent of drug groups. For all indicators, the general practitioners' adoption of one group of drugs was poorly associated with adoption of others ( r</=0.49), indicating that early adoption of one type of drugs is not associated with early adoption of another. Subjects (N = 247) were outpatients who participated in either the National Institute of Mental Health-funded Phenomenology and Course of Pediatric Bipolar Disorders study or the Treatment of Early Age Mania (TEAM) study. Because lysosomotropic amines can suppress major histocompatibility complex (MHC) class II antigen presentation, their mechanism of action is potentially different from current immune suppressant drugs used to control GVHD such as cyclosporine. To provide insight into the factors by which obesity in itself may directly lead to early arterial damage, we aimed to determine early sonographic markers of obesity-related vascular dysfunction in young obese males.","Maybe

Justification: The context suggests a study to test the hypothesis that physicians' early adoption of new drugs is a personal trait independent of drug groups, indicating that there might be early adopters, but the study does not definitively"
sentence_hybrid,sentence,hybrid,mistral,Does high blood pressure reduce the risk of chronic low back pain?,yes,maybe,0,1,generation_failure,"In the cross-sectional study, all three blood pressure measures showed inverse relationships with prevalence of low back pain in both sexes. Associations between blood pressure and chronic low back pain were explored in the cross-sectional HUNT 2 survey of a Norwegian county in 1995-1997, including 39,872 individuals who never used antihypertensive medication. In the prospective study of disease-free women, baseline pulse pressure and systolic pressure were inversely associated with risk of low back pain [odds ratio (OR) 0.93 per 10 mm Hg increase in pulse pressure, 95% confidence interval (CI) 0.89-0.98, p = 0.007; OR 0.95 per 10 mm Hg increase in systolic pressure, 95% CI 0.92-0.99, p = 0.005]. Epidemiological studies have suggested inverse relationships between blood pressure and prevalence of conditions such as migraine and headache. In primary and secondary prevention trials, statins have been shown to reduce the risk of stroke.","Maybe

Justification: The cross-sectional and prospective studies show inverse relationships between blood pressure and chronic low back pain, but the epidemiological studies suggest inverse relationships with conditions such as migraine and headache, which may indicate a"
sentence_hybrid,sentence,hybrid,mistral,Does responsibility affect the public's valuation of health care interventions?,maybe,yes,0,1,generation_failure,"This study investigates whether the public value safety-related health care improvements more highly than the same improvements in contexts where the health care system is not responsible. Participants were asked to choose between two preventative interventions of equal cost and equal health benefit per person for the same number of people, but differing in causation. Participants valued interventions preventing hospital-acquired infections (1.31) more highly than genetic disorders (1.0), although drug errors were valued similarly to genetic disorders (1.07), and interventions to prevent injury to health care staff were given less weight than genetic disorders (0.71). Health services often spend more on safety interventions than seems cost-effective. Health care delivery has undertaken a major shift from inpatient management to ambulatory surgical care with increasing emphasis on quality assurance (QA) processes.","Yes

Justification: The study shows that participants valued interventions preventing hospital-acquired infections more highly than genetic disorders, despite both interventions having equal cost and health benefit per person (Context: [3]). This difference in val"
sentence_hybrid,sentence,hybrid,mistral,Nasal fractures:  is closed reduction satisfying?,yes,maybe,0,1,generation_failure,"This study aims to evaluate the efficacy of closed reduction and the effects of timing and fracture types on patient satisfaction. It is also assessed whether the occurrence of this complication is related to the displacement of the fracture, soft tissue injury, or delay in the reduction or surgery. To determine the relationship between injury severity surrogates and other patient factors with the development and severity of heterotopic ossification (HO) following open reduction internal fixation of acetabular fractures treated with a posterior approach. The objectives of this study were to evaluate the ability of the Young-Burgess classification system to predict mortality, transfusion requirements, and nonorthopaedic injuries in patients with pelvic ring fractures and to determine whether mortality rates after pelvic fractures have changed over time. To assess if the Hawkins sign can predict whether or not astragalus fractures of the neck will develop avascular necrosis.","Maybe

Justification: The question is about nasal fractures, but the provided context only discusses fractures related to the pelvis, acetabular, and astragalus, not the nasal bone. Therefore, the"
sentence_hybrid,sentence,hybrid,mistral,"Do improvements in outreach, clinical, and family and community-based services predict improvements in child survival?",yes,yes,1,1,success,"Average annual changes (AAC) between the most recent and penultimate survey were calculated for under-five mortality rates and for 22 variables in the domains of clinical, outreach, and family- and community-based services. To determine which delivery channels are associated with the greatest reductions in under-5 mortality rates (U5MR), we used data from sequential population-based surveys to examine the correlation between changes in coverage of clinical, outreach, and family and community services and in U5MR for 27 high-burden countries. In the family- and community services domain, improvements in breastfeeding were associated with significant changes in mortality in the 30 countries but not in the African subset; while in the African countries, nutritional status improvements were associated with a significant decline in mortality. There are three main service delivery channels: clinical services, outreach, and family and community. This study investigates whether the public value safety-related health care improvements more highly than the same improvements in contexts where the health care system is not responsible.","Yes

Justification: The study examines the correlation between changes in coverage of clinical, outreach, and family and community services and in under-5 mortality rates for 27 high-burden countries ([2])."
sentence_hybrid,sentence,hybrid,mistral,Does spontaneous remission occur in polyarteritis nodosa?,yes,yes,1,1,success,"Whether spontaneous remission of PAN occurs is therefore largely unknown. Polyarteritis nodosa (PAN) is a systemic vasculitis involving mainly medium-sized arteries and, rarely, small-sized arteries. A possible diagnosis of PAN was considered; however, within 2 weeks of admission, spontaneous remission of her clinical and biological symptoms occurred without the use of any immunosuppressive treatment. In 26 patients the improvement in spasticity preceded the improvement in function with 18 showing the reverse. The objective of the study was to determine whether risk of recurrent preterm birth differs based on the clinical presentation of a prior spontaneous preterm birth (SPTB): advanced cervical dilatation (ACD), preterm premature rupture of membranes (PPROM), or preterm labor (PTL).","Yes

Justification: The patient's clinical and biological symptoms of PAN spontaneously remitted without the use of any immunosuppressive treatment (context [3])."
sentence_hybrid,sentence,hybrid,mistral,Gluten tolerance in adult patients with celiac disease 20 years after diagnosis?,maybe,maybe,1,1,success,"The aim of our study was to investigate whether CD patients are capable of developing tolerance to gluten. Celiac disease (CD) is believed to be a permanent intolerance to gluten. Twenty-three percent of patients had a gluten-containing diet, 15% admitted gluten transgression and 62% followed the GFD. Celiac disease (CD) is an autoimmune enteropathy characterized by villus atrophy and malabsorption of essential nutrients. Tolerance was defined as no immunological or histological signs of CD while consuming gluten.","Maybe

Justification: The study does not provide specific information about the duration of the study or the time elapsed since the diagnosis of the patients, but it does mention that some patients were able to consume gluten without showing immunological or"
sentence_hybrid,sentence,hybrid,mistral,Do symptoms predict COPD in smokers?,no,maybe,0,1,generation_failure,"Respiratory symptoms were reported by 92% of smokers with AO, 86% smokers with restriction, 76% smokers with normal spirometry, and 73% of nonsmokers. Sensitivity, specificity, positive and negative predictive values, and relative risks of predicting symptoms and smoking history for COPD were calculated. Sensitivity (92% vs 90%), specificity (19% vs 22%), positive (47% vs 40%) and negative (75% vs 80%) predictive values for the presence of one or more symptoms were similar between smokers and all subjects. To identify distinctive features in patients with chronic functional somatic symptoms, and to determine whether these symptoms support the hypothesis of the existence of specific somatic syndromes. Of these, 36% reported a diagnosis of or treatment for COPD.","Maybe

Justification: The sensitivity and specificity values suggest that symptoms can predict the presence of COPD, but the positive and negative predictive values indicate that the prediction is not very accurate. Additionally, the study does not definitively establish a"
sentence_hybrid,sentence,hybrid,mistral,Search engine as a diagnostic tool in difficult immunological and allergologic cases: is Google useful?,yes,maybe,0,1,generation_failure,"Google's value as a diagnostic guide in general medicine was recently reported. The aim of this comparative cross-sectional study was to evaluate whether searching Google with disease-related terms was effective in the identification and diagnosis of complex immunological and allergic cases. For every clinical case presented, each investigator independently carried out an Internet search using Google to provide a final diagnosis. It often mimics a gallbladder carcinoma (GBC), and may coexist with GBC, leading to a diagnostic dilemma. Measuring bioactive testosterone is difficult and new methods have been proposed, including measuring the primary androgen metabolite androsterone glucuronide (ADT-G).AIM: The aim of this study was to investigate a possible correlation between serum levels of androgens and sexual desire in women and whether the level of ADT-G is better correlated than the level of circulating androgens with sexual desire.","Maybe

Justification: The context suggests that Google was used as a diagnostic tool in complex immunological and allergic cases ([2]), but the effectiveness of this method is not definitively stated in the provided excerpt. The study"
sentence_hybrid,sentence,hybrid,mistral,Uniformity of evidence-based treatments in practice?,yes,maybe,0,0,retrieval_failure,"Uniformity of care, regardless of time of year, is required for patients undergoing major cancer surgery. Various factors contribute to the effective implementation of evidence-based treatments (EBTs). Mean adjusted total healthcare costs and number of inpatient and ED visits were not different among treatments. Everyday clinical practice. Intrathecal administration of urokinase, IV administration of fasudil hydrochloride, and continuous cerebrospinal fluid (CSF) evacuation via cisternal drainage were performed as prophylactic treatments for vasospasm.","Maybe

Justification: The context does not explicitly state that the treatments were uniformly implemented, but it does mention that intrathecal administration of urokinase, IV administration of fasudil hydrochloride, and continuous"
sentence_hybrid,sentence,hybrid,mistral,Do approved doctors and medical referees in the UK agree when assessing a seafarer's fitness?,no,maybe,0,1,generation_failure,"This study aims to investigate the extent of agreement between Approved Doctors (ADs) and Medical Referees (MRs) when they assess a seafarer's fitness. Between 2003 and 2009 a total of 232,878 seafarer medical examinations were carried out by ADs, of which 465 were considered by the MRs because the seafarer appealed against the AD's decision. We investigated how infectious disease doctors' assessments compared with a reference standard (modal expert opinion) and with the assessments of their colleagues. Do preresidency selection factors serve as predictors of success in residency? The assessment included, besides demographic data, the measurement of disease activity using the BILAG index, the measurement of disease damage using the SLICC/ACR damage index (SDI), as well as the patient's self assessed health status using the patient's questionnaire Medical Outcome Survey Short Form 36 (SF-36).","Maybe

Justification: The study aims to investigate the extent of agreement between Approved Doctors (ADs) and Medical Referees (MRs) when they assess a seafarer's fitness, but it does not provide"
sentence_hybrid,sentence,hybrid,mistral,Hepatorenal syndrome: are we missing some prognostic factors?,yes,maybe,0,1,generation_failure,"Hepatorenal syndrome (HRS) is the functional renal failure associated with advanced cirrhosis and has also been described in fulminant hepatic failure. The objective of our study was to analyze prognostic factors related to survival and to see whether cytostatic treatment was an independent predictor. We review our results on surgical treatment of patients with stage I non-small cell lung carcinoma and we attempted to clarify the prognostic significance of some surgical--pathologic variables. The aim of this prognostic factor analysis was to investigate if a patient's self-reported health-related quality of life (HRQOL) provided independent prognostic information for survival in non-small cell lung cancer (NSCLC) patients. It is not well known, however, whether genetic traits also influence prognostic features of the malignant phenotype.","Maybe

Justification: The context mentions that the objective of a study was to analyze prognostic factors related to survival in Hepatorenal Syndrome, but it does not state that all potential prognostic factors were"
sentence_hybrid,sentence,hybrid,mistral,Vaginal dose assessment in image-guided brachytherapy for cervical cancer: Can we really rely on dose-point evaluation?,maybe,maybe,1,1,success,"Although dose-volume parameters in image-guided brachytherapy have become a standard, the use of posterior-inferior border of the pubic symphysis (PIBS) points has been recently proposed in the reporting of vaginal doses. However, at International commission on radiation units and measurements rectovaginal point, the delivered dose was decreased by 1.43 ± 2.49 Gy from the planned dose (p = 0.019). A retrospective analysis of 136 breasts of 134 patients, who received breast-conserving oncoplastic surgery for low-risk breast cancer between 2002 and 2010 in the Universities of Vienna and Luebeck followed by adjuvant APBI applying total doses of pulse dose rate of 50.4 Gy or high-dose rate (HDR) of 32 Gy over 4 days. A retrospective study to identify patients with vaginal lesions and synchronous cervical lesions through biopsy. To ascertain wheter vaginal lesions have a natural history similar to cervical lesions.MATERIALS &","Maybe

Justification: The provided context shows that the delivered dose at the International commission on radiation units and measurements rectovaginal point was decreased from the planned dose, suggesting potential inaccuracies in dose-point evaluation ([2])."
sentence_hybrid,sentence,hybrid,mistral,Prescriptions as a proxy for asthma in children: a good choice?,no,maybe,0,1,generation_failure,"A Medline search was conducted on the use of dexamethasone in the treatment of asthma exacerbations in children. Asthma prevalence was also estimated in a sample of 17,641 children aged 0-17 years participating in the German Health Interview and Examination Survey for Children and Adolescents (KiGGS) from 2003 to 2006. Our objective was to critically assess and discuss various aspects of identifying children with asthma using prescription data. (Eur Respir J 25:47-53, 2005) recently estimated asthma prevalence in Germany using claims data on prescriptions and hospital diagnoses and found high prevalence peaks in infants. A short course of systemic corticosteroids is an important therapy in the treatment of pediatric asthma exacerbations.","Maybe

Justification: The context suggests that prescriptions can be used as a proxy for asthma in children, but it also indicates that there may be limitations to this approach, as the authors are discussing the various aspects of identifying children with"
sentence_hybrid,sentence,hybrid,mistral,Does the familial transmission of drinking patterns persist into young adulthood?,maybe,maybe,1,1,success,"To explore the long-term (10-year) transmission of familial drinking during adolescence to offspring drinking patterns in young adulthood. Swedish longitudinal study, assessing the relationship between familial drinking in 2000 and offspring drinking in 2010 using simultaneous quantile regression analysis (n=744).DATA: Data on familial drinking was gathered from the Swedish level-of-living surveys (LNU) and from partner LNU in 2000 while data on offspring drinking in young adulthood was gathered from LNU 2010. Actual drinking levels in drinking families were not at all or weakly associated with drinking in offspring. Parental drinking has been shown to be associated with offspring drinking. Preferential transmission of the number of AVPR1A microsatellite repeats to hypersexual and uninhibited people-seeking probands was hypothesized, based on reports from preclinical work in the literature.","Maybe

Justification: The study shows a weak association between familial drinking in 2000 and offspring drinking in 2010 ([3]), but it also mentions that parental drinking has been shown to be"
sentence_hybrid,sentence,hybrid,mistral,Proof of concept study: does fenofibrate have a role in sleep apnoea syndrome?,yes,maybe,0,1,generation_failure,"To investigate the effect of fenofibrate on sleep apnoea indices. Exploratory study in patients with mild to moderate sleep apnoea, limited treatment duration; concomitant hypnotic treatment (35%); lack of correction for multiplicity of testing. Thirty-four subjects (mean age 55 years, body mass index 34 kg/m 2 , fasting triglycerides 3.5 mmol/L) with diagnosed sleep apnoea syndrome not treated with continuous positive airways pressure were enrolled and randomized to once daily treatment with fenofibrate (145 mg NanoCrystal(R) tablet) or placebo. Other sleep variables were not significantly influenced by fenofibrate. Proof-of-concept study comprising a placebo run-in period (1 week, 5 weeks if fibrate washout was required) and a 4-week randomized, double-blind treatment period.","Maybe

Justification: The study shows a potential role of fenofibrate in sleep apnoea syndrome, but the results are not definitive due to the exploratory nature of the study, limited treatment duration, concomitant"
sentence_hybrid,sentence,hybrid,mistral,Can mental imagery functional magnetic resonance imaging predict recovery in patients with disorders of consciousness?,yes,maybe,0,1,generation_failure,"To determine the potential prognostic value of using functional magnetic resonance imaging (fMRI) to identify patients with disorders of consciousness, who show potential for recovery. Disorders of consciousness (DOC) diagnosis relies on the presence or absence of purposeful motor responsiveness, which characterizes the minimally conscious state (MCS) and the unresponsive wakefulness syndrome (UWS), respectively. In 14 of the 22 examined patients (VS, n=5; MCS, n=9), a significant activation of the regions of interest (ROIs) of the mental imagery paradigm could be found. The aim of our study was to identify electrophysiological parameters, by means of a transcranial magnetic stimulation approach, which might potentially express the presence of residual networks sustaining fragmentary behavioral patterns, even when no conscious behavior can be observed. Functional neuroimaging studies have raised the question of possible residual conscious awareness also in clinically-defined UWS patients.","Maybe

Justification: The study suggests that significant activation of regions of interest in the mental imagery paradigm can be found in some patients with disorders of consciousness, which raises the question of possible residual conscious awareness even in clinically-"
sentence_hybrid,sentence,hybrid,mistral,The nurse cystoscopist: a feasible option?,yes,yes,1,1,success,To compare the accuracy achieved by a trained urology nurse practitioner (UNP) and consultant urologist in detecting bladder tumours during flexible cystoscopy. It is unclear whether patient-controlled therapy (PCT) systems would be an additional treatment option. The differences between nurse-systolic BP and self-measured systolic BP were not significant (0.49 mmHg; 95% CI 3.71-2.71; p=0.758). The goal of this study was to determine the technical feasibility of per-oral transgastric splenectomy using a flexible endoscope. To discuss whether such procedures are feasible and effective to identify asymptomatic recurrences and describe the pattern of relapse detected by procedures.,"Yes

Justification: The context mentions a study comparing the accuracy of a trained urology nurse practitioner and a consultant urologist in detecting bladder tumours during flexible cystoscopy, suggesting that the nurse c"
sentence_hybrid,sentence,hybrid,mistral,Is cardiovascular evaluation necessary prior to and during beta-blocker therapy for infantile hemangiomas?,no,yes,0,1,generation_failure,"Although consensus guidelines for pretreatment evaluation and monitoring of propranolol therapy in patients with infantile hemangiomas (IH) have been formulated, little is known about the cardiovascular side effects. We sought to analyze cardiovascular evaluations in patients with IH at baseline and during treatment with an oral beta-blocker. Patient and family history, pretreatment electrocardiogram (ECG), heart rate, and blood pressure were evaluated before initiation of beta-blocker therapy. The aim of the study was to see whether or not balloon predilatation is necessary in transcatheter aortic valve replacement (TAVI). Indications included evaluation anemia/gastrointestinal bleed, small bowel IBD and dilation of strictures.","Yes

Justification: The context states that patient and family history, pretreatment ECG, heart rate, and blood pressure were evaluated before initiation of beta-blocker therapy (line 3)."
sentence_hybrid,sentence,hybrid,mistral,Is specialty care associated with improved survival of patients with congestive heart failure?,yes,maybe,0,1,generation_failure,"Implementation of the complex treatment strategies that have been shown to improve survival of patients with congestive heart failure (CHF) may require certain expertise. We wanted to examine the association between pattern of outpatient care and survival of patients with CHF. The prevalence of some chronic conditions, such as congestive heart failure, ischemic heart disease, and stroke/transient ischemic attack, decreased. Our study included patients with type 1 HRS associated with cirrhosis, who were not liver transplant candidates.AIM: To identify variables associated with improved survival. To analyze, retrospectively, the patterns and behavior of metastatic lesions in prostate cancer patients treated with external beam radiotherapy and to investigate whether patients with<or =5 lesions had an improved outcome relative to patients with>5 lesions.","Maybe

Justification: The context suggests that complex treatment strategies for CHF may require certain expertise ([1]), but it does not directly state that specialty care is associated with improved survival of patients with CHF. The study in the context"
sentence_hybrid,sentence,hybrid,mistral,Can the prognosis of polymyalgia rheumatica be predicted at disease onset?,yes,maybe,0,1,generation_failure,"The two groups were found to be similar with regard to age, gender, the incidence of individual risk factors for ominous prognosis, and the Acute Physiology and Chronic Health Evaluation (APACHE) II score for disease's severity on presentation. To investigate whether intravenous opioid PCT can be an effective therapeutic method to reduce breathlessness in patients with advanced disease. Symptoms at recurrence can predict survival: patients with an asymptomatic recurrence had a median survival time from relapse of 35 months versus 13 months if they had a symptomatic repetition (P = 0.0001). To identify the features of PMR that may predict the duration of steroid therapy, the occurrence of relapses and the late development of GCA. The assessment included, besides demographic data, the measurement of disease activity using the BILAG index, the measurement of disease damage using the SLICC/ACR damage index (SDI), as well as the patient's self assessed health status using the patient's questionnaire Medical Outcome Survey Short Form 36 (SF-36).","Maybe

Justification: The context mentions that the study in [4] aims to identify the features of PMR that may predict the duration of steroid therapy, the occurrence of relapses and the late development of GCA,"
